fact_unit,2014-04-30,2014-07-30,2014-10-30,2015-02-27,2015-04-30,2015-07-30,2015-10-29,2016-02-26,2016-04-28,2016-07-28,2016-10-27,2017-02-17,2017-04-27,2017-07-27,2017-10-26,2018-02-20,2018-04-26,2018-07-26,2018-10-25,2019-02-19,2019-04-25,2019-07-25,2019-10-24,2020-02-18,2020-04-23,2020-07-23,2020-10-22,2021-02-16,2021-04-22,2021-07-22,2021-10-21,2022-02-15,2022-04-26,2022-07-28,2022-10-27,2023-02-22,2023-04-26,2023-07-26,2023-10-31,2024-02-20,2024-04-25,2024-07-24,2024-10-24,2025-02-18,2025-04-24,2025-07-24,2025-10-23
AccountsNotesAndLoansReceivableNetCurrent / USD,,,,,,,,,,,,,,,,,,,,,,,,,,,,329800000.0,,,,321800000.0,,,,283300000.0,,,,395600000.0,,,,412800000.0,,,
AccountsPayableCurrent / USD,211300000.0,211300000.0,211300000.0,211300000.0,249500000.0,249500000.0,175600000.0,175600000.0,175100000.0,175100000.0,175100000.0,175100000.0,179900000.0,179900000.0,179900000.0,179900000.0,188300000.0,188300000.0,188300000.0,188300000.0,235000000.0,235000000.0,235000000.0,235000000.0,221000000.0,221000000.0,221000000.0,221000000.0,220400000.0,220400000.0,220400000.0,220400000.0,259100000.0,259100000.0,259100000.0,259100000.0,280700000.0,280700000.0,280700000.0,280700000.0,259200000.0,259200000.0,259200000.0,259200000.0,258000000.0,258000000.0,258000000.0
AccrualForEnvironmentalLossContingencies / USD,10800000.0,10800000.0,10800000.0,10800000.0,8800000.0,8800000.0,8800000.0,8800000.0,15200000.0,15200000.0,15200000.0,15200000.0,30600000.0,30600000.0,30600000.0,30600000.0,28900000.0,28900000.0,28900000.0,28900000.0,22600000.0,22600000.0,22600000.0,22600000.0,19300000.0,19300000.0,19300000.0,19300000.0,21100000.0,21100000.0,21100000.0,21100000.0,16400000.0,16400000.0,16400000.0,16400000.0,24100000.0,24100000.0,24100000.0,24100000.0,20200000.0,20200000.0,20200000.0,20200000.0,17800000.0,17800000.0,17800000.0
AccruedEnvironmentalLossContingenciesCurrent / USD,4200000.0,4200000.0,4200000.0,4200000.0,2200000.0,2200000.0,2200000.0,2200000.0,3700000.0,3700000.0,3700000.0,3700000.0,6100000.0,6100000.0,6100000.0,6100000.0,12600000.0,12600000.0,12600000.0,12600000.0,5600000.0,5600000.0,5600000.0,5600000.0,6200000.0,6200000.0,6200000.0,6200000.0,6100000.0,6100000.0,6100000.0,6100000.0,3700000.0,3700000.0,3700000.0,3700000.0,3900000.0,3900000.0,3900000.0,3900000.0,3600000.0,3600000.0,3600000.0,3600000.0,2400000.0,2400000.0,2400000.0
AccruedLiabilitiesCurrent / USD,207300000.0,207300000.0,207300000.0,111500000.0,232200000.0,232200000.0,203800000.0,98800000.0,206400000.0,206400000.0,206400000.0,124900000.0,201500000.0,201500000.0,201500000.0,117800000.0,237500000.0,237500000.0,237500000.0,134600000.0,250500000.0,250500000.0,250500000.0,135000000.0,285900000.0,285900000.0,285900000.0,174700000.0,293700000.0,293700000.0,293700000.0,189400000.0,329500000.0,329500000.0,329500000.0,199900000.0,410300000.0,410300000.0,410300000.0,247900000.0,407900000.0,407900000.0,407900000.0,258200000.0,417000000.0,417000000.0,417000000.0
AccumulatedDepreciationDepletionAndAmortizationPropertyPlantAndEquipment / USD,,,,366200000.0,,,,372600000.0,,,,391700000.0,,,,413800000.0,,,,455700000.0,,,,472100000.0,,,,494600000.0,,,,535200000.0,,,,544000000.0,,,,566900000.0,,,,603300000.0,,,
AccumulatedOtherComprehensiveIncomeLossNetOfTax / USD,-7700000.0,-7700000.0,-7700000.0,-29100000.0,-96700000.0,-96700000.0,-96700000.0,-7700000.0,-148200000.0,-148200000.0,-148200000.0,-96700000.0,-232200000.0,-232200000.0,-232200000.0,-148200000.0,-152900000.0,-152900000.0,-152900000.0,-232200000.0,-223500000.0,-152900000.0,-152900000.0,-264300000.0,-223500000.0,-223500000.0,-223500000.0,-152900000.0,-218600000.0,-218600000.0,-218600000.0,-223500000.0,-157100000.0,-157100000.0,-157100000.0,-218600000.0,-194400000.0,-194400000.0,-194400000.0,-157100000.0,-285800000.0,-285800000.0,-285800000.0,-194400000.0,-261500000.0,-261500000.0,-261500000.0
AdditionalPaidInCapitalCommonStock / USD,,,,,,,,,,,,,,,,,9100000.0,9100000.0,9100000.0,,0.0,0.0,0.0,0.0,0.0,0.0,0.0,0.0,0.0,0.0,0.0,0.0,0.0,0.0,0.0,0.0,13900000.0,13900000.0,13900000.0,13900000.0,,0.0,,0.0,,,0.0
AdjustmentsToAdditionalPaidInCapitalSharebasedCompensationRequisiteServicePeriodRecognitionValue / USD,3400000.0,6500000.0,9700000.0,5500000.0,3400000.0,6500000.0,9700000.0,5500000.0,3600000.0,6900000.0,10300000.0,13100000.0,4600000.0,8800000.0,,14600000.0,5000000.0,9000000.0,12800000.0,16600000.0,6000000.0,6000000.0,6000000.0,15800000.0,7100000.0,7100000.0,7100000.0,22400000.0,12200000.0,12200000.0,12200000.0,26500000.0,4400000.0,4400000.0,4400000.0,24800000.0,7500000.0,7500000.0,7500000.0,25800000.0,5700000.0,5700000.0,5700000.0,21400000.0,14800000.0,14800000.0,14800000.0
AllocatedShareBasedCompensationExpense / USD,1800000.0,3900000.0,5600000.0,6300000.0,3500000.0,7000000.0,10200000.0,8400000.0,4000000.0,7400000.0,10200000.0,14000000.0,4800000.0,9200000.0,14200000.0,14800000.0,6100000.0,10700000.0,15100000.0,17400000.0,6600000.0,12100000.0,17400000.0,18900000.0,10100000.0,14800000.0,18400000.0,18800000.0,7400000.0,11200000.0,17200000.0,23600000.0,10100000.0,16400000.0,19500000.0,23200000.0,11800000.0,15900000.0,20000000.0,23400000.0,8800000.0,14400000.0,20300000.0,24500000.0,9600000.0,16100000.0,22100000.0
AllocatedShareBasedCompensationExpenseNetOfTax / USD,1100000.0,2400000.0,3500000.0,3900000.0,2200000.0,4700000.0,6600000.0,5200000.0,2700000.0,4900000.0,6800000.0,9300000.0,3400000.0,6500000.0,10000000.0,10400000.0,4100000.0,7200000.0,10100000.0,11800000.0,6100000.0,11200000.0,15500000.0,12500000.0,8900000.0,13000000.0,16100000.0,16900000.0,7000000.0,9800000.0,15000000.0,20600000.0,9000000.0,14400000.0,17100000.0,20300000.0,10600000.0,14200000.0,17800000.0,20800000.0,7600000.0,12500000.0,17800000.0,21800000.0,8700000.0,14500000.0,19900000.0
AllowanceForDoubtfulAccountsReceivableCurrent / USD,,,,5500000.0,,,,3200000.0,,,,3800000.0,,,,2700000.0,,,,2800000.0,,,,3300000.0,,,,5600000.0,,,,6200000.0,,,,5400000.0,,,,6000000.0,,,,14000000.0,,,
AmortizationOfIntangibleAssets / USD,2500000.0,4700000.0,7100000.0,9500000.0,2500000.0,4900000.0,7200000.0,9500000.0,1800000.0,3800000.0,6600000.0,9500000.0,5000000.0,10200000.0,15500000.0,11900000.0,5200000.0,10600000.0,16400000.0,20500000.0,10100000.0,20800000.0,28600000.0,22100000.0,7900000.0,15700000.0,23300000.0,36300000.0,7700000.0,15200000.0,23200000.0,31200000.0,8100000.0,15900000.0,25200000.0,31500000.0,8200000.0,16100000.0,32600000.0,34000000.0,15800000.0,30900000.0,46600000.0,49400000.0,15200000.0,31800000.0,48000000.0
AntidilutiveSecuritiesExcludedFromComputationOfEarningsPerShareAmount / shares,,,,300000.0,,400000.0,400000.0,300000.0,400000.0,400000.0,200000.0,,400000.0,100000.0,100000.0,100000.0,100000.0,200000.0,100000.0,100000.0,200000.0,200000.0,200000.0,100000.0,100000.0,100000.0,100000.0,100000.0,100000.0,200000.0,100000.0,100000.0,300000.0,300000.0,500000.0,500000.0,500000.0,500000.0,600000.0,500000.0,500000.0,500000.0,600000.0,600000.0,300000.0,300000.0,300000.0
Assets / USD,1979900000.0,1979900000.0,1979900000.0,2000600000.0,2015900000.0,2015900000.0,2015900000.0,2015900000.0,2263000000.0,2263000000.0,2263000000.0,2263000000.0,2247400000.0,2247400000.0,2247400000.0,2263000000.0,2542000000.0,2542000000.0,2542000000.0,2247400000.0,2810200000.0,2810200000.0,2810200000.0,2542000000.0,2967200000.0,2967200000.0,2967200000.0,2810200000.0,3069400000.0,3069400000.0,3069400000.0,2967200000.0,3051000000.0,3051000000.0,3051000000.0,3069400000.0,3991200000.0,3991200000.0,3991200000.0,3051000000.0,4311500000.0,4311500000.0,4311500000.0,3991200000.0,4487800000.0,4487800000.0,4487800000.0
AssetsCurrent / USD,923200000.0,926000000.0,926000000.0,946800000.0,973800000.0,973800000.0,1001700000.0,1001700000.0,735100000.0,735100000.0,735100000.0,735100000.0,829300000.0,829300000.0,829300000.0,829300000.0,1032700000.0,1032700000.0,1032700000.0,1032700000.0,931600000.0,931600000.0,931600000.0,931600000.0,1001800000.0,1001800000.0,1001800000.0,1001800000.0,1145000000.0,1145000000.0,1145000000.0,1145000000.0,1117600000.0,1117600000.0,1117600000.0,1117600000.0,1214600000.0,1214600000.0,1214600000.0,1214600000.0,1360900000.0,1360900000.0,1360900000.0,1360900000.0,1422300000.0,1422300000.0,1422300000.0
AssetsFairValueDisclosure / USD,,,,,,,,,,,,,,,,,,,,,,22100000.0,22100000.0,22100000.0,18500000.0,18500000.0,18500000.0,18500000.0,25100000.0,25100000.0,25100000.0,25100000.0,24500000.0,24500000.0,24500000.0,24500000.0,19900000.0,19900000.0,19900000.0,19900000.0,18000000.0,18000000.0,18000000.0,18000000.0,17100000.0,17100000.0,17100000.0
BusinessAcquisitionCostOfAcquiredEntityTransactionCosts / USD,,,,,,,,,,,,,,,,4700000.0,,,,4700000.0,,,,4700000.0,,,,10000000.0,,,,2000000.0,,,,2300000.0,,,,4400000.0,,,,30500000.0,,,
BusinessCombinationConsiderationTransferred1 / USD,,,,,,,,,,,,,,,,,,,,8300000.0,,,,,,,,,,,,,,,,,,,,,,,,,,65000000.0,628400000.0
BusinessCombinationContingentConsiderationArrangementsChangeInAmountOfContingentConsiderationLiability1 / USD,,,,,,,,,,,,,,,,,,,,,,,,,,,,,,,,,,,,,,,,,,,,10300000.0,,14300000.0,30300000.0
BusinessCombinationContingentConsiderationLiability / USD,,,,,,,,,,,,,,,,,,,,6000000.0,,,,,,,,,,,,,,,,,,,,,,,,,,10300000.0,10500000.0
BusinessCombinationRecognizedIdentifiableAssetsAcquiredAndLiabilitiesAssumedCurrentAssetsReceivables / USD,,,,,,,,,,,,,,,,,,,,,,,,,,,,,,,,,,,,,,,,,,,,10200000.0,,,
BusinessCombinationRecognizedIdentifiableAssetsAcquiredAndLiabilitiesAssumedIntangibles / USD,,,,,,,,,,,,,,,,,,,,,,,,,,,,,,,,,,,,,,,,,,,,70500000.0,,,
BusinessCombinationRecognizedIdentifiableAssetsAcquiredAndLiabilitiesAssumedInventory / USD,,,,,,,,,,,,,,,,,,,,,,,,,,,,,,,,,,,,,,,,,,,,4100000.0,,,
BusinessCombinationRecognizedIdentifiableAssetsAcquiredAndLiabilitiesAssumedNet / USD,,,,,,,,,,,,,,,,,,,,,,,,,,,,,,,,,,,,,,,,,,,,147500000.0,,,
BusinessCombinationRecognizedIdentifiableAssetsAcquiredAndLiabilitiesAssumedOtherNoncurrentAssets / USD,,,,,,,,,,,,,,,,,,,,,,,,,,,,,,,,,,,,,,,,,,,,12000000.0,,,
BusinessCombinationRecognizedIdentifiableAssetsAcquiredGoodwillAndLiabilitiesAssumedNet / USD,,,,,,,,,,,,,,,,,,,,,,,,,,,,,,,,,,,,,,,,,,,,147500000.0,,130100000.0,132100000.0
CapitalizedComputerSoftwareAmortization1 / USD,,,,,,,,,,,,,,,,14400000.0,,,,16600000.0,,,,14300000.0,,,,15400000.0,,,,14500000.0,,,,13500000.0,,,,11500000.0,,,,12300000.0,,,
CashAndCashEquivalentsAtCarryingValue / USD,317500000.0,317500000.0,317500000.0,376800000.0,227400000.0,227400000.0,227400000.0,317500000.0,290500000.0,290500000.0,290500000.0,227400000.0,199700000.0,199700000.0,199700000.0,290500000.0,312400000.0,312400000.0,466200000.0,466200000.0,283800000.0,283800000.0,283800000.0,283800000.0,355300000.0,355300000.0,355300000.0,355300000.0,480400000.0,480400000.0,480400000.0,480400000.0,397900000.0,397900000.0,397900000.0,397900000.0,288000000.0,288000000.0,288000000.0,288000000.0,468100000.0,468100000.0,468100000.0,468100000.0,503800000.0,503800000.0,503800000.0
CashCashEquivalentsRestrictedCashAndRestrictedCashEquivalents / USD,,,,,,,,,,,,,,,,,,,312400000.0,199700000.0,466200000.0,466200000.0,466200000.0,312400000.0,290600000.0,290600000.0,290600000.0,466200000.0,358700000.0,358700000.0,358700000.0,290600000.0,480400000.0,480400000.0,480400000.0,358700000.0,397900000.0,397900000.0,397900000.0,480400000.0,288000000.0,288000000.0,288000000.0,397900000.0,468100000.0,468100000.0,468100000.0
CashCashEquivalentsRestrictedCashAndRestrictedCashEquivalentsPeriodIncreaseDecreaseIncludingExchangeRateEffect / USD,,,,,,,,,,,,,,,,,,,22500000.0,112700000.0,-314400000.0,-276600000.0,-269700000.0,153800000.0,-130000000.0,-129400000.0,-54300000.0,-175600000.0,-110000000.0,-54400000.0,72100000.0,68100000.0,-86100000.0,-20200000.0,23500000.0,121700000.0,-92800000.0,521700000.0,-115700000.0,-82500000.0,4800000.0,34600000.0,76300000.0,-109900000.0,-76300000.0,279400000.0,410800000.0
CommonStockDividendsPerShareCashPaid / USD/shares,,,,,,,,,,,,,,,,,,,,,,,,,0.27,0.27,0.27,0.84,0.32,0.32,0.32,1.08,0.36,0.36,0.36,1.28,0.41,0.41,0.41,1.44,0.45,0.45,0.45,1.64,0.48,0.48,0.48
CommonStockParOrStatedValuePerShare / USD/shares,,,,,,,,,,,,,,,0.01,,,,,,,,,,0.01,0.01,0.01,0.01,0.01,0.01,0.01,0.01,0.01,0.01,0.01,0.01,0.01,0.01,0.01,0.01,0.01,0.01,0.01,0.01,0.01,0.01,0.01
CommonStockSharesAuthorized / shares,,,,,,,,,,,,400000000.0,,,400000000.0,400000000.0,,,,400000000.0,,,,400000000.0,,,,400000000.0,,,,400000000.0,,,,400000000.0,,,,400000000.0,,,,400000000.0,,,
CommonStockSharesIssued / shares,,,,,,,,,,,,,,,95273927.0,,,,,,,,,,92723682.0,92723682.0,92723682.0,92723682.0,91212741.0,91212741.0,91212741.0,91212741.0,88215625.0,88215625.0,88215625.0,88215625.0,87852777.0,87852777.0,87852777.0,87852777.0,87504673.0,87504673.0,87504673.0,87504673.0,86254744.0,86254744.0,86254744.0
CommonStockSharesOutstanding / shares,,,,,,,,,,,,,,,,,,,,,,,,,92723682.0,92723682.0,92723682.0,92723682.0,91212741.0,91212741.0,91212741.0,91212741.0,88215625.0,88215625.0,88215625.0,88215625.0,87852777.0,87852777.0,87852777.0,87852777.0,87504673.0,87504673.0,87504673.0,87504673.0,86254744.0,86254744.0,86254744.0
CommonStockValue / USD,1000000.0,1000000.0,1000000.0,1000000.0,1000000.0,1000000.0,1000000.0,1000000.0,1000000.0,1000000.0,1000000.0,1000000.0,1000000.0,1000000.0,1000000.0,1000000.0,1000000.0,1000000.0,1000000.0,1000000.0,900000.0,900000.0,900000.0,900000.0,900000.0,900000.0,900000.0,900000.0,900000.0,900000.0,900000.0,900000.0,900000.0,900000.0,900000.0,900000.0,900000.0,900000.0,900000.0,900000.0,900000.0,900000.0,900000.0,900000.0,900000.0,900000.0,900000.0
ComprehensiveIncomeNetOfTax / USD,20200000.0,90400000.0,-27100000.0,241500000.0,22600000.0,71600000.0,106900000.0,-56700000.0,15000000.0,84400000.0,55600000.0,123700000.0,84300000.0,153700000.0,169700000.0,69800000.0,81200000.0,233600000.0,345500000.0,197000000.0,98300000.0,163000000.0,266900000.0,391100000.0,64900000.0,179900000.0,271600000.0,374000000.0,-32400000.0,61700000.0,232800000.0,406700000.0,76000000.0,205100000.0,326300000.0,375800000.0,72000000.0,137900000.0,184600000.0,445700000.0,133700000.0,284500000.0,410900000.0,366600000.0,99800000.0,250100000.0,465600000.0
ComprehensiveIncomeNetOfTaxAttributableToNoncontrollingInterest / USD,2000000.0,4500000.0,14800000.0,6200000.0,1000000.0,4500000.0,10100000.0,13300000.0,-1700000.0,-600000.0,-900000.0,-3300000.0,2600000.0,2200000.0,2400000.0,-900000.0,500000.0,1200000.0,2000000.0,1700000.0,1200000.0,-1000000.0,-1600000.0,2800000.0,700000.0,200000.0,-700000.0,900000.0,-500000.0,-300000.0,0.0,200000.0,200000.0,400000.0,400000.0,500000.0,100000.0,-400000.0,-800000.0,400000.0,200000.0,-700000.0,100000.0,-400000.0,,,
ComprehensiveIncomeNetOfTaxIncludingPortionAttributableToNoncontrollingInterest / USD,22200000.0,94900000.0,-12300000.0,247700000.0,23600000.0,76100000.0,117000000.0,-43400000.0,13300000.0,83800000.0,54700000.0,120400000.0,86900000.0,155900000.0,172100000.0,68900000.0,81700000.0,234800000.0,347500000.0,198700000.0,99500000.0,162000000.0,265300000.0,393900000.0,65600000.0,180100000.0,270900000.0,374900000.0,-32900000.0,61400000.0,232800000.0,406900000.0,76200000.0,205500000.0,326700000.0,376300000.0,72100000.0,137500000.0,183800000.0,446100000.0,133900000.0,283800000.0,411000000.0,366200000.0,,,
ContractWithCustomerLiability / USD,,,,,,,,,,,,,,,,,,,,,,,,,,,,,,,,,,,,,,,,,,,,27200000.0,,,
CostOfGoodsAndServicesSold / USD,287200000.0,592400000.0,883000000.0,1197700000.0,274400000.0,579900000.0,890000000.0,1208100000.0,271600000.0,569300000.0,873800000.0,1264600000.0,286000000.0,603500000.0,921100000.0,1199000000.0,307600000.0,653300000.0,988200000.0,1248300000.0,355300000.0,754400000.0,1156500000.0,1335300000.0,378100000.0,788600000.0,1201400000.0,1558400000.0,381600000.0,724500000.0,1133700000.0,1601700000.0,396900000.0,823300000.0,1239800000.0,1541100000.0,434900000.0,893000000.0,1438700000.0,1662500000.0,532000000.0,1042600000.0,1557200000.0,1949500000.0,502500000.0,1039800000.0,1574800000.0
CurrentIncomeTaxExpenseBenefit / USD,,,,139900000.0,,,,156100000.0,,,,67000000.0,,,,56900000.0,,,,57600000.0,,,,93800000.0,,,,104500000.0,,,,103300000.0,,,,75300000.0,,,,84500000.0,,,,127500000.0,,,
DebtCurrent / USD,71900000.0,71900000.0,71900000.0,71900000.0,49600000.0,49600000.0,49600000.0,49600000.0,65600000.0,65600000.0,65600000.0,65600000.0,48200000.0,48200000.0,48200000.0,48200000.0,35000000.0,35000000.0,35000000.0,35000000.0,35300000.0,35300000.0,35300000.0,35300000.0,100000.0,100000.0,100000.0,100000.0,200000.0,200000.0,200000.0,200000.0,12600000.0,12600000.0,12600000.0,12600000.0,12600000.0,12600000.0,12600000.0,12600000.0,412600000.0,412600000.0,412600000.0,412600000.0,21900000.0,21900000.0,21900000.0
DebtInstrumentCarryingAmount / USD,,,,,,,,,,,,,,,,,1492300000.0,1492300000.0,1492300000.0,1492300000.0,1457500000.0,1457500000.0,1457500000.0,1457500000.0,1439500000.0,1439500000.0,1439500000.0,1439500000.0,1439400000.0,1439400000.0,1439400000.0,1439400000.0,1450300000.0,1450300000.0,1450300000.0,1450300000.0,2106700000.0,2106700000.0,2106700000.0,2106700000.0,2025100000.0,2025100000.0,2025100000.0,2025100000.0,2012500000.0,2012500000.0,2012500000.0
DebtInstrumentUnamortizedDiscountPremiumAndDebtIssuanceCostsNet / USD,,,,,,,,,,,,,,,,,,,,,,,,,,,,,,,,,,8200000.0,8200000.0,8200000.0,12200000.0,12200000.0,12200000.0,12200000.0,10100000.0,10100000.0,10100000.0,10100000.0,13000000.0,13000000.0,13000000.0
DecreaseInUnrecognizedTaxBenefitsIsReasonablyPossible / USD,,,,,,,,,,,,,,,,,,,,,,,,8600000.0,,,,14800000.0,,,,8700000.0,,,,12700000.0,,,,10800000.0,,,,11300000.0,,,
DeferredCompensationLiabilityCurrentAndNoncurrent / USD,,,,12800000.0,,,,15500000.0,,,,15500000.0,,,,16800000.0,,,,15100000.0,,19100000.0,19100000.0,15100000.0,23100000.0,23100000.0,23100000.0,17400000.0,25100000.0,25100000.0,25100000.0,18100000.0,25900000.0,25900000.0,25900000.0,18200000.0,20300000.0,20300000.0,20300000.0,13800000.0,18200000.0,18200000.0,18200000.0,13900000.0,17400000.0,17400000.0,17400000.0
DeferredIncomeTaxAssetsNet / USD,,,,,,,,,,,,,,,,,,,,,,,,,,,,112500000.0,,,,126700000.0,,,,154500000.0,,,,227600000.0,,,,292900000.0,,,
DeferredIncomeTaxExpenseBenefit / USD,,,0.0,-3600000.0,,,,-2300000.0,,,,6200000.0,,,,-2300000.0,,,,6200000.0,,,,25200000.0,,,,-64700000.0,,,,-30200000.0,,,,-24400000.0,,,,-43800000.0,,,,-71300000.0,,,
DeferredIncomeTaxLiabilities / USD,,,,,,,,,,,,,,,,100800000.0,,,,119800000.0,,,,115200000.0,,,,134600000.0,,,,147500000.0,,,,157700000.0,,,,135100000.0,,,,145000000.0,,,
DeferredIncomeTaxLiabilitiesNet / USD,,,,,,,,,,,,,,,,,,,,,,,,115900000.0,,,,107800000.0,,,,105700000.0,,,,100800000.0,,,,101600000.0,,,,93600000.0,,,
DeferredRevenue / USD,,,,,,,,,,,,,,,,,,,,,,,,,,,,,,,,,,,,,,,,,18300000.0,27200000.0,27200000.0,,33200000.0,33200000.0,33200000.0
DeferredTaxAssetsGross / USD,,,,164800000.0,,,,155000000.0,,,,243600000.0,,,,310700000.0,,,,375700000.0,,,,480000000.0,,,,418900000.0,,,,465300000.0,,,,515700000.0,,,,572300000.0,,,,667400000.0,,,
DeferredTaxAssetsLiabilitiesNet / USD,,,,75600000.0,,,,66600000.0,,,,3000000.0,,,,,,,,7700000.0,,,,7700000.0,,,,43300000.0,,,,58100000.0,,,,92500000.0,,,,172500000.0,,,,241400000.0,,,
DeferredTaxAssetsNet / USD,,,,117900000.0,,,,104200000.0,,,,110300000.0,,,,85200000.0,,,,62800000.0,,,,122900000.0,,,,177900000.0,,,,205600000.0,,,,250200000.0,,,,307600000.0,,,,386400000.0,,,
DeferredTaxAssetsOperatingLossCarryforwards / USD,,,,35000000.0,,,,45200000.0,,,,133400000.0,,,,227100000.0,,,,309500000.0,,,,419900000.0,,,,346300000.0,,,,386100000.0,,,,446000000.0,,,,492700000.0,,,,552400000.0,,,
DeferredTaxAssetsOther / USD,,,,300000.0,,,,1000000.0,,,,6200000.0,,,,5300000.0,,,,4200000.0,,,,700000.0,,,,800000.0,,,,1800000.0,,,,600000.0,,,,1800000.0,,,,1400000.0,,,
DeferredTaxAssetsTaxDeferredExpenseCompensationAndBenefitsPostretirementBenefits / USD,,,,51900000.0,,,,63300000.0,,,,65500000.0,,,,42000000.0,,,,29900000.0,,,,29100000.0,,,,31000000.0,,,,29900000.0,,,,24900000.0,,,,27800000.0,,,,36300000.0,,,
DeferredTaxAssetsTaxDeferredExpenseReservesAndAccrualsOther / USD,,,,8500000.0,,,,11100000.0,,,,12700000.0,,,,16000000.0,,,,12500000.0,,,,12800000.0,,,,14200000.0,,,,16400000.0,,,,12900000.0,,,,16000000.0,,,,24300000.0,,,
DeferredTaxAssetsValuationAllowance / USD,,,,9700000.0,,,,5800000.0,,,,46900000.0,,,,50800000.0,,,,133300000.0,,,,225500000.0,,,,312900000.0,,,,357100000.0,,,,241000000.0,,,,259700000.0,,,,265500000.0,,,
DeferredTaxLiabilitiesLeasingArrangements / USD,,,,,,,,,,,,,,,,,,,,,,,,,,,,19000000.0,,,,21700000.0,,,,21000000.0,,,,23700000.0,,,,35700000.0,,,
DeferredTaxLiabilitiesOther / USD,,,,900000.0,,,,2200000.0,,,,6700000.0,,,,6000000.0,,,,7400000.0,,,,6300000.0,,,,3800000.0,,,,5600000.0,,,,10300000.0,,,,8400000.0,,,,5500000.0,,,
DeferredTaxLiabilitiesUndistributedForeignEarnings / USD,,,,7500000.0,,,,800000.0,,,,3900000.0,,,,4200000.0,,,,6000000.0,,,,500000.0,,,,2400000.0,,,,1400000.0,,,,1900000.0,,,,1800000.0,,,,3400000.0,,,
DefinedBenefitPlanExpectedFutureEmployerContributionsRemainderOfFiscalYear / USD,,,,,,,,,,,,,,,,,,,,,,10200000.0,3300000.0,,10000000.0,10000000.0,4000000.0,,11000000.0,10000000.0,4000000.0,,5000000.0,5000000.0,5000000.0,,12000000.0,12000000.0,4000000.0,,3700000.0,3700000.0,3700000.0,,3600000.0,3600000.0,3600000.0
Depreciation / USD,,,,34300000.0,,,,36100000.0,,,,34500000.0,,,,36400000.0,,,,40900000.0,,,,40000000.0,,,,46200000.0,,,,47100000.0,,,,46500000.0,,,,45200000.0,,,,45700000.0,,,
DepreciationAmortizationAndAccretionNet / USD,11700000.0,22900000.0,34200000.0,43800000.0,12200000.0,24400000.0,36500000.0,46100000.0,12100000.0,24800000.0,37500000.0,48800000.0,16400000.0,33500000.0,50700000.0,53200000.0,16500000.0,32700000.0,49900000.0,66900000.0,22500000.0,45500000.0,65800000.0,66900000.0,20700000.0,41400000.0,62600000.0,86200000.0,19800000.0,39700000.0,60300000.0,83000000.0,21400000.0,41900000.0,62000000.0,81000000.0,20400000.0,40100000.0,69600000.0,83100000.0,28300000.0,55500000.0,83700000.0,97900000.0,28800000.0,59500000.0,89300000.0
DepreciationDepletionAndAmortization / USD,,,,53700000.0,,,,45700000.0,,,,44200000.0,,,,48800000.0,,,,61400000.0,,,,61600000.0,,,,82300000.0,,,,78100000.0,,,,78000000.0,,,,79200000.0,,,,95100000.0,,,
DisposalGroupNotDiscontinuedOperationGainLossOnDisposal / USD,,,,,,,0.0,0.0,,,-106700000.0,0.0,,,-84400000.0,-104200000.0,,,,-84400000.0,,,,,,,,,,,,,,,0.0,0.0,,,-7100000.0,0.0,,,,-7100000.0,,,
DividendsCash / USD,,,,311600000.0,,,,1378900000.0,,,,30700000.0,,,,38300000.0,,,,46000000.0,,,,60900000.0,,,,79700000.0,,,,100900000.0,,,,117900000.0,,,,129000000.0,,,,144300000.0,,,
DividendsCommonStockCash / USD,7700000.0,15400000.0,23000000.0,,7700000.0,15400000.0,23000000.0,,9600000.0,19100000.0,28700000.0,,11500000.0,23100000.0,34600000.0,,15200000.0,30400000.0,45600000.0,,19900000.0,19900000.0,19900000.0,,25500000.0,25500000.0,25500000.0,,29600000.0,29600000.0,29600000.0,,32500000.0,32500000.0,32500000.0,,39500000.0,36000000.0,36000000.0,,39500000.0,39500000.0,39500000.0,,42000000.0,42000000.0,42000000.0
EarningsPerShareBasic / USD/shares,0.41,1.04,0.23,2.29,0.37,0.82,1.45,0.34,0.47,1.14,0.86,1.82,0.6,1.59,1.61,1.6,0.72,1.82,2.77,2.39,0.76,1.96,3.18,2.87,0.85,2.01,3.42,4.58,0.0,0.8,2.39,4.29,1.19,2.51,4.11,3.41,1.05,2.36,3.67,5.37,1.4,3.02,4.8,5.2,1.41,3.19,5.19
EarningsPerShareDiluted / USD/shares,0.41,1.04,0.23,2.29,0.37,0.81,1.44,0.34,0.47,1.13,0.85,1.8,0.6,1.58,1.59,1.59,0.71,1.81,2.75,2.36,0.75,1.94,3.15,2.85,0.84,2.0,3.4,4.54,0.0,0.8,2.38,4.26,1.18,2.49,4.08,3.39,1.05,2.35,3.65,5.34,1.4,3.01,4.78,5.19,1.41,3.18,5.16
EffectOfExchangeRateOnCashCashEquivalentsRestrictedCashAndRestrictedCashEquivalents / USD,,,,,,,,,,,,,,,,,,,,-4800000.0,,,,7700000.0,,,,-6200000.0,,,,-300000.0,-6100000.0,-3900000.0,-8700000.0,10000000.0,-2100000.0,-11900000.0,-23000000.0,-10200000.0,2600000.0,4100000.0,-1500000.0,-12300000.0,-4000000.0,-6900000.0,-2300000.0
EffectiveIncomeTaxRateContinuingOperations / pure,0.323,0.351,0.732,0.373,0.299,0.298,0.293,0.783,0.22,0.224,0.381,0.314,0.216,0.194,0.265,0.261,0.165,0.151,0.167,0.216,0.16,0.144,0.131,0.301,0.158,0.164,0.149,0.084,0.958,0.257,0.148,0.154,0.117,0.123,0.072,0.139,0.132,0.134,0.137,0.078,0.163,0.144,0.121,0.109,0.19,0.183,0.155
EffectiveIncomeTaxRateReconciliationAtFederalStatutoryIncomeTaxRate / pure,,,,0.35,,,,0.35,,,,0.35,,,,0.35,,,,0.35,,,,0.35,,,,0.21,,,,0.21,,,,0.21,,,,0.21,,,,0.21,,,
EffectiveIncomeTaxRateReconciliationForeignIncomeTaxRateDifferential / pure,,,,-0.005,,,,0.13,,,,-0.096,,,,-0.111,,,,0.174,,,,0.2,,,,0.119,,,,0.106,,,,0.175,,,,0.141,,,,-0.136,,,
EffectiveIncomeTaxRateReconciliationGiltiPercent / pure,,,,,,,,,,,,,,,,,,,,,,,,,,,,,,,,,,,,,,,,,,,,0.0,,,
EffectiveIncomeTaxRateReconciliationOtherAdjustments / pure,,,,-0.011,,,,0.011,,,,0.007,,,,0.014,,,,0.006,,,,0.009,,,,-0.003,,,,0.004,,,,-0.003,,,,-0.004,,,,0.008,,,
EffectiveIncomeTaxRateReconciliationStateAndLocalIncomeTaxes / pure,,,,0.028,,,,0.055,,,,0.03,,,,0.028,,,,0.02,,,,0.018,,,,0.021,,,,0.03,,,,0.024,,,,0.011,,,,0.014,,,
EffectiveIncomeTaxRateReconciliationTaxContingencies / pure,,,,,,,,,,,,,,,,,,,,,,,,,,,,,,,,,,,,,,,,,,,,0.013,,,
EmployeeRelatedLiabilitiesCurrent / USD,,,,71800000.0,,,,71500000.0,,,,72400000.0,,,,81000000.0,,,,84700000.0,,,,95300000.0,,,,98400000.0,,,,86100000.0,,,,117700000.0,,,,134700000.0,,,,134800000.0,,,
EmployeeServiceShareBasedCompensationTaxBenefitFromCompensationExpense / USD,700000.0,1500000.0,2100000.0,2400000.0,1300000.0,2300000.0,3600000.0,3200000.0,1300000.0,2500000.0,3400000.0,4700000.0,1400000.0,2700000.0,4200000.0,4400000.0,2000000.0,3500000.0,5000000.0,5600000.0,500000.0,900000.0,1900000.0,6400000.0,1200000.0,1800000.0,2300000.0,1900000.0,400000.0,1400000.0,2200000.0,3000000.0,1100000.0,2000000.0,2400000.0,2900000.0,1200000.0,1700000.0,2200000.0,2600000.0,1200000.0,1900000.0,2500000.0,2700000.0,900000.0,1600000.0,2200000.0
EntityCommonStockSharesOutstanding / shares,96529256.0,96081819.0,95728586.0,96009137.0,95676557.0,95812288.0,95911934.0,96097400.0,95733733.0,95897958.0,96015428.0,95471511.0,95286874.0,94984951.0,95042640.0,95185418.0,94959392.0,95003313.0,95055763.0,94458335.0,93945706.0,93376344.0,92916555.0,92600522.0,92220228.0,92233434.0,92039015.0,90732297.0,89978097.0,89696156.0,89695862.0,88230442.0,87804920.0,87838044.0,87844822.0,87867431.0,87946675.0,87780016.0,87787566.0,87554388.0,87440696.0,87128089.0,86929281.0,86290351.0,86049290.0,85846520.0,86031953.0
EntityPublicFloat / USD,,,,5000000000.0,,,,8000000000.0,,,,7000000000.0,,,,7700000000.0,,,,7700000000.0,,,,10300000000.0,,,,9400000000.0,,,,12500000000.0,,,,8600000000.0,,,,10500000000.0,,,,10300000000.0,,,
EnvironmentalRemediationExpense / USD,600000.0,400000.0,500000.0,2900000.0,800000.0,1200000.0,1800000.0,2100000.0,1800000.0,2300000.0,3200000.0,2900000.0,1000000.0,3100000.0,6800000.0,4400000.0,800000.0,1500000.0,2000000.0,23300000.0,700000.0,1300000.0,1700000.0,3200000.0,400000.0,1000000.0,1600000.0,2400000.0,500000.0,800000.0,1800000.0,1700000.0,,,900000.0,7100000.0,,,,900000.0,,,,2900000.0,,,
EquityMethodInvestments / USD,,,,,,,,,,,,,,,,,,,,,,,,16000000.0,,,,18200000.0,,,,17400000.0,,,,11000000.0,,,,11800000.0,,,,12700000.0,,,
EquitySecuritiesWithoutReadilyDeterminableFairValueAmount / USD,,,,,,,,,,,,,,,,,,,,,,,,9500000.0,,,,18100000.0,,,,13700000.0,,,,35800000.0,,,,46800000.0,,,,65800000.0,,,
FiniteLivedIntangibleAssetsAccumulatedAmortization / USD,111900000.0,111900000.0,111900000.0,111900000.0,107000000.0,107000000.0,106000000.0,106000000.0,107600000.0,107600000.0,107600000.0,107600000.0,123600000.0,123600000.0,123600000.0,123600000.0,135100000.0,135100000.0,135100000.0,135100000.0,156600000.0,156600000.0,156600000.0,156600000.0,184200000.0,184200000.0,184200000.0,184200000.0,223800000.0,223800000.0,223800000.0,223800000.0,250000000.0,250000000.0,250000000.0,250000000.0,286400000.0,286400000.0,286400000.0,286400000.0,348900000.0,348900000.0,348900000.0,348900000.0,394500000.0,394500000.0,394500000.0
FiniteLivedIntangibleAssetsAmortizationExpenseNextTwelveMonths / USD,10000000.0,10000000.0,10000000.0,7800000.0,6900000.0,7600000.0,10900000.0,19000000.0,19800000.0,20000000.0,19800000.0,19600000.0,20000000.0,21700000.0,22300000.0,22700000.0,34500000.0,33300000.0,34400000.0,28400000.0,29500000.0,30200000.0,30300000.0,28800000.0,28800000.0,29600000.0,30600000.0,28500000.0,28900000.0,29800000.0,32100000.0,29000000.0,32200000.0,31500000.0,44500000.0,58800000.0,60900000.0,61200000.0,61500000.0,55700000.0,57700000.0,60100000.0,64000000.0,61900000.0,61200000.0,65000000.0,73400000.0
FiniteLivedIntangibleAssetsAmortizationExpenseYearFive / USD,8000000.0,8000000.0,8000000.0,7600000.0,6800000.0,7600000.0,17200000.0,18900000.0,19700000.0,19900000.0,19900000.0,18800000.0,19100000.0,20800000.0,21400000.0,21700000.0,27500000.0,26400000.0,28700000.0,28200000.0,28700000.0,28900000.0,28000000.0,28300000.0,27600000.0,28200000.0,28900000.0,27400000.0,26600000.0,26800000.0,26700000.0,25700000.0,26800000.0,25600000.0,43100000.0,38200000.0,39600000.0,39800000.0,39100000.0,31500000.0,31800000.0,31700000.0,35400000.0,34400000.0,33800000.0,37000000.0,52500000.0
FiniteLivedIntangibleAssetsAmortizationExpenseYearFour / USD,8000000.0,8000000.0,8000000.0,7600000.0,6800000.0,7600000.0,17200000.0,18900000.0,19700000.0,19900000.0,19900000.0,18800000.0,19100000.0,20800000.0,21400000.0,21700000.0,27500000.0,26400000.0,28700000.0,28400000.0,28800000.0,29000000.0,28100000.0,28600000.0,27900000.0,28600000.0,29300000.0,28300000.0,27500000.0,27700000.0,27600000.0,27900000.0,30100000.0,28700000.0,46100000.0,45100000.0,46400000.0,46600000.0,45900000.0,39800000.0,41100000.0,41000000.0,44700000.0,36700000.0,36000000.0,39400000.0,55600000.0
FiniteLivedIntangibleAssetsAmortizationExpenseYearThree / USD,8000000.0,8000000.0,8000000.0,,6900000.0,7600000.0,17200000.0,18900000.0,19700000.0,19900000.0,19900000.0,18800000.0,19100000.0,20800000.0,21400000.0,21800000.0,27500000.0,26400000.0,28700000.0,28400000.0,28800000.0,29000000.0,28200000.0,28700000.0,28100000.0,28700000.0,29400000.0,28400000.0,27500000.0,27700000.0,27600000.0,28800000.0,31500000.0,30100000.0,51700000.0,48300000.0,49600000.0,49800000.0,49100000.0,46700000.0,47900000.0,47800000.0,51500000.0,45100000.0,44600000.0,48300000.0,64500000.0
FiniteLivedIntangibleAssetsAmortizationExpenseYearTwo / USD,8000000.0,8000000.0,8000000.0,7700000.0,6900000.0,7600000.0,17200000.0,18900000.0,19800000.0,19900000.0,20000000.0,19600000.0,20000000.0,21700000.0,22300000.0,21800000.0,27500000.0,26400000.0,28700000.0,28400000.0,28800000.0,29000000.0,28200000.0,28800000.0,28100000.0,28700000.0,29400000.0,28500000.0,27700000.0,27900000.0,27800000.0,28800000.0,31800000.0,30400000.0,56400000.0,54100000.0,55400000.0,55600000.0,54800000.0,49900000.0,51100000.0,51000000.0,60500000.0,52100000.0,51600000.0,55500000.0,71600000.0
FiniteLivedIntangibleAssetsGross / USD,249000000.0,249000000.0,249000000.0,249000000.0,222600000.0,222600000.0,221300000.0,221300000.0,417900000.0,417900000.0,417900000.0,417900000.0,416400000.0,416400000.0,416400000.0,416400000.0,454000000.0,454000000.0,454000000.0,454000000.0,573100000.0,573100000.0,573100000.0,573100000.0,572100000.0,572100000.0,572100000.0,572100000.0,592600000.0,592600000.0,592600000.0,592600000.0,583600000.0,583600000.0,583600000.0,583600000.0,784900000.0,784900000.0,784900000.0,784900000.0,817300000.0,817300000.0,817300000.0,817300000.0,862400000.0,862400000.0,862400000.0
FiniteLivedIntangibleAssetsNet / USD,137100000.0,137100000.0,137100000.0,137100000.0,115600000.0,115600000.0,115300000.0,115300000.0,310300000.0,310300000.0,310300000.0,310300000.0,292800000.0,292800000.0,292800000.0,292800000.0,318900000.0,318900000.0,318900000.0,318900000.0,416500000.0,416500000.0,416500000.0,416500000.0,387900000.0,387900000.0,387900000.0,387900000.0,368800000.0,368800000.0,368800000.0,368800000.0,333600000.0,333600000.0,333600000.0,333600000.0,498500000.0,498500000.0,498500000.0,498500000.0,468400000.0,468400000.0,468400000.0,468400000.0,467900000.0,467900000.0,467900000.0
ForeignCurrencyTransactionGainLossBeforeTax / USD,-7500000.0,-6900000.0,-6900000.0,3200000.0,-100000.0,600000.0,2300000.0,8000000.0,-3300000.0,-3900000.0,-3700000.0,7600000.0,-3000000.0,-2400000.0,-2900000.0,4900000.0,-100000.0,-500000.0,-400000.0,2000000.0,-400000.0,200000.0,1000000.0,-700000.0,200000.0,-300000.0,-1100000.0,-300000.0,-900000.0,-800000.0,-1000000.0,-1800000.0,-400000.0,-1200000.0,-2000000.0,-700000.0,-1000000.0,-1900000.0,-1900000.0,-2700000.0,-1400000.0,-1700000.0,-2800000.0,-2400000.0,-1200000.0,-800000.0,-300000.0
GainLossOnSaleOfBusiness / USD,,,,,,,0.0,0.0,,,-104500000.0,0.0,,,-84400000.0,-102800000.0,,,,-84400000.0,,,,0.0,,,,0.0,,,,-30100000.0,,,0.0,0.0,,,-7600000.0,0.0,,,,-7600000.0,,,
Goodwill / USD,504900000.0,504900000.0,504900000.0,504900000.0,506000000.0,506000000.0,484400000.0,482900000.0,714100000.0,714100000.0,714100000.0,484400000.0,716800000.0,716800000.0,716800000.0,714100000.0,761200000.0,761200000.0,761200000.0,716800000.0,883000000.0,883000000.0,883000000.0,761200000.0,873300000.0,873300000.0,873300000.0,883000000.0,819000000.0,819000000.0,819000000.0,873300000.0,803800000.0,803800000.0,803800000.0,819000000.0,1413100000.0,1413100000.0,1413100000.0,803800000.0,1443100000.0,1443100000.0,1443100000.0,1413100000.0,1489400000.0,1489400000.0,1489400000.0
GoodwillAcquiredDuringPeriod / USD,,,,,,,,,,9400000.0,12500000.0,,,,,,,,,,,,,,,,,,,,,,,,616000000.0,,24300000.0,18700000.0,19100000.0,,2300000.0,57200000.0,61000000.0,,6300000.0,37700000.0,368300000.0
GoodwillAndIntangibleAssetImpairment / USD,,,,,,,,,,,,,,,,,,,,,,,,,,,,0.0,,,,5900000.0,,,,101700000.0,,,,0.0,,,,0.0,,,
GoodwillForeignCurrencyTranslationGainLoss / USD,,,,,,,,,,,,,6100000.0,26000000.0,36400000.0,-13100000.0,10300000.0,-10800000.0,-15700000.0,42400000.0,-4300000.0,-2900000.0,-19600000.0,-20000000.0,-12200000.0,-7500000.0,4900000.0,-6700000.0,-11100000.0,-8100000.0,-15000000.0,17700000.0,-7400000.0,-22800000.0,-46300000.0,-19900000.0,3900000.0,7300000.0,-4100000.0,-22200000.0,-9000000.0,-12000000.0,1700000.0,10700000.0,12500000.0,47100000.0,43400000.0
GoodwillImpairedAccumulatedImpairmentLoss / USD,485500000.0,485500000.0,485500000.0,485500000.0,485500000.0,485500000.0,485500000.0,485500000.0,485500000.0,485500000.0,485500000.0,485500000.0,485500000.0,485500000.0,485500000.0,485500000.0,485500000.0,485500000.0,485500000.0,485500000.0,485500000.0,485500000.0,485500000.0,485500000.0,485500000.0,485500000.0,485500000.0,485500000.0,573600000.0,573600000.0,573600000.0,485500000.0,573600000.0,573600000.0,573600000.0,573600000.0,573600000.0,573600000.0,573600000.0,573600000.0,,,,573.6,,,
GoodwillPeriodIncreaseDecrease / USD,2400000.0,12600000.0,12600000.0,0.0,,29100000.0,354400000.0,12600000.0,,,,256400000.0,1700000.0,2900000.0,2700000.0,15800000.0,106500000.0,106600000.0,132500000.0,2000000.0,0.0,-2000000.0,-3000000.0,141800000.0,,,,-3000000.0,-100000.0,-100000.0,4700000.0,16100000.0,,,,4700000.0,,,,631500000.0,,,,19300000.0,,,
IncomeLossFromContinuingOperationsBeforeIncomeTaxesExtraordinaryItemsNoncontrollingInterest / USD,60900000.0,161900000.0,139800000.0,366700000.0,54800000.0,132600000.0,228000000.0,223400000.0,56300000.0,140300000.0,133500000.0,267900000.0,75000000.0,191400000.0,212500000.0,209300000.0,82300000.0,205500000.0,317500000.0,295000000.0,86200000.0,217800000.0,348000000.0,395700000.0,95400000.0,227000000.0,377500000.0,475200000.0,12000000.0,99900000.0,259600000.0,475200000.0,122500000.0,258700000.0,399500000.0,365400000.0,107300000.0,240600000.0,374300000.0,524000000.0,147700000.0,310200000.0,480300000.0,514500000.0,152900000.0,341900000.0,536500000.0
IncomeLossFromEquityMethodInvestments / USD,,0.0,0.0,0.0,0.0,0.0,0.0,0.0,0.0,0.0,0.0,0.0,0.0,0.0,0.0,0.0,0.0,0.0,0.0,0.0,0.0,0.0,0.0,0.0,,-400000.0,-500000.0,400000.0,-500000.0,-500000.0,-600000.0,-100000.0,-700000.0,-300000.0,6000000.0,300000.0,,,,6400000.0,,,,800000.0,,,
IncomeTaxExaminationPenaltiesAndInterestExpense / USD,,,,4300000.0,,,,2200000.0,,,,300000.0,,,,300000.0,,,,0.0,,,,800000.0,,,,1300000.0,,,,1900000.0,,,,500000.0,,,,3300000.0,,,,2700000.0,,,
IncomeTaxExpenseBenefit / USD,19700000.0,56900000.0,102400000.0,136700000.0,16400000.0,39500000.0,66800000.0,175000000.0,12400000.0,31400000.0,50800000.0,84200000.0,16200000.0,37200000.0,56300000.0,54600000.0,13600000.0,31000000.0,52900000.0,63800000.0,13800000.0,31400000.0,45500000.0,119000000.0,15100000.0,37300000.0,56100000.0,39800000.0,11500000.0,25700000.0,38500000.0,73100000.0,14300000.0,31700000.0,28900000.0,50900000.0,14200000.0,32300000.0,51400000.0,40700000.0,24100000.0,44600000.0,58300000.0,56200000.0,29100000.0,62700000.0,83100000.0
IncomeTaxReconciliationChangeInEnactedTaxRate / USD,,,,,,,,,,,,,,,,,,,,,,,,,,,,,,,,,,,,,,,,,,,,0.0,,,
IncomeTaxesPaid / USD,,,,66700000.0,,,,80600000.0,,,,80600000.0,,,,10400000.0,,,,86700000.0,,,,101700000.0,,,,103000000.0,,,,103000000.0,,,,82600000.0,,,,89100000.0,,,,81700000.0,,,
IncomeTaxesReceivable / USD,,,,,,,,,,,,3100000.0,,,,11900000.0,,,,12200000.0,,,,15400000.0,,,,14200000.0,,,,25800000.0,,,,29100000.0,,,,8300000.0,,,,8900000.0,,,
IncreaseDecreaseInAccountsAndNotesReceivable / USD,,,,-2000000.0,,,,-27900000.0,,,,8000000.0,,,,13500000.0,,,,19800000.0,,,,22700000.0,,,,8600000.0,,,,6000000.0,,,,1900000.0,,,,-31700000.0,,,,53400000.0,,,
IncreaseDecreaseInAccountsPayable / USD,,,,8000000.0,,,,-16700000.0,,,,43400000.0,,,,-14700000.0,,,,3400000.0,,,,400000.0,,,,33900000.0,,,,-11000000.0,,,,-1600000.0,,,,40000000.0,,,,2500000.0,,,
IncreaseDecreaseInDeferredIncomeTaxes / USD,,,,,,,,17700000.0,,,,17200000.0,,,,-2000000.0,,,,6300000.0,,,,-24900000.0,,,,64400000.0,,,,30200000.0,,,,24400000.0,,,,43800000.0,,,,71300000.0,,,
IncreaseDecreaseInInventories / USD,,,,1200000.0,,,,-3900000.0,,,,-3400000.0,,,,5800000.0,,,,15600000.0,,,,4400000.0,,,,19700000.0,,,,-5400000.0,,,,7800000.0,,,,105600000.0,,,,61700000.0,,,
IncreaseDecreaseInOtherOperatingCapitalNet / USD,52300000.0,66900000.0,31200000.0,,50600000.0,52100000.0,22900000.0,,51400000.0,100300000.0,98700000.0,,76000000.0,86500000.0,112900000.0,,76100000.0,93200000.0,94500000.0,,105000000.0,113200000.0,107900000.0,,113600000.0,124100000.0,104600000.0,,85800000.0,82200000.0,90900000.0,,17800000.0,1400000.0,76200000.0,,93000000.0,139300000.0,132500000.0,,82900000.0,91000000.0,124600000.0,,101500000.0,114600000.0,86700000.0
IncrementalCommonSharesAttributableToShareBasedPaymentArrangements / shares,0.0,0.0,0.0,0.0,1100000.0,1100000.0,1100000.0,100000.0,1000000.0,1100000.0,1100000.0,1100000.0,1000000.0,900000.0,900000.0,1000000.0,800000.0,700000.0,800000.0,1100000.0,700000.0,600000.0,700000.0,900000.0,600000.0,700000.0,700000.0,700000.0,600000.0,500000.0,500000.0,700000.0,500000.0,500000.0,600000.0,500000.0,400000.0,400000.0,400000.0,600000.0,400000.0,300000.0,400000.0,300000.0,500000.0,400000.0,500000.0
IntangibleAssetsGrossExcludingGoodwill / USD,,,,,,,,,,,,,,,,,,,,,,703700000.0,703700000.0,,695100000.0,695100000.0,695100000.0,,710900000.0,710900000.0,710900000.0,,697500000.0,697500000.0,697500000.0,,895300000.0,895300000.0,895300000.0,,921700000.0,921700000.0,921700000.0,,963500000.0,963500000.0,963500000.0
IntangibleAssetsNetExcludingGoodwill / USD,146100000.0,146100000.0,146100000.0,146100000.0,125700000.0,125700000.0,125400000.0,125400000.0,372400000.0,372400000.0,372400000.0,372400000.0,357400000.0,357400000.0,357400000.0,357400000.0,394300000.0,394300000.0,394300000.0,394300000.0,547100000.0,547100000.0,547100000.0,547100000.0,510900000.0,510900000.0,510900000.0,510900000.0,487100000.0,487100000.0,487100000.0,487100000.0,447500000.0,447500000.0,447500000.0,447500000.0,608900000.0,608900000.0,608900000.0,608900000.0,572800000.0,572800000.0,572800000.0,572800000.0,569000000.0,569000000.0,569000000.0
InterestExpense / USD,400000.0,900000.0,1400000.0,1500000.0,13100000.0,25600000.0,38300000.0,10200000.0,11600000.0,22900000.0,36600000.0,53800000.0,16300000.0,32800000.0,48400000.0,52900000.0,15900000.0,32000000.0,49700000.0,64300000.0,12900000.0,26300000.0,40300000.0,105700000.0,13700000.0,27100000.0,42700000.0,54000000.0,12900000.0,25900000.0,38800000.0,56000000.0,12300000.0,24700000.0,37000000.0,51100000.0,11900000.0,29100000.0,52200000.0,50200000.0,23600000.0,47300000.0,70200000.0,75900000.0,22900000.0,48000000.0,76800000.0
InterestPaid / USD,,,,,,,,,,,,,,,,39000000.0,,,,56000000.0,,,,58400000.0,,,,52000000.0,,,,48800000.0,,,,47300000.0,,,,45100000.0,,,,56900000.0,,,
InventoryFinishedGoods / USD,86800000.0,84600000.0,84600000.0,84600000.0,92600000.0,92600000.0,90600000.0,90600000.0,115200000.0,115200000.0,115200000.0,115200000.0,140300000.0,140300000.0,140300000.0,140300000.0,,,,143400000.0,,,,128700000.0,,,,120000000.0,,,,126800000.0,,,,193800000.0,,,,225100000.0,,,,178500000.0,,,
InventoryFinishedGoodsNetOfReserves / USD,,,,,,,,,,,,,,,,,143400000.0,143400000.0,143400000.0,,128700000.0,128700000.0,128700000.0,,120000000.0,120000000.0,120000000.0,,126800000.0,126800000.0,126800000.0,,193800000.0,193800000.0,193800000.0,,225100000.0,225100000.0,225100000.0,,178500000.0,178500000.0,178500000.0,,177900000.0,177900000.0,177900000.0
InventoryNet / USD,155800000.0,153600000.0,153600000.0,187500000.0,179500000.0,179500000.0,169300000.0,169300000.0,204100000.0,204100000.0,204100000.0,204100000.0,220600000.0,220600000.0,220600000.0,220600000.0,239800000.0,239800000.0,239800000.0,239800000.0,280300000.0,280300000.0,280300000.0,280300000.0,269900000.0,269900000.0,269900000.0,269900000.0,283100000.0,283100000.0,283100000.0,283100000.0,380400000.0,380400000.0,380400000.0,380400000.0,479000000.0,479000000.0,479000000.0,479000000.0,438500000.0,438500000.0,438500000.0,438500000.0,423000000.0,423000000.0,423000000.0
InventoryRawMaterials / USD,68300000.0,68300000.0,68300000.0,68400000.0,54800000.0,54800000.0,52700000.0,52700000.0,58900000.0,58900000.0,58900000.0,58900000.0,56700000.0,56700000.0,56700000.0,56700000.0,,,,66600000.0,,,,117200000.0,,,,116800000.0,,,,114000000.0,,,,144400000.0,,,,212200000.0,,,,218400000.0,,,
InventoryRawMaterialsNetOfReserves / USD,,,,,,,,,,,,,,,,,66600000.0,66600000.0,66600000.0,,117200000.0,117200000.0,117200000.0,,116800000.0,116800000.0,116800000.0,,114000000.0,114000000.0,114000000.0,,144400000.0,144400000.0,144400000.0,,212200000.0,212200000.0,212200000.0,,218400000.0,218400000.0,218400000.0,,196900000.0,196900000.0,196900000.0
InventoryWorkInProcess / USD,34500000.0,34500000.0,34500000.0,34500000.0,32100000.0,32100000.0,26000000.0,26000000.0,30000000.0,30000000.0,30000000.0,30000000.0,23600000.0,23600000.0,23600000.0,23600000.0,,,,29800000.0,,,,34400000.0,,,,33100000.0,,,,42300000.0,,,,42200000.0,,,,41700000.0,,,,41600000.0,,,
InventoryWorkInProcessNetOfReserves / USD,,,,,,,,,,,,,,,,,29800000.0,29800000.0,29800000.0,,34400000.0,34400000.0,34400000.0,,33100000.0,33100000.0,33100000.0,,42300000.0,42300000.0,42300000.0,,42200000.0,42200000.0,42200000.0,,41700000.0,41700000.0,41700000.0,,41600000.0,41600000.0,41600000.0,,48200000.0,48200000.0,48200000.0
InvestmentIncomeInterest / USD,100000.0,100000.0,100000.0,-100000.0,200000.0,300000.0,400000.0,800000.0,300000.0,800000.0,1100000.0,1100000.0,500000.0,1400000.0,1900000.0,1500000.0,100000.0,300000.0,600000.0,1900000.0,200000.0,300000.0,700000.0,1200000.0,300000.0,700000.0,1100000.0,800000.0,500000.0,600000.0,800000.0,1800000.0,0.0,100000.0,400000.0,900000.0,100000.0,200000.0,600000.0,400000.0,700000.0,1900000.0,3400000.0,1300000.0,3600000.0,8600000.0,16900000.0
InvestmentsFairValueDisclosure / USD,,,,,,,,,,,,,,,,,,,,,,14300000.0,14300000.0,14300000.0,17400000.0,17400000.0,17400000.0,17400000.0,23500000.0,23500000.0,23500000.0,23500000.0,24500000.0,24500000.0,24500000.0,24500000.0,19900000.0,19900000.0,19900000.0,19900000.0,18000000.0,18000000.0,18000000.0,18000000.0,17100000.0,17100000.0,17100000.0
LesseeOperatingLeaseLiabilityPaymentsDue / USD,,,,,,,,,,,,,,,,,,,,,94100000.0,93200000.0,91600000.0,92200000.0,85700000.0,83200000.0,107200000.0,104900000.0,103500000.0,98900000.0,101000000.0,101300000.0,112900000.0,108800000.0,111500000.0,110400000.0,191600000.0,195300000.0,188900000.0,197700000.0,197800000.0,198400000.0,202300000.0,195900000.0,194500000.0,209000000.0,219600000.0
LesseeOperatingLeaseLiabilityPaymentsDueAfterYearFive / USD,,,,,,,,,,,,,,,,,,,,,17400000.0,18800000.0,18600000.0,15400000.0,15200000.0,15600000.0,,19500000.0,,,,16200000.0,,,,14400000.0,,,,74500000.0,,,,69400000.0,,,
LesseeOperatingLeaseLiabilityPaymentsDueNextTwelveMonths / USD,,,,,,,,,,,,,,,,,,,,,,,,28700000.0,,,29100000.0,30400000.0,25500000.0,26800000.0,28900000.0,31400000.0,27000000.0,28100000.0,32200000.0,34300000.0,29200000.0,34300000.0,35600000.0,40000000.0,35300000.0,38100000.0,42700000.0,43700000.0,35800000.0,42300000.0,47000000.0
LesseeOperatingLeaseLiabilityPaymentsDueYearFive / USD,,,,,,,,,,,,,,,,,,,,,5400000.0,6300000.0,6700000.0,4300000.0,4300000.0,4600000.0,,7100000.0,,,,5100000.0,,,,7500000.0,,,,10300000.0,,,,9100000.0,,,
LesseeOperatingLeaseLiabilityPaymentsDueYearFour / USD,,,,,,,,,,,,,,,,,,,,,9700000.0,11100000.0,12700000.0,7700000.0,7800000.0,8500000.0,9100000.0,9700000.0,7800000.0,8000000.0,9500000.0,10600000.0,8700000.0,9400000.0,10500000.0,11000000.0,10500000.0,13400000.0,14100000.0,16800000.0,11600000.0,13000000.0,14500000.0,15400000.0,10300000.0,12600000.0,14500000.0
LesseeOperatingLeaseLiabilityPaymentsDueYearThree / USD,,,,,,,,,,,,,,,,,,,,,15200000.0,17300000.0,19400000.0,14300000.0,14800000.0,16200000.0,13500000.0,14600000.0,10700000.0,11200000.0,13400000.0,15200000.0,14100000.0,15000000.0,16600000.0,17900000.0,14300000.0,18100000.0,19100000.0,23500000.0,18800000.0,20700000.0,23300000.0,24400000.0,17100000.0,21000000.0,23700000.0
LesseeOperatingLeaseLiabilityPaymentsDueYearTwo / USD,,,,,,,,,,,,,,,,,,,,,22700000.0,24100000.0,26300000.0,21800000.0,22300000.0,23800000.0,22100000.0,23600000.0,16600000.0,17600000.0,20500000.0,22800000.0,19400000.0,20600000.0,23300000.0,25300000.0,21800000.0,26500000.0,28100000.0,32600000.0,25800000.0,28400000.0,32600000.0,33900000.0,26700000.0,33400000.0,37200000.0
LesseeOperatingLeaseLiabilityPaymentsRemainderOfFiscalYear / USD,,,,,,,,,,,,,,,,,,,,,23700000.0,15600000.0,7900000.0,,21300000.0,14500000.0,7800000.0,,23700000.0,15900000.0,8000000.0,,24100000.0,15900000.0,8800000.0,,28000000.0,19800000.0,10000000.0,,31400000.0,21700000.0,11600000.0,,33900000.0,24500000.0,13100000.0
LesseeOperatingLeaseLiabilityUndiscountedExcessAmount / USD,,,,,,,,,,,,,,,,,,,,,11700000.0,11600000.0,11200000.0,10800000.0,9800000.0,9600000.0,11400000.0,11000000.0,10200000.0,9700000.0,9300000.0,8900000.0,9500000.0,8900000.0,9000000.0,9100000.0,53800000.0,47400000.0,46100000.0,46700000.0,46400000.0,46000000.0,46000000.0,44700000.0,44100000.0,45800000.0,47600000.0
Liabilities / USD,2035600000.0,2035600000.0,2035600000.0,2035600000.0,1997400000.0,1997400000.0,1997400000.0,1997400000.0,2233300000.0,2233300000.0,2233300000.0,2233300000.0,2131000000.0,2131000000.0,2131000000.0,2131000000.0,2136500000.0,2136500000.0,2136500000.0,2136500000.0,2156200000.0,2156200000.0,2156200000.0,2156200000.0,2206800000.0,2206800000.0,2206800000.0,2206800000.0,2236800000.0,2236800000.0,2236800000.0,2236800000.0,2288600000.0,2288600000.0,2288600000.0,2288600000.0,3046700000.0,3046700000.0,3046700000.0,3046700000.0,2993200000.0,2993200000.0,2993200000.0,2993200000.0,2987100000.0,2987100000.0,2987100000.0
LiabilitiesAndStockholdersEquity / USD,1979900000.0,1979900000.0,1979900000.0,2000600000.0,2015900000.0,2015900000.0,2015900000.0,2015900000.0,2263000000.0,2263000000.0,2263000000.0,2263000000.0,2247400000.0,2247400000.0,2247400000.0,2247400000.0,2542000000.0,2542000000.0,2542000000.0,2542000000.0,2810200000.0,2810200000.0,2810200000.0,2810200000.0,2967200000.0,2967200000.0,2967200000.0,2967200000.0,3069400000.0,3069400000.0,3069400000.0,3069400000.0,3051000000.0,3051000000.0,3051000000.0,3051000000.0,3991200000.0,3991200000.0,3991200000.0,3991200000.0,4311500000.0,4311500000.0,4311500000.0,4311500000.0,4487800000.0,4487800000.0,4487800000.0
LiabilitiesCurrent / USD,490500000.0,490500000.0,490500000.0,490500000.0,531300000.0,531300000.0,532500000.0,532500000.0,447100000.0,447100000.0,447100000.0,447100000.0,429600000.0,429600000.0,429600000.0,429600000.0,460800000.0,460800000.0,460800000.0,460800000.0,520800000.0,520800000.0,520800000.0,520800000.0,507000000.0,507000000.0,507000000.0,507000000.0,521500000.0,521500000.0,521500000.0,521500000.0,601200000.0,601200000.0,601200000.0,601200000.0,703600000.0,703600000.0,703600000.0,703600000.0,1079700000.0,1079700000.0,1079700000.0,1079700000.0,696900000.0,696900000.0,696900000.0
LiabilitiesFairValueDisclosure / USD,,,,,,,,,,,,21200000.0,,,,17500000.0,,,,21600000.0,,19200000.0,19200000.0,19200000.0,24600000.0,24600000.0,24600000.0,24600000.0,28500000.0,28500000.0,28500000.0,28500000.0,25900000.0,25900000.0,25900000.0,25900000.0,20300000.0,20300000.0,20300000.0,20300000.0,18200000.0,18200000.0,18200000.0,18200000.0,17400000.0,17400000.0,17400000.0
LongTermDebt / USD,,,,,,,,,,,,,,,,,,,,,,,,,,,,,,,,,,1442100000.0,1442100000.0,1442100000.0,2094500000.0,2094500000.0,2094500000.0,2094500000.0,2015000000.0,2015000000.0,2015000000.0,2015000000.0,1999500000.0,1999500000.0,1999500000.0
LongTermDebtCurrent / USD,,,,,,,,,,,,,,,,,,,,,,,,,,,,,,,,,,12600000.0,12600000.0,12600000.0,12600000.0,12600000.0,12600000.0,12600000.0,412600000.0,412600000.0,412600000.0,412600000.0,21900000.0,21900000.0,21900000.0
LongTermDebtFairValue / USD,,,,,,,,,,,,1556600000.0,,,,1510600000.0,,,,1485200000.0,,1403200000.0,1403200000.0,1403200000.0,1474000000.0,1474000000.0,1474000000.0,1474000000.0,1541400000.0,1541400000.0,1541400000.0,1541400000.0,1510400000.0,1510400000.0,1510400000.0,1510400000.0,1978400000.0,1978400000.0,1978400000.0,1978400000.0,1984900000.0,1984900000.0,1984900000.0,1984900000.0,1979300000.0,1979300000.0,1979300000.0
LongTermDebtMaturitiesRepaymentsOfPrincipalAfterYearFive / USD,,,,300000000.0,,,,600000000.0,,,,300000000.0,,,,801000000.0,,,,800900000.0,,,,800000000.0,,,,800000000.0,,,,800000000.0,,,,1000000000.0,,,,1000000000.0,,,,1000000000.0,,,
LongTermDebtMaturitiesRepaymentsOfPrincipalInNextTwelveMonths / USD,,,,48800000.0,,,,46900000.0,,,,46900000.0,,,,35000000.0,,,,35300000.0,,,,100000.0,,,,200000.0,,,,12600000.0,,,,12600000.0,,,,412600000.0,,,,21900000.0,,,
LongTermDebtMaturitiesRepaymentsOfPrincipalInYearFive / USD,,,,670200000.0,,,,692100000.0,,,,300000000.0,,,,516300000.0,,,,0.0,,,,400300000.0,,,,0.0,,,,190600000.0,,,,400000000.0,,,,0.0,,,,400000000.0,,,
LongTermDebtMaturitiesRepaymentsOfPrincipalInYearFour / USD,,,,97500000.0,,,,93900000.0,,,,692100000.0,,,,70000000.0,,,,516300000.0,,,,100000.0,,,,400100000.0,,,,21900000.0,,,,259600000.0,,,,400000000.0,,,,0.0,,,
LongTermDebtMaturitiesRepaymentsOfPrincipalInYearThree / USD,,,,97500000.0,,,,46900000.0,,,,93900000.0,,,,35000000.0,,,,70000000.0,,,,238900000.0,,,,200000.0,,,,412600000.0,,,,21900000.0,,,,190600000.0,,,,400000000.0,,,
LongTermDebtMaturitiesRepaymentsOfPrincipalInYearTwo / USD,,,,48800000.0,,,,46900000.0,,,,46900000.0,,,,35000000.0,,,,35000000.0,,,,100000.0,,,,238900000.0,,,,12600000.0,,,,412600000.0,,,,21900000.0,,,,190600000.0,,,
LongTermDebtNoncurrent / USD,1272000000.0,1272000000.0,1272000000.0,1272000000.0,1215000000.0,1215000000.0,1215000000.0,1215000000.0,1457500000.0,1457500000.0,1457500000.0,1457500000.0,1415600000.0,1415600000.0,1415600000.0,1415600000.0,1442300000.0,1442300000.0,1442300000.0,1442300000.0,1409500000.0,1409500000.0,1409500000.0,1409500000.0,1427600000.0,1427600000.0,1427600000.0,1427600000.0,1429400000.0,1429400000.0,1429400000.0,1429400000.0,1429500000.0,1429500000.0,1429500000.0,1429500000.0,2081900000.0,2081900000.0,2081900000.0,2081900000.0,1602400000.0,1602400000.0,1602400000.0,1602400000.0,1977600000.0,1977600000.0,1977600000.0
MinorityInterestDecreaseFromDistributionsToNoncontrollingInterestHolders / USD,2800000.0,2800000.0,5200000.0,5200000.0,300000.0,300000.0,4500000.0,5200000.0,300000.0,300000.0,10600000.0,4500000.0,2700000.0,2700000.0,2800000.0,20000000.0,,100000.0,100000.0,2700000.0,,200000.0,200000.0,1800000.0,,100000.0,100000.0,1800000.0,,200000.0,200000.0,200000.0,,100000.0,100000.0,300000.0,,100000.0,100000.0,300000.0,,100000.0,100000.0,200000.0,,,
MinorityInterestDecreaseFromRedemptions / USD,,,,,,,,,,,,,,,,,,,,,,,,,,,,,,,,,,,,,,,-3000000.0,-100000.0,,,-3000000.0,,,,
NetCashProvidedByUsedInFinancingActivities / USD,,,,,,,,,,,,,,,,,,,,-196000000.0,,,-116900000.0,-150900000.0,-99200000.0,-200600000.0,-274400000.0,-183400000.0,-116800000.0,-149200000.0,-179300000.0,-342200000.0,-187200000.0,-265100000.0,-309300000.0,-321900000.0,-104900000.0,448400000.0,606100000.0,-529300000.0,-15400000.0,-138400000.0,-219900000.0,437000000.0,-80000000.0,228200000.0,147300000.0
NetCashProvidedByUsedInInvestingActivities / USD,-4100000.0,-6900000.0,12400000.0,-17500000.0,-14300000.0,-8200000.0,-20900000.0,-18700000.0,-14400000.0,-66500000.0,-534400000.0,-34800000.0,-2800000.0,-38500000.0,-49300000.0,-533800000.0,-27800000.0,-25900000.0,-36100000.0,-64000000.0,-284900000.0,-301300000.0,-408700000.0,-50200000.0,-17700000.0,-36200000.0,-56000000.0,-443800000.0,-18800000.0,-30600000.0,-39300000.0,-77600000.0,-4600000.0,-18700000.0,-14900000.0,-56700000.0,-6300000.0,-23900000.0,-965900000.0,-31600000.0,-51400000.0,-61200000.0,-83400000.0,-994100000.0,-43400000.0,-166000000.0,-190200000.0
NetCashProvidedByUsedInOperatingActivities / USD,400000.0,59200000.0,157600000.0,269200000.0,-900000.0,63800000.0,172000000.0,223900000.0,4400000.0,33200000.0,125500000.0,255900000.0,-800000.0,101200000.0,178400000.0,257000000.0,-40900000.0,64000000.0,170000000.0,377500000.0,-10100000.0,118700000.0,260400000.0,347200000.0,-12600000.0,107000000.0,279400000.0,457800000.0,30800000.0,128000000.0,289400000.0,488200000.0,111800000.0,267500000.0,356400000.0,490300000.0,20500000.0,109100000.0,267100000.0,488600000.0,69000000.0,230100000.0,381100000.0,459500000.0,51100000.0,224100000.0,456000000.0
NetIncomeLoss / USD,39400000.0,99700000.0,21600000.0,220100000.0,35800000.0,79000000.0,139800000.0,32300000.0,45400000.0,109300000.0,82000000.0,175200000.0,57700000.0,152700000.0,154300000.0,153900000.0,68400000.0,173900000.0,263700000.0,229100000.0,72200000.0,186100000.0,302100000.0,273300000.0,80200000.0,189500000.0,321100000.0,434900000.0,400000.0,74100000.0,221000000.0,401800000.0,108000000.0,226700000.0,370200000.0,314300000.0,93000000.0,208100000.0,322700000.0,483000000.0,123500000.0,265500000.0,421800000.0,458000000.0,123800000.0,,
NetIncomeLossAttributableToNoncontrollingInterest / USD,1600000.0,3800000.0,13900000.0,5700000.0,1800000.0,5300000.0,10600000.0,12500000.0,-1700000.0,-600000.0,300000.0,-2600000.0,1100000.0,1500000.0,1900000.0,400000.0,300000.0,600000.0,900000.0,2100000.0,200000.0,300000.0,400000.0,3400000.0,100000.0,200000.0,300000.0,500000.0,100000.0,100000.0,100000.0,300000.0,200000.0,300000.0,400000.0,200000.0,100000.0,200000.0,200000.0,300000.0,100000.0,100000.0,200000.0,300000.0,,,
NetPeriodicDefinedBenefitsExpenseReversalOfExpenseExcludingServiceCostComponent / USD,,,,,,,,,,,,,,,,,,,,,,,,,,1800000.0,3200000.0,-2800000.0,-500000.0,-1000000.0,-2000000.0,6800000.0,-1900000.0,-3900000.0,-6000000.0,-2200000.0,-2600000.0,-5000000.0,-7100000.0,-7100000.0,,,500000.0,-9400000.0,,,
NoncontrollingInterestIncreaseFromSubsidiaryEquityIssuance / USD,,,,,,,,,,,,,,,,,,,,,,,,,,,,,,,,,,,,,,,,,,,,100000.0,,,
NoncurrentAssets / USD,,,,337300000.0,,,,322500000.0,,,,535100000.0,,,,519400000.0,,,,571100000.0,,,,693200000.0,,,,679300000.0,,,,663700000.0,,,,617300000.0,,,,807200000.0,,,,826500000.0,,,
NumberOfReportableSegments / pure,,,,,,,,,,,,,,,,,,,,,,3.0,3.0,3.0,,,,3.0,,,,2.0,,,,2.0,,,,2.0,,,,2.0,,,
NumberOfReportableSegments / segment,3.0,3.0,3.0,,3.0,3.0,3.0,,3.0,3.0,3.0,,3.0,3.0,3.0,,,,,,,,,,3.0,3.0,3.0,,2.0,2.0,2.0,,2.0,2.0,2.0,,2.0,2.0,2.0,,2.0,2.0,2.0,,2.0,2.0,2.0
OperatingIncomeLoss / USD,68800000.0,169500000.0,148100000.0,371300000.0,67800000.0,157100000.0,263200000.0,240800000.0,71000000.0,166700000.0,277100000.0,326300000.0,82500000.0,206800000.0,328300000.0,358600000.0,99500000.0,234500000.0,361600000.0,434300000.0,98700000.0,242100000.0,384400000.0,492500000.0,108000000.0,253700000.0,421800000.0,525800000.0,28900000.0,125400000.0,285800000.0,565100000.0,131300000.0,276700000.0,415100000.0,403500000.0,117000000.0,264100000.0,427000000.0,530200000.0,171000000.0,355600000.0,548700000.0,586400000.0,172100000.0,381100000.0,596100000.0
OperatingLeaseExpense / USD,,,,,,,,,,,,,,,,,,,,,,,,,,,,,,,32500000.0,43200000.0,11100000.0,22000000.0,33600000.0,44200000.0,10700000.0,21500000.0,34900000.0,45400000.0,13600000.0,31600000.0,47600000.0,48900000.0,15500000.0,31100000.0,48300000.0
OperatingLeaseLiabilityCurrent / USD,,,,,,,,,,,,,,,,,,,,,27100000.0,25700000.0,25400000.0,25800000.0,25800000.0,25800000.0,25800000.0,,27600000.0,27600000.0,27600000.0,27600000.0,29100000.0,29100000.0,29100000.0,29100000.0,31800000.0,31800000.0,31800000.0,31800000.0,33700000.0,33700000.0,33700000.0,33700000.0,36700000.0,36700000.0,36700000.0
OperatingLeaseLiabilityNoncurrent / USD,,,,,,,,,,,,,,,,,,,,,55300000.0,55900000.0,55000000.0,55600000.0,55600000.0,55600000.0,55600000.0,,66300000.0,66300000.0,66300000.0,66300000.0,63300000.0,63300000.0,63300000.0,63300000.0,69500000.0,69500000.0,69500000.0,69500000.0,117300000.0,117300000.0,117300000.0,117300000.0,114500000.0,114500000.0,114500000.0
OperatingLeasePayments / USD,,,,,,,,,,,,,,,,,,,,,,16700000.0,24700000.0,35100000.0,8600000.0,16700000.0,24700000.0,35100000.0,8500000.0,16900000.0,25400000.0,34000000.0,9100000.0,18500000.0,27600000.0,36500000.0,9100000.0,18000000.0,27900000.0,39300000.0,10400000.0,21700000.0,32600000.0,44000000.0,11400000.0,23000000.0,36000000.0
OperatingLeaseRightOfUseAsset / USD,,,,,,,,,,,,,,,,,,,,,82400000.0,81600000.0,80400000.0,81400000.0,81400000.0,81400000.0,81400000.0,81400000.0,92000000.0,92000000.0,92000000.0,92000000.0,89900000.0,89900000.0,89900000.0,89900000.0,98100000.0,98100000.0,98100000.0,98100000.0,148100000.0,148100000.0,148100000.0,148100000.0,147700000.0,147700000.0,147700000.0
OtherAssetsCurrent / USD,74900000.0,74800000.0,74800000.0,34800000.0,62800000.0,62800000.0,55600000.0,22900000.0,27900000.0,27900000.0,27900000.0,17400000.0,36300000.0,36300000.0,36300000.0,22200000.0,30100000.0,30100000.0,30100000.0,17000000.0,35800000.0,35800000.0,35000000.0,19600000.0,43400000.0,43400000.0,43400000.0,29200000.0,53900000.0,53900000.0,53900000.0,28100000.0,56000000.0,56000000.0,56000000.0,26900000.0,48500000.0,48500000.0,48500000.0,40200000.0,41500000.0,41500000.0,41500000.0,32600000.0,76600000.0,76600000.0,76600000.0
OtherAssetsNoncurrent / USD,202700000.0,202700000.0,202700000.0,124100000.0,199200000.0,199200000.0,197200000.0,125000000.0,216600000.0,216600000.0,216600000.0,124700000.0,117300000.0,117300000.0,117300000.0,45000000.0,101600000.0,101600000.0,101600000.0,66200000.0,171800000.0,171800000.0,171800000.0,87200000.0,289800000.0,289800000.0,289800000.0,177300000.0,323400000.0,323400000.0,323400000.0,196700000.0,398400000.0,398400000.0,398400000.0,243900000.0,445900000.0,445900000.0,445900000.0,218300000.0,576600000.0,576600000.0,576600000.0,283700000.0,621800000.0,621800000.0,621800000.0
OtherComprehensiveIncomeDefinedBenefitPlansAdjustmentNetOfTaxPortionAttributableToParent / USD,,,,5200000.0,,,,35600000.0,,,,-15200000.0,,,,23200000.0,,,,-18800000.0,,,,-19300000.0,,,,5400000.0,,,,3000000.0,,,,-5900000.0,,,,-24300000.0,,,,21100000.0,,,
OtherComprehensiveIncomeForeignCurrencyTranslationGainLossArisingDuringPeriodTax / USD,,,,-100000.0,,,,500000.0,,,,-2800000.0,,,,-2700000.0,,,,-1000000.0,,,,2300000.0,,,,-700000.0,,,,-300000.0,,,,800000.0,,,,-700000.0,,,,-600000.0,,,
OtherComprehensiveIncomeLossBeforeReclassificationsBeforeTax / USD,,,,,,,,,,,,,,,,,,,,,,-22900000.0,-33500000.0,,-14300000.0,-10400000.0,-48900000.0,,-33500000.0,-12400000.0,26600000.0,,-32700000.0,-22500000.0,-46500000.0,,-20500000.0,-71400000.0,-141000000.0,,9100000.0,17400000.0,-13600000.0,,-24800000.0,-30800000.0,9400000.0
OtherComprehensiveIncomeLossCashFlowHedgeGainLossAfterReclassificationAndTax / USD,,,,,,,,,,,,,,,,,,,,,,,,,,,,1800000.0,,,,-5600000.0,,,,-1400000.0,,,,1800000.0,,,,5200000.0,,,
OtherComprehensiveIncomeLossCashFlowHedgeGainLossBeforeReclassificationAndTax / USD,,,,,,,,,,,,,,,,,,,,,,,,,,,,4600000.0,,,,0.0,,,,3900000.0,,,,2600000.0,,,,5700000.0,,,
OtherComprehensiveIncomeLossCashFlowHedgeGainLossReclassificationBeforeTax / USD,,,,,,,,,,,,,,,,,,,,,,,,,,,,2300000.0,,,,7500000.0,,,,5800000.0,,,,200000.0,,,,300000.0,,,
OtherComprehensiveIncomeLossFinalizationOfPensionAndNonPensionPostretirementPlanValuationBeforeTax / USD,,,,0.0,,,,-42900000.0,,,,,,,,,,,,,,,,,,,,0.0,,,,2300000.0,,,,100000.0,,,,500000.0,,,,0.0,,,
OtherComprehensiveIncomeLossForeignCurrencyTransactionAndTranslationAdjustmentNetOfTax / USD,,,,21400000.0,,,,-58400000.0,,,,-66400000.0,,,,-60500000.0,,,,-40700000.0,,,,97500000.0,,,,-56900000.0,,,,13400000.0,,,,57300000.0,,,,-63300000.0,,,,-76200000.0,,,
OtherComprehensiveIncomeLossNetOfTax / USD,,,,21900000.0,,,,-88200000.0,,,,-52200000.0,,,,-85400000.0,,,,-32500000.0,,27100000.0,27100000.0,117200000.0,-14700000.0,-14700000.0,-14700000.0,-60500000.0,-33400000.0,-33400000.0,-33400000.0,4800000.0,-32000000.0,-32000000.0,-32000000.0,61800000.0,-21000000.0,-21000000.0,-21000000.0,-37200000.0,10300000.0,10300000.0,10300000.0,-92100000.0,-24000000.0,-24000000.0,-24000000.0
OtherComprehensiveIncomeLossPensionAndOtherPostretirementBenefitPlansNetUnamortizedGainLossArisingDuringPeriodBeforeTax / USD,,,,-23000000.0,,,,34100000.0,,,,-9900000.0,,,,-37600000.0,,,,3100000.0,,,,25500000.0,,,,-16600000.0,,,,-8300000.0,,,,4900000.0,,,,25700000.0,,,,-38700000.0,,,
OtherComprehensiveIncomeLossPensionAndOtherPostretirementBenefitPlansTax / USD,,,,-2500000.0,,,,-28200000.0,,,,15700000.0,,,,3000000.0,,,,-5000000.0,,,,-12200000.0,,,,1600000.0,,,,-400000.0,,,,-2000000.0,,,,-7700000.0,,,,9400000.0,,,
OtherComprehensiveIncomeLossReclassificationAdjustmentFromAOCIPensionAndOtherPostretirementBenefitPlansBeforeTax / USD,,,,,,,,,,,,,,,,,,,,,,,,,,,,4500000.0,,,,6100000.0,,,,5000000.0,,,,4800000.0,,,,500000.0,,,
OtherComprehensiveIncomeLossTax / USD,,,,,,,,,,,,,,,,,,,,,,1200000.0,1300000.0,,400000.0,-1100000.0,-900000.0,,500000.0,200000.0,300000.0,,200000.0,400000.0,700000.0,,-300000.0,-300000.0,-100000.0,,-300000.0,-800000.0,-300000.0,,300000.0,300000.0,-100000.0
OtherLiabilitiesNoncurrent / USD,273100000.0,273100000.0,273100000.0,75800000.0,251100000.0,251100000.0,249900000.0,70900000.0,328700000.0,328700000.0,328700000.0,63300000.0,285800000.0,285800000.0,285800000.0,32600000.0,233400000.0,233400000.0,233400000.0,23900000.0,225900000.0,225900000.0,225900000.0,28800000.0,272200000.0,272200000.0,272200000.0,76700000.0,285900000.0,285900000.0,285900000.0,100800000.0,257900000.0,257900000.0,257900000.0,87900000.0,261200000.0,261200000.0,261200000.0,119500000.0,311100000.0,311100000.0,311100000.0,173400000.0,312600000.0,312600000.0,312600000.0
OtherNonoperatingIncomeExpense / USD,-7500000.0,-6700000.0,-6900000.0,-3100000.0,100000.0,1100000.0,3100000.0,-7200000.0,-3100000.0,-3500000.0,-300000.0,-4600000.0,8800000.0,17400000.0,17000000.0,7800000.0,-1300000.0,3000000.0,5600000.0,9400000.0,400000.0,2000000.0,3900000.0,8900000.0,1100000.0,400000.0,-1600000.0,3400000.0,-4000000.0,400000.0,12600000.0,-3800000.0,3500000.0,6700000.0,21400000.0,13000000.0,2200000.0,5600000.0,7100000.0,44000000.0,300000.0,1900000.0,1800000.0,11600000.0,3700000.0,8800000.0,17200000.0
PaymentsForProceedsFromOtherInvestingActivities / USD,-1200000.0,-1800000.0,-24400000.0,,-200000.0,-40800000.0,-41900000.0,-40200000.0,-4000000.0,-4100000.0,-2700000.0,40700000.0,2000000.0,4700000.0,5600000.0,,-800000.0,-1100000.0,-2900000.0,0.0,-100000.0,-100000.0,1100000.0,-3100000.0,800000.0,2300000.0,2000000.0,4300000.0,7000000.0,6200000.0,6000000.0,7700000.0,-1700000.0,800000.0,-12700000.0,-2900000.0,-2400000.0,-700000.0,1300000.0,-12700000.0,-7500000.0,-7400000.0,-9000000.0,7000000.0,-3100000.0,-2900000.0,1000000.0
PaymentsForRepurchaseOfCommonStock / USD,,0.0,0.0,0.0,0.0,30300000.0,50300000.0,0.0,30000000.0,30000000.0,30000000.0,50300000.0,30000000.0,30000000.0,30000000.0,30000000.0,30000000.0,60000000.0,60000000.0,85100000.0,30000000.0,30000000.0,30000000.0,60000000.0,63800000.0,63800000.0,63800000.0,67300000.0,94100000.0,94100000.0,94100000.0,226000000.0,149700000.0,149700000.0,149700000.0,208800000.0,61000000.0,61000000.0,61000000.0,412800000.0,0.0,19900000.0,19900000.0,61000000.0,40000000.0,80000000.0,40000000.0
PaymentsForRestructuring / USD,,,,,,,,,2600000.0,3900000.0,5400000.0,,2500000.0,3400000.0,9500000.0,,2400000.0,4200000.0,5200000.0,,2400000.0,3800000.0,12900000.0,,2500000.0,10200000.0,16700000.0,17300000.0,2200000.0,6500000.0,7800000.0,21300000.0,500000.0,800000.0,3200000.0,8600000.0,800000.0,1900000.0,4400000.0,3400000.0,1900000.0,,,10900000.0,,,
PaymentsOfDebtIssuanceCosts / USD,,,,0.0,,,,29100000.0,,,9000000.0,5800000.0,,,300000.0,9000000.0,,,3000000.0,300000.0,,,0.0,9500000.0,,,3000000.0,0.0,,,,4200000.0,,0.0,0.0,0.0,,9100000.0,10200000.0,1900000.0,,0.0,0.0,10200000.0,0.0,6600000.0,6900000.0
PaymentsOfDividendsCommonStock / USD,0.0,0.0,0.0,0.0,7200000.0,14900000.0,22600000.0,0.0,9500000.0,19100000.0,28700000.0,30000000.0,11400000.0,22900000.0,34500000.0,38300000.0,15200000.0,30400000.0,45600000.0,46000000.0,19700000.0,39700000.0,59600000.0,60900000.0,25200000.0,50500000.0,75500000.0,79400000.0,29000000.0,58700000.0,88300000.0,100600000.0,32500000.0,64600000.0,96900000.0,117300000.0,35800000.0,71500000.0,107900000.0,129000000.0,39400000.0,79300000.0,119200000.0,143900000.0,42100000.0,83800000.0,125600000.0
PaymentsToAcquireBusinessesAndInterestInAffiliates / USD,,,,,,,,,,,,,,,,,,,,,,280500000.0,375800000.0,20800000.0,4600000.0,4600000.0,4600000.0,376100000.0,,,0.0,7600000.0,,,6500000.0,12500000.0,0.0,0.0,923100000.0,6500000.0,36600000.0,28600000.0,31700000.0,923100000.0,19300000.0,120800000.0,121200000.0
PaymentsToAcquireProductiveAssets / USD,5300000.0,8700000.0,12000000.0,19600000.0,9200000.0,26000000.0,39800000.0,20200000.0,9400000.0,18600000.0,27300000.0,51500000.0,7400000.0,16500000.0,26400000.0,35200000.0,7800000.0,21400000.0,33700000.0,42500000.0,8700000.0,20900000.0,31800000.0,49300000.0,12300000.0,29300000.0,49400000.0,49100000.0,11800000.0,24400000.0,33300000.0,65600000.0,6300000.0,17900000.0,28700000.0,47100000.0,8700000.0,24600000.0,41500000.0,45400000.0,22300000.0,40000000.0,60700000.0,64000000.0,27200000.0,48100000.0,68000000.0
PaymentsToAcquirePropertyPlantAndEquipment / USD,,,,19600000.0,,,,20200000.0,,,,51500000.0,,,,35200000.0,,,,42500000.0,,,,49300000.0,,,,49100000.0,,,,65600000.0,,,,47100000.0,,,,45400000.0,,,,64000000.0,,,
PensionAndOtherPostretirementAndPostemploymentBenefitPlansLiabilitiesNoncurrent / USD,,,,110600000.0,,,,122000000.0,,,,145400000.0,,,,134500000.0,,,,85900000.0,,,,81200000.0,,,,87700000.0,,,,79400000.0,,,,69200000.0,,,,40100000.0,,,,44100000.0,,,
PreferredStockParOrStatedValuePerShare / USD/shares,,,,,,,,,,,,0.001,,,,0.001,,,,0.001,,,,0.001,,,,0.001,,,,0.001,,,,0.001,,,,0.001,,,,0.001,,,
PreferredStockSharesAuthorized / shares,,,,,,,,,,,,10000000.0,,,,10000000.0,,,,10000000.0,,,,10000000.0,,,,10000000.0,,,,10000000.0,,,,10000000.0,,,,10000000.0,,,,10000000.0,,,
ProceedsFromIssuanceOfLongTermDebt / USD,,,,0.0,,,0.0,1300000000.0,,,300000000.0,956300000.0,,,0.0,0.0,,,700000000.0,0.0,,,0.0,700000000.0,,,400000000.0,,,,,,,0.0,0.0,,,600000000.0,600000000.0,,,0.0,0.0,,0.0,400000000.0,400000000.0
ProceedsFromIssuanceOfSeniorLongTermDebt / USD,,,,,,,,,,,,,,,,,,,,,,,,,,,,,,,,400000000.0,,,,0.0,,,,0.0,,,,600000000.0,,,
ProceedsFromLinesOfCredit / USD,,,,,,,0.0,0.0,,,80000000.0,0.0,,,0.0,400000000.0,0.0,0.0,165000000.0,0.0,40000000.0,40000000.0,115000000.0,165000000.0,,,,115000000.0,,,,,,,0.0,0.0,0.0,0.0,340000000.0,0.0,30000000.0,30000000.0,30000000.0,340000000.0,0.0,0.0,0.0
ProceedsFromPaymentsForOtherFinancingActivities / USD,-2800000.0,-2800000.0,-5200000.0,1300000.0,11800000.0,14600000.0,15400000.0,0.0,5200000.0,8700000.0,1200000.0,0.0,-5100000.0,-1200000.0,2800000.0,3000000.0,2100000.0,4700000.0,6000000.0,-6000000.0,-2400000.0,-2300000.0,100000.0,-4600000.0,-1200000.0,1400000.0,1800000.0,-3800000.0,3100000.0,3000000.0,3200000.0,0.0,-5000000.0,-600000.0,400000.0,4400000.0,-5000000.0,-3700000.0,-4400000.0,3300000.0,-2900000.0,-2900000.0,-2300000.0,-1000000.0,5300000.0,5000000.0,9900000.0
ProceedsFromRepaymentsOfDebt / USD,1700000.0,400000.0,-200000.0,-1100000.0,-8000000.0,-55200000.0,-63100000.0,1338900000.0,-12400000.0,-12200000.0,367400000.0,-78000000.0,-28300000.0,-40500000.0,-53600000.0,278300000.0,-12900000.0,-24800000.0,-16100000.0,-64400000.0,31200000.0,-18400000.0,-27400000.0,10100000.0,-9000000.0,-17900000.0,-18000000.0,-36100000.0,,,-100000.0,-17900000.0,0.0,-100000.0,-100000.0,-200000.0,-3100000.0,593700000.0,789600000.0,11100000.0,26900000.0,-36300000.0,-78500000.0,656400000.0,-3200000.0,393600000.0,389900000.0
ProceedsFromRepaymentsOfOtherDebt / USD,,,,,,,,,,,,,,,,,,,,,,,,,,,,,,,,,,,-100000.0,,-3100000.0,-6300000.0,-9400000.0,,-3100000.0,-6300000.0,-9500000.0,,-3200000.0,-6400000.0,-10100000.0
ProceedsFromStockOptionsExercised / USD,,,,,,,,,,,,,,,,11000000.0,,,,5800000.0,,,,7200000.0,,,,,,,,,,,,,,,,,,,,3300000.0,,,
ProductWarrantyAccrualAdditionsFromBusinessAcquisition / USD,,,,,,,,,,,,,,,,,0.0,0.0,0.0,0.0,400000.0,400000.0,500000.0,0.0,,,,500000.0,,,,,,,0.0,0.0,,,1700000.0,0.0,,,,1400000.0,,,0.0
ProfitLoss / USD,41000000.0,103500000.0,35500000.0,225800000.0,37600000.0,84300000.0,150400000.0,44800000.0,43700000.0,108700000.0,82300000.0,172600000.0,58800000.0,154200000.0,156200000.0,154300000.0,68700000.0,174500000.0,264600000.0,231200000.0,72400000.0,72400000.0,72400000.0,276700000.0,80300000.0,80300000.0,80300000.0,435400000.0,500000.0,500000.0,500000.0,402100000.0,108200000.0,108200000.0,108200000.0,314500000.0,93100000.0,93100000.0,93100000.0,483300000.0,123600000.0,123600000.0,123600000.0,458300000.0,123800000.0,123800000.0,123800000.0
PropertyPlantAndEquipmentGross / USD,,,,566400000.0,,,,579800000.0,,,,616500000.0,,,,640400000.0,,,,707900000.0,,,,748800000.0,,,,786000000.0,,,,830100000.0,,,,827700000.0,,,,875600000.0,,,,961400000.0,,,
PropertyPlantAndEquipmentNet / USD,203000000.0,200200000.0,200200000.0,200200000.0,211200000.0,211200000.0,207200000.0,207200000.0,224800000.0,224800000.0,224800000.0,224800000.0,226600000.0,226600000.0,226600000.0,226600000.0,252200000.0,252200000.0,252200000.0,252200000.0,276700000.0,276700000.0,276700000.0,276700000.0,291400000.0,291400000.0,291400000.0,291400000.0,294900000.0,294900000.0,294900000.0,294900000.0,283700000.0,283700000.0,283700000.0,283700000.0,308700000.0,308700000.0,308700000.0,308700000.0,358100000.0,358100000.0,358100000.0,358100000.0,385300000.0,385300000.0,385300000.0
ReceivablesNetCurrent / USD,266100000.0,260000000.0,260000000.0,260000000.0,259900000.0,259900000.0,230400000.0,230400000.0,303400000.0,303400000.0,303400000.0,303400000.0,260000000.0,260000000.0,260000000.0,260000000.0,296600000.0,296600000.0,296600000.0,296600000.0,324900000.0,324900000.0,324900000.0,324900000.0,329800000.0,329800000.0,329800000.0,,321800000.0,321800000.0,321800000.0,,283300000.0,283300000.0,283300000.0,,395600000.0,395600000.0,395600000.0,,412800000.0,412800000.0,412800000.0,,418900000.0,418900000.0,418900000.0
ReclassificationFromAccumulatedOtherComprehensiveIncomeCurrentPeriodBeforeTax / USD,800000.0,1500000.0,2200000.0,,-1100000.0,1400000.0,400000.0,,-400000.0,-2100000.0,-3000000.0,,-7400000.0,-15600000.0,-13800000.0,,,,,,,1100000.0,-500000.0,,-600000.0,-300000.0,-1500000.0,,1200000.0,200000.0,-14500000.0,,900000.0,1300000.0,3300000.0,,-800000.0,900000.0,2800000.0,,800000.0,800000.0,2400000.0,,1100000.0,2000000.0,2700000.0
RepaymentsOfLinesOfCredit / USD,,,,,,,0.0,,,,,,,,,,,0.0,0.0,0.0,,40000000.0,115000000.0,165000000.0,,,,115000000.0,,,,,,,0.0,0.0,,0.0,141000000.0,0.0,,60000000.0,99000000.0,271000000.0,0.0,,
RepaymentsOfLongTermDebt / USD,,,,100000.0,,15000000.0,22500000.0,0.0,12200000.0,24400000.0,24400000.0,1012300000.0,11700000.0,40500000.0,53600000.0,440500000.0,11800000.0,23500000.0,23500000.0,47000000.0,8800000.0,17900000.0,26700000.0,32300000.0,8800000.0,17700000.0,417700000.0,35500000.0,,,,417900000.0,3100000.0,,,,,,,,,,,,0.0,,
RepaymentsOfOtherShortTermDebt / USD,,,,,,,,,,,,,,,,,,,,,,,,,,,,600000.0,,,,,,,,200000.0,,,,238900000.0,,,,12600000.0,,,
ResearchAndDevelopmentExpense / USD,,,,38200000.0,,,,39600000.0,,,,43300000.0,,,,45200000.0,,,,47300000.0,,,,48300000.0,,,,54400000.0,,,,54700000.0,,,,54400000.0,,,,73300000.0,,,,74500000.0,,,
RestructuringAndRelatedCostIncurredCost / USD,4500000.0,5200000.0,5400000.0,7500000.0,,3800000.0,4400000.0,5800000.0,1600000.0,1900000.0,2900000.0,7100000.0,800000.0,1900000.0,3000000.0,15100000.0,800000.0,1100000.0,8500000.0,3100000.0,1700000.0,9800000.0,14200000.0,4900000.0,,,,16500000.0,,,,25000000.0,,,,3800000.0,,,,3300000.0,,,,12500000.0,,,
RestructuringReserveCurrent / USD,2800000.0,2800000.0,2800000.0,2800000.0,1900000.0,1900000.0,1900000.0,2800000.0,10200000.0,10200000.0,10200000.0,1900000.0,3500000.0,3500000.0,3500000.0,10200000.0,4200000.0,4200000.0,4200000.0,3500000.0,2100000.0,2100000.0,2100000.0,4200000.0,1200000.0,1200000.0,1200000.0,2100000.0,5300000.0,5300000.0,5300000.0,1200000.0,400000.0,400000.0,400000.0,5300000.0,200000.0,200000.0,200000.0,400000.0,1900000.0,,,200000.0,,,
RestructuringReserveTranslationAdjustment / USD,,,,,,-200000.0,-200000.0,-400000.0,400000.0,100000.0,300000.0,-600000.0,0.0,100000.0,200000.0,-200000.0,100000.0,0.0,-100000.0,200000.0,,,,-100000.0,,,200000.0,-100000.0,-200000.0,-100000.0,-100000.0,400000.0,,,-100000.0,-100000.0,,,,-100000.0,,,,100000.0,,,
RetainedEarningsAccumulatedDeficit / USD,400000.0,400000.0,400000.0,1100000.0,142400000.0,142400000.0,142400000.0,142400000.0,232400000.0,232400000.0,232400000.0,232400000.0,376600000.0,376600000.0,376600000.0,376600000.0,544400000.0,544400000.0,544400000.0,544400000.0,873600000.0,873600000.0,873600000.0,873600000.0,975100000.0,975100000.0,975100000.0,975100000.0,985600000.0,985600000.0,985600000.0,985600000.0,952600000.0,952600000.0,952600000.0,952600000.0,1212800000.0,1212800000.0,1212800000.0,1212800000.0,1578900000.0,1578900000.0,1578900000.0,1578900000.0,1831400000.0,1831400000.0,1831400000.0
RevenueFromContractWithCustomerExcludingAssessedTax / USD,,,,,,,,,,,,,,,,,,,,,,1317800000.0,2029300000.0,2408200000.0,655000000.0,1386200000.0,2134500000.0,2731700000.0,674700000.0,1264200000.0,1992600000.0,2854000000.0,694300000.0,1441200000.0,2158200000.0,2719900000.0,723600000.0,1496700000.0,2410400000.0,2867400000.0,923000000.0,1835500000.0,2753400000.0,3271900000.0,893900000.0,1859500000.0,2826600000.0
Revenues / USD,,,,,,,,,,,,,,,,2068100000.0,,,,,613100000.0,1317800000.0,2029300000.0,,655000000.0,1386200000.0,2134500000.0,,674700000.0,1264200000.0,1992600000.0,,694300000.0,1441200000.0,2158200000.0,,723600000.0,1496700000.0,2410400000.0,,923000000.0,1835500000.0,2753400000.0,,893900000.0,1859500000.0,2826600000.0
RightOfUseAssetObtainedInExchangeForOperatingLeaseLiability / USD,,,,,,,,,,,,,,,,,,,,,4700000.0,13200000.0,20600000.0,30700000.0,4700000.0,13200000.0,20600000.0,30700000.0,2300000.0,8300000.0,36600000.0,41200000.0,5400000.0,8600000.0,20800000.0,29500000.0,20200000.0,26800000.0,39900000.0,45400000.0,43300000.0,61500000.0,68100000.0,83500000.0,6100000.0,15700000.0,25600000.0
SellingGeneralAndAdministrativeExpense / USD,117300000.0,235000000.0,357200000.0,454300000.0,124400000.0,261100000.0,391600000.0,483100000.0,116100000.0,242200000.0,371800000.0,527400000.0,133800000.0,276900000.0,418900000.0,510500000.0,141700000.0,288000000.0,435300000.0,555400000.0,159100000.0,321300000.0,488400000.0,580400000.0,168900000.0,343900000.0,511300000.0,647500000.0,167900000.0,318000000.0,474200000.0,681300000.0,166100000.0,341200000.0,503300000.0,635700000.0,171700000.0,339600000.0,544700000.0,674700000.0,220000000.0,437300000.0,647500000.0,736000000.0,219300000.0,438600000.0,655700000.0
SeniorNotes / USD,,,,,,,,,,,,,,,,,,,,,,,,,,,,,,,,,,,,,,,,,,,,0.0,,,
ShareBasedCompensation / USD,,,,0.0,,,,800000.0,,,,13100000.0,,,13100000.0,14600000.0,,,,16600000.0,,,,16200000.0,,,,19600000.0,,,,20400000.0,,,,20800000.0,,,,23400000.0,,,,24500000.0,,,
ShareBasedCompensationArrangementByShareBasedPaymentAwardFairValueAssumptionsExpectedDividendRate / pure,0.016,0.016,0.016,0.0127,0.006,0.006,0.006,0.006,0.0069,0.0069,0.0069,0.0069,0.0083,0.0083,0.0083,0.0069,0.0089,0.0089,0.0089,0.0083,0.0097,0.0097,0.0097,0.0089,0.0123,0.0123,0.0123,0.0097,0.0099,0.0099,0.0099,0.0123,0.0132,0.0132,0.0132,0.0099,0.0142,0.0142,0.0146,0.0132,0.016,0.016,0.016,0.0146,0.0147,0.0147,0.0147
ShareBasedCompensationArrangementByShareBasedPaymentAwardFairValueAssumptionsExpectedVolatilityRate / pure,0.4214,0.4214,0.4214,0.3922,0.3655,0.3655,0.3655,0.3655,0.3402,0.3402,0.3402,0.3137,0.2885,0.2885,0.2885,0.3137,0.2493,0.2493,0.2493,0.2885,0.2238,0.2238,0.2238,0.2493,0.2144,0.2144,0.2144,0.2238,0.207,0.207,0.207,0.2144,0.2714,0.2714,0.2714,0.207,0.2705,0.2705,0.2712,0.2714,0.2847,0.2847,0.2847,0.2712,0.2929,0.2929,0.2929
ShareBasedCompensationArrangementByShareBasedPaymentAwardFairValueAssumptionsRiskFreeInterestRate / pure,0.0085,0.0085,0.0085,0.0153,0.0194,0.0194,0.0194,0.0194,0.0178,0.0178,0.0178,0.0178,0.0138,0.0138,0.0138,0.0178,0.0208,0.0208,0.0208,0.0138,0.0275,0.0275,0.0275,0.0208,0.0253,0.0253,0.0253,0.0275,0.0141,0.0141,0.0141,0.0253,0.0075,0.0075,0.0075,0.0141,0.0189,0.0189,0.0213,0.0075,0.041,0.041,0.041,0.0213,0.0429,0.0429,0.0429
ShareBasedCompensationArrangementByShareBasedPaymentAwardNumberOfSharesAuthorized / shares,,,,8000000.0,,,,8000000.0,,,,8000000.0,,,,8000000.0,,,,8000000.0,,,,8000000.0,,,,8000000.0,,,,8000000.0,,,,8000000.0,,,,2700000.0,,,,2700000.0,,,
ShareBasedCompensationArrangementByShareBasedPaymentAwardNumberOfSharesAvailableForGrant / shares,,,,4500000.0,,,,4100000.0,,,,3700000.0,,,,3400000.0,,,,3400000.0,,,,3100000.0,,,,2900000.0,,,,2600000.0,,,,2200000.0,,,,2700000.0,,,,2400000.0,,,
ShareBasedCompensationArrangementByShareBasedPaymentAwardOptionsExercisesInPeriodTotalIntrinsicValue / USD,,,,1200000.0,,,,19300000.0,,,,21500000.0,,,,18300000.0,,,,17500000.0,,,,11500000.0,,,,16300000.0,,,,18800000.0,,,,10500000.0,,,,2900000.0,,,,3500000.0,,,
ShareBasedCompensationArrangementByShareBasedPaymentAwardOptionsGrantsInPeriodWeightedAverageGrantDateFairValue / USD/shares,,,,15.98,,,,19.54,,,,17.88,,,,15.86,,,,15.86,,,,18.22,,,,21.29,,,,19.58,,,,25.62,,,,24.99,,,,28.24,,,
ShareBasedCompensationSharesAuthorizedUnderStockOptionPlansExercisePriceRangeNumberOfExercisableOptions / shares,,,,1445106.0,,,,1053687.0,,,,929677.0,,,,696929.0,,,,638441.0,,,,534013.0,,,,440987.0,,,,439997.0,,,,548222.0,,,,643947.0,,,,575012.0,,,
ShareBasedCompensationSharesAuthorizedUnderStockOptionPlansExercisePriceRangeNumberOfOutstandingOptions / shares,,,,1962028.0,,,,1592167.0,,,,1313070.0,,,,1051880.0,,,,957198.0,,,,863622.0,,,,760142.0,,,,757780.0,,,,932582.0,,,,1000360.0,,,,870653.0,,,
SharebasedCompensationSharesAuthorizedUnderStockOptionPlansExercisePriceRangeExercisableOptionsWeightedAverageExercisePrice1 / USD/shares,,,,23.17,,,,25.64,,,,32.64,,,,39.46,,,,46.94,,,,56.58,,,,68.7,,,,80.83,,,,90.92,,,,99.66,,,,107.44,,,
SharebasedCompensationSharesAuthorizedUnderStockOptionPlansExercisePriceRangeOutstandingOptionsWeightedAverageExercisePriceBeginningBalance1 / USD/shares,,,,28.11,,,,33.91,,,,39.87,,,,47.8,,,,56.71,,,,67.57,,,,85.18,,,,93.76,,,,100.21,,,,104.01,,,,111.65,,,
ShortTermLeasePayments / USD,,,,,,,,,,,,,,,,,,,,,,4900000.0,7500000.0,8100000.0,2500000.0,4900000.0,7500000.0,8100000.0,2400000.0,4700000.0,7100000.0,8100000.0,2000000.0,3500000.0,6000000.0,9100000.0,1600000.0,3500000.0,7000000.0,8200000.0,3200000.0,9900000.0,15000000.0,9600000.0,4100000.0,8100000.0,12300000.0
StandardProductWarrantyAccrual / USD,9600000.0,9500000.0,9500000.0,9500000.0,9800000.0,9700000.0,9400000.0,9400000.0,9800000.0,10300000.0,9800000.0,9400000.0,11700000.0,11700000.0,11700000.0,9800000.0,13300000.0,13300000.0,13300000.0,11700000.0,14100000.0,14100000.0,14100000.0,13300000.0,14500000.0,14500000.0,14500000.0,14100000.0,15900000.0,15900000.0,15900000.0,14500000.0,16500000.0,16500000.0,16500000.0,15900000.0,17700000.0,17700000.0,17700000.0,16500000.0,18200000.0,18200000.0,18200000.0,17700000.0,20700000.0,20700000.0,20700000.0
StandardProductWarrantyAccrualCurrent / USD,,,,,,,,,,,,,,,,,,,,,,,,,,,,,,,,,,,,,,,,12100000.0,,,,14700000.0,,,
StandardProductWarrantyAccrualForeignCurrencyTranslationGainLoss / USD,,,,,,,,,,,,,100000.0,0.0,0.0,-300000.0,0.0,300000.0,400000.0,-200000.0,100000.0,-100000.0,-100000.0,400000.0,0.0,0.0,-200000.0,-200000.0,-100000.0,-100000.0,100000.0,-100000.0,-100000.0,-100000.0,-200000.0,300000.0,-100000.0,-500000.0,-1000000.0,-100000.0,0.0,0.0,-200000.0,-600000.0,-200000.0,-200000.0,100000.0
StandardProductWarrantyAccrualPayments / USD,1300000.0,2700000.0,4400000.0,5700000.0,1600000.0,3300000.0,3800000.0,4900000.0,900000.0,3100000.0,3700000.0,4900000.0,1400000.0,2900000.0,4600000.0,5400000.0,1700000.0,3400000.0,5500000.0,6500000.0,1800000.0,3700000.0,5900000.0,7800000.0,2300000.0,4400000.0,6600000.0,7900000.0,2000000.0,3300000.0,5300000.0,8400000.0,1800000.0,5100000.0,7500000.0,7300000.0,2400000.0,4500000.0,6900000.0,10600000.0,2000000.0,4300000.0,6800000.0,9100000.0,2600000.0,6200000.0,10400000.0
StandardProductWarrantyAccrualPreexistingIncreaseDecrease / USD,100000.0,100000.0,300000.0,900000.0,-700000.0,-400000.0,-700000.0,-600000.0,0.0,100000.0,700000.0,-600000.0,-200000.0,-300000.0,0.0,500000.0,-100000.0,-300000.0,-700000.0,200000.0,-100000.0,0.0,-100000.0,-800000.0,-100000.0,-200000.0,-400000.0,200000.0,-100000.0,-200000.0,-300000.0,-400000.0,-100000.0,,,-600000.0,,,0.0,0.0,0.0,0.0,-500000.0,0.0,-100000.0,-300000.0,-600000.0
StandardProductWarrantyAccrualWarrantiesIssued / USD,900000.0,1700000.0,3400000.0,5000000.0,1800000.0,3700000.0,5000000.0,6100000.0,1200000.0,2600000.0,4400000.0,6100000.0,1600000.0,3600000.0,6200000.0,7100000.0,2200000.0,3900000.0,6200000.0,8100000.0,2000000.0,4100000.0,6100000.0,9000000.0,3800000.0,5700000.0,8400000.0,7800000.0,2300000.0,3900000.0,6200000.0,10300000.0,3500000.0,6800000.0,9100000.0,8200000.0,3100000.0,4400000.0,6400000.0,11900000.0,2300000.0,5600000.0,8900000.0,8800000.0,4400000.0,8500000.0,11600000.0
StockRepurchaseProgramRemainingAuthorizedRepurchaseAmount1 / USD,,,,,,,,,,,,,,,,,,,,,,,,,,,,,464500000.0,414400000.0,401400000.0,,140500000.0,140500000.0,140500000.0,,140500000.0,500000000.0,500000000.0,,420000000.0,380000000.0,340000000.0,,200000000.0,160000000.0,160000000.0
StockholdersEquityIncludingPortionAttributableToNoncontrollingInterest / USD,1366200000.0,1366200000.0,1366200000.0,1454800000.0,-35000000.0,-35000000.0,-35000000.0,1385700000.0,18500000.0,18500000.0,18500000.0,-35000000.0,29700000.0,29700000.0,29700000.0,18500000.0,116400000.0,116400000.0,116400000.0,29700000.0,405500000.0,405500000.0,405500000.0,116400000.0,654000000.0,654000000.0,654000000.0,405500000.0,760400000.0,760400000.0,760400000.0,654000000.0,832600000.0,832600000.0,832600000.0,760400000.0,762400000.0,762400000.0,762400000.0,832600000.0,944500000.0,944500000.0,944500000.0,762400000.0,1318300000.0,1318300000.0,1318300000.0
TaxesPayableCurrent / USD,,,,,,,,,,,,,,,,2700000.0,,,,18200000.0,,,,20200000.0,,,,12800000.0,,,,18200000.0,,,,11900000.0,,,,27700000.0,,,,14900000.0,,,
UnrealizedGainLossOnInvestments / USD,,,,,,,,,,,,,,,,,,,,,1600000.0,,,,,,,,,,,3100000.0,,,,-2000000.0,,,,25600000.0,,,,-200000.0,,,
UnrecognizedTaxBenefits / USD,,,,63000000.0,,,,63600000.0,,,,40600000.0,,,,25400000.0,,,,23800000.0,,,,32000000.0,,,,29000000.0,,,,42000000.0,,,,37300000.0,,,,41200000.0,,,,41500000.0,,,
UnrecognizedTaxBenefitsDecreasesResultingFromPriorPeriodTaxPositions / USD,,,,3700000.0,,,,6900000.0,,,,23900000.0,,,,3000000.0,,,,5500000.0,,,,5000000.0,,,,1400000.0,,,,7000000.0,,,,1500000.0,,,,2200000.0,,,,200000.0,,,
UnrecognizedTaxBenefitsDecreasesResultingFromSettlementsWithTaxingAuthorities / USD,,,,1600000.0,,,,0.0,,,,700000.0,,,,0.0,,,,600000.0,,,,7100000.0,,,,1500000.0,,,,4000000.0,,,,300000.0,,,,3600000.0,,,,0.0,,,
UnrecognizedTaxBenefitsIncomeTaxPenaltiesAndInterestAccrued / USD,,,,11500000.0,,,,6200000.0,,,,5300000.0,,,,5400000.0,,,,4900000.0,,,,5700000.0,,,,6200000.0,,,,7600000.0,,,,7500000.0,,,,11000000.0,,,,9000000.0,,,
UnrecognizedTaxBenefitsIncreasesResultingFromCurrentPeriodTaxPositions / USD,,,,1700000.0,,,,9000000.0,,,,3100000.0,,,,3900000.0,,,,9100000.0,,,,6400000.0,,,,9500000.0,,,,5700000.0,,,,6000000.0,,,,8800000.0,,,,10100000.0,,,
UnrecognizedTaxBenefitsIncreasesResultingFromPriorPeriodTaxPositions / USD,,,,4300000.0,,,,500000.0,,,,11800000.0,,,,1600000.0,,,,7100000.0,,,,1600000.0,,,,8200000.0,,,,1700000.0,,,,4100000.0,,,,3600000.0,,,,900000.0,,,
UnrecognizedTaxBenefitsReductionsResultingFromLapseOfApplicableStatuteOfLimitations / USD,,,,0.0,,,,700000.0,,,,2700000.0,,,,1400000.0,,,,900000.0,,,,1200000.0,,,,1100000.0,,,,800000.0,,,,5200000.0,,,,5600000.0,,,,6500000.0,,,
UnrecognizedTaxBenefitsThatWouldImpactEffectiveTaxRate / USD,,,,,,,,,,,,,,,,,,,,38500000.0,,,,37300000.0,,,,41200000.0,,,,40400000.0,,,,45200000.0,,,,45100000.0,,,,44500000.0,,,
ValuationAllowanceDeferredTaxAssetChangeInAmount / USD,,,,,,,,,,,,,,8600000.0,,,,,,,,,,,,,,-116100000.0,,,,18700000.0,,,,5800000.0,,,,-800000.0,,,,16300000.0,,,
WeightedAverageNumberOfDilutedSharesOutstanding / shares,96000000.0,96000000.0,96000000.0,96000000.0,97400000.0,97400000.0,97300000.0,96100000.0,96900000.0,96900000.0,96900000.0,97200000.0,96900000.0,96800000.0,96800000.0,96900000.0,96100000.0,96000000.0,96000000.0,96900000.0,95800000.0,95700000.0,95800000.0,96000000.0,95100000.0,94800000.0,94500000.0,95700000.0,93300000.0,93000000.0,92900000.0,94300000.0,91200000.0,90900000.0,90700000.0,92800000.0,88600000.0,88400000.0,88400000.0,90500000.0,88400000.0,88300000.0,88300000.0,88300000.0,88100000.0,87900000.0,87800000.0
WeightedAverageNumberOfSharesOutstandingBasic / shares,96000000.0,96000000.0,96000000.0,96000000.0,96300000.0,96300000.0,96200000.0,96000000.0,95900000.0,95800000.0,95800000.0,96100000.0,95900000.0,95900000.0,95900000.0,95900000.0,95300000.0,95300000.0,95200000.0,95800000.0,95100000.0,95100000.0,95100000.0,95100000.0,94500000.0,94100000.0,93800000.0,95000000.0,92700000.0,92500000.0,92400000.0,93600000.0,90700000.0,90400000.0,90100000.0,92300000.0,88200000.0,88000000.0,88000000.0,89900000.0,88000000.0,88000000.0,87900000.0,88000000.0,87600000.0,87500000.0,87300000.0
