fact_unit,2018-08-30,2019-08-23,2020-08-14,2021-08-13,2022-08-19,2022-11-04,2023-02-03,2023-05-05,2023-08-18,2023-11-03,2024-02-02,2024-04-26,2024-08-16,2024-11-01,2025-01-31,2025-05-02,2025-08-15,2025-10-31
AccountsPayableCurrent / USD,,,,,,81220000.0,81220000.0,81220000.0,81220000.0,159293000.0,159293000.0,159293000.0,159293000.0,177545000.0,177545000.0,177545000.0,177545000.0,222092000.0
AccountsReceivableNetCurrent / USD,,,,,,308127000.0,308127000.0,308127000.0,308127000.0,477678000.0,477678000.0,477678000.0,477678000.0,628049000.0,628049000.0,628049000.0,628049000.0,778302000.0
AccruedEmployeeBenefitsCurrent / USD,,,,,,197701000.0,197701000.0,197701000.0,197701000.0,191801000.0,191801000.0,191801000.0,191801000.0,332518000.0,332518000.0,332518000.0,332518000.0,422986000.0
AccruedLiabilitiesCurrent / USD,,,,,,406139000.0,406139000.0,406139000.0,406139000.0,423131000.0,423131000.0,423131000.0,423131000.0,577359000.0,577359000.0,577359000.0,577359000.0,681601000.0
AccumulatedDepreciationDepletionAndAmortizationPropertyPlantAndEquipment / USD,,,,,,76717000.0,76717000.0,76717000.0,76717000.0,105595000.0,105595000.0,105595000.0,105595000.0,128825000.0,128825000.0,128825000.0,120456000.0,147779000.0
AccumulatedOtherComprehensiveIncomeLossNetOfTax / USD,,,,,,13864000.0,13864000.0,13864000.0,13864000.0,34002000.0,34002000.0,34002000.0,34002000.0,25300000.0,25300000.0,25300000.0,25300000.0,13226000.0
AdditionalPaidInCapital / USD,,,,,,2182536000.0,2182536000.0,2182536000.0,2182536000.0,3130631000.0,3130631000.0,3130631000.0,3130631000.0,4212064000.0,4212064000.0,4212064000.0,4212064000.0,5574290000.0
AdjustmentsToAdditionalPaidInCapitalSharebasedCompensationRequisiteServicePeriodRecognitionValue / USD,,,,,,100944000.0,246826000.0,383320000.0,341003000.0,173631000.0,439416000.0,702843000.0,525078000.0,235581000.0,525426000.0,807945000.0,948087000.0,286146000.0
AdvertisingExpense / USD,,,,,,,,,71000000.0,,,,90300000.0,,,,89500000.0,
AmortizationOfDeferredHedgeGains / USD,,,,,,,,,,,,,0.0,0.0,0.0,0.0,0.0,-7155000.0
AmortizationOfIntangibleAssets / USD,,,,,,8100000.0,16000000.0,24100000.0,31800000.0,8300000.0,16600000.0,24700000.0,32400000.0,8200000.0,18100000.0,34300000.0,33100000.0,13900000.0
AntidilutiveSecuritiesExcludedFromComputationOfEarningsPerShareAmount / shares,,,,,,3662000.0,3397000.0,3710000.0,3721000.0,4815000.0,7001000.0,7399000.0,3819000.0,6832000.0,8322000.0,7563000.0,7443000.0,10409000.0
AociLossCashFlowHedgeCumulativeGainLossAfterTax / USD,,,,,,-2936000.0,-2936000.0,-2936000.0,,24502000.0,24502000.0,24502000.0,,48170000.0,48170000.0,48170000.0,24502000.0,41424000.0
AssetImpairmentCharges / USD,,,,,,,,0.0,7526000.0,,,61098000.0,0.0,,,,61098000.0,0.0
Assets / USD,1283858000.0,2421828000.0,2977258000.0,3894072000.0,2945344000.0,3326830000.0,3326830000.0,3326830000.0,3326830000.0,4106779000.0,4106779000.0,4106779000.0,4106779000.0,5212133000.0,5212133000.0,5212133000.0,5212133000.0,6041970000.0
AssetsCurrent / USD,,,,,,1896953000.0,1896953000.0,1896953000.0,1896953000.0,2736364000.0,2736364000.0,2736364000.0,2736364000.0,3076264000.0,3076264000.0,3076264000.0,3076264000.0,3891237000.0
CapitalExpendituresIncurredButNotYetPaid / USD,,,,,,2000.0,5062000.0,6899000.0,2440000.0,1503000.0,1385000.0,760000.0,10740000.0,2482000.0,2597000.0,1510000.0,844000.0,2655000.0
CapitalizedContractCostAmortization / USD,,,,,,1015000.0,2445000.0,4115000.0,6172000.0,2541000.0,5568000.0,9174000.0,13597000.0,5188000.0,10980000.0,17855000.0,25219000.0,8497000.0
CapitalizedContractCostImpairmentLoss / USD,,,,,,,,,,,,,0.0,,,,0.0,
CapitalizedContractCostNet / USD,,,,,,9011000.0,9011000.0,9011000.0,9011000.0,27141000.0,27141000.0,27141000.0,27141000.0,53604000.0,53604000.0,53604000.0,53604000.0,79711000.0
CapitalizedContractCostNetCurrent / USD,,,,,,3880000.0,4756000.0,6696000.0,8806000.0,9932000.0,12466000.0,14219000.0,18027000.0,19163000.0,24047000.0,25861000.0,29170000.0,31786000.0
CapitalizedContractCostNetNoncurrent / USD,,,,,,6842000.0,8447000.0,12946000.0,18335000.0,19797000.0,25522000.0,27214000.0,35577000.0,35367000.0,45056000.0,45980000.0,50541000.0,51658000.0
CashAndCashEquivalentsAtCarryingValue / USD,,,,,,1507418000.0,899394000.0,1194803000.0,919227000.0,1468571000.0,1636615000.0,1972217000.0,1385265000.0,2143530000.0,1460497000.0,1948978000.0,2102550000.0,2055597000.0
CashCashEquivalentsRestrictedCashAndRestrictedCashEquivalents / USD,,,,,,931023000.0,931023000.0,931023000.0,1489143000.0,1386686000.0,1386686000.0,1386686000.0,931023000.0,2103915000.0,2103915000.0,2103915000.0,1386686000.0,2178122000.0
CashCashEquivalentsRestrictedCashAndRestrictedCashEquivalentsPeriodIncreaseDecreaseIncludingExchangeRateEffect / USD,,,,,,587688000.0,-35638000.0,259482000.0,-548803000.0,82661000.0,250681000.0,586292000.0,449047000.0,40894000.0,-642152000.0,-153722000.0,716627000.0,-121387000.0
ComprehensiveIncomeNetOfTax / USD,,,,,,-428360000.0,-440566000.0,-392572000.0,-596070000.0,-20214000.0,-189120000.0,-412059000.0,-511000000.0,-50287000.0,-111690000.0,-123835000.0,-466623000.0,-106249000.0
ContractWithCustomerLiability / USD,,,,,,897595000.0,897595000.0,897595000.0,897595000.0,1182680000.0,1182680000.0,1182680000.0,1182680000.0,1545479000.0,1545479000.0,1545479000.0,1545479000.0,2114736000.0
ContractWithCustomerLiabilityCurrent / USD,,,,,,1066059000.0,1066059000.0,1066059000.0,1066059000.0,1362736000.0,1362736000.0,1362736000.0,1362736000.0,1806269000.0,1806269000.0,1806269000.0,1806269000.0,2227002000.0
ContractWithCustomerLiabilityNoncurrent / USD,,,,,,116621000.0,116621000.0,116621000.0,116621000.0,182743000.0,182743000.0,182743000.0,182743000.0,308467000.0,308467000.0,308467000.0,308467000.0,254252000.0
ContractualObligation / USD,,,,,,,,,1109053000.0,,,,2708073000.0,,,,2380549000.0,
ContractualObligationDueAfterFifthYear / USD,,,,,,,,,837609000.0,,,,803130000.0,,,,1125215000.0,
ContractualObligationDueInFifthYear / USD,,,,,,,,,187790000.0,,,,60295000.0,,,,190431000.0,
ContractualObligationDueInFourthYear / USD,,,,,,,,,454006000.0,,,,198625000.0,,,,127825000.0,
ContractualObligationDueInNextTwelveMonths / USD,,,,,,,,,364326000.0,,,,463303000.0,,,,473895000.0,
ContractualObligationDueInSecondYear / USD,,,,,,,,,406108000.0,,,,384272000.0,,,,543310000.0,
ContractualObligationDueInThirdYear / USD,,,,,,,,,458234000.0,,,,470924000.0,,,,265774000.0,
CostOfGoodsAndServicesSold / USD,,,,,,,,,,,,463989000.0,,178029000.0,372565000.0,585990000.0,633765000.0,217624000.0
CurrentFederalTaxExpenseBenefit / USD,,,,,,,,,155000.0,,,,280000.0,,,,4327000.0,
CurrentForeignTaxExpenseBenefit / USD,,,,,,,,,73017000.0,,,,51040000.0,,,,162072000.0,
CurrentIncomeTaxExpenseBenefit / USD,,,,,,,,,73539000.0,,,,51890000.0,,,,167444000.0,
CurrentStateAndLocalTaxExpenseBenefit / USD,,,,,,,,,367000.0,,,,570000.0,,,,1045000.0,
DebtInstrumentUnamortizedDiscountPremiumAndDebtIssuanceCostsNet / USD,,,,,,,,,,,,,14089000.0,14089000.0,14089000.0,14089000.0,14089000.0,12316000.0
DebtIssuanceCostsIncurredDuringNoncashOrPartialNoncashTransaction / USD,,,,,,,,,,,,,0.0,,,,0.0,
DebtSecuritiesRealizedGainLoss / USD,,,,,,,0.0,0.0,0.0,,-212000.0,-212000.0,0.0,,,,-285000.0,
DeferredFederalIncomeTaxExpenseBenefit / USD,,,,,,,,,-777000.0,,,,-44000.0,,,,1467000.0,
DeferredForeignIncomeTaxExpenseBenefit / USD,,,,,,,,,-7145000.0,,,,-1633000.0,,,,7780000.0,
DeferredIncomeTaxAssetsNet / USD,,,,,,10335000.0,10335000.0,10335000.0,10335000.0,9945000.0,9945000.0,9945000.0,9945000.0,3934000.0,3934000.0,3934000.0,3934000.0,3762000.0
DeferredIncomeTaxExpenseBenefit / USD,,,,,,-1614000.0,-2041000.0,-2920000.0,-8975000.0,1522000.0,4813000.0,6308000.0,-3318000.0,5313000.0,-3305000.0,-98000.0,8181000.0,-768000.0
DeferredIncomeTaxLiabilities / USD,,,,,,,,,76404000.0,,,,55003000.0,,,,109524000.0,
DeferredIncomeTaxLiabilitiesNet / USD,,,,,,312000.0,312000.0,312000.0,312000.0,10669000.0,10669000.0,10669000.0,10669000.0,20387000.0,20387000.0,20387000.0,20387000.0,23881000.0
DeferredIncomeTaxesAndTaxCredits / USD,,,,,,,,,,,,,,,,,10613000.0,
DeferredStateAndLocalIncomeTaxExpenseBenefit / USD,,,,,,,,,-1053000.0,,,,-1641000.0,,,,-1066000.0,
DeferredTaxAssetsDeferredIncome / USD,,,,,,,,,0.0,,,,208541000.0,,,,306629000.0,
DeferredTaxAssetsGross / USD,,,,,,,,,3027618000.0,,,,3073359000.0,,,,3361714000.0,
DeferredTaxAssetsInvestments / USD,,,,,,,,,1601047000.0,,,,1690440000.0,,,,1811999000.0,
DeferredTaxAssetsNet / USD,,,,,,,,,86427000.0,,,,54279000.0,,,,93071000.0,
DeferredTaxAssetsOperatingLossCarryforwards / USD,,,,,,,,,1013750000.0,,,,857944000.0,,,,779554000.0,
DeferredTaxAssetsOther / USD,,,,,,,,,,,,,-1973000.0,,,,717000.0,
DeferredTaxAssetsPropertyPlantAndEquipment / USD,,,,,,,,,8531000.0,,,,5528000.0,,,,7748000.0,
DeferredTaxAssetsTaxCreditCarryforwards / USD,,,,,,,,,154487000.0,,,,183520000.0,,,,252444000.0,
DeferredTaxAssetsTaxDeferredExpenseReservesAndAccruals / USD,,,,,,,,,146044000.0,,,,36255000.0,,,,58820000.0,
DeferredTaxAssetsValuationAllowance / USD,,,,,,,,,2800000000.0,,,,2900000000.0,,,,3000000000.0,
DeferredTaxLiabilities / USD,43950000.0,44366000.0,13872000.0,31304000.0,26625000.0,,,,724000.0,,,,724000.0,,,,16453000.0,
DeferredTaxLiabilitiesLeasingArrangements / USD,,,,,,,,,,,,,48119000.0,,,,47825000.0,
DeferredTaxLiabilitiesUnrealizedGainsOnTradingSecurities / USD,,,,,,,,,,,,,11684000.0,,,,1007000.0,
DefinedContributionPlanCostRecognized / USD,,,,,,,,,41500000.0,,,,58700000.0,,,,78200000.0,
Depreciation / USD,,,,,,5300000.0,9600000.0,13700000.0,24200000.0,6300000.0,13500000.0,20900000.0,19300000.0,6900000.0,14000000.0,21300000.0,27800000.0,8900000.0
DepreciationDepletionAndAmortization / USD,,,,,,13304000.0,25602000.0,37841000.0,55950000.0,14620000.0,30096000.0,45619000.0,51739000.0,15084000.0,32096000.0,55560000.0,60923000.0,22827000.0
DerivativeCashReceivedOnHedge / USD,,,,,,,,,,,,,,,,,37700000.0,
DerivativeCostOfHedgeNetOfCashReceived / USD,,,,,,,,,,,,,-3283000.0,,,,17754000.0,
DerivativeFairValueOfDerivativeAsset / USD,,,,,,44052000.0,44052000.0,44052000.0,44052000.0,64210000.0,64210000.0,64210000.0,64210000.0,9292000.0,9292000.0,9292000.0,9292000.0,23234000.0
DerivativeFairValueOfDerivativeLiability / USD,,,,,,24100000.0,24100000.0,24100000.0,24100000.0,10114000.0,10114000.0,10114000.0,10114000.0,1701000.0,1701000.0,1701000.0,1701000.0,2445000.0
DerivativeLiabilitiesCurrent / USD,,,,,,23288000.0,23288000.0,23288000.0,23288000.0,9905000.0,9905000.0,9905000.0,,,1694000.0,1694000.0,,
EarningsPerShareBasic / USD/shares,,,,,,-1.63,-1.72,-1.7,-2.32,-0.05,-0.86,-1.67,-2.05,-0.12,-0.45,-0.4,-1.9,-0.48
EarningsPerShareDiluted / USD/shares,,,,,,-1.63,-1.72,-1.7,-2.32,-0.05,-0.86,-1.67,-2.05,-0.12,-0.45,-0.4,-1.9,-0.48
EffectOfExchangeRateOnCashCashEquivalentsRestrictedCashAndRestrictedCashEquivalentsIncludingDisposalGroupAndDiscontinuedOperations / USD,,,,,,-2109000.0,-2355000.0,-2638000.0,5408000.0,-4939000.0,-1417000.0,-996000.0,-9233000.0,-3280000.0,783000.0,-1986000.0,-1805000.0,3564000.0
EffectiveIncomeTaxRateContinuingOperations / pure,,,,,,,,,-0.13,,,,-0.1,,,,-0.56,
EffectiveIncomeTaxRateReconciliationShareBasedCompensationExcessTaxBenefitAmount / USD,,,,,,,,,-69276000.0,,,,-41692000.0,,,,80471000.0,
EntityPublicFloat / USD,,,,,,,,,19100000000.0,,,,37100000000.0,,,,39600000000.0,
EquityMethodInvestments / USD,,,,,,88853000.0,88853000.0,88853000.0,88853000.0,85436000.0,85436000.0,85436000.0,88853000.0,85436000.0,85436000.0,85436000.0,85436000.0,74510000.0
EquitySecuritiesFvNiRealizedGain / USD,,,,,,,,,,,,,0.0,,,,0.0,
EquitySecuritiesFvNiRealizedGainLoss / USD,,,,,,,,,14040000.0,0.0,0.0,0.0,,515000.0,515000.0,515000.0,,
EquitySecuritiesFvNiRealizedLoss / USD,,,,,,,,,,,,,0.0,34000.0,0.0,0.0,0.0,34000.0
EquitySecuritiesFvNiUnrealizedGainLoss / USD,,,,,,-35810000.0,-57945000.0,-76967000.0,34290000.0,-9808000.0,-11477000.0,-9737000.0,-79608000.0,,,,-11437000.0,0.0
EquitySecuritiesWithoutReadilyDeterminableFairValueDownwardPriceAdjustmentAnnualAmount / USD,,,,,,,6200000.0,5900000.0,5900000.0,5900000.0,5900000.0,5900000.0,5900000.0,,,,7500000.0,
EquitySecuritiesWithoutReadilyDeterminableFairValueDownwardPriceAdjustmentCumulativeAmount / USD,,,,,,,,,,,,,,7500000.0,7500000.0,7500000.0,,8500000.0
EquitySecuritiesWithoutReadilyDeterminableFairValueUpwardPriceAdjustmentAnnualAmount / USD,,,,,,,5500000.0,6700000.0,6700000.0,5500000.0,5500000.0,5500000.0,5500000.0,,,,5000000.0,
EquitySecuritiesWithoutReadilyDeterminableFairValueUpwardPriceAdjustmentCumulativeAmount / USD,,,,,,,,,,,,,,5000000.0,5000000.0,5000000.0,,6600000.0
FiniteLivedIntangibleAssetsAccumulatedAmortization / USD,,,,,,296673000.0,296673000.0,296673000.0,296673000.0,329641000.0,329641000.0,329641000.0,329641000.0,377310000.0,377310000.0,377310000.0,377310000.0,428707000.0
FiniteLivedIntangibleAssetsAmortizationExpenseAfterYearFive / USD,,,,,,,,,,,,,58188000.0,,,,20479000.0,
FiniteLivedIntangibleAssetsAmortizationExpenseNextTwelveMonths / USD,,,,,,26266000.0,26267000.0,26267000.0,26229000.0,15208000.0,54903000.0,54903000.0,55243000.0,53030000.0,53030000.0,53030000.0,53030000.0,49036000.0
FiniteLivedIntangibleAssetsAmortizationExpenseRemainderOfFiscalYear / USD,,,,,,24607000.0,16310000.0,8155000.0,,17999000.0,31581000.0,15387000.0,,41635000.0,27738000.0,13842000.0,,40395000.0
FiniteLivedIntangibleAssetsAmortizationExpenseYearFive / USD,,,,,,,,,,,,,40076000.0,,,,37708000.0,
FiniteLivedIntangibleAssetsAmortizationExpenseYearFour / USD,,,,,,7267000.0,7267000.0,7267000.0,7839000.0,5274000.0,44968000.0,44968000.0,45309000.0,40128000.0,40128000.0,40128000.0,40128000.0,37870000.0
FiniteLivedIntangibleAssetsAmortizationExpenseYearThree / USD,,,,,,12370000.0,12370000.0,12370000.0,12670000.0,7839000.0,47534000.0,47533000.0,47536000.0,45634000.0,45634000.0,45634000.0,45634000.0,41303000.0
FiniteLivedIntangibleAssetsAmortizationExpenseYearTwo / USD,,,,,,14908000.0,14908000.0,14908000.0,15208000.0,12670000.0,52365000.0,52365000.0,52705000.0,47861000.0,47861000.0,47861000.0,47861000.0,46808000.0
FiniteLivedIntangibleAssetsGross / USD,,,,,,397513000.0,397513000.0,397513000.0,397513000.0,398713000.0,398713000.0,398713000.0,398713000.0,676367000.0,676367000.0,676367000.0,676367000.0,673547000.0
FiniteLivedIntangibleAssetsNet / USD,,,,,,92544000.0,84248000.0,76093000.0,69072000.0,60842000.0,329010000.0,312816000.0,299057000.0,286475000.0,272578000.0,258682000.0,299057000.0,244840000.0
ForeignCurrencyTransactionGainLossBeforeTax / USD,,,,,,6398000.0,11656000.0,8033000.0,-7595000.0,3625000.0,5828000.0,6005000.0,12065000.0,-181000.0,-2418000.0,-142000.0,10613000.0,-3040000.0
GainLossOnInvestments / USD,,,,,,-31422000.0,-53557000.0,-72222000.0,48080000.0,-11513000.0,-19076000.0,-17264000.0,-72663000.0,-6248000.0,-7690000.0,-11750000.0,-19407000.0,-15292000.0
GainLossOnSaleOfPreviouslyUnissuedStockBySubsidiaryOrEquityInvesteeNonoperatingIncome / USD,,,,,,0.0,0.0,0.0,0.0,43092000.0,45158000.0,45158000.0,0.0,,,,45158000.0,
GeneralAndAdministrativeExpense / USD,85458000.0,118784000.0,151242000.0,215714000.0,268409000.0,89822000.0,205500000.0,320484000.0,311238000.0,142893000.0,299024000.0,464127000.0,452193000.0,143310000.0,300654000.0,458249000.0,606362000.0,146641000.0
Goodwill / USD,7138000.0,311900000.0,311943000.0,608907000.0,645140000.0,722838000.0,722838000.0,722838000.0,715929000.0,727211000.0,727211000.0,727211000.0,722838000.0,1288756000.0,1288756000.0,1288756000.0,727211000.0,1304445000.0
GoodwillAcquiredDuringPeriod / USD,,,,,,,,,9361000.0,,558224000.0,558224000.0,3300000.0,3700000.0,3700000.0,3700000.0,561372000.0,13835000.0
GoodwillForeignCurrencyTranslationGainLoss / USD,,,,,,-926000.0,391000.0,604000.0,-2452000.0,-692000.0,461000.0,310000.0,1073000.0,615000.0,-269000.0,486000.0,173000.0,-252000.0
GrossProfit / USD,381275000.0,507523000.0,708288000.0,999842000.0,1345366000.0,517768000.0,1096103000.0,1720531000.0,1757282000.0,668000000.0,1384759000.0,2131560000.0,2349968000.0,799746000.0,1665320000.0,2641023000.0,2900882000.0,970157000.0
ImpairmentOfLeasehold / USD,,,,,,,,,,,,,,,,,8400000.0,
IncomeLossFromContinuingOperationsBeforeIncomeTaxesDomestic / USD,,,,,,,,,-603257000.0,,,,-480982000.0,,,,-25250000.0,
IncomeLossFromContinuingOperationsBeforeIncomeTaxesExtraordinaryItemsNoncontrollingInterest / USD,,,,,,-410568000.0,-430817000.0,-424558000.0,-514415000.0,-5716000.0,-110249000.0,-265690000.0,-470938000.0,-10954000.0,-51063000.0,-31288000.0,-311136000.0,-30164000.0
IncomeLossFromContinuingOperationsBeforeIncomeTaxesForeign / USD,,,,,,,,,88842000.0,,,,10044000.0,,,,-285886000.0,
IncomeTaxExaminationPenaltiesAndInterestAccrued / USD,,,,,,,,,5800000.0,,,,5800000.0,,,,5800000.0,
IncomeTaxExaminationPenaltiesAndInterestExpense / USD,,,,,,,,,,,,,5800000.0,,,,5800000.0,
IncomeTaxExpenseBenefit / USD,,,,,,636000.0,2715000.0,4313000.0,64564000.0,8025000.0,108523000.0,162119000.0,48572000.0,20929000.0,65289000.0,72312000.0,175625000.0,93605000.0
IncomeTaxReconciliationChangeInDeferredTaxAssetsValuationAllowance / USD,,,,,,,,,136284000.0,,,,172033000.0,,,,98613000.0,
IncomeTaxReconciliationIncomeTaxExpenseBenefitAtFederalStatutoryIncomeTaxRate / USD,,,,,,,,,-108027000.0,,,,-98897000.0,,,,-65339000.0,
IncomeTaxReconciliationOtherAdjustments / USD,,,,,,,,,744000.0,,,,1354000.0,,,,5327000.0,
IncomeTaxReconciliationStateAndLocalIncomeTaxes / USD,,,,,,,,,9144000.0,,,,13363000.0,,,,13042000.0,
IncomeTaxReconciliationTaxCredits / USD,,,,,,,,,73280000.0,,,,107956000.0,,,,99398000.0,
IncomeTaxesPaidNet / USD,,,,,,11330000.0,53941000.0,59250000.0,50272000.0,29220000.0,,,66648000.0,,,,102156000.0,
IncreaseDecreaseInAccountsPayable / USD,,,,,,10223000.0,20507000.0,25655000.0,10441000.0,31147000.0,49734000.0,22034000.0,31741000.0,-33025000.0,623000.0,28850000.0,78902000.0,-10144000.0
IncreaseDecreaseInAccountsReceivable / USD,,,,,,13211000.0,68203000.0,83183000.0,61256000.0,-61314000.0,46491000.0,38031000.0,134764000.0,-109488000.0,46675000.0,166494000.0,169526000.0,-144030000.0
IncreaseDecreaseInAccruedLiabilitiesAndOtherOperatingLiabilities / USD,,,,,,-84406000.0,-63287000.0,1246000.0,76090000.0,-108443000.0,-50183000.0,81055000.0,93250000.0,-71331000.0,-12191000.0,54958000.0,74611000.0,-108168000.0
IncreaseDecreaseInContractWithCustomerLiability / USD,,,,,,13455000.0,77884000.0,194343000.0,294371000.0,-9845000.0,91401000.0,215037000.0,284937000.0,-44398000.0,91454000.0,393135000.0,362799000.0,-101916000.0
IncreaseDecreaseInPrepaidDeferredExpenseAndOtherAssets / USD,,,,,,21185000.0,25082000.0,36455000.0,10054000.0,22677000.0,25367000.0,40530000.0,21927000.0,23056000.0,23542000.0,59528000.0,38230000.0,39914000.0
IntangibleAssetsNetExcludingGoodwill / USD,,,,,,100840000.0,100840000.0,100840000.0,100840000.0,69072000.0,69072000.0,69072000.0,69072000.0,299057000.0,299057000.0,299057000.0,299057000.0,244840000.0
InterestExpense / USD,,,,,,11518000.0,32540000.0,36699000.0,92586000.0,6121000.0,13629000.0,21607000.0,,8976000.0,,,,
InterestExpenseNonoperating / USD,,,,,,,,,,,,,41466000.0,,17977000.0,26430000.0,30147000.0,7318000.0
InterestPaidNet / USD,,,,,,1199000.0,4802000.0,8844000.0,6498000.0,5575000.0,,,10027000.0,,,,46247000.0,
InvestmentIncomeInterest / USD,,,,,,277000.0,351000.0,956000.0,7158000.0,5143000.0,14106000.0,29153000.0,2284000.0,25226000.0,47819000.0,69233000.0,49732000.0,28564000.0
LeaseCost / USD,,,,,,11749000.0,24683000.0,37294000.0,56803000.0,,,,61724000.0,,,,63228000.0,
LesseeOperatingLeaseLiabilityPaymentsDue / USD,,,,,,344590000.0,334390000.0,318917000.0,309868000.0,,,,286322000.0,,,,272115000.0,
LesseeOperatingLeaseLiabilityPaymentsDueAfterYearFive / USD,,,,,,,,,90870000.0,,,,53285000.0,,,,38743000.0,
LesseeOperatingLeaseLiabilityPaymentsDueNextTwelveMonths / USD,,,,,,50573000.0,51351000.0,51009000.0,51479000.0,,,,55735000.0,,,,57056000.0,
LesseeOperatingLeaseLiabilityPaymentsDueYearFive / USD,,,,,,,,,38601000.0,,,,38436000.0,,,,16188000.0,
LesseeOperatingLeaseLiabilityPaymentsDueYearFour / USD,,,,,,36755000.0,36755000.0,36755000.0,37534000.0,,,,38875000.0,,,,46237000.0,
LesseeOperatingLeaseLiabilityPaymentsDueYearThree / USD,,,,,,41435000.0,41710000.0,41613000.0,42306000.0,,,,49489000.0,,,,56667000.0,
LesseeOperatingLeaseLiabilityPaymentsDueYearTwo / USD,,,,,,48036000.0,48701000.0,48484000.0,49078000.0,,,,50502000.0,,,,57224000.0,
LesseeOperatingLeaseLiabilityUndiscountedExcessAmount / USD,,,,,,31857000.0,30078000.0,28257000.0,27103000.0,,,,22895000.0,,,,20468000.0,
Liabilities / USD,389810000.0,1514508000.0,2411791000.0,3318766000.0,2650430000.0,2999458000.0,2999458000.0,2999458000.0,2999458000.0,3452107000.0,3452107000.0,3452107000.0,3452107000.0,4179282000.0,4179282000.0,4179282000.0,4179282000.0,4696316000.0
LiabilitiesAndStockholdersEquity / USD,,,,,,3326830000.0,3326830000.0,3326830000.0,3326830000.0,4106779000.0,4106779000.0,4106779000.0,4106779000.0,5212133000.0,5212133000.0,5212133000.0,5212133000.0,6041970000.0
LiabilitiesCurrent / USD,,,,,,1594056000.0,1594056000.0,1594056000.0,1594056000.0,2027590000.0,2027590000.0,2027590000.0,2027590000.0,2610126000.0,2610126000.0,2610126000.0,2610126000.0,3180859000.0
LongTermDebtNoncurrent / USD,,,,,,,,999419000.0,999419000.0,962093000.0,962093000.0,962093000.0,962093000.0,985911000.0,985911000.0,985911000.0,985911000.0,987684000.0
LongTermPurchaseCommitmentAmount / USD,,,,,,,1900000000.0,1900000000.0,,,,,,,157300000.0,157300000.0,,
LossContingencyPendingClaimsNumber / claim,,,,,,,,,,3.0,3.0,3.0,,3.0,,,,
MarketableSecuritiesCurrent / USD,,,,,,73294000.0,73294000.0,73294000.0,73294000.0,10000000.0,10000000.0,10000000.0,10000000.0,161973000.0,161973000.0,161973000.0,161973000.0,424268000.0
NetCashProvidedByUsedInDiscontinuedOperations / USD,,,,,,502000.0,4684000.0,4960000.0,9317000.0,602000.0,602000.0,602000.0,-6616000.0,,,,-602000.0,
NetCashProvidedByUsedInFinancingActivities / USD,,,,,,366669000.0,-413184000.0,-403659000.0,-1603433000.0,1396000.0,1396000.0,-30350000.0,-399280000.0,-65879000.0,-180152000.0,-228029000.0,-148421000.0,-186753000.0
NetCashProvidedByUsedInInvestingActivities / USD,,,,,,158127000.0,108445000.0,59614000.0,259262000.0,-6238000.0,7735000.0,22302000.0,36516000.0,-56903000.0,-919333000.0,-945647000.0,-1258000.0,-18690000.0
NetCashProvidedByUsedInOperatingActivities / USD,,,,,,65001000.0,271456000.0,606165000.0,789960000.0,92442000.0,242967000.0,595336000.0,821044000.0,166956000.0,456550000.0,1021940000.0,868111000.0,80492000.0
NetIncomeLoss / USD,,,,,,-411204000.0,-433532000.0,-428871000.0,-578979000.0,-13741000.0,-218772000.0,-427809000.0,-519510000.0,-31883000.0,-116352000.0,-103600000.0,-486761000.0,-123769000.0
NoncurrentAssets / USD,671370000.0,599797000.0,935147000.0,1250286000.0,1317838000.0,,,,377938000.0,,,,265597000.0,,,,258784000.0,274245000.0
OperatingExpenses / USD,,,,,,461291000.0,1016584000.0,1608115000.0,1615876000.0,702027000.0,1518025000.0,2426393000.0,2279885000.0,818615000.0,1733251000.0,2691150000.0,3246104000.0,1002135000.0
OperatingIncomeLoss / USD,,,,,,56477000.0,79519000.0,112416000.0,141406000.0,-34027000.0,-133266000.0,-294833000.0,70083000.0,-18869000.0,-67931000.0,-50127000.0,-345222000.0,-31978000.0
OperatingLeaseCost / USD,,,,,,11591000.0,24415000.0,36964000.0,43199000.0,13200000.0,26337000.0,39438000.0,49647000.0,10317000.0,20606000.0,31068000.0,50134000.0,10666000.0
OperatingLeaseLiability / USD,,,,,,312733000.0,304312000.0,290660000.0,282765000.0,,,,263427000.0,,,,251647000.0,
OperatingLeaseLiabilityCurrent / USD,,,,,,40638000.0,40638000.0,40638000.0,40638000.0,44930000.0,44930000.0,44930000.0,44930000.0,48953000.0,48953000.0,48953000.0,48953000.0,50164000.0
OperatingLeaseLiabilityNoncurrent / USD,,,,,,274434000.0,274434000.0,274434000.0,274434000.0,237835000.0,237835000.0,237835000.0,237835000.0,214474000.0,214474000.0,214474000.0,214474000.0,201483000.0
OperatingLeasePayments / USD,,,,,,12186000.0,23812000.0,38090000.0,44874000.0,,,,49142000.0,,,,41493000.0,
OperatingLeaseRightOfUseAsset / USD,,,,,,277276000.0,277276000.0,277276000.0,277276000.0,184195000.0,184195000.0,184195000.0,184195000.0,172468000.0,172468000.0,172468000.0,172468000.0,169127000.0
OperatingLeaseWeightedAverageDiscountRatePercent / pure,,,,,,0.024,0.024,0.024,0.025,,,,0.024,,,,0.025,
OperatingLossCarryforwards / USD,,,,,,,,,886000000.0,,,,799800000.0,,,,633400000.0,
OtherAccruedLiabilitiesCurrent / USD,,,,,,123381000.0,123381000.0,123381000.0,123381000.0,107479000.0,107479000.0,107479000.0,107479000.0,149046000.0,149046000.0,149046000.0,149046000.0,180197000.0
OtherAssetsNoncurrent / USD,,,,,,58862000.0,58862000.0,58862000.0,58862000.0,73052000.0,73052000.0,73052000.0,73052000.0,62118000.0,62118000.0,62118000.0,62118000.0,101499000.0
OtherCommitment / USD,,,,,,,,,152935000.0,,,,1788740000.0,,,,1415724000.0,
OtherCommitmentDueAfterFifthYear / USD,,,,,,,,,0.0,,,,0.0,,,,385000000.0,
OtherCommitmentDueInFifthYear / USD,,,,,,,,,140500000.0,,,,0.0,,,,140000000.0,
OtherCommitmentDueInFourthYear / USD,,,,,,,,,419572000.0,,,,140500000.0,,,,79333000.0,
OtherCommitmentDueInNextTwelveMonths / USD,,,,,,,,,364326000.0,,,,462187000.0,,,,473895000.0,
OtherCommitmentDueInSecondYear / USD,,,,,,,,,406108000.0,,,,378631000.0,,,,516731000.0,
OtherCommitmentDueInThirdYear / USD,,,,,,,,,458234000.0,,,,434406000.0,,,,219147000.0,
OtherComprehensiveIncomeForeignCurrencyTransactionAndTranslationAdjustmentBeforeTaxPortionAttributableToParent / USD,,,,,,-3330000.0,-6162000.0,-7114000.0,4840000.0,-10577000.0,-4292000.0,-4614000.0,-15604000.0,-5761000.0,1495000.0,-3030000.0,-5283000.0,5660000.0
OtherComprehensiveIncomeLossBeforeTaxPortionAttributableToParent / USD,,,,,,-17288000.0,-7168000.0,36165000.0,-18012000.0,-6473000.0,29652000.0,15750000.0,8376000.0,-18404000.0,4662000.0,-20235000.0,20138000.0,17520000.0
OtherComprehensiveIncomeLossCashFlowHedgeGainLossAfterReclassificationBeforeTax / USD,,,,,,-12761000.0,366000.0,46666000.0,-16008000.0,3969000.0,32724000.0,18961000.0,27438000.0,-12587000.0,3136000.0,-17045000.0,23668000.0,10506000.0
OtherComprehensiveIncomeLossCashFlowHedgeGainLossBeforeReclassificationAndTax / USD,,,,,,-13859000.0,-4106000.0,36043000.0,,286000.0,22167000.0,11647000.0,,-8070000.0,9343000.0,-3636000.0,17952000.0,18015000.0
OtherComprehensiveIncomeLossNetOfTaxPortionAttributableToParent / USD,,,,,,-17156000.0,-7034000.0,36299000.0,-17091000.0,-6473000.0,29652000.0,15750000.0,8510000.0,-18404000.0,4662000.0,-20235000.0,20138000.0,17520000.0
OtherComprehensiveIncomeLossTaxPortionAttributableToParent1 / USD,,,,,,-132000.0,-134000.0,-134000.0,-921000.0,0.0,0.0,0.0,-134000.0,0.0,0.0,0.0,0.0,0.0
OtherComprehensiveIncomeUnrealizedHoldingGainLossOnSecuritiesArisingDuringPeriodBeforeTax / USD,,,,,,-1197000.0,-1372000.0,-3387000.0,-6844000.0,135000.0,1220000.0,1403000.0,-3458000.0,-56000.0,31000.0,-160000.0,1753000.0,1354000.0
OtherLiabilitiesCurrent / USD,,,,,,8120000.0,8120000.0,8120000.0,8120000.0,13414000.0,13414000.0,13414000.0,23319000.0,21313000.0,19619000.0,19619000.0,21313000.0,25296000.0
OtherLiabilitiesNoncurrent / USD,,,,,,14616000.0,14616000.0,14616000.0,14616000.0,31177000.0,31177000.0,31177000.0,31177000.0,39917000.0,39917000.0,39917000.0,39917000.0,48157000.0
OtherNoncashIncomeExpense / USD,,,,,,615000.0,318000.0,224000.0,-1381000.0,-118000.0,-230000.0,-1611000.0,-646000.0,1246000.0,1092000.0,680000.0,-1959000.0,-991000.0
OtherNonoperatingIncomeExpense / USD,,,,,,-455804000.0,-478147000.0,-501231000.0,-570393000.0,29289000.0,22540000.0,21597000.0,-501839000.0,-8335000.0,-12974000.0,-23964000.0,14501000.0,-19432000.0
PaymentsForRepurchaseOfCommonStock / USD,,,,,,,,0.0,0.0,0.0,0.0,31748000.0,0.0,65879000.0,167652000.0,203029000.0,150006000.0,183610000.0
PaymentsToAcquireAvailableForSaleSecuritiesDebt / USD,,,,,,21003000.0,21003000.0,21003000.0,109181000.0,10000000.0,10000000.0,10000000.0,21003000.0,69363000.0,139146000.0,213690000.0,24800000.0,43704000.0
PaymentsToAcquireBusinessesNetOfCashAcquired / USD,,,,,,1138000.0,3839000.0,16861000.0,91769000.0,600000.0,600000.0,600000.0,19411000.0,0.0,844727000.0,844727000.0,5775000.0,4975000.0
PaymentsToAcquireOtherInvestments / USD,,,,,,53000000.0,95000000.0,102918000.0,10250000.0,8350000.0,9450000.0,18450000.0,111668000.0,3750000.0,4000000.0,8250000.0,19450000.0,14050000.0
PaymentsToAcquirePropertyPlantAndEquipment / USD,,,,,,6881000.0,19462000.0,45935000.0,31520000.0,16496000.0,20536000.0,23227000.0,70583000.0,3669000.0,9002000.0,19522000.0,25812000.0,6151000.0
PreferredStockSharesAuthorized / shares,,,,,,10000000.0,10000000.0,10000000.0,10000000.0,,,,10000000.0,,,,10000000.0,
PreferredStockSharesOutstanding / shares,,,,,,0.0,0.0,0.0,0.0,,,,0.0,,,,0.0,
PrepaidExpenseAndOtherAssetsCurrent / USD,,,,,,70002000.0,70002000.0,70002000.0,70002000.0,146136000.0,146136000.0,146136000.0,146136000.0,109312000.0,109312000.0,109312000.0,109312000.0,175793000.0
ProceedsFromDebtNetOfIssuanceCosts / USD,,,,,,,,,,,,,0.0,985700000.0,985700000.0,985700000.0,0.0,985700000.0
ProceedsFromMaturitiesPrepaymentsAndCallsOfAvailableForSaleSecurities / USD,,,,,,53887000.0,61487000.0,64087000.0,454996000.0,28950000.0,47700000.0,73950000.0,76937000.0,0.0,16150000.0,79150000.0,73950000.0,46148000.0
ProceedsFromPaymentsForOtherFinancingActivities / USD,,,,,,,,,,,,,,0.0,0.0,0.0,,-3143000.0
ProceedsFromSaleOfLongtermInvestments / USD,,,,,,,,,,,,,,,,,629000.0,
PropertyPlantAndEquipmentGross / USD,,,,,,177379000.0,177379000.0,177379000.0,177379000.0,186997000.0,186997000.0,186997000.0,186997000.0,215140000.0,215140000.0,215140000.0,206771000.0,252897000.0
PropertyPlantAndEquipmentNet / USD,,,,,,100662000.0,100662000.0,100662000.0,100662000.0,81402000.0,81402000.0,81402000.0,81402000.0,86315000.0,86315000.0,86315000.0,86315000.0,105118000.0
RepaymentsOfLongTermDebt / USD,,,,,,,,,,,,,,,12500000.0,25000000.0,0.0,
ResearchAndDevelopmentExpense / USD,208306000.0,310169000.0,415776000.0,579134000.0,763188000.0,272140000.0,590709000.0,924870000.0,932994000.0,399006000.0,872682000.0,1395026000.0,1291877000.0,481738000.0,1018517000.0,1595007000.0,1869881000.0,603101000.0
RestrictedCashNoncurrent / USD,,,,,,11795000.0,675000.0,662000.0,11796000.0,1378000.0,1354000.0,1363000.0,1421000.0,1279000.0,1266000.0,1215000.0,1365000.0,1138000.0
RetainedEarningsAccumulatedDeficit / USD,,,,,,-1869030000.0,-1869030000.0,-1869030000.0,-1869030000.0,-2509964000.0,-2509964000.0,-2509964000.0,-2509964000.0,-3204516000.0,-3204516000.0,-3204516000.0,-3204516000.0,-4241865000.0
RevenueFromContractWithCustomerExcludingAssessedTax / USD,,,,,,614024000.0,1302550000.0,2043041000.0,2089132000.0,807392000.0,1680096000.0,2595549000.0,2802882000.0,977775000.0,2037885000.0,3227013000.0,3534647000.0,1187781000.0
RevenueRemainingPerformanceObligation / USD,,,,,,1300000000.0,1400000000.0,1600000000.0,1800000000.0,1700000000.0,1900000000.0,2300000000.0,2400000000.0,2300000000.0,2700000000.0,2900000000.0,3300000000.0,3300000000.0
RightOfUseAssetObtainedInExchangeForOperatingLeaseLiability / USD,,,,,,91749000.0,92743000.0,92743000.0,27042000.0,1300000.0,1279000.0,1279000.0,105961000.0,6025000.0,21953000.0,23265000.0,3580000.0,7426000.0
SellingAndMarketingExpense / USD,,,,,,99329000.0,220375000.0,362761000.0,371644000.0,160128000.0,346319000.0,567240000.0,535815000.0,193567000.0,414080000.0,637894000.0,769861000.0,252393000.0
ShareBasedCompensation / USD,,,,,,100907000.0,246727000.0,383129000.0,340817000.0,173631000.0,439416000.0,702843000.0,524803000.0,235581000.0,525426000.0,807945000.0,948087000.0,286146000.0
ShareBasedCompensationArrangementByShareBasedPaymentAwardNumberOfSharesAvailableForGrant / shares,,,,,,33095977.0,31899903.0,31024990.0,30935067.0,,,,30425646.0,,,,28121651.0,
StockIssuedDuringPeriodValueNewIssues / USD,,,,,,,,,,,,-173000.0,32000.0,4000.0,0.0,1000.0,9000.0,4000.0
StockRepurchaseProgramRemainingAuthorizedRepurchaseAmount1 / USD,,,,,,,,964300000.0,845800000.0,780500000.0,682400000.0,641200000.0,451800000.0,,,,1200000000.0,
StockRepurchasedAndRetiredDuringPeriodShares / shares,,,,,,,,,,,,1100000.0,,1100000.0,1500000.0,2100000.0,,1400000.0
StockRepurchasedAndRetiredDuringPeriodValue / USD,,,,,,,,-35716000.0,154173000.0,65341000.0,163485000.0,35716000.0,154173000.0,65341000.0,163485000.0,204612000.0,154173000.0,183918000.0
StockholdersEquity / USD,,,,,,313262000.0,313262000.0,313262000.0,566643000.0,327372000.0,327372000.0,327372000.0,313262000.0,654672000.0,654672000.0,654672000.0,327372000.0,1032851000.0
TaxCreditCarryforwardAmount / USD,,,,,,,,,,,,,,,,,50600000.0,
TaxesPayableCurrent / USD,,,,,,26367000.0,26367000.0,26367000.0,26367000.0,88748000.0,88748000.0,88748000.0,88748000.0,55203000.0,55203000.0,55203000.0,55203000.0,36726000.0
TreasuryStockAcquiredAverageCostPerShare / USD/shares,,,,,,,,158.38,157.49,187.09,186.03,188.57,182.32,162.57,168.3,185.57,196.02,180.74
TreasuryStockSharesAcquired / shares,,,,,,,,200000.0,1000000.0,300000.0,900000.0,,2200000.0,,,,4000000.0,
TreasuryStockValueAcquiredCostMethod / USD,,,,,,,,35700000.0,154200000.0,65300000.0,163500000.0,,394000000.0,,,,780700000.0,
UnrealizedGainLossOnInvestments / USD,,,,,,-31422000.0,4388000.0,4745000.0,-250000.0,-1705000.0,-7382000.0,-6986000.0,6945000.0,,-1442000.0,-502000.0,-6986000.0,0.0
UnrecognizedTaxBenefits / USD,,,,,,,,,26841000.0,,,,37944000.0,,,,53483000.0,
UnrecognizedTaxBenefitsDecreasesResultingFromForeignCurrencyTranslation / USD,,,,,,,,,0.0,,,,0.0,,,,1899000.0,
UnrecognizedTaxBenefitsDecreasesResultingFromPriorPeriodTaxPositions / USD,,,,,,,,,56000.0,,,,0.0,,,,198000.0,
UnrecognizedTaxBenefitsDecreasesResultingFromSettlementsWithTaxingAuthorities / USD,,,,,,,,,0.0,,60500000.0,60500000.0,0.0,,,,57004000.0,
UnrecognizedTaxBenefitsIncreasesResultingFromCurrentPeriodTaxPositions / USD,,,,,,,,,11044000.0,,,,14542000.0,,,,15171000.0,
UnrecognizedTaxBenefitsIncreasesResultingFromPriorPeriodTaxPositions / USD,,,,,,,,,147000.0,,,,1031000.0,,,,112781000.0,
UnrecognizedTaxBenefitsReductionsResultingFromLapseOfApplicableStatuteOfLimitations / USD,,,,,,,,,32000.0,,,,34000.0,,,,32000.0,
UnrecognizedTaxBenefitsThatWouldImpactEffectiveTaxRate / USD,,,,,,,,,1900000.0,,,,2500000.0,,,,113200000.0,
UnrecordedUnconditionalPurchaseObligationBalanceSheetAmount / USD,,,,,,,,,,,,,,,,,912300000.0,
VariableLeaseCost / USD,,,,,,,,,13604000.0,,,,12077000.0,,,,13094000.0,
WeightedAverageNumberOfDilutedSharesOutstanding / shares,,,,,,252106000.0,252533000.0,252924000.0,249679000.0,255167000.0,255520000.0,255949000.0,253312000.0,257907000.0,258254000.0,258738000.0,256307000.0,260477000.0
WeightedAverageNumberOfSharesOutstandingBasic / shares,,,,,,252106000.0,252533000.0,252924000.0,249679000.0,255167000.0,255520000.0,255949000.0,253312000.0,257907000.0,258254000.0,258738000.0,256307000.0,260477000.0
