fact_unit,2010-08-05,2010-11-12,2011-02-09,2011-05-05,2011-08-04,2011-11-22,2012-02-08,2012-05-03,2012-08-09,2012-11-13,2013-02-07,2013-05-02,2013-08-07,2013-11-13,2014-02-04,2014-05-07,2014-08-06,2014-11-06,2015-02-03,2015-05-06,2015-08-05,2015-11-06,2016-02-02,2016-05-04,2016-08-03,2016-11-14,2017-02-07,2017-04-12,2017-05-04,2017-08-02,2017-11-13,2018-02-06,2018-05-02,2018-08-08,2018-11-13,2019-02-05,2019-05-07,2019-08-07,2019-11-12,2020-02-04,2020-05-06,2020-08-05,2020-11-13,2021-02-02,2021-05-05,2021-08-04,2021-11-12,2022-02-08,2022-05-04,2022-08-03,2022-11-14,2023-02-07,2023-05-03,2023-08-02,2023-11-14,2024-02-06,2024-05-08,2024-08-07,2024-11-18,2025-02-04,2025-05-07,2025-08-06,2025-11-14
AccountsPayableAndAccruedLiabilitiesCurrent / USD,207421000.0,207421000.0,266208.0,266208000.0,266208000.0,266208000.0,291205000.0,291205000.0,291205000.0,291205000.0,215229000.0,215229000.0,215229000.0,215229000.0,241611000.0,241611000.0,241611000.0,241611000.0,308086000.0,308086000.0,308086000.0,308086000.0,238942000.0,238942000.0,238942000.0,238942000.0,196485000.0,174646000.0,196485000.0,196485000.0,196485000.0,233050000.0,233050000.0,233050000.0,233050000.0,217283000.0,217283000.0,217283000.0,217283000.0,265024000.0,265024000.0,265024000.0,265024000.0,235775000.0,235775000.0,235775000.0,235775000.0,423222000.0,423222000.0,423222000.0,423222000.0,496019000.0,496019000.0,496019000.0,496019000.0,336083000.0,336083000.0,336083000.0,336083000.0,445397000.0,445397000.0,445397000.0,445397000.0
AccountsPayableAndAccruedLiabilitiesCurrentAndNoncurrent / USD,,,,,,,,,,,,,,215229000.0,,,,241611000.0,,,,308086000.0,,,,238942000.0,,174646000.0,,,196485000.0,,,,233050000.0,,,,217283000.0,,,,265024000.0,,,,235775000.0,,,,423222000.0,,,,496019000.0,,,,336083000.0,,,,445397000.0
AccountsPayableCurrentAndNoncurrent / USD,,,,,,,,,,,,,,82531000.0,,,,70116000.0,,,,77860000.0,,,,78534000.0,,78376000.0,,,114361000.0,,,,143422000.0,,,,135159000.0,,,,176581000.0,,,,141075000.0,,,,224873000.0,,,,258506000.0,,,,218181000.0,,,,341948000.0
AccountsReceivableGrossCurrent / USD,,,,,,285908000.0,,,,280743000.0,,,,243951000.0,,,,322616000.0,,,,367392000.0,,,,310443000.0,,226267000.0,,,226936000.0,,,,233128000.0,,,,268090000.0,,,,246470000.0,,,,260544000.0,,,,407438000.0,,,,413701000.0,,,,369494000.0,,,,402938000.0
AccountsReceivableNetCurrent / USD,232806000.0,232806000.0,273207.0,273207000.0,273207000.0,273207000.0,273303000.0,273303000.0,273303000.0,273303000.0,234526000.0,234526000.0,234526000.0,234526000.0,301992000.0,301992000.0,301992000.0,301992000.0,343400000.0,343400000.0,343400000.0,343400000.0,295160000.0,295160000.0,295160000.0,295160000.0,215880000.0,213333000.0,215880000.0,215880000.0,215880000.0,222263000.0,222263000.0,222263000.0,222263000.0,253295000.0,253295000.0,253295000.0,253295000.0,230571000.0,230571000.0,230571000.0,230571000.0,230595000.0,230595000.0,230595000.0,230595000.0,342967000.0,342967000.0,342967000.0,342967000.0,363708000.0,363708000.0,363708000.0,363708000.0,328654000.0,328654000.0,328654000.0,328654000.0,365882000.0,365882000.0,365882000.0,365882000.0
AccruedEmployeeBenefitsCurrent / USD,,,,,,40642000.0,,,,38558000.0,,,,37675000.0,,,,54034000.0,,,,46445000.0,,,,47602000.0,,47602000.0,,,47058000.0,,,,46653000.0,,,,52101000.0,,,,55216000.0,,,,48057000.0,,,,50517000.0,,,,47661000.0,,,,50042000.0,,,,64141000.0
AccruedLiabilitiesCurrentAndNoncurrent / USD,,,,,,,,,,,,,,51040000.0,,,,50293000.0,,,,50801000.0,,,,40583000.0,,39802000.0,,,35017000.0,,,,39375000.0,,,,33403000.0,,,,51626000.0,,,,52646000.0,,,,97650000.0,,,,79571000.0,,,,74214000.0,,,,84324000.0
AccumulatedOtherComprehensiveIncomeLossNetOfTax / USD,-20184000.0,-20184000.0,-23372.0,-23372000.0,-23372000.0,-23372000.0,-48460000.0,-48460000.0,-48460000.0,-48460000.0,-47607000.0,-47607000.0,-47607000.0,-47607000.0,-47607000.0,-47607000.0,-47607000.0,-47607000.0,38878000.0,38878000.0,38878000.0,-12393000.0,-109330000.0,-109330000.0,-109330000.0,-109330000.0,-188022000.0,-109330000.0,-188022000.0,-188022000.0,-188022000.0,-105254000.0,-105254000.0,-105254000.0,-105254000.0,-83647000.0,-83647000.0,-83647000.0,-83647000.0,-114583000.0,-114583000.0,-114583000.0,-114583000.0,-57589000.0,-57589000.0,-57589000.0,-57589000.0,69803000.0,69803000.0,69803000.0,69803000.0,369112000.0,369112000.0,369112000.0,369112000.0,518528000.0,518528000.0,518528000.0,518528000.0,465715000.0,465715000.0,465715000.0,465715000.0
AdditionalPaidInCapitalCommonStock / USD,1791129000.0,1791129000.0,1714364.0,1714364000.0,1714364000.0,1714364000.0,1732935000.0,1732935000.0,1732935000.0,1732935000.0,1745467000.0,1745467000.0,1745467000.0,1745467000.0,1765811000.0,1765811000.0,1765811000.0,1765811000.0,2180151000.0,2180151000.0,2180151000.0,2180151000.0,2230591000.0,2230591000.0,2230591000.0,2230591000.0,2388027000.0,2230591000.0,2388027000.0,2388027000.0,2388027000.0,2536365000.0,2536365000.0,2536365000.0,2536365000.0,2974926000.0,2974926000.0,2974926000.0,2974926000.0,3712194000.0,3712194000.0,3712194000.0,3712194000.0,4377149000.0,4377149000.0,4377149000.0,4377149000.0,5023751000.0,5023751000.0,5023751000.0,5023751000.0,5838118000.0,5838118000.0,5838118000.0,5838118000.0,6684120000.0,6684120000.0,6684120000.0,6684120000.0,7474559000.0,7474559000.0,7474559000.0,7474559000.0
AllocatedShareBasedCompensationExpense / USD,,,,,,14500000.0,,,,12700000.0,,,,11600000.0,,,,19200000.0,,,,17800000.0,,,,25500000.0,,25500000.0,,,27500000.0,,,,24600000.0,,,,23100000.0,,,,23900000.0,,,,23900000.0,,,,21100000.0,,,,24100000.0,,,,22200000.0,,,,23700000.0
AllowanceForDoubtfulAccountsReceivable / USD,,11478000.0,,,,,,,,,,,,,,,,,,,,,,,,,,,,,,,,,,,,,,,,,,29949000.0,29949000.0,29949000.0,,29949000.0,29949000.0,29949000.0,,64471000.0,64471000.0,64471000.0,29949000.0,49993000.0,49993000.0,49993000.0,64471000.0,40840000.0,40840000.0,40840000.0,49993000.0
AllowanceForDoubtfulAccountsReceivableCurrent / USD,,,,,,12701000.0,,,,7440000.0,,,,9425000.0,,,,20624000.0,,,,23992000.0,,,,15283000.0,,12934000.0,,,11056000.0,,,,10865000.0,,,,14795000.0,,,,15899000.0,,,,14795000.0,,,,15899000.0,,,,49993000.0,,,,40840000.0,,,,37056000.0
AllowanceForDoubtfulAccountsReceivableRecoveries / USD,,,,,,,,,,,,,,,,,,,,,,,,,,,,,,,,,,,,,,,,,,,,491000.0,931000.0,1368000.0,2573000.0,491000.0,931000.0,1368000.0,1952000.0,522000.0,1125000.0,1452000.0,1734000.0,808000.0,1270000.0,1564000.0,1831000.0,765000.0,1126000.0,1412000.0,2089000.0
AllowanceForDoubtfulAccountsReceivableWriteOffs / USD,,,,,,,,,,,,,,,,,,,,,,,,,,,,,,,,,,,,,,,,,,,,2288000.0,4669000.0,7544000.0,19575000.0,2288000.0,4669000.0,7544000.0,12698000.0,6429000.0,15458000.0,22888000.0,11019000.0,10421000.0,18754000.0,24656000.0,32885000.0,8757000.0,14616000.0,19023000.0,33595000.0
AmortizationOfFinancingCostsAndDiscounts / USD,,10665000.0,,,,10364000.0,,,,11908000.0,,,,9438000.0,,,,8147000.0,,,,8480000.0,,,,9409000.0,,9409000.0,,,5922000.0,,,,5667000.0,,,,6469000.0,,,,7865000.0,,,,9464000.0,,,,11543000.0,,,,14030000.0,,,,9141000.0,,,,3639000.0
AmountOfDilutiveSecuritiesStockOptionsAndRestrictiveStockUnits / USD,,,,,4000.0,4000.0,2000.0,5000.0,4000.0,5000.0,1000.0,4000.0,4000.0,4000.0,2000.0,5000.0,5000.0,4000.0,0.0,0.0,0.0,5000.0,,,,0.0,,0.0,,,,,,,,0.0,0.0,0.0,0.0,0.0,0.0,0.0,0.0,0.0,0.0,0.0,0.0,0.0,0.0,0.0,0.0,0.0,0.0,0.0,0.0,0.0,0.0,0.0,0.0,0.0,0.0,0.0,0.0
AssetRetirementObligationsNoncurrent / USD,,,,,,11432000.0,,,,13574000.0,,,,10394000.0,,,,6764000.0,,,,10508000.0,,,,9063000.0,,9063000.0,,,13404000.0,,,,12827000.0,,,,12887000.0,,,,17054000.0,,,,20348000.0,,,,18373000.0,,,,5737000.0,,,,5174000.0,,,,7942000.0
Assets / USD,6343766000.0,6367083000.0,6763791.0,6763791000.0,6763791000.0,6763791000.0,7282871000.0,7282871000.0,7282871000.0,7282871000.0,7495675000.0,7495675000.0,7495675000.0,7495675000.0,7934268000.0,7934268000.0,7934268000.0,7934268000.0,8594704000.0,8594704000.0,8594704000.0,8594704000.0,9092945000.0,9092945000.0,9092945000.0,9075072000.0,10010889000.0,9075072000.0,10010889000.0,10010889000.0,10010889000.0,10749596000.0,10749596000.0,10749596000.0,10749596000.0,11874437000.0,11874437000.0,11874437000.0,11874437000.0,13367619000.0,13367619000.0,13367619000.0,13367619000.0,15359032000.0,15359032000.0,15359032000.0,15359032000.0,19608662000.0,19608662000.0,19608662000.0,19608662000.0,22192989000.0,22192989000.0,22192989000.0,22192989000.0,22516968000.0,22516968000.0,22516968000.0,22516968000.0,25194465000.0,25194465000.0,25194465000.0,25194465000.0
AssetsCurrent / USD,828940000.0,828940000.0,875192.0,875192000.0,875192000.0,875192000.0,1010953000.0,1010953000.0,1010953000.0,1010953000.0,827962000.0,827962000.0,827962000.0,827962000.0,677133000.0,677133000.0,677133000.0,677133000.0,775840000.0,775840000.0,775840000.0,775840000.0,630985000.0,626306000.0,626306000.0,626306000.0,681686000.0,626306000.0,681686000.0,681686000.0,681686000.0,539646000.0,539646000.0,539646000.0,539646000.0,478853000.0,478853000.0,478853000.0,478853000.0,458031000.0,458031000.0,458031000.0,458031000.0,471258000.0,471258000.0,471258000.0,471258000.0,2838715000.0,2838715000.0,2838715000.0,2838715000.0,3047693000.0,3047693000.0,3047693000.0,3047693000.0,885768000.0,885768000.0,885768000.0,885768000.0,1132314000.0,1132314000.0,1132314000.0,1132314000.0
AssetsFairValueDisclosure / USD,,,,,,,,,,119916000.0,158728000.0,158728000.0,158728000.0,158728000.0,238760000.0,238760000.0,238760000.0,238760000.0,178970000.0,178970000.0,178970000.0,178970000.0,127701000.0,127701000.0,127701000.0,127701000.0,136905000.0,127701000.0,136905000.0,136905000.0,136905000.0,91648000.0,91648000.0,91648000.0,91648000.0,101004000.0,101004000.0,101004000.0,101004000.0,103694000.0,103694000.0,103694000.0,103694000.0,184630000.0,184630000.0,184630000.0,184630000.0,338757000.0,338757000.0,338757000.0,338757000.0,478003000.0,478003000.0,478003000.0,478003000.0,490266000.0,490266000.0,490266000.0,490266000.0,206882000.0,206882000.0,206882000.0,206882000.0
AvailableForSaleDebtSecuritiesAmortizedCostBasis / USD,,,,,,,,,,,,,,,,,,,,,,,,,,,,,,,,,,,,,,,,31700000.0,31700000.0,31700000.0,31700000.0,32600000.0,32600000.0,32600000.0,32600000.0,35600000.0,35600000.0,35600000.0,35600000.0,34100000.0,34100000.0,34100000.0,34100000.0,36000000.0,36000000.0,36000000.0,36000000.0,38900000.0,38900000.0,38900000.0,38900000.0
CapitalExpendituresIncurredButNotYetPaid / USD,,,,,,,,,,,,,,,,,,,,,,,,,,,,,,,,,,,,,,,116194.0,,,,112211000.0,,,,149993000.0,,,,113365000.0,,,,184786000.0,,,,217868000.0,,,,186912000.0
CapitalizationLongtermDebtAndEquity / USD,4346161000.0,4346161000.0,3987899.0,3987899000.0,3987899000.0,3987899000.0,4461538000.0,4461538000.0,4461538000.0,4461538000.0,4315548000.0,4315548000.0,4315548000.0,4315548000.0,5036080000.0,5036080000.0,5036080000.0,5036080000.0,5542218000.0,5542218000.0,5542218000.0,5542218000.0,5650185000.0,5650185000.0,5650185000.0,5632312000.0,5651838000.0,5632312000.0,5651838000.0,5651838000.0,5651838000.0,6965711000.0,6965711000.0,6965711000.0,6965711000.0,7263616000.0,7263616000.0,7263616000.0,7263616000.0,9279675000.0,9279675000.0,9279675000.0,9279675000.0,11322982000.0,11322982000.0,11322982000.0,11322982000.0,12837094000.0,12837094000.0,12837094000.0,12837094000.0,15179738000.0,15179738000.0,15179738000.0,15179738000.0,17509275000.0,17509275000.0,17509275000.0,17509275000.0,20018186000.0,20018186000.0,20018186000.0,20018186000.0
CashAndCashEquivalentsAtCarryingValue / USD,46717000.0,60725000.0,111203.0,111203000.0,111203000.0,46717000.0,131952000.0,131952000.0,131952000.0,111203000.0,131419000.0,131419000.0,131419000.0,131952000.0,64239000.0,64239000.0,64239000.0,131419000.0,66199000.0,66199000.0,66199000.0,64239000.0,42258000.0,42258000.0,42258000.0,66199000.0,28653000.0,66199000.0,28653000.0,28653000.0,42258000.0,47534000.0,47534000.0,47534000.0,28653000.0,26409000.0,26409000.0,26409000.0,47534000.0,24550000.0,24550000.0,24550000.0,24550000.0,20808000.0,20808000.0,20808000.0,20808000.0,116723000.0,116723000.0,116723000.0,116723000.0,51554000.0,51554000.0,51554000.0,51554000.0,15404000.0,15404000.0,15404000.0,15404000.0,307340000.0,307340000.0,307340000.0,307340000.0
CashCashEquivalentsRestrictedCashAndRestrictedCashEquivalents / USD,,,,,,,,,,,,,,,,,,,,,,,,,,,,,,,,,,,,,,,,13771000.0,13771000.0,13771000.0,26409000.0,24550000.0,24550000.0,24550000.0,13771000.0,20808000.0,20808000.0,20808000.0,24550000.0,116723000.0,116723000.0,116723000.0,20808000.0,51554000.0,51554000.0,51554000.0,116723000.0,19248000.0,19248000.0,19248000.0,51554000.0
CashCashEquivalentsRestrictedCashAndRestrictedCashEquivalentsPeriodIncreaseDecreaseIncludingExchangeRateEffect / USD,,,,,,,,,,,,,,,,,,,,,,,,,,,,,,,,,,,,,,,,204426000.0,94582000.0,32392000.0,-12638000.0,164722000.0,295549000.0,183514000.0,10779000.0,436791000.0,844503000.0,503813000.0,-3742000.0,147282000.0,465772000.0,211352000.0,95915000.0,120043000.0,43621000.0,6559000.0,-65169000.0,266197000.0,244521000.0,660014000.0,-32306000.0
CashFlowHedgeGainLossToBeReclassifiedWithinTwelveMonths / USD,,,,,,,,,,,,,,-6434000.0,,,,-1436000.0,,,,-19831000.0,,,,-4430000.0,,-4430000.0,,,,,,,,,,,,,-4212000.0,-4234000.0,,-4566000.0,-4566000.0,-4566000.0,,-2976000.0,-2976000.0,-2976000.0,,2120000.0,2120000.0,2120000.0,,9965000.0,9965000.0,9965000.0,,15925000.0,15925000.0,15925000.0,
CommonStockDividendsPerShareCashPaid / USD/shares,,,,0.67,1.005,1.32,0.34,0.68,1.02,1.34,0.345,0.69,1.035,1.36,0.35,0.7,1.05,1.38,0.37,0.74,1.11,1.4,0.39,0.78,1.17,1.48,0.42,1.48,0.84,1.26,1.56,0.45,0.9,1.35,1.68,0.485,0.485,0.485,1.8,0.525,0.525,0.525,1.94,0.575,0.575,0.575,2.1,0.625,0.625,0.625,2.3,0.68,0.68,0.68,2.5,0.74,0.74,0.74,2.72,0.805,,,2.96
CommonStockDividendsPerShareDeclared / USD/shares,,,,,,,,,,,,,,,,,,,,,,,,,,,,,,,,,,,,,,,,,,,,,,,,,,,,,,,,,,,,,0.805,0.805,
CommonStockParOrStatedValuePerShare / USD/shares,,,,0.0,0.0,0.0,0.0,0.0,0.0,0.0,0.0,0.005,0.005,0.0,0.005,0.005,0.005,0.0,0.005,0.005,0.005,,,,,,,,,,,,,0.005,0.005,0.005,0.005,0.005,0.005,0.005,0.005,0.005,0.005,0.005,0.005,0.005,0.005,0.005,0.005,0.005,0.005,0.005,0.005,0.005,0.005,0.005,0.005,0.005,0.005,0.005,0.005,0.005,0.005
CommonStockSharesAuthorized / shares,200000000.0,200000000.0,200000000.0,200000000.0,200000000.0,200000000.0,200000000.0,200000000.0,200000000.0,200000000.0,200000000.0,200000000.0,200000000.0,200000000.0,200000000.0,200000000.0,200000000.0,200000000.0,200000000.0,200000000.0,200000000.0,200000000.0,200000000.0,200000000.0,200000000.0,200000000.0,200000000.0,200000000.0,200000000.0,200000000.0,200000000.0,200000000.0,200000000.0,200000000.0,200000000.0,200000000.0,200000000.0,200000000.0,200000000.0,200000000.0,200000000.0,200000000.0,200000000.0,200000000.0,200000000.0,200000000.0,200000000.0,200000000.0,200000000.0,200000000.0,200000000.0,200000000.0,200000000.0,200000000.0,200000000.0,200000000.0,200000000.0,200000000.0,200000000.0,200000000.0,200000000.0,200000000.0,200000000.0
CommonStockSharesIssued / shares,92551709.0,92551709.0,90164103.0,90164103.0,90164103.0,90164103.0,90296482.0,90296482.0,90296482.0,90296482.0,90239900.0,90239900.0,90239900.0,90239900.0,90640211.0,90640211.0,90640211.0,90640211.0,100388092.0,100388092.0,100388092.0,100388092.0,101478818.0,101478818.0,101478818.0,101478818.0,103930560.0,101478818.0,103930560.0,103930560.0,103930560.0,106104634.0,106104634.0,106104634.0,106104634.0,111273683.0,111273683.0,111273683.0,111273683.0,119338925.0,119338925.0,119338925.0,119338925.0,125882477.0,125882477.0,125882477.0,125882477.0,132419754.0,132419754.0,132419754.0,132419754.0,140896598.0,140896598.0,140896598.0,140896598.0,148492783.0,148492783.0,148492783.0,148492783.0,155258845.0,155258845.0,155258845.0,155258845.0
CommonStockSharesOutstanding / shares,,,,,,,,,,,,,,,90640211.0,90640211.0,90640211.0,,100388092.0,100388092.0,100388092.0,,101478818.0,101478818.0,101478818.0,,103930560.0,,103930560.0,103930560.0,,106104634.0,106104634.0,106104634.0,106104634.0,111273683.0,111273683.0,111273683.0,111273683.0,119338925.0,119338925.0,119338925.0,119338925.0,125882477.0,125882477.0,125882477.0,125882477.0,132419754.0,132419754.0,132419754.0,132419754.0,140896598.0,140896598.0,140896598.0,140896598.0,148492783.0,148492783.0,148492783.0,148492783.0,155258845.0,155258845.0,155258845.0,155258845.0
CommonStockValue / USD,463000.0,463000.0,451.0,451000.0,451000.0,451000.0,451000.0,451000.0,451000.0,451000.0,451000.0,451000.0,451000.0,451000.0,453000.0,453000.0,453000.0,453000.0,502000.0,502000.0,502000.0,502000.0,507000.0,507000.0,507000.0,507000.0,520000.0,507000.0,520000.0,520000.0,520000.0,531000.0,531000.0,531000.0,531000.0,556000.0,556000.0,556000.0,556000.0,597000.0,597000.0,597000.0,597000.0,629000.0,629000.0,629000.0,629000.0,662000.0,662000.0,662000.0,662000.0,704000.0,704000.0,704000.0,704000.0,742000.0,742000.0,742000.0,742000.0,776000.0,776000.0,776000.0,776000.0
ComprehensiveIncomeNetOfTax / USD,,160582000.0,,,209920000.0,,116970000.0,243587000.0,234758000.0,,51746000.0,172984000.0,189730000.0,182513000.0,91991000.0,240563000.0,306554000.0,217570000.0,111170000.0,218339000.0,238526000.0,329679000.0,15789000.0,119584000.0,241712000.0,238546000.0,109229000.0,238546000.0,196762000.0,246961000.0,218138000.0,220400000.0,390888000.0,443991000.0,271412000.0,313070000.0,513367000.0,593190000.0,479189000.0,135388000.0,347581000.0,429194000.0,647605000.0,179725000.0,420261000.0,533966000.0,488680000.0,277799000.0,712492000.0,735671000.0,658437000.0,203262000.0,649984000.0,938162000.0,792955000.0,294078000.0,621416000.0,802629000.0,1073707000.0,261356000.0,720487000.0,900483000.0,1035278000.0
ContractWithCustomerLiabilityCurrent / USD,,,,,,,,,,,,,,,,,,,,,,,,,,,,,,,,,,,,,,,,,,,54617000.0,,,,56485000.0,,,,49722000.0,,,,56016000.0,,,,65266000.0,,,,62085000.0
ContractWithCustomerLiabilityNoncurrent / USD,,,,,,,,,,,,,,,,,,,,,,,,,,,,,,,,,,,,,,,,,,,12566000.0,,,,10060000.0,,,,9879000.0,,,,8628000.0,,,,9158000.0,,,,7973000.0
CostOfRevenue / USD,3203610000.0,5899979000.0,882003.0,2367948000.0,,,,,,,,,,,,,,,,,,,,,,,,,,,,,,,,,,1124763000.0,,342165000.0,813841000.0,845167000.0,1167848000.0,296868000.0,614751000.0,640823000.0,858837000.0,288260000.0,862069000.0,948939000.0,658854000.0,371163000.0,1242541000.0,1491700000.0,1032717000.0,738249000.0,1404460000.0,,,338869000.0,963164000.0,,
CurrentFederalTaxExpenseBenefit / USD,,,,,,-37141000.0,,,,-70884000.0,,,,-13298000.0,,,,631000.0,,,,0.0,,,,0.0,,0.0,,,0.0,,,,0.0,,,,0.0,,,,-10099000.0,,,,0.0,,,,0.0,,,,0.0,,,,2849000.0,,,,
CurrentStateAndLocalTaxExpenseBenefit / USD,,,,,,8720000.0,,,,6849000.0,,,,6841000.0,,,,6888000.0,,,,8178000.0,,,,5527000.0,,5192000.0,,,6513000.0,,,,5667000.0,,,,9022000.0,,,,11075000.0,,,,8412000.0,,,,14193000.0,,,,252000.0,,,,28125000.0,,,,
DebtInstrumentCarryingAmount / USD,,,,,2172696000.0,2172696000.0,2212565000.0,2212565000.0,2212565000.0,2212565000.0,1960131000.0,1960131000.0,1960131000.0,1960131000.0,2460000000.0,2460000000.0,2460000000.0,2460000000.0,2460000000.0,2460000000.0,2460000000.0,2460000000.0,2460000000.0,2460000000.0,2460000000.0,2460000000.0,2460000000.0,2460000000.0,2460000000.0,2460000000.0,2460000000.0,3085000000.0,3085000000.0,3085000000.0,3085000000.0,3085000000.0,3085000000.0,3085000000.0,3085000000.0,3560000000.0,3560000000.0,3560000000.0,4560000000.0,4560000000.0,4560000000.0,4560000000.0,7360000000.0,7360000000.0,7360000000.0,7360000000.0,7960000000.0,7960000000.0,7960000000.0,7960000000.0,6560000000.0,6560000000.0,6560000000.0,6560000000.0,7785000000.0,7785000000.0,7785000000.0,7785000000.0,8935000000.0
DebtInstrumentUnamortizedDiscountPremiumNet / USD,,,,,,,,,,,,,,,,,,,,,,,,,,,,,,4270000.0,4270000.0,-4384000.0,-4384000.0,-4384000.0,-4384000.0,-4439000.0,-4439000.0,-4439000.0,-4439000.0,193000.0,193000.0,193000.0,193000.0,583000.0,583000.0,583000.0,583000.0,2811000.0,2811000.0,2811000.0,2811000.0,3704000.0,3704000.0,3704000.0,3704000.0,6104000.0,6104000.0,6104000.0,6104000.0,-9071000.0,-9071000.0,-9071000.0,-9071000.0
DebtSecuritiesAvailableForSaleAllowanceForCreditLoss / USD,,,,,,,,,,,,,,,,,,,,,,,,,,,,,,,,,,,,,,,,,,,,0.0,0.0,0.0,0.0,0.0,0.0,0.0,0.0,0.0,0.0,0.0,0.0,0.0,0.0,0.0,0.0,0.0,0.0,0.0,0.0
DeferredFederalIncomeTaxExpenseBenefit / USD,,,,,,134912000.0,,,,172690000.0,,,,107950000.0,,,,103971000.0,,,,124836000.0,,,,169106000.0,,158362000.0,,,170649000.0,,,,178630000.0,,,,197013000.0,,,,150556000.0,,,,113331000.0,,,,143039000.0,,,,128867000.0,,,,43435000.0,,,,
DeferredFinanceCostsNet / USD,,,,,,,,,,,,,,,,,,,,,,,,,,17873000.0,16951000.0,17873000.0,16951000.0,16951000.0,16951000.0,22339000.0,22339000.0,22339000.0,22339000.0,20774000.0,20774000.0,20774000.0,20774000.0,30355000.0,30355000.0,30355000.0,30355000.0,36104000.0,36104000.0,36104000.0,36104000.0,45271000.0,45271000.0,45271000.0,45271000.0,46042000.0,46042000.0,46042000.0,46042000.0,48588000.0,48588000.0,48588000.0,48588000.0,57664000.0,57664000.0,57664000.0,57664000.0
DeferredGasCost / USD,,,,,,22701000.0,,,,33976000.0,,,,31359000.0,,,,15152000.0,,,,20069000.0,,,,9715000.0,,9715000.0,,,45184000.0,,,,65714000.0,,,,1927000.0,,,,23766000.0,,,,40593000.0,,,,66395000.0,,,,119742000.0,,,,148297000.0,,,,159762000.0
DeferredIncomeTaxExpenseBenefit / USD,62658000.0,97940000.0,12832.0,44097000.0,186325000.0,129759000.0,43423000.0,115302000.0,115488000.0,196731000.0,40042000.0,102052000.0,120713000.0,117353000.0,45951000.0,106891000.0,130365000.0,104319000.0,47127000.0,119710000.0,150457000.0,141336000.0,55418000.0,131292000.0,164627000.0,189952000.0,59299000.0,189952000.0,132456000.0,171042000.0,192886000.0,67241000.0,148657000.0,188256000.0,193556000.0,53149000.0,116023000.0,139852000.0,227183000.0,40339000.0,96885000.0,120220000.0,158271000.0,46726000.0,110664000.0,137996000.0,132004000.0,64587000.0,128725000.0,144195000.0,155322000.0,11813000.0,40122000.0,40899000.0,155355000.0,29693000.0,59060000.0,75407000.0,53651000.0,44108000.0,110098000.0,138658000.0,108215000.0
DeferredIncomeTaxLiabilities / USD,570940000.0,570940000.0,829128.0,829128000.0,829128000.0,829128000.0,960093000.0,960093000.0,960093000.0,960093000.0,1015083000.0,1015083000.0,1015083000.0,1015083000.0,1164053000.0,1164053000.0,1164053000.0,1548883000.0,1286616000.0,1286616000.0,1286616000.0,1742209000.0,,,,2001247000.0,,2001247000.0,,,2383351000.0,,,,2643889000.0,,,,1904532000.0,,,,2075229000.0,,,,2259503000.0,,,,2922527000.0,,,,2747630000.0,,,,3047237000.0,,,,3275197000.0
DeferredIncomeTaxLiabilitiesNet / USD,,,,,,,,,,,,,,,,,,,,,,,,,,,,,,,,,,,,,,,,1300015000.0,1300015000.0,1300015000.0,1300015000.0,1456569000.0,1456569000.0,1456569000.0,1456569000.0,1705809000.0,1705809000.0,1705809000.0,1705809000.0,1999505000.0,1999505000.0,1999505000.0,1999505000.0,2304974000.0,2304974000.0,2304974000.0,2304974000.0,2593342000.0,2593342000.0,2593342000.0,2593342000.0
DeferredStateAndLocalIncomeTaxExpenseBenefit / USD,,,,,,-8739000.0,,,,10831000.0,,,,5498000.0,,,,-13237000.0,,,,9605000.0,,,,12375000.0,,11064000.0,,,12393000.0,,,,12350000.0,,,,15348000.0,,,,15330000.0,,,,17160000.0,,,,-11879000.0,,,,24617000.0,,,,3101000.0,,,,
DeferredTaxAssetsCharitableContributionCarryforwards / USD,,,,,,,,,,,,,,,,,,10500000.0,,,,11400000.0,,,,11000000.0,,11000000.0,,,7600000.0,5100000.0,5200000.0,5300000.0,5300000.0,,,,5500000.0,,,,6900000.0,,,,6000000.0,,,,0.0,,,,8200000.0,,,,10200000.0,,,,11800000.0
DeferredTaxAssetsGross / USD,,,,,,,,,,,,,,,,,,371218000.0,,,,413811000.0,,,,544886000.0,,544886000.0,,,790776000.0,,,,770593000.0,,,,751930000.0,,,,777108000.0,,,,804036000.0,,,,1217381000.0,,,,748648000.0,,,,742614000.0,,,,683312000.0
DeferredTaxAssetsNet / USD,,,,,,189451000.0,,,,248837000.0,,,,323388000.0,,,,370133000.0,,,,406842000.0,,,,534014000.0,,534014000.0,,,780295000.0,,,,765190000.0,,,,750465000.0,,,,775214000.0,,,,802934000.0,,,,1216718000.0,,,,748125000.0,,,,742263000.0,,,,681855000.0
DeferredTaxAssetsOperatingLossCarryforwards / USD,,,,,,,,,,,,,,,,,,196296000.0,,,,236626000.0,,,,313224000.0,,313224000.0,,,514391000.0,,,,555043000.0,,,,461481000.0,,,,485133000.0,,,,476507000.0,,,,911424000.0,,,,485061000.0,,,,504121000.0,,,,484816000.0
DeferredTaxAssetsOther / USD,,,,,,4559000.0,,,,3529000.0,,,,7223000.0,,,,38013000.0,,,,28849000.0,,,,36695000.0,,36695000.0,,,23648000.0,,,,10218000.0,,,,13804000.0,,,,13186000.0,,,,20424000.0,,,,33591000.0,,,,44035000.0,,,,42257000.0,,,,34934000.0
DeferredTaxAssetsRegulatoryAssetsAndLiabilities / USD,,,,,,,,,,,,,,,,,,,,,,,,,,,,,,,,,,,0.0,,,,169947000.0,,,,165701000.0,,,,161565000.0,,,,148200000.0,,,,110548000.0,,,,76943000.0,,,,46330000.0
DeferredTaxAssetsTaxDeferredExpenseCompensationAndBenefitsPostretirementBenefits / USD,,,,,,57386000.0,,,,62274000.0,,,,62802000.0,,,,115970000.0,,,,116157000.0,,,,121619000.0,,121619000.0,,,122682000.0,,,,121288000.0,,,,72745000.0,,,,70929000.0,,,,66991000.0,,,,64316000.0,,,,57094000.0,,,,50576000.0,,,,41184000.0
DeferredTaxAssetsValuationAllowance / USD,,,,,,,,,,,,,,1100000.0,,,,1085000.0,,,,6969000.0,,,,10872000.0,,10872000.0,,,10481000.0,,,,5403000.0,,,,1465000.0,,,,1894000.0,,,,1102000.0,,,,663000.0,,,,523000.0,,,,351000.0,,,,1457000.0
DeferredTaxLiabilities / USD,,,,,,964653000.0,,,,1132205000.0,,,,1311381000.0,,,,1178750000.0,,,,1335367000.0,,,,1467233000.0,,1467233000.0,,,1603056000.0,,,,1878699000.0,,,,1154067000.0,,,,1300015000.0,,,,1456569000.0,,,,1705809000.0,,,,1999505000.0,,,,2304974000.0,,,,2593342000.0
DeferredTaxLiabilitiesDerivatives / USD,,,,,,,,,,,,,,,,,,,,,,,,,,,,,,,,,,,,,,,,,,,,,,,0.0,,,,20156000.0,,,,106820000.0,,,,149969000.0,,,,134536000.0
DeferredTaxLiabilitiesLeasingArrangements / USD,,,,,,,,,,,,,,,,,,,,,,,,,,,,,,,,,,,,,,,,,,,,,,,53118000.0,,,,52138000.0,,,,50007000.0,,,,51666000.0,,,,57177000.0
DeferredTaxLiabilitiesOther / USD,,,,,,2330000.0,,,,3039000.0,,,,0.0,,,,39045000.0,,,,37173000.0,,,,31480000.0,,31480000.0,,,38696000.0,,,,41927000.0,,,,38764000.0,,,,48257000.0,,,,22265000.0,,,,47086000.0,,,,45063000.0,,,,48105000.0,,,,47770000.0
DeferredTaxLiabilitiesPropertyPlantAndEquipment / USD,,,,,,940914000.0,,,,1108063000.0,,,,1254698000.0,,,,1445450000.0,,,,1655894000.0,,,,1890886000.0,,1890886000.0,,,2259278000.0,,,,2528485000.0,,,,1859787000.0,,,,2004516000.0,,,,2138966000.0,,,,2258264000.0,,,,2431757000.0,,,,2674341000.0,,,,2914854000.0
DefinedBenefitPlanAmountsRecognizedInBalanceSheet / USD,,,,,,,,,,,,,,,,,,,,,,,,,,,,,,,,,,,,,,,,,,,,,,,,,,,0.0,,,,29498000.0,,,,92648000.0,,,,155611000.0
DepreciationAndAmortization / USD,160757000.0,200442000.0,53839.0,106919000.0,156201000.0,211984000.0,54777000.0,110244000.0,167176000.0,208539000.0,58366000.0,117786000.0,176742000.0,223832000.0,59579000.0,116759000.0,174888000.0,237525000.0,60469000.0,121776000.0,185731000.0,235079000.0,67593000.0,135615000.0,204059000.0,253987000.0,70656000.0,251672000.0,142047000.0,214927000.0,272408000.0,76958000.0,154625000.0,234648000.0,290791000.0,88374000.0,177755000.0,268426000.0,319448000.0,96065000.0,192837000.0,290537000.0,361083000.0,105062000.0,210978000.0,318082000.0,391456000.0,115285000.0,233921000.0,353269000.0,429828000.0,127856000.0,261230000.0,395461000.0,477977000.0,146020000.0,294337000.0,445063000.0,535655000.0,164608000.0,329695000.0,496522000.0,604327000.0
DepreciationDepletionAndAmortization / USD,,,,,,,,,,,,,,,,,,,,,,,,,,,71239000.0,253987000.0,143211000.0,216670000.0,274796000.0,77143000.0,154810000.0,234833000.0,293096000.0,88374000.0,177755000.0,268426000.0,319633000.0,96065000.0,192837000.0,290537000.0,361083000.0,105062000.0,210978000.0,318082000.0,391456000.0,115285000.0,233921000.0,353269000.0,429828000.0,127856000.0,261230000.0,395461000.0,477977000.0,146020000.0,294337000.0,445063000.0,535655000.0,164608000.0,329695000.0,496522000.0,604327000.0
DerivativeAssetFairValueGrossLiabilityAndObligationToReturnCashOffset / USD,,,,,,,,,,,,,,,,,,,46298000.0,46298000.0,46298000.0,46298000.0,82509000.0,82509000.0,82509000.0,82509000.0,32515000.0,82509000.0,32515000.0,32515000.0,32515000.0,0.0,0.0,0.0,0.0,0.0,0.0,0.0,0.0,0.0,0.0,0.0,0.0,0.0,0.0,0.0,0.0,0.0,0.0,0.0,0.0,0.0,0.0,0.0,0.0,0.0,0.0,0.0,0.0,0.0,0.0,0.0,0.0
DerivativeAssets / USD,,,,,,,,,,,,,,,,,,,58865000.0,58865000.0,58865000.0,58865000.0,9600000.0,9600000.0,9600000.0,9600000.0,11626000.0,9600000.0,11626000.0,11626000.0,11626000.0,3239000.0,3239000.0,3239000.0,3239000.0,1619000.0,1619000.0,1619000.0,1619000.0,1811000.0,1811000.0,1811000.0,1811000.0,80678000.0,80678000.0,80678000.0,80678000.0,230686000.0,230686000.0,230686000.0,,381991000.0,381991000.0,381991000.0,381991000.0,385664000.0,385664000.0,385664000.0,385664000.0,96288000.0,96288000.0,96288000.0,96288000.0
DerivativeAssetsCurrent / USD,,,,,,20575000.0,,,,18344000.0,24707000.0,24707000.0,24707000.0,24707000.0,11966000.0,11966000.0,11966000.0,11966000.0,45827000.0,45827000.0,45827000.0,45827000.0,9232000.0,9232000.0,9232000.0,9232000.0,3029000.0,378000.0,,,3029000.0,,,,2436000.0,,,,1369000.0,,,,1586000.0,,,,5687000.0,,,,55073000.0,,,,26207000.0,,,,4071000.0,,,,2091000.0
DerivativeAssetsNoncurrent / USD,,,,,,937000.0,,,,998000.0,2283000.0,2283000.0,2283000.0,2283000.0,109354000.0,109354000.0,109354000.0,109354000.0,13038000.0,13038000.0,13038000.0,13038000.0,368000.0,368000.0,368000.0,368000.0,1822000.0,368000.0,,,1822000.0,,,,803000.0,,,,250000.0,,,,225000.0,,,,74991000.0,,,,175613000.0,,,,355784000.0,,,,381593000.0,,,,94197000.0
DerivativeCollateralRightToReclaimCash / USD,,,,,,,,,,,23700000.0,23700000.0,23700000.0,,10100000.0,10100000.0,10100000.0,10100000.0,22700000.0,22700000.0,22700000.0,22700000.0,8900000.0,,,,6775000.0,,6775000.0,6775000.0,6775000.0,0.0,0.0,0.0,0.0,0.0,0.0,0.0,,0.0,0.0,0.0,,0.0,0.0,0.0,,0.0,0.0,0.0,0.0,0.0,0.0,0.0,0.0,0.0,0.0,0.0,0.0,0.0,0.0,0.0,0.0
DerivativeFairValueOfDerivativeAsset / USD,,,,,,,,,,,,,,,,,,,,,,,,,,,44141000.0,,44141000.0,44141000.0,44141000.0,3239000.0,3239000.0,3239000.0,3239000.0,,,,,,,,,,,,,,,,,,,,,,,385664000.0,385664000.0,96288000.0,96288000.0,96288000.0,96288000.0
DerivativeFairValueOfDerivativeLiability / USD,,,,,,,,,,,,,,,,,,,,,,,,,,,323684000.0,,323684000.0,323684000.0,323684000.0,112398000.0,112398000.0,112398000.0,112398000.0,,,,,,,,,,,,,,,,,,,,,,,15408000.0,15408000.0,7637000.0,7637000.0,7637000.0,7637000.0
DerivativeLiabilities / USD,,,,,,,,,,,,,,,,,,,21856000.0,21856000.0,21856000.0,21856000.0,120107000.0,120107000.0,120107000.0,120107000.0,240819000.0,120107000.0,240819000.0,240819000.0,240819000.0,112398000.0,112398000.0,112398000.0,112398000.0,56837000.0,56837000.0,56837000.0,56837000.0,5801000.0,5801000.0,5801000.0,5801000.0,2015000.0,2015000.0,2015000.0,2015000.0,5269000.0,5269000.0,5269000.0,,4129000.0,4129000.0,4129000.0,4129000.0,15408000.0,15408000.0,15408000.0,15408000.0,7637000.0,7637000.0,7637000.0,7637000.0
DerivativeLiabilitiesCurrent / USD,,,,,,49673000.0,,,,15453000.0,85381000.0,85381000.0,85381000.0,85381000.0,1543000.0,1543000.0,1543000.0,1543000.0,1730000.0,1730000.0,1730000.0,1730000.0,9568000.0,9568000.0,9568000.0,9568000.0,56771000.0,9568000.0,,,56771000.0,,,,322000.0,,,,56734000.0,,,,4552000.0,,,,2015000.0,,,,5269000.0,,,,3000000.0,,,,14584000.0,,,,7324000.0
DerivativeLiabilitiesNoncurrent / USD,,,,,,8924000.0,,,,78089000.0,9206000.0,9206000.0,9206000.0,9206000.0,,,7024000.0,0.0,20126000.0,20126000.0,20126000.0,20126000.0,110539000.0,110539000.0,110539000.0,110539000.0,184048000.0,110539000.0,,,184048000.0,,,,112076000.0,,,,103000.0,,,,1249000.0,,,,,,,,0.0,,,,1129000.0,,,,824000.0,,,,313000.0
DerivativeNonmonetaryNotionalAmountVolume / MMcf,,,,,,,,,,,,,,,,,,,,,,,,,,,,,,,,,,,,,,,,,,,,,,,,12982.0,4777.0,,,12039.0,4123.0,19735.0,31289.0,20045.0,6651.0,15455.0,26734.0,15053.0,4017.0,14909.0,32566.0
DividendsCommonStockCash / USD,,-117288000.0,,,,,,,,124287000.0,,,,124011000.0,,,,125796000.0,,,,128115000.0,,,,146248000.0,,146248000.0,,,160018000.0,,,,175126000.0,51837000.0,51837000.0,51837000.0,191931000.0,58722000.0,58722000.0,58722000.0,214906000.0,69557000.0,69557000.0,69557000.0,245717000.0,79023000.0,79023000.0,79023000.0,282444000.0,90411000.0,90411000.0,90411000.0,323904000.0,104552000.0,104552000.0,104552000.0,375914000.0,119898000.0,119898000.0,119898000.0,430345000.0
EarningsPerShareBasic / USD/shares,,,,2.22,2.19,2.08,0.81,2.26,2.26,2.22,0.75,1.95,2.31,2.28,0.89,2.17,2.6,2.39,0.95,2.34,2.76,2.68,,,,2.96,,2.96,,,,,,,,2.89,4.47,5.09,3.73,1.38,3.22,3.89,5.43,1.47,3.43,4.38,4.36,1.71,4.01,4.77,4.89,1.86,4.24,5.13,5.12,1.92,4.4,5.33,5.61,2.08,4.93,6.0,6.1
EarningsPerShareDiluted / USD/shares,,,,2.22,2.18,2.07,0.81,2.26,2.25,2.2,0.75,1.94,2.28,2.27,0.88,2.15,2.57,2.37,0.95,2.34,2.76,2.64,,,,2.96,,2.96,,,,,,,,2.89,4.47,5.09,3.73,1.38,3.21,3.88,5.43,1.47,3.42,4.37,4.35,1.71,4.01,4.77,4.89,1.86,4.24,5.12,5.12,1.91,4.4,5.33,5.6,2.08,4.93,6.0,6.1
EffectiveIncomeTaxRateContinuingOperations / pure,,,,,,,,,,,,,,,,,,,,,,,,,,,,,,,,,,,,,,,,,,,,,0.221,0.192,0.195,0.231,0.198,0.188,,0.059,0.083,0.085,,0.11,0.111,0.11,,0.147,0.153,0.156,0.114
EmployeeServiceShareBasedCompensationAllocationOfRecognizedPeriodCostsCapitalizedAmount / USD,,,,,,,,,,,,,,,,,,,,,,,,,,10800000.0,,10800000.0,,,11500000.0,,,,9800000.0,,,,9000000.0,,,,11100000.0,,,,12800000.0,,,,11600000.0,,,,12900000.0,,,,11500000.0,,,,13500000.0
EmployeeServiceShareBasedCompensationNonvestedAwardsTotalCompensationCostNotYetRecognized / USD,,,,,,18000000.0,,,,10100000.0,,,,5100000.0,,,,5300000.0,,,,10200000.0,,,,11400000.0,,11400000.0,,,10900000.0,,,,11500000.0,,,,13700000.0,,,,13000000.0,,,,13800000.0,,,,14100000.0,,,,13900000.0,,,,17600000.0,,,,21600000.0
EnergyRelatedInventoryGasStoredUnderground / USD,352728000.0,352728000.0,319038.0,319038000.0,319038000.0,319038000.0,289760000.0,289760000.0,289760000.0,289760000.0,256415000.0,256415000.0,256415000.0,256415000.0,244741000.0,244741000.0,244741000.0,244741000.0,278917000.0,278917000.0,278917000.0,278917000.0,236603000.0,236603000.0,236603000.0,236603000.0,179070000.0,195336000.0,179070000.0,179070000.0,179070000.0,184653000.0,184653000.0,184653000.0,184653000.0,165732000.0,165732000.0,165732000.0,165732000.0,130138000.0,130138000.0,130138000.0,130138000.0,111950000.0,111950000.0,111950000.0,111950000.0,178116000.0,178116000.0,178116000.0,178116000.0,357941000.0,357941000.0,357941000.0,357941000.0,245830000.0,245830000.0,245830000.0,245830000.0,169508000.0,169508000.0,169508000.0,169508000.0
EntityCommonStockSharesOutstanding / shares,90154801.0,90421614.0,90648911.0,90329899.0,90285306.0,90364061.0,90016074.0,90030471.0,90173217.0,90240464.0,90517509.0,90549038.0,90640211.0,90912251.0,90958751.0,100186395.0,100351676.0,100393038.0,100862051.0,101018788.0,101369699.0,101506645.0,102106896.0,102233265.0,103847858.0,103964735.0,105175480.0,,105288359.0,106065596.0,106112709.0,110967636.0,111064659.0,111200632.0,111352649.0,116897373.0,116988209.0,118200689.0,119343545.0,122266316.0,122311513.0,123354982.0,125889456.0,128160695.0,130671944.0,130790813.0,132425817.0,135432277.0,139015012.0,139891918.0,140900576.0,143162520.0,144487306.0,148462481.0,148496108.0,150839709.0,150877056.0,155232827.0,155399533.0,158728197.0,158836864.0,160523571.0,161693336.0
EntityPublicFloat / USD,2598503183.0,2598503183.0,2598503183.0,3008806271.0,3008806271.0,3008806271.0,3008806271.0,2764486845.0,2764486845.0,2764486845.0,2764486845.0,3816801052.0,,3816801052.0,,,,4659809695.0,,,,5500632050.0,,,,7463087078.0,,,,,8146262574.0,,,,9175655493.0,,,,11826627172.0,,,,11938304144.0,,,,12737499573.0,,,,16491263629.0,,,,16116913880.0,,,,17825800856.0,,,,24413133216.0
EquitySecuritiesFvNiUnrealizedGainLoss / USD,,,,,,,,,,,,,,,,,,,,,,,,,,,,,,,,,,,,,,,,,,,,,,,,,,,-4176000.0,,,,-860000.0,,,,-7737000.0,,,,1406000.0
FinanceLeaseLiability / USD,,,,,,,,,,,,,,,,,,,,,,,,,,,,,,,,,,,,,,,,0.0,0.0,0.0,0.0,8631000.0,8631000.0,8631000.0,8631000.0,18739000.0,18739000.0,18739000.0,18739000.0,51850000.0,51850000.0,51850000.0,51850000.0,50393000.0,50393000.0,50393000.0,50393000.0,48890000.0,48890000.0,48890000.0,48890000.0
FinanceLeaseLiabilityCurrent / USD,,,,,,,,,,,,,,,,,,,,,,,,,,,,,,,,,,,,,,,,50000.0,131000.0,157000.0,165000.0,,,,165000.0,,,,452000.0,,,,1457000.0,,,,1568000.0,,,,1651000.0
FinanceLeaseLiabilityNoncurrent / USD,,,,,,,,,,,,,,,,,,,,,,,,,,,,,,,,,,,,,,,,2484000.0,6535000.0,8479000.0,8466000.0,,,,8466000.0,,,,18287000.0,,,,50393000.0,,,,48825000.0,,,,47239000.0
FinanceLeaseLiabilityPaymentsDue / USD,,,,,,,,,,,,,,,,,,,,,,,,,,,,,,,,,,,,,,,,5492000.0,12018000.0,16659000.0,16477000.0,,,,29809000.0,,,,73193000.0,,,,69880000.0,,,,66506000.0,,,,63067000.0
FinanceLeaseLiabilityPaymentsDueInNextRollingTwelveMonths / USD,,,,,,,,,,,,,,,,,,,,,,,,,,,,,,,,,,,,,,,,244000.0,516000.0,738000.0,741000.0,,,,1342000.0,,,,3313000.0,,,,3375000.0,,,,3438000.0,,,,3502000.0
FinanceLeaseLiabilityPaymentsDueInRollingAfterYearFive / USD,,,,,,,,,,,,,,,,,,,,,,,,,,,,,,,,,,,,,,,,4222000.0,9335000.0,12862000.0,12666000.0,,,,22868000.0,,,,55997000.0,,,,52362000.0,,,,48660000.0,,,,44877000.0
FinanceLeaseLiabilityPaymentsDueInRollingYearFive / USD,,,,,,,,,,,,,,,,,,,,,,,,,,,,,,,,,,,,,,,,264000.0,558000.0,781000.0,784000.0,,,,1435000.0,,,,3568000.0,,,,3635000.0,,,,3703000.0,,,,3782000.0
FinanceLeaseLiabilityPaymentsDueInRollingYearFour / USD,,,,,,,,,,,,,,,,,,,,,,,,,,,,,,,,,,,,,,,,259000.0,547000.0,770000.0,773000.0,,,,1411000.0,,,,3502000.0,,,,3568000.0,,,,3635000.0,,,,3703000.0
FinanceLeaseLiabilityPaymentsDueInRollingYearThree / USD,,,,,,,,,,,,,,,,,,,,,,,,,,,,,,,,,,,,,,,,254000.0,536000.0,759000.0,762000.0,,,,1388000.0,,,,3438000.0,,,,3502000.0,,,,3568000.0,,,,3635000.0
FinanceLeaseLiabilityPaymentsDueInRollingYearTwo / USD,,,,,,,,,,,,,,,,,,,,,,,,,,,,,,,,,,,,,,,,249000.0,526000.0,749000.0,751000.0,,,,1365000.0,,,,3375000.0,,,,3438000.0,,,,3502000.0,,,,3568000.0
FinanceLeaseLiabilityUndiscountedExcessAmount / USD,,,,,,,,,,,,,,,,,,,,,,,,,,,,,,,,,,,,,,,,2958000.0,5352000.0,8023000.0,7846000.0,,,,11070000.0,,,,21343000.0,,,,19487000.0,,,,17616000.0,,,,15833000.0
FinanceLeaseRightOfUseAsset / USD,,,,,,,,,,,,,,,,,,,,,,,,,,,,,,,,,,,,,,,,2522000.0,6631000.0,8554000.0,8480000.0,,,,8480000.0,,,,18252000.0,,,,50118000.0,,,,47472000.0,,,,44748000.0
FinanceLeaseWeightedAverageDiscountRatePercent / pure,,,,,,,,,,,,,,,,,,,,,,,,,,,,,,,,,,,,,,,,0.0957,0.0695,0.0802,0.08,,,,0.08,,,,0.057,,,,0.04,,,,0.04,,,,0.04
FiniteLivedIntangibleAssetsAccumulatedAmortization / USD,,,,,,6092000.0,,,,,,,,,,,,,,,,,,,,,,,,,,,,,,,,,,,,,,,,,,,,,,,,,1398000.0,,,,1398000.0,,,,10756000.0
FiniteLivedIntangibleAssetsNet / USD,,,,,,834000.0,,,,207000.0,164000.0,164000.0,164000.0,164000.0,121000.0,,,,,,,,,,,,,,,,,,,,,,,,,,,,,,,,,,,,,,,0.0,0.0,92202000.0,92202000.0,92202000.0,92202000.0,82844000.0,82844000.0,82844000.0,82844000.0
ForwardContractIndexedToIssuersEquityForwardRate / USD/shares,,,,,,,,,,,,,,,,,,,,,,,,,,,,,,,,,,,,91.9,,0.0,0.0,107.4,,,,100.66,90.96,94.71,98.31,95.23,,108.71,110.54,114.39,115.9,117.29,117.85,115.47,115.03,115.12,122.28,129.6,131.73,136.38,137.6
ForwardContractIndexedToIssuersEquitySettlementAlternativesCashAtFairValue / USD,,,,,,,,,,,,,,,,,,,,,,,,,,,,,,,,,,,,245200000.0,,0.0,,,418580000.0,547222000.0,345206000.0,246834000.0,115600000.0,213100000.0,301984000.0,294685000.0,451300000.0,700895000.0,776643000.0,754866000.0,673218000.0,589483000.0,466803000.0,473472000.0,889680000.0,550735000.0,1380556000.0,1475770000.0,1659625000.0,1684406000.0,1558522000.0
ForwardContractIndexedToIssuersEquitySettlementAlternativesSharesAtFairValue / shares,,,,,,,,,,,,,,,,,,,,,,,,,,,,,,,,,,,,,,0.0,0.0,4629860.0,3800657.0,5146620.0,3335995.0,2452177.0,,,3071724.0,3094440.0,,6447216.0,7026160.0,6598862.0,5808384.0,5025801.0,3961025.0,4100543.0,7734366.0,4784006.0,11290120.0,11386812.0,12598259.0,12350452.0,11326599.0
Goodwill / USD,,,,,,739314000.0,,,,740000000.0,740683000.0,740683000.0,740683000.0,740683000.0,741363000.0,741363000.0,741363000.0,741363000.0,742029000.0,742029000.0,742029000.0,742029000.0,742702000.0,742702000.0,742702000.0,742702000.0,726962000.0,726257000.0,726962000.0,726962000.0,726962000.0,730132000.0,730132000.0,730132000.0,730132000.0,730419000.0,730419000.0,730419000.0,730419000.0,730706000.0,730706000.0,730706000.0,730706000.0,731257000.0,731257000.0,731257000.0,731257000.0,731257000.0,731257000.0,731257000.0,731257000.0,731257000.0,731257000.0,731257000.0,731257000.0,731257000.0,731257000.0,731257000.0,731257000.0,731257000.0,731257000.0,731257000.0,731257000.0
GoodwillImpairmentLoss / USD,,,,,,,,,,,,,,,,,,,,,,,,,,,,,,,,,,,,,,,,,,,,,,,,,,,,,,,,,,,,,0.0,0.0,
ImpairmentOfLongLivedAssetsHeldForUse / USD,,,,,,,,,,,,,,,,,,,,,,,,,,,,,,,,,,,,,,,,,,,,,,,,,,,,,,,0.0,,,,0.0,,,,0.0
IncomeLossFromContinuingOperationsBeforeIncomeTaxesExtraordinaryItemsNoncontrollingInterest / USD,,,,,,,,,,,,,,,,,,,,,,,,,,,,,,,,,,,,,,,,,,,,,,,650309000.0,282902000.0,641444000.0,759759000.0,746796000.0,264712000.0,626129000.0,767789000.0,819299000.0,305617000.0,708291000.0,862380000.0,851908000.0,365116000.0,877351000.0,1076356000.0,999641000.0
IncomeTaxExpenseBenefit / USD,109812000.0,112373000.0,58289.0,129170000.0,124199000.0,97362000.0,44568000.0,115934000.0,114211000.0,119203000.0,39345000.0,103556000.0,120104000.0,106819000.0,47750000.0,113969000.0,133683000.0,98226000.0,49457000.0,133053000.0,161723000.0,142599000.0,58659000.0,142177000.0,176182000.0,187002000.0,60767000.0,174612000.0,141532000.0,177224000.0,189549000.0,63856000.0,160905000.0,201974000.0,196642000.0,-106115000.0,-43676000.0,-17228000.0,221383000.0,43246000.0,103318000.0,127107000.0,8080000.0,51766000.0,118398000.0,127297000.0,138903000.0,65224000.0,127012000.0,142916000.0,145353000.0,15503000.0,51921000.0,65034000.0,153736000.0,33757000.0,78760000.0,95042000.0,77510000.0,53824000.0,134036000.0,167477000.0,113779000.0
IncomeTaxReconciliationDeductionsDividends / USD,,,,,,1591000.0,,,,1785000.0,,,,1930000.0,,,,2096000.0,,,,2153000.0,,,,2307000.0,,2307000.0,,,2413000.0,,,,2570000.0,,,,2584000.0,,,,1745000.0,,,,1460000.0,,,,1419000.0,,,,1372000.0,,,,1355000.0,,,,
IncomeTaxReconciliationIncomeTaxExpenseBenefitAtFederalStatutoryIncomeTaxRate / USD,,,,,,98231000.0,,,,108169000.0,,,,103743000.0,,,,101648000.0,,,,130655000.0,,,,166887000.0,,155730000.0,,,173310000.0,,,,189764000.0,,,,211433000.0,,,,149730000.0,,,,136565000.0,,,,156827000.0,,,,172053000.0,,,,178901000.0,,,,209925000.0
IncomeTaxReconciliationNondeductibleExpenseAmortization / USD,,,,,,,,,,,,,,,,,,,,,,,,,,,,,,,,,,,0.0,,,,0.0,,,,-1219000.0,,,,-14085000.0,,,,-16125000.0,,,,-45382000.0,,,,-127193000.0,,,,
IncomeTaxReconciliationOtherAdjustments / USD,,,,,,663000.0,,,,1222000.0,,,,-445000.0,,,,2801000.0,,,,1453000.0,,,,3817000.0,,3654000.0,,,1365000.0,,,,-3009000.0,,,,-3566000.0,,,,270000.0,,,,-2319000.0,,,,4241000.0,,,,8790000.0,,,,2488000.0,,,,1652000.0
IncomeTaxReconciliationStateAndLocalIncomeTaxes / USD,,,,,,-13000.0,,,,11493000.0,,,,8109000.0,,,,-4127000.0,,,,11559000.0,,,,11636000.0,,10566000.0,,,12289000.0,,,,11133000.0,,,,16100000.0,,,,19826000.0,,,,20202000.0,,,,22791000.0,,,,19647000.0,,,,24669000.0,,,,19853000.0
IncomeTaxesPaidNet / USD,,,,,,-36405000.0,,,,-63677000.0,,,,-8329000.0,,,,-432000.0,,,,10008000.0,,,,-610000.0,,-610000.0,,,1802000.0,,,,,,,,,,,,6102000.0,,,,11467000.0,,,,-3071000.0,,,,8199000.0,,,,15760000.0,,,,14968000.0
IncomeTaxesReceivable / USD,,,,,,,,,,,,,,,,,,,,,,,,,,,,,,,,,,,,,,,,,,,,,,,,,,,0.0,,,,11911000.0,,,,13918000.0,,,,14332000.0
IncreaseDecreaseInAccountsPayableAndAccruedLiabilities / USD,,39902000.0,,,,-181978000.0,,,,58069000.0,,,,23904000.0,,,,-64234000.0,,,,31912000.0,,,,60465000.0,,60465000.0,,,-59112000.0,,,,-5195000.0,,,,53017000.0,,,,-11857000.0,,,,9908000.0,,,,7359000.0,,,,104242000.0,,,,40394000.0,,,,-132575000.0
IncreaseDecreaseInAccountsReceivable / USD,,97018000.0,,,,-244713000.0,,,,40401000.0,,,,96000.0,,,,-32578000.0,,,,73669000.0,,,,41408000.0,,41408000.0,,,-48240000.0,,,,4847000.0,,,,58696000.0,,,,29208000.0,,,,-18724000.0,,,,-7167000.0,,,,113665000.0,,,,34325000.0,,,,-46859000.0
IncreaseDecreaseInCommodityContractAssetsAndLiabilities / USD,,,,,,,,,-15869000.0,,-8426000.0,-15690000.0,-12759000.0,,15641000.0,14709000.0,6386000.0,,5477000.0,-836000.0,-3158000.0,,20828000.0,29091000.0,13136000.0,,7495000.0,,-9528000.0,-7973000.0,,-3969000.0,-26757000.0,-25661000.0,,-2030000.0,-812000.0,-912000.0,,2458000.0,333000.0,1976000.0,,-4143000.0,-1310000.0,-1295000.0,,816000.0,1954000.0,99000.0,,8834000.0,4172000.0,7167000.0,,-218000.0,1482000.0,1545000.0,,-5589000.0,-1683000.0,-2292000.0,
IncreaseDecreaseInInventories / USD,,54726000.0,,,,-194287000.0,,,,-54014000.0,,,,-27737000.0,,,,-28417000.0,,,,-31979000.0,,,,31996000.0,,31996000.0,,,-33234000.0,,,,-20577000.0,,,,35126000.0,,,,-18921000.0,,,,-35594000.0,,,,-18188000.0,,,,66166000.0,,,,179825000.0,,,,-112111000.0
IncreaseDecreaseInOtherCurrentAssets / USD,,,,,,,,,,,,,,,,,,,,,,-15644000.0,,,,24411000.0,,24411000.0,,,11951000.0,,,,18739000.0,,,,-9991000.0,,,,-60424000.0,,,,26590000.0,,,,35878000.0,,,,84705000.0,,,,65979000.0,,,,36041000.0
IncreaseDecreaseInOtherCurrentLiabilities / USD,,,,,,,,,,,,,,,,,,,,,,-44491000.0,,,,2413000.0,,2413000.0,,,896000.0,,,,-44482000.0,,,,-78651000.0,,,,74707000.0,,,,-103895000.0,,,,-129543000.0,,,,-166268000.0,,,,-152274000.0,,,,30687000.0
IncreaseDecreaseInOtherNoncurrentAssets / USD,,,,,,,,,,,,,,,,,,,,,,-111069000.0,,,,-28875000.0,,-28875000.0,,,-51614000.0,,,,24860000.0,,,,-102254000.0,,,,10049000.0,,,,58403000.0,,,,31935000.0,,,,-136809000.0,,,,-13287000.0,,,,172586000.0
IncreaseDecreaseInOtherNoncurrentLiabilities / USD,,,,,,,,,,,,,,,,,,,,,,-96658000.0,,,,-19552000.0,,-19552000.0,,,-56025000.0,,,,14334000.0,,,,-66056000.0,,,,31923000.0,,,,47976000.0,,,,30966000.0,,,,-109349000.0,,,,14958000.0,,,,41788000.0
IncreaseDecreaseInOtherOperatingCapitalNet / USD,,,,,,,,,,,,,,,,,,,,,,,,,,,,,,,,,,,,,,,,,,,,,114640000.0,82970000.0,,236689000.0,182898000.0,184517000.0,,305531000.0,218092000.0,186691000.0,,241383000.0,83123000.0,48284000.0,,263478000.0,164895000.0,103869000.0,
IncrementalCommonSharesAttributableToEquityForwardAgreements / shares,,,,,,,,,,,,,,,,,,,,,,,,,,,,,,,,,,,,0.0,0.0,0.0,0.0,32000.0,104000.0,188000.0,0.0,246000.0,164000.0,111000.0,261000.0,0.0,2000.0,44000.0,84000.0,7000.0,211000.0,256000.0,55000.0,117000.0,82000.0,60000.0,266000.0,0.0,13000.0,38000.0,45000.0
InterestExpenseNonoperating / USD,,,,,,,,,,,,,,,,,,,,,,,,,,,,,,,,,,,,,,,,,,,,,,,,,,,,,,,,,,105464000.0,102811000.0,51875000.0,107317000.0,148477000.0,137281000.0
InterestIncomeExpenseNonoperatingNet / USD,,,,,,,,,,,,,,,,,,,,,,,,,,,,,,,,,,,,,,,1390000.0,,,,1450000.0,,,,4160000.0,,,,2932000.0,,,,2144000.0,,,,2781000.0,,,,7207000.0
InterestPaid / USD,,,,,,163554000.0,,,,161925000.0,,,,157976000.0,,,,150606000.0,,,,148461000.0,,,,156606000.0,,156606000.0,,,151334000.0,,,,,,,,,,,,169987000.0,,,,184852000.0,,,,194993000.0,,,,207555000.0,,,,234297000.0,,,,249066000.0
InterestPaidNet / USD,,,,,,,,,,,,,,,,,,,,,,,,,,,,,,,,,,,154748000.0,,,,156668000.0,,,,106800000.0,,,,91300000.0,,,,82300000.0,,,,81900000.0,,,,98400000.0,,,,117900000.0
InterestPayableCurrent / USD,,,,,,42901000.0,,,,37557000.0,,,,34451000.0,,,,36744000.0,,,,36768000.0,,,,34914000.0,,34914000.0,,,34863000.0,,,,39624000.0,,,,39486000.0,,,,51381000.0,,,,53554000.0,,,,55164000.0,,,,59542000.0,,,,78939000.0,,,,106116000.0
InterestRateCashFlowHedgeGainLossReclassifiedToEarningsNet / USD,,,,,,,,,,,,,-1506000.0,-2455000.0,-502000.0,-1375000.0,-2432000.0,-2009000.0,-1058000.0,-2115000.0,-3172000.0,-3489000.0,-444000.0,-580000.0,-717000.0,-4230000.0,-137000.0,-4230000.0,-273000.0,-410000.0,-853000.0,-100000.0,-100000.0,-500000.0,-500000.0,-600000.0,1200000.0,1800000.0,1000000.0,-600000.0,-1200000.0,-2600000.0,2400000.0,-1400000.0,-2700000.0,-4100000.0,3900000.0,-1500000.0,-2900000.0,-4400000.0,5500000.0,-1000000.0,-1900000.0,-2900000.0,-5900000.0,700000.0,1400000.0,2100000.0,-3800000.0,3200000.0,6400000.0,9600000.0,2700000.0
LeaseCost / USD,,,,,,,,,,,,,,,,,,,,,,,,,,,,,,,,,,,,,,,,9998000.0,20269000.0,30837000.0,41509000.0,,,,41509000.0,,,,41509000.0,,,,43683000.0,,,,47708000.0,,,,48589000.0
LesseeOperatingLeaseLiabilityPaymentsDue / USD,,,,,,,,,,,,,,,,,,,,,,,,,,,,,,,,,,,,,,,,272558000.0,272447000.0,276618000.0,278181000.0,,,,271074000.0,,,,259835000.0,,,,277989000.0,,,,320408000.0,,,,375802000.0
LesseeOperatingLeaseLiabilityPaymentsDueAfterRollingYearFive / USD,,,,,,,,,,,,,,,,,,,,,,,,,,,,,,,,,,,,,,,,123523000.0,124541000.0,126310000.0,126383000.0,,,,121850000.0,,,,114707000.0,,,,132908000.0,,,,146828000.0,,,,144744000.0
LesseeOperatingLeaseLiabilityPaymentsDueInRollingYearFive / USD,,,,,,,,,,,,,,,,,,,,,,,,,,,,,,,,,,,,,,,,18717000.0,16530000.0,16826000.0,16882000.0,,,,16843000.0,,,,17754000.0,,,,20454000.0,,,,25501000.0,,,,34458000.0
LesseeOperatingLeaseLiabilityPaymentsDueInRollingYearFour / USD,,,,,,,,,,,,,,,,,,,,,,,,,,,,,,,,,,,,,,,,27162000.0,26697000.0,25616000.0,24691000.0,,,,22516000.0,,,,20639000.0,,,,24267000.0,,,,30918000.0,,,,40601000.0
LesseeOperatingLeaseLiabilityPaymentsDueInRollingYearThree / USD,,,,,,,,,,,,,,,,,,,,,,,,,,,,,,,,,,,,,,,,31976000.0,31932000.0,32353000.0,32504000.0,,,,30718000.0,,,,27174000.0,,,,26838000.0,,,,34791000.0,,,,47140000.0
LesseeOperatingLeaseLiabilityPaymentsDueInRollingYearTwo / USD,,,,,,,,,,,,,,,,,,,,,,,,,,,,,,,,,,,,,,,,35705000.0,36540000.0,37234000.0,37672000.0,,,,37325000.0,,,,36457000.0,,,,32197000.0,,,,39126000.0,,,,52313000.0
LesseeOperatingLeaseLiabilityPaymentsDueNextRollingTwelveMonths / USD,,,,,,,,,,,,,,,,,,,,,,,,,,,,,,,,,,,,,,,,35475000.0,36207000.0,38279000.0,40049000.0,,,,41822000.0,,,,43104000.0,,,,41325000.0,,,,43244000.0,,,,56546000.0
LesseeOperatingLeaseLiabilityUndiscountedExcessAmount / USD,,,,,,,,,,,,,,,,,,,,,,,,,,,,,,,,,,,,,,,,41462000.0,41402000.0,42344000.0,41394000.0,,,,38641000.0,,,,36890000.0,,,,47717000.0,,,,61570000.0,,,,68243000.0
LiabilitiesAndStockholdersEquity / USD,6343766000.0,6367083000.0,6763791.0,6763791000.0,6763791000.0,6763791000.0,7282871000.0,7282871000.0,7282871000.0,7282871000.0,7495675000.0,7495675000.0,7495675000.0,7495675000.0,7934268000.0,7934268000.0,7934268000.0,7934268000.0,8594704000.0,8594704000.0,8594704000.0,8594704000.0,9092945000.0,9092945000.0,9092945000.0,9075072000.0,10010889000.0,9075072000.0,10010889000.0,10010889000.0,10010889000.0,10749596000.0,10749596000.0,10749596000.0,10749596000.0,11874437000.0,11874437000.0,11874437000.0,11874437000.0,13367619000.0,13367619000.0,13367619000.0,13367619000.0,15359032000.0,15359032000.0,15359032000.0,15359032000.0,19608662000.0,19608662000.0,19608662000.0,19608662000.0,22192989000.0,22192989000.0,22192989000.0,22192989000.0,22516968000.0,22516968000.0,22516968000.0,22516968000.0,25194465000.0,25194465000.0,25194465000.0,25194465000.0
LiabilitiesCurrent / USD,737421000.0,737421000.0,1166079.0,1166079000.0,1166079000.0,1166079000.0,867598000.0,867598000.0,867598000.0,867598000.0,1275954000.0,1275954000.0,1275954000.0,1275954000.0,978486000.0,978486000.0,978486000.0,978486000.0,910650000.0,910650000.0,910650000.0,910650000.0,1154823000.0,1154823000.0,1154823000.0,1154823000.0,1788281000.0,1154823000.0,1788281000.0,1788281000.0,1788281000.0,1013443000.0,1013443000.0,1013443000.0,1013443000.0,1915131000.0,1915131000.0,1915131000.0,1915131000.0,1209440000.0,1209440000.0,1209440000.0,1209440000.0,782401000.0,782401000.0,782401000.0,782401000.0,3510355000.0,3510355000.0,3510355000.0,3510355000.0,3602600000.0,3602600000.0,3602600000.0,3602600000.0,1352592000.0,1352592000.0,1352592000.0,1352592000.0,1205875000.0,1205875000.0,1205875000.0,1205875000.0
LiabilityForUncertainTaxPositionsNoncurrent / USD,,,,,,6731000.0,,,,,,,,6700000.0,,,,,,,,,,,,,,,,,,,,,,,,,,,,,,,,,,,,,32792000.0,,,,39908000.0,,,,46620000.0,,,,46174000.0
LongTermDebtAndCapitalLeaseObligations / USD,,,,,,,,,,,,,,,,,,,,,,,,,,,,,,,,,,,,,,,,3529452000.0,3529452000.0,3529452000.0,3529452000.0,4531779000.0,4531779000.0,4531779000.0,4531779000.0,4930205000.0,4930205000.0,4930205000.0,4930205000.0,5760647000.0,5760647000.0,5760647000.0,5760647000.0,6554133000.0,6554133000.0,6554133000.0,6554133000.0,7783646000.0,7783646000.0,7783646000.0,7783646000.0
LongTermDebtAndCapitalLeaseObligationsCurrent / USD,,,,,,,,,,,,,,,,,,,,,,,,,,,,,,,,,,,,,,,,0.0,0.0,0.0,0.0,165000.0,165000.0,165000.0,165000.0,2400452000.0,2400452000.0,2400452000.0,2400452000.0,2201457000.0,2201457000.0,2201457000.0,2201457000.0,1568000.0,1568000.0,1568000.0,1568000.0,1651000.0,1651000.0,1651000.0,1651000.0
LongTermDebtAndCapitalLeaseObligationsIncludingCurrentMaturities / USD,,,,,,,,,,,,,,,,,,,,,,,,,,,,,,,,,,,,,,,,3560000000.0,3560000000.0,3560000000.0,3560000000.0,4568631000.0,4568631000.0,4568631000.0,4568631000.0,7378739000.0,7378739000.0,7378739000.0,7378739000.0,8011850000.0,8011850000.0,8011850000.0,8011850000.0,6610393000.0,6610393000.0,6610393000.0,6610393000.0,7833890000.0,7833890000.0,7833890000.0,7833890000.0
LongTermDebtFairValue / USD,,,,,,,,,,,,,,,,,,,,,,,,,,,,,,,,,,,,,3161679000.0,3161679000.0,4216249000.0,4216249000.0,4216249000.0,4216249000.0,5597183000.0,5597183000.0,5597183000.0,5597183000.0,8086136000.0,8086136000.0,8086136000.0,8086136000.0,6918843000.0,6918843000.0,6918843000.0,6918843000.0,5402591000.0,5402591000.0,5402591000.0,5402591000.0,7337936000.0,7337936000.0,7337936000.0,7337936000.0,8272978000.0
LongTermDebtMaturitiesRepaymentsOfPrincipalAfterYearFive / USD,,,,,,1460000000.0,,,,1210000000.0,,,,1710000000.0,,,,1260000000.0,,,,1760000000.0,,,,1760000000.0,,1760000000.0,,,2510000000.0,,,,2510000000.0,,,,3560000000.0,,,,4350000000.0,,,,4950000000.0,,,,5250000000.0,,,,5900000000.0,,,,6625000000.0,,,,7775000000.0
LongTermDebtMaturitiesRepaymentsOfPrincipalInNextTwelveMonths / USD,,,,,,2434000.0,,,,131000.0,,,,0.0,,,,500000000.0,,,,0.0,,,,250000000.0,,250000000.0,,,0.0,,,,575000000.0,,,,0.0,,,,0.0,,,,2400000000.0,,,,2200000000.0,,,,0.0,,,,0.0,,,,10000000.0
LongTermDebtMaturitiesRepaymentsOfPrincipalInYearFive / USD,,,,,,0.0,,,,250000000.0,,,,0.0,,,,450000000.0,,,,0.0,,,,0.0,,0.0,,,0.0,,,,0.0,,,,0.0,,,,10000000.0,,,,0.0,,,,500000000.0,,,,150000000.0,,,,500000000.0,,,,0.0
LongTermDebtMaturitiesRepaymentsOfPrincipalInYearFour / USD,,,,,,500000000.0,,,,0.0,,,,250000000.0,,,,0.0,,,,450000000.0,,,,0.0,,0.0,,,0.0,,,,0.0,,,,0.0,,,,0.0,,,,10000000.0,,,,10000000.0,,,,500000000.0,,,,150000000.0,,,,500000000.0
LongTermDebtMaturitiesRepaymentsOfPrincipalInYearThree / USD,,,,,,0.0,,,,500000000.0,,,,0.0,,,,250000000.0,,,,0.0,,,,450000000.0,,450000000.0,,,0.0,,,,0.0,,,,0.0,,,,0.0,,,,0.0,,,,0.0,,,,10000000.0,,,,500000000.0,,,,150000000.0
LongTermDebtMaturitiesRepaymentsOfPrincipalInYearTwo / USD,,,,,,250131000.0,,,,0.0,,,,500000000.0,,,,0.0,,,,250000000.0,,,,0.0,,0.0,,,575000000.0,,,,0.0,,,,0.0,,,,200000000.0,,,,0.0,,,,0.0,,,,0.0,,,,10000000.0,,,,500000000.0
MarketableSecurities / USD,,,,,,41466000.0,,,,52633000.0,,,,64398000.0,,,,72682000.0,,,,79613000.0,,,,74200000.0,,74200000.0,,,72701000.0,,,,,,,,,,,,,,,,103952000.0,,,,108071000.0,,,,96012000.0,,,,104602000.0,,,,110594000.0
NetCashProvidedByUsedInFinancingActivities / USD,-397156000.0,98068000.0,85782.0,-129933000.0,-162597000.0,-337546000.0,75648000.0,-168979000.0,-140429000.0,-163025000.0,124506000.0,-130101000.0,-120898000.0,44009000.0,221804000.0,17784000.0,-109246000.0,-44837000.0,280498000.0,-56527000.0,-91768000.0,85747000.0,316211000.0,-44591000.0,-48085000.0,68225000.0,270402000.0,68225000.0,99834000.0,191006000.0,131083000.0,272264000.0,-37464000.0,24037000.0,303623000.0,236475000.0,-18558000.0,46449000.0,168091000.0,455035000.0,302174000.0,418865000.0,326266000.0,520512000.0,653011000.0,688295000.0,725670000.0,733314000.0,3092812000.0,3014597000.0,883777000.0,765206000.0,1007257000.0,996605000.0,3143821000.0,723654000.0,-1438705000.0,-1137630000.0,1387205000.0,785292000.0,661912000.0,1376044000.0,-696769000.0
NetCashProvidedByUsedInInvestingActivities / USD,-348420000.0,-483009000.0,-117312.0,-233575000.0,-362787000.0,-517201000.0,-123532000.0,-248198000.0,-393656000.0,-542702000.0,-155474000.0,-315001000.0,-501621000.0,-627386000.0,-191300000.0,-392817000.0,-432589000.0,-609260000.0,-186434000.0,-363913000.0,-553220000.0,-696914000.0,-262052000.0,-442990000.0,-668602000.0,-824979000.0,-290293000.0,-824979000.0,-533524000.0,-783399000.0,-956602000.0,-392137000.0,-516670000.0,-747355000.0,-1079732000.0,-381372000.0,-688144000.0,-1087224000.0,-1056306000.0,-415293000.0,-768421000.0,-1195401000.0,-1463566000.0,-528235000.0,-991237000.0,-1400267000.0,-1683660000.0,-453592000.0,-846063000.0,-1352317000.0,-1925518000.0,-679748000.0,-1181969000.0,-1714569000.0,-1963655000.0,-792511000.0,-1410390000.0,-2077319000.0,-2429958000.0,-764375000.0,-1409264000.0,-2119094000.0,-2795280000.0
NetCashProvidedByUsedInOperatingActivities / USD,824594000.0,370933000.0,95156.0,483458000.0,594564000.0,919233000.0,45824000.0,438471000.0,519562000.0,726476000.0,-15291000.0,360723000.0,518806000.0,582844000.0,29858000.0,376341000.0,509575000.0,586917000.0,34300000.0,490981000.0,630210000.0,613127000.0,27415000.0,540848000.0,717582000.0,732813000.0,70141000.0,732813000.0,452955000.0,629946000.0,811914000.0,116963000.0,552003000.0,745561000.0,794990000.0,173238000.0,751367000.0,1035296000.0,867090000.0,164684000.0,560829000.0,808928000.0,1124662000.0,172445000.0,633775000.0,895486000.0,968769000.0,157069000.0,-1402246000.0,-1158467000.0,1037999000.0,61824000.0,640484000.0,929316000.0,-1084251000.0,188900000.0,2892716000.0,3221508000.0,977584000.0,245280000.0,991873000.0,1403064000.0,3459743000.0
NetIncomeLoss / USD,206930000.0,180331000.0,93330.0,207456000.0,204302000.0,190978000.0,73997000.0,206206000.0,205640000.0,205839000.0,68507000.0,177618000.0,208750000.0,207601000.0,80465000.0,196890000.0,235658000.0,216717000.0,87016000.0,220383000.0,266104000.0,243194000.0,97595000.0,235279000.0,291560000.0,289817000.0,102861000.0,289817000.0,244671000.0,315864000.0,315075000.0,125032000.0,289760000.0,360568000.0,350104000.0,314132000.0,314132000.0,314132000.0,396421000.0,157646000.0,157646000.0,157646000.0,603064000.0,178673000.0,178673000.0,178673000.0,511406000.0,217678000.0,217678000.0,217678000.0,601443000.0,249209000.0,249209000.0,249209000.0,665563000.0,271860000.0,271860000.0,271860000.0,774398000.0,311292000.0,311292000.0,311292000.0,885862000.0
NetIncomeLossAvailableToCommonStockholdersBasic / USD,,,,,196011000.0,181587000.0,70352000.0,197171000.0,195710000.0,187908000.0,61734000.0,162749000.0,191674000.0,187608000.0,77088000.0,189054000.0,222402000.0,191403000.0,86784000.0,219811000.0,265437000.0,229923000.0,97379000.0,234759000.0,290964000.0,289106000.0,,,,,,,,,,313804000.0,492665000.0,563772000.0,,157511000.0,372233000.0,452614000.0,602484000.0,178537000.0,418005000.0,535702000.0,510990000.0,217527000.0,514082000.0,616403000.0,600999000.0,249043000.0,573829000.0,702290000.0,665098000.0,271693000.0,629150000.0,766856000.0,773890000.0,311106000.0,742873000.0,908389000.0,885320000.0
NetIncomeLossAvailableToCommonStockholdersDiluted / USD,,,,,196015000.0,181591000.0,70354000.0,197176000.0,195714000.0,187913000.0,61735000.0,162753000.0,191678000.0,187612000.0,77090000.0,189059000.0,222407000.0,191407000.0,86784000.0,219811000.0,265437000.0,229928000.0,,,,289106000.0,,269668000.0,,,,,,,,313804000.0,492665000.0,563772000.0,382236000.0,157511000.0,372233000.0,452614000.0,602484000.0,178537000.0,418005000.0,535702000.0,510990000.0,217527000.0,514082000.0,616403000.0,600999000.0,249043000.0,573829000.0,702290000.0,665098000.0,271693000.0,629150000.0,766856000.0,773890000.0,311106000.0,742873000.0,908389000.0,885320000.0
NumberOfReportableSegments / segment,,,,,,,,,,,,,,,,,,,,,,,,,,,,,,,,,,,,,,,,,,,,,,,,,,,,,,,2.0,,,,2.0,,,,2.0
NumberOfStatesInWhichEntityOperates / state,,,,,,,,,,,,,8.0,8.0,8.0,8.0,8.0,8.0,8.0,8.0,8.0,8.0,8.0,8.0,8.0,8.0,8.0,8.0,8.0,8.0,,8.0,8.0,8.0,8.0,8.0,8.0,8.0,8.0,8.0,8.0,8.0,8.0,8.0,8.0,8.0,8.0,8.0,8.0,8.0,8.0,8.0,8.0,8.0,8.0,8.0,8.0,8.0,8.0,8.0,8.0,8.0,8.0
OperatingIncomeLoss / USD,433424000.0,427895000.0,190596.0,415136000.0,438614000.0,436366000.0,155289000.0,366488000.0,400566000.0,463833000.0,139471000.0,341903000.0,423449000.0,425986000.0,154922000.0,365100000.0,451496000.0,446240000.0,170720000.0,420800000.0,527405000.0,501879000.0,187725000.0,437935000.0,555542000.0,611349000.0,192729000.0,577222000.0,444385000.0,572781000.0,612232000.0,209918000.0,495090000.0,635754000.0,657230000.0,242083000.0,512985000.0,637305000.0,735628000.0,236464000.0,534141000.0,656343000.0,727934000.0,252781000.0,584219000.0,723254000.0,746058000.0,298840000.0,680644000.0,814034000.0,824099000.0,275861000.0,660993000.0,815580000.0,904998000.0,321186000.0,743824000.0,913077000.0,920982000.0,399105000.0,950095000.0,1170362000.0,1067147000.0
OperatingLeaseCost / USD,,,,,,,,,,,,,,,,,,,,,,,,,,,,,,,,,,,,,,,,9925000.0,20091000.0,30461000.0,40887000.0,,,,40887000.0,,,,40887000.0,,,,42349000.0,,,,43394000.0,,,,44090000.0
OperatingLeaseLiability / USD,,,,,,,,,,,,,,,,,,,,,,,,,,,,,,,,,,,,,,,,231096000.0,231045000.0,234274000.0,236787000.0,,,,232433000.0,,,,222945000.0,,,,230272000.0,,,,258838000.0,,,,307559000.0
OperatingLeaseLiabilityCurrent / USD,,,,,,,,,,,,,,,,,,,,,,,,,,,,,,,,,,,,,,,,30099000.0,31482000.0,33884000.0,35716000.0,,,,35716000.0,,,,37688000.0,,,,38644000.0,,,,35820000.0,,,,34340000.0
OperatingLeaseLiabilityNoncurrent / USD,,,,,,,,,,,,,,,,,,,,,,,,,,,,,,,,,,,,,,,,200997000.0,199563000.0,200390000.0,201071000.0,,,,201071000.0,,,,194745000.0,,,,184301000.0,,,,194452000.0,,,,224498000.0
OperatingLeasePayments / USD,,,,,,,,,,,,,,,,,,,,,,,,,,,,,,,,,,,,,,,,8840000.0,18223000.0,28011000.0,37758000.0,,,,37758000.0,,,,37758000.0,,,,42013000.0,,,,45080000.0,,,,45463000.0
OperatingLeaseRightOfUseAsset / USD,,,,,,,,,,,,,,,,,,,,,,,,,,,,,,,,,,,,,,,,223486000.0,222653000.0,225311000.0,227146000.0,,,,227146000.0,,,,222446000.0,,,,214663000.0,,,,223366000.0,,,,249556000.0
OperatingLeaseWeightedAverageDiscountRatePercent / pure,,,,,,,,,,,,,,,,,,,,,,,,,,,,,,,,,,,,,,,,0.0291,0.0292,0.0291,0.029,,,,0.029,,,,0.028,,,,0.029,,,,0.035,,,,0.041
OtherAssetsCurrent / USD,132203000.0,132203000.0,150995.0,150995000.0,150995000.0,150995000.0,316471000.0,316471000.0,316471000.0,316471000.0,272782000.0,272782000.0,272782000.0,272782000.0,64201000.0,64201000.0,64201000.0,64201000.0,111265000.0,111265000.0,111265000.0,111265000.0,70569000.0,65890000.0,65890000.0,65890000.0,88085000.0,49929000.0,88085000.0,88085000.0,88085000.0,106321000.0,106321000.0,106321000.0,106321000.0,46055000.0,46055000.0,46055000.0,46055000.0,72772000.0,72772000.0,72772000.0,72772000.0,107905000.0,107905000.0,107905000.0,107905000.0,2200909000.0,2200909000.0,2200909000.0,2200909000.0,2274490000.0,2274490000.0,2274490000.0,2274490000.0,292036000.0,292036000.0,292036000.0,292036000.0,288068000.0,288068000.0,288068000.0,288068000.0
OtherAssetsMiscellaneousCurrent / USD,,,,,,,,,,,,,,10777000.0,,,,6765000.0,,,,9145000.0,,,,6822000.0,,1116000.0,,,7102000.0,,,,1536000.0,,,,1420000.0,,,,2609000.0,,,,14456000.0,,,,3375000.0,,,,11245000.0,,,,12211000.0,,,,3896000.0
OtherAssetsMiscellaneousNoncurrent / USD,,,,,,,,,,,,,,14929000.0,,,,14595000.0,,,,14340000.0,,,,18343000.0,,18283000.0,,,15606000.0,,,,,,,,,,,,,,,,23374000.0,,,,27738000.0,,,,20968000.0,,,,23306000.0,,,,30343000.0
OtherAssetsNoncurrent / USD,335659000.0,358976000.0,355376.0,355376000.0,355376000.0,355376000.0,383793000.0,383793000.0,383793000.0,383793000.0,451262000.0,451262000.0,451262000.0,451262000.0,485117000.0,485117000.0,485117000.0,485117000.0,350929000.0,350929000.0,350929000.0,350929000.0,288678000.0,293357000.0,293357000.0,275484000.0,305019000.0,275424000.0,305019000.0,305019000.0,305019000.0,220636000.0,220636000.0,220636000.0,220636000.0,294018000.0,294018000.0,294018000.0,294018000.0,391213000.0,391213000.0,391213000.0,391213000.0,801170000.0,801170000.0,801170000.0,801170000.0,974720000.0,974720000.0,974720000.0,974720000.0,1173800000.0,1173800000.0,1173800000.0,1173800000.0,1201158000.0,1201158000.0,1201158000.0,1201158000.0,1043683000.0,1043683000.0,1043683000.0,1043683000.0
OtherComprehensiveIncomeLossAvailableForSaleSecuritiesAdjustmentNetOfTax / USD,,,,,,,,,,,,2947000.0,2059000.0,-1647000.0,-373000.0,-573000.0,-921000.0,3103000.0,2394000.0,2142000.0,2519000.0,-213000.0,-1067000.0,-105000.0,-296000.0,2214000.0,-768000.0,2214000.0,-1647000.0,-1496000.0,-2713000.0,-828000.0,702000.0,1553000.0,-465000.0,-107000.0,-1046000.0,-736000.0,2564000.0,0.0,97000.0,191000.0,-395000.0,-1000.0,-164000.0,200000.0,218000.0,-63000.0,-129000.0,-165000.0,106000.0,-69000.0,-230000.0,-336000.0,-191000.0,87000.0,221000.0,100000.0,-542000.0,296000.0,246000.0,242000.0,126000.0
OtherComprehensiveIncomeLossBeforeReclassificationsNetOfTax / USD,,,,,,,,,,,,,64742000.0,79068000.0,8059000.0,38188000.0,64742000.0,79068000.0,21890000.0,-370000.0,-23542000.0,,,,,,,,,,,,,,,,,,,-22716000.0,-25869000.0,-25774000.0,-25747000.0,-1000.0,-163000.0,-4730000.0,53349000.0,58979000.0,195777000.0,115403000.0,122826000.0,-46691000.0,74288000.0,233175000.0,296333000.0,22748000.0,-7055000.0,36881000.0,151536000.0,-47445000.0,-17845000.0,-923000.0,-42848000.0
OtherComprehensiveIncomeLossCashFlowHedgeGainLossAfterReclassificationAndTaxParent / USD,,,,,,,,,,,,,,,,,,,,,,,,,,,,,,,,,,,,,,,,,-25050000.0,-23997000.0,44936000.0,1053000.0,2106000.0,-2344000.0,-22944000.0,60184000.0,198189000.0,118993000.0,56888000.0,-45878000.0,76006000.0,235743000.0,127583000.0,22131000.0,-8336000.0,35191000.0,299851000.0,-50232000.0,-23074000.0,-8638000.0,149290000.0
OtherComprehensiveIncomeLossCashFlowHedgeGainLossAfterReclassificationTaxParent / USD,,,,,,,,,,,,,,,,,,,,,,,,,,,,,,,,,,,,,,,,,-7405000.0,-7093000.0,13017000.0,311000.0,623000.0,-492000.0,-6782000.0,17395000.0,57282000.0,34392000.0,17198000.0,-13260000.0,21968000.0,68136000.0,36875000.0,6397000.0,-2409000.0,10171000.0,86664000.0,-14519000.0,-6669000.0,-2496000.0,43148000.0
OtherComprehensiveIncomeLossNetOfTaxPortionAttributableToParent / USD,,,,,,,,,,,-16761000.0,-4634000.0,-19020000.0,-25088000.0,11526000.0,43673000.0,70896000.0,853000.0,24154000.0,-2044000.0,-27578000.0,86485000.0,-81806000.0,-115695000.0,-49848000.0,-51271000.0,6368000.0,-51271000.0,-47909000.0,-68903000.0,-96937000.0,95368000.0,101128000.0,83423000.0,-78692000.0,-1062000.0,20243000.0,28873000.0,82768000.0,-22258000.0,-24953000.0,-23806000.0,44541000.0,1052000.0,1942000.0,-2144000.0,-22726000.0,60121000.0,198060000.0,118828000.0,56994000.0,-45947000.0,75776000.0,235407000.0,127392000.0,22218000.0,22218000.0,22218000.0,299309000.0,-49936000.0,-49936000.0,-49936000.0,149416000.0
OtherComprehensiveIncomeUnrealizedHoldingGainLossOnSecuritiesArisingDuringPeriodTax / USD,,,,,-198000.0,,455000.0,932000.0,876000.0,1025000.0,514000.0,1717000.0,1194000.0,-953000.0,-220000.0,-330000.0,-532000.0,1881000.0,,,,-186000.0,-613000.0,-129000.0,-170000.0,1199000.0,-442000.0,1199000.0,-947000.0,-837000.0,-1559000.0,-476000.0,403000.0,893000.0,-245000.0,-62000.0,-338000.0,-246000.0,1473000.0,0.0,29000.0,56000.0,-146000.0,0.0,-49000.0,47000.0,64000.0,-18000.0,-37000.0,-48000.0,32000.0,-20000.0,-67000.0,-98000.0,-55000.0,25000.0,64000.0,29000.0,-157000.0,86000.0,71000.0,70000.0,37000.0
OtherLiabilitiesCurrent / USD,457319000.0,457319000.0,413640.0,413640000.0,413640000.0,413640000.0,367563000.0,367563000.0,367563000.0,367563000.0,489665000.0,489665000.0,489665000.0,489665000.0,368891000.0,368891000.0,368891000.0,368891000.0,405869000.0,405869000.0,405869000.0,405869000.0,457954000.0,457954000.0,457954000.0,457954000.0,439085000.0,447690000.0,439085000.0,439085000.0,439085000.0,332648000.0,332648000.0,332648000.0,332648000.0,547068000.0,547068000.0,547068000.0,547068000.0,479501000.0,479501000.0,479501000.0,479501000.0,546461000.0,546461000.0,546461000.0,546461000.0,686681000.0,686681000.0,686681000.0,686681000.0,720157000.0,720157000.0,720157000.0,720157000.0,763086000.0,763086000.0,763086000.0,763086000.0,750620000.0,750620000.0,750620000.0,750620000.0
OtherLiabilitiesNoncurrent / USD,368158000.0,368158000.0,430164.0,430164000.0,430164000.0,430164000.0,564695000.0,564695000.0,564695000.0,564695000.0,50730000.0,50730000.0,50730000.0,50730000.0,37563000.0,37563000.0,37563000.0,37563000.0,68870000.0,68870000.0,68870000.0,68870000.0,161696000.0,161696000.0,161696000.0,161696000.0,245374000.0,161349000.0,245374000.0,245374000.0,245374000.0,175735000.0,175735000.0,175735000.0,175735000.0,158028000.0,158028000.0,158028000.0,158028000.0,400216000.0,400216000.0,400216000.0,400216000.0,642128000.0,642128000.0,642128000.0,642128000.0,537489000.0,537489000.0,537489000.0,537489000.0,538302000.0,538302000.0,538302000.0,538302000.0,599898000.0,599898000.0,599898000.0,599898000.0,691932000.0,691932000.0,691932000.0,691932000.0
OtherNoncashIncomeExpense / USD,,,,,,,,10255000.0,15927000.0,1245000.0,4692000.0,-9874000.0,-22386000.0,961000.0,-3242000.0,-5519000.0,-14460000.0,493000.0,-5228000.0,-10746000.0,-21587000.0,2887000.0,-4889000.0,-10332000.0,-18146000.0,-541000.0,-3471000.0,-541000.0,-8771000.0,-14430000.0,-359000.0,-4842000.0,-10391000.0,-14892000.0,-1019000.0,-6915000.0,-12252000.0,-18007000.0,-97000.0,-6231000.0,-5334000.0,-9649000.0,-5437000.0,616000.0,-7144000.0,-5935000.0,-1169000.0,2976000.0,938000.0,-378000.0,-8411000.0,12689000.0,12812000.0,15941000.0,-3731000.0,17508000.0,27496000.0,38360000.0,-3265000.0,16839000.0,28023000.0,39418000.0,591000.0
OtherNonoperatingIncomeExpense / USD,-647000.0,2731000.0,-269.0,-220000.0,-905000.0,-3067000.0,-726000.0,25476000.0,24046000.0,-591000.0,-2016000.0,-1510000.0,-3585000.0,21184000.0,698000.0,2410000.0,1943000.0,-14644000.0,-2132000.0,-3648000.0,-4022000.0,-197000.0,-1707000.0,-3268000.0,-2634000.0,-5235000.0,-879000.0,-3003000.0,-1208000.0,-90000.0,-819000.0,-994000.0,-161000.0,-450000.0,-234000.0,-2557000.0,-4724000.0,-8054000.0,-11352000.0,-7723000.0,-3491000.0,-1846000.0,-10144000.0,4887000.0,1898000.0,9133000.0,7404000.0,6072000.0,8906000.0,14793000.0,7171000.0,8702000.0,13915000.0,27178000.0,-2145000.0,21191000.0,38597000.0,54767000.0,33737000.0,17886000.0,34573000.0,54471000.0,69775000.0
OtherSellingGeneralAndAdministrativeExpense / USD,365312000.0,500234000.0,123862.0,240950000.0,348458000.0,485704000.0,114490000.0,228652000.0,341317000.0,454621000.0,114644000.0,223944000.0,329989000.0,442965000.0,106527000.0,217613000.0,338871000.0,453613000.0,115757000.0,240432000.0,365991000.0,488020000.0,118582000.0,252042000.0,384489000.0,505154000.0,119828000.0,482476000.0,247685000.0,379073000.0,516406000.0,124938000.0,257177000.0,385867000.0,538592000.0,129045000.0,288204000.0,431952000.0,538716000.0,138600000.0,288027000.0,452572000.0,594795000.0,152245000.0,300069000.0,449529000.0,630308000.0,138643000.0,295018000.0,479488000.0,629601000.0,159110000.0,322462000.0,504787000.0,679019000.0,185016000.0,379732000.0,574781000.0,710161000.0,166345000.0,366244000.0,577553000.0,764906000.0
PaymentsForProceedsFromHedgeFinancingActivities / USD,-1938000.0,0.0,,,0.0,-1938000.0,,,-20079000.0,0.0,,0.0,0.0,-20079000.0,,66626000.0,66626000.0,0.0,0.0,0.0,0.0,66626000.0,-13364000.0,-13364000.0,-13364000.0,,,,,0.0,,,,36996000.0,0.0,,0.0,0.0,36996000.0,,,,0.0,,,,90141000.0,,,,4426000.0,,,,-62159000.0,,,,-197073000.0,,,,-171145000.0
PaymentsForProceedsFromInvestments / USD,,,,,,,,,,,,,,,,,,,,,,,,,,,2263000.0,,2117000.0,-558000.0,,10263000.0,8918000.0,14329000.0,,135000.0,1175000.0,7857000.0,,963000.0,-777000.0,4041000.0,,1602000.0,1131000.0,692000.0,,-511000.0,5506000.0,2363000.0,,-2374000.0,-3758000.0,-3594000.0,,2472000.0,4560000.0,7302000.0,,78000.0,1010000.0,1701000.0,
PaymentsForProceedsFromOtherInvestingActivities / USD,6094000.0,10736000.0,1873.0,946000.0,438000.0,7707000.0,370000.0,1535000.0,3373000.0,66000.0,1080000.0,3878000.0,4247000.0,4421000.0,1273000.0,3700000.0,3139000.0,4625000.0,5867000.0,4904000.0,620000.0,4904000.0,739000.0,1346000.0,1119000.0,-2109000.0,-2382000.0,-2109000.0,-4597000.0,-5731000.0,-5422000.0,-1802000.0,-3787000.0,-6435000.0,-6460000.0,-2001000.0,-4009000.0,-6105000.0,-9341000.0,-2074000.0,-4388000.0,-3839000.0,-9350000.0,-2553000.0,-4631000.0,-6098000.0,-8601000.0,-2706000.0,-5171000.0,-8006000.0,-9667000.0,-2058000.0,-4302000.0,-7876000.0,-11957000.0,-5621000.0,-9519000.0,-13469000.0,-10289000.0,-5353000.0,-7272000.0,-11744000.0,-19008000.0
PaymentsOfDebtIssuanceCosts / USD,,,,,,,,,,,,,,,,,,,,,,,,,,,,,,,,,,6663000.0,317000.0,0.0,0.0,0.0,6775000.0,6432000.0,11227000.0,11254000.0,0.0,7738000.0,7738000.0,7738000.0,11254000.0,5062000.0,14155000.0,14288000.0,7738000.0,6386000.0,8196000.0,8196000.0,14288000.0,7864000.0,7864000.0,7864000.0,8196000.0,8920000.0,8920000.0,11147000.0,7864000.0
PaymentsOfDividendsCommonStock / USD,90909000.0,117288000.0,31234.0,62550000.0,93913000.0,121460000.0,31002000.0,62067000.0,93039000.0,124287000.0,31517000.0,62907000.0,94338000.0,124011000.0,31992000.0,64008000.0,96060000.0,125796000.0,33984000.0,71380000.0,108806000.0,128115000.0,39592000.0,78074000.0,116645000.0,146248000.0,43636000.0,146248000.0,86809000.0,130363000.0,160018000.0,47740000.0,95314000.0,143075000.0,175126000.0,51837000.0,105891000.0,160007000.0,191931000.0,58722000.0,120328000.0,181982000.0,214906000.0,69557000.0,140077000.0,210674000.0,245717000.0,79023000.0,159348000.0,241260000.0,282444000.0,90411000.0,183944000.0,279256000.0,323904000.0,104552000.0,210725000.0,319074000.0,375914000.0,119898000.0,241565000.0,366719000.0,430345000.0
PaymentsToAcquireInvestments / USD,,,,,,,,,,,,,,,,,,,,,,,,,,,,,,,,,,,,,,,,,,,,,,,29153000.0,,,,50517000.0,,,,49879000.0,,,,28285000.0,,,,46789000.0
PaymentsToAcquireProductiveAssets / USD,342326000.0,472273000.0,115439.0,232629000.0,362349000.0,509494000.0,123162000.0,246663000.0,390283000.0,542636000.0,154394000.0,311123000.0,497374000.0,622965000.0,190027000.0,389117000.0,582473000.0,732858000.0,180567000.0,359009000.0,552600000.0,845033000.0,261313000.0,441644000.0,667483000.0,824441000.0,290412000.0,824441000.0,536004000.0,789688000.0,963621000.0,297962000.0,559385000.0,812148000.0,1086950000.0,383238000.0,693978000.0,1088472000.0,1137089000.0,416404000.0,777586000.0,1199199000.0,1467591000.0,529186000.0,994737000.0,1405673000.0,1693477000.0,456809000.0,845728000.0,1357960000.0,1935676000.0,684180000.0,1190029000.0,1726039000.0,1969540000.0,795660000.0,1415349000.0,2083486000.0,2444420000.0,769650000.0,1415526000.0,2129137000.0,2805973000.0
PensionAndOtherPostretirementAndPostemploymentBenefitPlansLiabilitiesCurrentAndNoncurrent / USD,,,,,,,,,,,,,,,,,,,,,,,,,,,,,,,,,,,,,,,,,,,279083000.0,,,,337303000.0,,,,185617000.0,,,,91596000.0,,,,66523000.0,,,,67322000.0
PensionAndOtherPostretirementDefinedBenefitPlansCurrentLiabilities / USD,,,,,,14815000.0,,,,33036000.0,,,,39625000.0,,,,22940000.0,,,,11380000.0,,,,21857000.0,,21857000.0,,,36606000.0,,,,18411000.0,,,,10475000.0,,,,26197000.0,,,,29609000.0,,,,4863000.0,,,,9721000.0,,,,9375000.0,,,,4622000.0
PrepaidExpenseCurrent / USD,,,,,,24754000.0,,,,22499000.0,,,,17114000.0,,,,21666000.0,,,,25039000.0,,,,23055000.0,,21654000.0,,,21489000.0,,,,32163000.0,,,,33233000.0,,,,38895000.0,,,,40340000.0,,,,48766000.0,,,,58551000.0,,,,58029000.0,,,,74780000.0
ProceedsFromIssuanceOfCommonStock / USD,19928000.0,25466000.0,5681.0,8590000.0,8574000.0,27687000.0,7253000.0,7568000.0,7548000.0,8766000.0,76000.0,164000.0,251000.0,7796000.0,,0.0,0.0,0.0,390200000.0,390200000.0,390200000.0,0.0,,,0.0,390205000.0,0.0,390205000.0,0.0,98660000.0,0.0,49400000.0,49400000.0,98755000.0,98574000.0,395100000.0,395092000.0,395092000.0,98755000.0,494734000.0,494085000.0,593731000.0,395092000.0,259005000.0,258047000.0,358047000.0,694103000.0,216002000.0,460678000.0,460678000.0,624302000.0,261943000.0,594320000.0,675320000.0,606667000.0,220000000.0,359683000.0,671630000.0,776805000.0,254022000.0,254022000.0,749987000.0,806949000.0
ProceedsFromIssuanceOfLongTermDebt / USD,445623000.0,0.0,,,0.0,445623000.0,,,394618000.0,0.0,,0.0,0.0,394466000.0,,493793000.0,493793000.0,0.0,0.0,0.0,0.0,493793000.0,493538000.0,493538000.0,493538000.0,0.0,0.0,0.0,0.0,0.0,499060000.0,125000000.0,125000000.0,884911000.0,0.0,0.0,0.0,0.0,884911000.0,596994000.0,1045221000.0,1045221000.0,0.0,799450000.0,799450000.0,999450000.0,1045221000.0,597390000.0,2797346000.0,2797346000.0,999450000.0,596142000.0,798802000.0,798802000.0,2797346000.0,797258000.0,797258000.0,797258000.0,798802000.0,898275000.0,898275000.0,1240204000.0,797258000.0
ProceedsFromMaturitiesPrepaymentsAndCallsOfAvailableForSaleSecurities / USD,,,,,,,,,,,,,,,,,,,,,,,,,,5215000.0,,5215000.0,,,6235000.0,,,,6290000.0,,,,9332000.0,,,,15716000.0,,,,20299000.0,,,,18669000.0,,,,28850000.0,,,,27586000.0,,,,13340000.0
ProceedsFromOtherDebt / USD,,,,,,,,,,,,,,,,,,,,,,,,,,,,,,,,,,,,,,,,,,,,,,,,,,,,,0.0,0.0,0.0,,2020000000.0,2020000000.0,0.0,,,,2020000000.0
ProceedsFromPaymentsForOtherFinancingActivities / USD,,,,0.0,0.0,0.0,,27803000.0,27803000.0,0.0,,,,27803000.0,-13000.0,21000.0,,,,,,,,,,0.0,,0.0,,0.0,-5522000.0,,,0.0,0.0,-1518000.0,-1518000.0,-1518000.0,0.0,,,,-1518000.0,,,,,,0.0,0.0,0.0,,-1735000.0,-1735000.0,0.0,,,,-1735000.0,,,,0.0
ProceedsFromRepaymentsOfShortTermDebt / USD,-366449000.0,200174000.0,111335.0,-75907000.0,-76019000.0,-283981000.0,112628000.0,-128884000.0,-132072000.0,54268000.0,173905000.0,-48945000.0,-6688000.0,83306000.0,256933000.0,-342141000.0,-435084000.0,354141000.0,320783000.0,-369012000.0,-366602000.0,-208070000.0,350574000.0,21839000.0,48830000.0,-171289000.0,305309000.0,-171289000.0,169002000.0,212539000.0,261232000.0,110936000.0,-159204000.0,-571238000.0,371884000.0,-110929000.0,-318143000.0,-202968000.0,-382066000.0,-575780000.0,-575780000.0,-500838000.0,128035000.0,-464915000.0,-264992000.0,-464915000.0,-110865000.0,,,,-464915000.0,0.0,0.0,0.0,0.0,-184967000.0,-184967000.0,-184967000.0,184967000.0,-241933000.0,-241933000.0,-241933000.0,56966000.0
ProceedsFromSaleOfTradingSecuritiesHeldforinvestment / USD,,,,,,,,,,,,,,,,,,,,,,,,,,,,,,,,,,,,,,,,,,,,,,,6070000.0,,,,32339000.0,,,,14957000.0,,,,4872000.0,,,,25134000.0
ProceedsFromStockPlans / USD,,,,,,,,,,,,,,,,,,,,,,,,,,,,,,,,,,,,,,,,,10344000.0,14128000.0,19563000.0,4267000.0,8321000.0,14125000.0,19323000.0,4007000.0,8291000.0,12121000.0,19548000.0,3918000.0,8010000.0,11670000.0,15841000.0,3779000.0,7910000.0,11660000.0,15403000.0,3746000.0,7771000.0,11390000.0,15395000.0
ProvisionForDoubtfulAccounts / USD,,,,,,,,,,,,,,,,,,,,,,,,,,,,,,,,,,,,,,,,,,,,6937000.0,18469000.0,32872000.0,18106000.0,6937000.0,18469000.0,32872000.0,24796000.0,6370000.0,12075000.0,17733000.0,43807000.0,7233000.0,20242000.0,22000000.0,16576000.0,6750000.0,19547000.0,23122000.0,22353000.0
PublicUtilitiesAllowanceForFundsUsedDuringConstructionAdditions / USD,,,,,,,,,,,,,,,,,,,,,,,,,,,,,,,,,,,,,,,2479000.0,,,,6810000.0,,,,18808000.0,,,,31929000.0,,,,44163000.0,,,,57658000.0,,,,79827000.0
PublicUtilitiesAllowanceForFundsUsedDuringConstructionCapitalizedCostOfEquity / USD,,,,,,,,,,,,,,,,,,,,,,,,,,,,,,,,,,,,,,,0.0,,,,0.0,,,,11165000.0,,,,23493000.0,,,,32749000.0,,,,45505000.0,,,,64019000.0
PublicUtilitiesAllowanceForFundsUsedDuringConstructionCapitalizedInterest / USD,,,,,,,,,,,,,,,,,,,,,,,,,,,,,,,,,,,,,,,2479000.0,,,,6810000.0,,,,7643000.0,,,,8436000.0,,,,11414000.0,,,,12153000.0,,,,15808000.0
PublicUtilitiesApprovedDebtCapitalStructurePercentage / pure,,,,,,,,,,,,,,,,,,,,,,,,,,,,,,,,,,0.7,0.7,0.7,0.7,0.7,0.7,0.7,0.7,0.7,0.7,0.7,0.7,0.7,0.7,0.7,0.7,0.7,0.7,0.7,0.7,0.7,0.7,0.7,0.7,0.7,0.7,0.7,0.7,0.7,0.7
PublicUtilitiesPropertyPlantAndEquipmentAccumulatedDepreciation / USD,,,,,,,,,,,,,,,,,,,,,,1721794000.0,1809520000.0,1809520000.0,1809520000.0,1809520000.0,1873900000.0,1794975000.0,1873900000.0,1873900000.0,1873900000.0,2042122000.0,2042122000.0,2042122000.0,2042122000.0,2196226000.0,2196226000.0,2196226000.0,2196226000.0,2392924000.0,2392924000.0,2392924000.0,2392924000.0,2601874000.0,2601874000.0,2601874000.0,2601874000.0,2821128000.0,2821128000.0,2821128000.0,2821128000.0,2997900000.0,2997900000.0,2997900000.0,2997900000.0,3291791000.0,3291791000.0,3291791000.0,3291791000.0,3643716000.0,3643716000.0,3643716000.0,3643716000.0
PublicUtilitiesPropertyPlantAndEquipmentAmountOfAcquisitionAdjustments1 / USD,,,,,,,,,,,,,,,,,,,,,,-76400000.0,,,,-68100000.0,,-68100000.0,,,-59800000.0,,,,-64100000.0,,,,-55500000.0,,,,-46700000.0,,,,-37800000.0,,,,-28500000.0,,,,-26600000.0,,,,-24800000.0,,,,-22900000.0
PublicUtilitiesPropertyPlantAndEquipmentCommon / USD,,,,,,,,,,,,,,,,,,,,,,735223000.0,,,,769311000.0,,740863000.0,,,732606000.0,,,,765728000.0,,,,771355000.0,,,,799095000.0,,,,829624000.0,,,,868962000.0,,,,937500000.0,,,,972054000.0,,,,1019018000.0
PublicUtilitiesPropertyPlantAndEquipmentConstructionWorkInProgress / USD,,,,,,,,,,,,,,,,,,,,,,247579000.0,,,,280398000.0,,280421000.0,,,183879000.0,,,,299394000.0,,,,349725000.0,,,,421694000.0,,,,418055000.0,,,,626551000.0,,,,835868000.0,,,,939927000.0,,,,1063798000.0
PublicUtilitiesPropertyPlantAndEquipmentDisclosureOfCompositeDepreciationRateForPlantsInService / pure,,,,,,0.038,,,,0.035,,,,0.036,,,,0.036,,,,0.033,,,,0.033,,0.033,,,0.033,,,,0.032,,,,0.031,,,,0.032,,,,0.031,,,,0.03,,,,0.03,,,,0.03,,,,0.03
PublicUtilitiesPropertyPlantAndEquipmentDistribution / USD,,,,,,,,,,,,,,,,,,,,,,5522794000.0,,,,6019001000.0,,6019001000.0,,,6598990000.0,,,,7306021000.0,,,,8141733000.0,,,,9333011000.0,,,,10680495000.0,,,,12085654000.0,,,,13511409000.0,,,,15283965000.0,,,,17304207000.0
PublicUtilitiesPropertyPlantAndEquipmentNet / USD,,,,,,,,,,,,,,,,,,,,,,6725906000.0,7430580000.0,7430580000.0,7430580000.0,7430580000.0,8268606000.0,7416700000.0,8268606000.0,8268606000.0,8268606000.0,9259182000.0,9259182000.0,9259182000.0,9259182000.0,10371147000.0,10371147000.0,10371147000.0,10371147000.0,11787669000.0,11787669000.0,11787669000.0,11787669000.0,13355347000.0,13355347000.0,13355347000.0,13355347000.0,15063970000.0,15063970000.0,15063970000.0,15063970000.0,17240239000.0,17240239000.0,17240239000.0,17240239000.0,19606583000.0,19606583000.0,19606583000.0,19606583000.0,22204367000.0,22204367000.0,22204367000.0,22204367000.0
PublicUtilitiesPropertyPlantAndEquipmentOtherPropertyPlantAndEquipment / USD,,,,,,,,,,,,,,,,,,,,,,38858000.0,,,,41131000.0,,41131000.0,,,40515000.0,,,,38980000.0,,,,38280000.0,,,,38191000.0,,,,38297000.0,,,,38612000.0,,,,38612000.0,,,,38612000.0,,,,38612000.0
PublicUtilitiesPropertyPlantAndEquipmentPlantInService / USD,,,,,,,,,,,,,,,,,,,,,,8447700000.0,9240100000.0,9240100000.0,9240100000.0,9240100000.0,10142506000.0,9211675000.0,10142506000.0,10142506000.0,10142506000.0,11301304000.0,11301304000.0,11301304000.0,11301304000.0,12567373000.0,12567373000.0,12567373000.0,12567373000.0,14180593000.0,14180593000.0,14180593000.0,14180593000.0,15957221000.0,15957221000.0,15957221000.0,15957221000.0,17885098000.0,17885098000.0,17885098000.0,17885098000.0,20238139000.0,20238139000.0,20238139000.0,20238139000.0,22898374000.0,22898374000.0,22898374000.0,22898374000.0,25848083000.0,25848083000.0,25848083000.0,25848083000.0
PublicUtilitiesPropertyPlantAndEquipmentTransmission / USD,,,,,,,,,,,,,,,,,,,,,,1622846000.0,,,,1844117000.0,,1844117000.0,,,2232927000.0,,,,2521671000.0,,,,2851423000.0,,,,3157316000.0,,,,3459765000.0,,,,3725347000.0,,,,4325540000.0,,,,4995579000.0,,,,5713831000.0
RatioOfIndebtednessToNetCapital1 / pure,,,,,,,,,,,,,,,,,,,,,,,,,,,,,,,,,,,,,,0.41,,0.42,0.44,0.43,,0.43,0.49,0.5,,0.5,0.48,0.47,,0.48,0.4,0.39,0.4,0.41,0.4,0.4,0.4,0.41,0.4,0.41,0.41
ReclassificationFromAccumulatedOtherComprehensiveIncomeCurrentPeriodNetOfTax / USD,,,,,,,,,,,,,-6154000.0,-7417000.0,-3467000.0,-5485000.0,-6154000.0,-7417000.0,-2264000.0,1674000.0,4036000.0,,,,,,,,,,,,,,,,,,,-458000.0,-916000.0,-1968000.0,-3021000.0,-1053000.0,-2105000.0,-2586000.0,-3645000.0,-1142000.0,-2283000.0,-3425000.0,-4566000.0,-744000.0,-1488000.0,-2232000.0,-2976000.0,530000.0,1060000.0,1590000.0,2120000.0,2491000.0,4983000.0,7473000.0,9965000.0
RefundableGasCosts / USD,,,,,,,,,,,,,,23072000.0,,,,16481000.0,,,,35063000.0,,,,28100000.0,,28100000.0,,,20180000.0,,,,15559000.0,,,,94705000.0,,,,14112000.0,,,,19985000.0,,,,52553000.0,,,,28834000.0,,,,23093000.0,,,,9142000.0
RegulatoryAssets / USD,,,,,277510000.0,,,312896000.0,312896000.0,,368319000.0,368319000.0,368319000.0,392263000.0,286748000.0,286748000.0,286748000.0,286748000.0,250309000.0,250309000.0,250309000.0,250309000.0,192339000.0,192339000.0,192339000.0,192339000.0,263623000.0,192339000.0,263623000.0,263623000.0,263623000.0,176798000.0,176798000.0,176798000.0,176798000.0,143811000.0,143811000.0,143811000.0,143811000.0,284547000.0,284547000.0,284547000.0,284547000.0,414641000.0,414641000.0,414641000.0,414641000.0,2521441000.0,2521441000.0,2521441000.0,2521441000.0,2605372000.0,2605372000.0,2605372000.0,2605372000.0,554928000.0,554928000.0,554928000.0,554928000.0,579390000.0,579390000.0,579390000.0,579390000.0
RegulatoryAssetsNoncurrent / USD,,,,,,254809000.0,,,,278920000.0,,,,358495000.0,,,,273287000.0,,,,230240000.0,,,,182573000.0,,182573000.0,,,214890000.0,,,,,,,,,,,,,,,,371707000.0,,,,351843000.0,,,,368375000.0,,,,364741000.0,,,,396958000.0
RegulatoryLiabilities / USD,,,,,430919000.0,,,486180000.0,486180000.0,,488397000.0,488397000.0,488397000.0,488397000.0,453581000.0,453581000.0,453581000.0,453581000.0,545759000.0,545759000.0,545759000.0,545759000.0,524532000.0,524532000.0,524532000.0,524532000.0,514725000.0,524532000.0,514725000.0,514725000.0,514725000.0,555657000.0,555657000.0,555657000.0,555657000.0,1510997000.0,1510997000.0,1510997000.0,1510997000.0,1386126000.0,1386126000.0,1386126000.0,1386126000.0,1367013000.0,1367013000.0,1367013000.0,1367013000.0,1424195000.0,1424195000.0,1424195000.0,1424195000.0,1358907000.0,1358907000.0,1358907000.0,1353170000.0,1284334000.0,1284334000.0,1284334000.0,1284334000.0,1227882000.0,1227882000.0,1227882000.0,1227882000.0
RegulatoryLiabilityCurrent / USD,,,,,,,,,,,,,,,,,,,,,,,,,,,,,,,,,,,0.0,,,,5225000.0,,,,21206000.0,,,,20887000.0,,,,155857000.0,,,,159808000.0,,,,131301000.0,,,,79686000.0
RegulatoryLiabilityNoncurrent / USD,,,,,,6112000.0,,,,13823000.0,,,,5638000.0,,,,1123000.0,,,,4472000.0,,,,3693000.0,,3693000.0,,,4152000.0,,,,5257000.0,,,466405000.0,78599000.0,,,,16120000.0,,,,17838000.0,,,,75506000.0,,,,178990000.0,,,,242049000.0,,,,279979000.0
RepaymentsOfLongTermDebt / USD,407287000.0,10284000.0,0.0,66000.0,66000.0,407353000.0,10000000.0,10066000.0,360066000.0,131000.0,2303000.0,2369000.0,2369000.0,360131000.0,,131000.0,131000.0,257034000.0,0.0,0.0,0.0,131000.0,500000000.0,500000000.0,500000000.0,0.0,,0.0,,0.0,500000000.0,,,250000000.0,0.0,,0.0,0.0,250000000.0,,450000000.0,450000000.0,0.0,,,,575000000.0,,0.0,0.0,0.0,,200000000.0,200000000.0,0.0,,2200000000.0,2200000000.0,200000000.0,,,,2200000000.0
RepaymentsOfOtherDebt / USD,,,,,,,,,,,,,,,,,,,,,,,,,,,,,,,,,,,,,,,,,,,,,,,,,,,,,0.0,0.0,0.0,,2020000000.0,2020000000.0,0.0,,,,2020000000.0
RestrictedCashAndCashEquivalents / USD,,,,,,,,,,,,,,,,,,,,,,,,,,,,,,,,,,,,,,,,,,,,,,,,,,,,,,0.0,0.0,3844000.0,3844000.0,3844000.0,3844000.0,1516000.0,1516000.0,1516000.0,1516000.0
RetainedEarningsAccumulatedDeficit / USD,405353000.0,405353000.0,486905.0,486905000.0,486905000.0,486905000.0,570495000.0,570495000.0,570495000.0,570495000.0,660932000.0,660932000.0,660932000.0,660932000.0,775267000.0,775267000.0,775267000.0,775267000.0,917972000.0,917972000.0,917972000.0,917972000.0,1073029000.0,1073029000.0,1073029000.0,1073029000.0,1262534000.0,1073029000.0,1262534000.0,1262534000.0,1262534000.0,1467024000.0,1467024000.0,1467024000.0,1467024000.0,1878116000.0,1878116000.0,1878116000.0,1878116000.0,2152015000.0,2152015000.0,2152015000.0,2152015000.0,2471014000.0,2471014000.0,2471014000.0,2471014000.0,2812673000.0,2812673000.0,2812673000.0,2812673000.0,3211157000.0,3211157000.0,3211157000.0,3211157000.0,3666674000.0,3666674000.0,3666674000.0,3666674000.0,4216619000.0,4216619000.0,4216619000.0,4216619000.0
Revenues / USD,,,,,,,,,,,,,,,,,,,,,,,,,,,,,,,,,,2294855000.0,2454648000.0,889192000.0,2108601000.0,2670846000.0,2759735000.0,877782000.0,1972427000.0,2458165000.0,3115546000.0,875563000.0,1853228000.0,2346223000.0,2901848000.0,914480000.0,2233553000.0,2839106000.0,2821137000.0,1012786000.0,2662605000.0,3479034000.0,3407490000.0,1484009000.0,3024982000.0,3687715000.0,4201662000.0,1158467000.0,2805694000.0,3507243000.0,4275357000.0
RightOfUseAssetObtainedInExchangeForFinanceLeaseLiability / USD,,,,,,,,,,,,,,,,,,,,,,,,,,,,,,,,,,,,,,,,,4150000.0,6143000.0,6083000.0,,,,6083000.0,,,,6083000.0,,,,10333000.0,,,,33833000.0,,,,0.0
RightOfUseAssetObtainedInExchangeForOperatingLeaseLiability / USD,,,,,,,,,,,,,,,,,,,,,,,,,,,,,,,,,,,,,,,,6812000.0,13854000.0,23628000.0,34169000.0,,,,34169000.0,,,,34169000.0,,,,25690000.0,,,,28310000.0,,,,29976000.0
ShareBasedCompensation / USD,,14032000.0,,,,14494000.0,,,,12655000.0,,,,11586000.0,,,,19222000.0,,,,17814000.0,,,,14721000.0,,14721000.0,,,15980000.0,,,,14760000.0,,,,14064000.0,,,,12863000.0,,,,11121000.0,,,,9583000.0,,,,11255000.0,,,,10743000.0,,,,10178000.0
ShareBasedCompensationArrangementByShareBasedPaymentAwardEquityInstrumentsOtherThanOptionsForfeitedInPeriod / shares,,,,,,-13571.0,,,,-59202.0,,,,56842.0,,,,39963.0,,,,25718.0,,,,4113.0,,4113.0,,,3388.0,,,,4860.0,,,,36788.0,,,,6540.0,,,,7645.0,,,,16803.0,,,,17671.0,,,,17551.0,,,,11845.0
ShareBasedCompensationArrangementByShareBasedPaymentAwardEquityInstrumentsOtherThanOptionsForfeituresWeightedAverageGrantDateFairValue / USD/shares,,,,,,,,,,,,,,27.56,,,,29.83,,,,33.42,,,,39.0,,39.0,,,48.55,,,,53.52,,,,63.48,,,,74.87,,,,86.37,,,,96.87,,,,101.48,,,,103.37,,,,107.47
ShareBasedCompensationArrangementByShareBasedPaymentAwardEquityInstrumentsOtherThanOptionsGrantsInPeriod / shares,,,,,,711909.0,,,,551278.0,,,,491345.0,,,,532711.0,,,,473775.0,,,,464438.0,,464438.0,,,444543.0,,,,357323.0,,,,273497.0,,,,248710.0,,,,241472.0,,,,199985.0,,,,223954.0,,,,179738.0,,,,241436.0
ShareBasedCompensationArrangementByShareBasedPaymentAwardEquityInstrumentsOtherThanOptionsGrantsInPeriodWeightedAverageGrantDateFairValue / USD/shares,,,,,,25.76,,,,29.07,,,,33.1,,,,33.44,,,,40.48,,,,45.05,,45.05,,,50.5,,,,65.98,,,,74.15,,,,85.62,,,,98.25,,,,102.34,,,,102.68,,,,108.07,,,,109.78
ShareBasedCompensationArrangementByShareBasedPaymentAwardEquityInstrumentsOtherThanOptionsNonvestedNumber / shares,,,,,,,,,,,,,,,,,,,,,,,,,,,,,,,,,,,878104.0,,,,782431.0,,,,570814.0,,,,538592.0,,,,503072.0,,,,443279.0,,,,378127.0,,,,381295.0
ShareBasedCompensationArrangementByShareBasedPaymentAwardEquityInstrumentsOtherThanOptionsNonvestedWeightedAverageGrantDateFairValue / USD/shares,,,,,,,,,,,,,,,,,,,,,,,,,,,,,,,,,,,48.24,,,,57.66,,,,69.45,,,,80.91,,,,91.66,,,,99.28,,,,102.45,,,,105.69
ShareBasedCompensationArrangementByShareBasedPaymentAwardEquityInstrumentsOtherThanOptionsVestedInPeriod / shares,,,,,,-499267.0,,,,-493957.0,,,,464321.0,,,,494308.0,,,,657795.0,,,,524532.0,,524532.0,,,551688.0,,,,448136.0,,,,448326.0,,,,274392.0,,,,269347.0,,,,242975.0,,,,271435.0,,,,159019.0,,,,220929.0
ShareBasedCompensationArrangementByShareBasedPaymentAwardEquityInstrumentsOtherThanOptionsVestedInPeriodTotalFairValue / USD,,,,,,14500000.0,,,,14400000.0,,,,12600000.0,,,,13000000.0,,,,21200000.0,,,,17100000.0,,17100000.0,,,21700000.0,,,,20600000.0,,,,23400000.0,,,,17200000.0,,,,20500000.0,,,,20700000.0,,,,26300000.0,,,,16000000.0,,,,22800000.0
ShareBasedCompensationArrangementByShareBasedPaymentAwardEquityInstrumentsOtherThanOptionsVestedInPeriodWeightedAverageGrantDateFairValue / USD/shares,,,,,,29.05,,,,29.24,,,,27.21,,,,26.32,,,,32.2,,,,32.67,,32.67,,,39.28,,,,45.88,,,,52.23,,,,64.43,,,,76.71,,,,85.66,,,,97.44,,,,100.99,,,,104.05
ShareBasedCompensationArrangementByShareBasedPaymentAwardNumberOfSharesAuthorized / shares,,,,,,6500000.0,,,,8700000.0,,,,8700000.0,,,,8700000.0,,,,8700000.0,,8700000.0,8700000.0,8700000.0,,8700000.0,,,8700000.0,,,,11200000.0,,,,11200000.0,,,,11200000.0,,,,11200000.0,,,,11200000.0,,,,11200000.0,,,,11200000.0,,,,13200000.0
ShareBasedCompensationArrangementByShareBasedPaymentAwardNumberOfSharesAvailableForGrant / shares,,,,,,,,,,,,,,,,,,,,,,,,,,,,,,,,,,,,,,,1500000.0,,,,1300000.0,,,,1100000.0,,,,900000.0,,,,600000.0,,,,400000.0,,,,2200000.0
ShortTermBorrowings / USD,72550000.0,72550000.0,126100.0,126100000.0,126100000.0,126100000.0,206396000.0,206396000.0,206396000.0,206396000.0,570929000.0,570929000.0,570929000.0,570929000.0,367984000.0,367984000.0,367984000.0,367984000.0,196695000.0,196695000.0,196695000.0,196695000.0,457927000.0,457927000.0,457927000.0,457927000.0,829811000.0,457927000.0,829811000.0,829811000.0,829811000.0,447745000.0,447745000.0,447745000.0,447745000.0,575780000.0,575780000.0,575780000.0,575780000.0,464915000.0,464915000.0,464915000.0,464915000.0,,,,,,,,0.0,184967000.0,184967000.0,184967000.0,184967000.0,241933000.0,241933000.0,241933000.0,241933000.0,,,,
StockIssuedDuringPeriodValueEmployeeBenefitPlan / USD,,,,,,,,,,,,,,,,,,,,,,20326000.0,,,,20326000.0,,20326000.0,,,20326000.0,,,,25049000.0,,,,17552000.0,,,,8240000.0,,,,8252000.0,,,,8222000.0,,,,8126000.0,,,,7908000.0,,,,7966000.0
StockIssuedDuringPeriodValueNewIssues / USD,,,,,,,,,,,,,,,,,,390205000.0,,,,390205000.0,,,,390205000.0,,390205000.0,,,98574000.0,,,,98574000.0,400759000.0,400759000.0,400759000.0,98755000.0,498975000.0,498975000.0,498975000.0,395092000.0,263272000.0,263272000.0,263272000.0,694103000.0,220009000.0,220009000.0,220009000.0,624302000.0,265861000.0,265861000.0,265861000.0,606667000.0,223779000.0,223779000.0,223779000.0,776805000.0,257768000.0,257768000.0,257768000.0,806949000.0
StockIssuedDuringPeriodValueOther / USD,,,,,,,,,,,,,,,,,,,,,,,,,,,,,,,,,,,9229000.0,,,,8971000.0,,,,11323000.0,,,,11071000.0,,,,11326000.0,,,,7715000.0,,,,7495000.0,,,,7429000.0
StockIssuedDuringPeriodValueRestrictedStockAwardNetOfForfeitures / USD,,,,,,,,,,,,,,,,,,,,,,8788000.0,,,,4353000.0,,4353000.0,,,2266000.0,,,,3178000.0,,,,3701000.0,,,,3471000.0,,,,2948000.0,,,,2749000.0,,,,3092000.0,,,,2398000.0,,,,2108000.0
StockIssuedDuringPeriodValueShareBasedCompensation / USD,,12878000.0,,,,,,,,10894000.0,,,,9958000.0,,,,17752000.0,,,,15934000.0,,,,23536000.0,,23536000.0,,,25212000.0,,,,21419000.0,2962000.0,2962000.0,2962000.0,19370000.0,2603000.0,2603000.0,2603000.0,20460000.0,4112000.0,4112000.0,4112000.0,20935000.0,3168000.0,3168000.0,3168000.0,18388000.0,3944000.0,3944000.0,3944000.0,21035000.0,3878000.0,3878000.0,3878000.0,19803000.0,3919000.0,3919000.0,3919000.0,21588000.0
StockholdersEquity / USD,2176761000.0,1965754000.0,2178348.0,2178348000.0,2178348000.0,2178348000.0,2255421000.0,2255421000.0,2255421000.0,2176761000.0,2359243000.0,2359243000.0,2359243000.0,2178348000.0,2580409000.0,2580409000.0,2580409000.0,2255421000.0,3086232000.0,3086232000.0,3086232000.0,2359243000.0,3194797000.0,3194797000.0,3194797000.0,2580409000.0,3463059000.0,2580409000.0,3463059000.0,3463059000.0,3086232000.0,3898666000.0,3898666000.0,3898666000.0,3194797000.0,3898666000.0,3898666000.0,3898666000.0,3463059000.0,4769951000.0,4769951000.0,4769951000.0,3898666000.0,5750223000.0,5750223000.0,5750223000.0,4769951000.0,6791203000.0,6791203000.0,6791203000.0,5750223000.0,7906889000.0,7906889000.0,7906889000.0,6791203000.0,9419091000.0,9419091000.0,9419091000.0,7906889000.0,10870064000.0,10870064000.0,10870064000.0,9419091000.0
Supplies / USD,,,,,,3940000.0,,,,4113000.0,,,,5872000.0,,,,5511000.0,,,,5704000.0,,,,12587000.0,,12587000.0,,,5825000.0,,,,4472000.0,,,,8106000.0,,,,5916000.0,,,,6829000.0,,,,15581000.0,,,,25880000.0,,,,34297000.0,,,,16961000.0
TaxesOther / USD,150028000.0,192755000.0,42552.0,102165000.0,152840000.0,180242000.0,40168000.0,93726000.0,145868000.0,187143000.0,42911000.0,97546000.0,144170000.0,177767000.0,41334000.0,95641000.0,146355000.0,181073000.0,42011000.0,102226000.0,165640000.0,187072000.0,49385000.0,118431000.0,181606000.0,211936000.0,51214000.0,210474000.0,112994000.0,171959000.0,230264000.0,57049000.0,122663000.0,185611000.0,221843000.0,62773000.0,135780000.0,208400000.0,240407000.0,64488000.0,143581000.0,213546000.0,263886000.0,68607000.0,143211000.0,214535000.0,275189000.0,73452000.0,161901000.0,243376000.0,278755000.0,78796000.0,175379000.0,271506000.0,312779000.0,93538000.0,202629000.0,305784000.0,352208000.0,89540000.0,196496000.0,302235000.0,386804000.0
TaxesPayableCurrent / USD,,,,,,56616000.0,,,,57853000.0,,,,64319000.0,,,,66960000.0,,,,77601000.0,,,,93674000.0,,92912000.0,,,104145000.0,,,,116291000.0,,,,123457000.0,,,,135597000.0,,,,148292000.0,,,,160986000.0,,,,189239000.0,,,,195468000.0,,,,215857000.0
UndistributedEarningsLossAllocatedToParticipatingSecuritiesBasic / USD,,,,,,,,,,,,,,,,,,,232000.0,572000.0,667000.0,775000.0,216000.0,520000.0,596000.0,711000.0,170000.0,663000.0,405000.0,488000.0,607000.0,153000.0,348000.0,,,328000.0,459000.0,545000.0,,135000.0,301000.0,386000.0,580000.0,136000.0,314000.0,408000.0,416000.0,151000.0,350000.0,440000.0,444000.0,166000.0,379000.0,465000.0,465000.0,167000.0,381000.0,482000.0,508000.0,186000.0,442000.0,490000.0,542000.0
UnrecognizedTaxBenefits / USD,,,,,,,,,,,,,,,,,,2817000.0,,,,4158000.0,,,,12629000.0,,12629000.0,,,12629000.0,,,,17069000.0,,,,20298000.0,,,,23719000.0,,,,26203000.0,,,,27716000.0,,,,30921000.0,,,,32792000.0,,,,52683000.0
UnrecognizedTaxBenefitsDecreasesResultingFromPriorPeriodTaxPositions / USD,,,,,,,,,,,,,,,,,,,,,,,,,,290000.0,,290000.0,,,290000.0,,,,290000.0,,,,366000.0,,,,923000.0,,,,923000.0,,,,26000.0,,,,721000.0,,,,721000.0,,,,631000.0
UnrecognizedTaxBenefitsIncomeTaxPenaltiesAndInterestAccrued / USD,,,,,,,,,,,,,,,,,,0.0,,,,411000.0,,,,800000.0,,800000.0,,,800000.0,,,,3300000.0,,,,4500000.0,,,,6100000.0,,,,7900000.0,,,,8200000.0,,,,10400000.0,,,,11700000.0,,,,15100000.0
UnrecognizedTaxBenefitsIncomeTaxPenaltiesAndInterestExpense / USD,,,,,,100000.0,,,,500000.0,,,,,,,,,,,,,,,,500000.0,,500000.0,,,500000.0,,,,2500000.0,,,,1100000.0,,,,1600000.0,,,,2200000.0,,,,700000.0,,,,1400000.0,,,,1300000.0,,,,3400000.0
UnrecognizedTaxBenefitsIncreasesResultingFromCurrentPeriodTaxPositions / USD,,,,,,,,,,,,,,,,,,1341000.0,,,,4625000.0,,,,3431000.0,,3431000.0,,,3431000.0,,,,3519000.0,,,,3787000.0,,,,2462000.0,,,,2436000.0,,,,3231000.0,,,,1200000.0,,,,20612000.0,,,,6586000.0
UnrecognizedTaxBenefitsPeriodIncreaseDecrease / USD,,,,,,,,,,,,,,,,,,,,,,,,,,,,,,,,,,,,,,,27700000.0,,,,30900000.0,,,,32800000.0,,,,52700000.0,,,,52700000.0,,,,58600000.0,,,,57800000.0
UnrecognizedTaxBenefitsReductionsResultingFromLapseOfApplicableStatuteOfLimitations / USD,,,,,,,,,,,,,,,,,,,,,,,,,,,,,,,,,,,,,,,,,,,,,,,,,,,,,,,,,,,0.0,,,,0.0
UnrecognizedTaxBenefitsThatWouldImpactEffectiveTaxRate / USD,,,,,,,,,,,,,,,,,,2703000.0,,,,8476000.0,,,,11095000.0,,11095000.0,,,11095000.0,,,,13194000.0,,,,15417000.0,,,,20700000.0,,,,21896000.0,,,,24428000.0,,,,25906000.0,,,,41620000.0,,,,46324000.0
UnrecordedUnconditionalPurchaseObligationBalanceSheetAmount / USD,,,,,,,,,,,,,,,,,,,,,,,,,,,,,,,,,,,,,,,,,,,,,,,,,,,,,,,,,,,93400000.0,,,23100000.0,116500000.0
UtilitiesOperatingExpenseGasAndPetroleumPurchased / USD,,,,,,,,,,,,,,,,,,,,,,,,,,,,,,,,,,,,,,,,,,,,,2300000000.0,2300000000.0,2300000000.0,2300000000.0,2300000000.0,2300000000.0,2300000000.0,2300000000.0,2300000000.0,2300000000.0,2300000000.0,,,,2300000000.0,,,,
WeightedAverageNumberOfDilutedSharesOutstanding / shares,91246000.0,89941000.0,92509.0,92681000.0,92856000.0,91620000.0,90408000.0,90455000.0,90530000.0,92422000.0,90546000.0,90440000.0,91006000.0,90652000.0,91309000.0,91406000.0,91445000.0,91172000.0,91843000.0,94015000.0,96394000.0,91711000.0,,,,97608000.0,,97608000.0,,,,,,,,108564000.0,110135000.0,110707000.0,106100000.0,113832000.0,115794000.0,116673000.0,111012000.0,121359000.0,122179000.0,122463000.0,117461000.0,127034000.0,128100000.0,129229000.0,122872000.0,133689000.0,135470000.0,137055000.0,129834000.0,141937000.0,142963000.0,143998000.0,138096000.0,149796000.0,150547000.0,151497000.0,145166000.0
WeightedAverageNumberOfSharesOutstandingBasic / shares,90940000.0,89385000.0,92152.0,92336000.0,92513000.0,91117000.0,90082000.0,90157000.0,90233000.0,91852000.0,90254000.0,90137000.0,90131000.0,90201000.0,90359000.0,90445000.0,90497000.0,90150000.0,91841000.0,94013000.0,96392000.0,90533000.0,,,,97606000.0,,97606000.0,,,,,,,,108564000.0,110135000.0,110707000.0,106100000.0,113800000.0,115690000.0,116485000.0,111012000.0,121113000.0,122015000.0,122352000.0,117200000.0,127034000.0,128098000.0,129185000.0,122788000.0,133682000.0,135259000.0,136799000.0,129779000.0,141820000.0,142881000.0,143938000.0,137830000.0,149796000.0,150534000.0,151459000.0,145121000.0
