fact_unit,2009-10-08,2010-01-07,2010-04-28,2010-07-08,2010-10-07,2011-01-05,2011-04-25,2011-07-01,2011-09-30,2012-01-03,2012-05-01,2012-06-13,2012-09-06,2012-12-05,2013-03-27,2013-06-07,2013-06-21,2013-09-09,2013-12-09,2014-03-28,2014-06-09,2014-09-10,2014-12-05,2015-03-31,2015-06-08,2015-09-04,2015-12-04,2016-03-23,2016-06-09,2016-09-02,2016-12-02,2017-03-24,2017-06-05,2017-09-05,2017-12-01,2018-04-02,2018-06-08,2018-09-10,2018-12-07,2019-03-28,2019-06-07,2019-09-06,2019-12-06,2020-03-23,2020-05-27,2020-08-31,2020-11-30,2021-03-19,2021-06-04,2021-08-31,2021-12-03,2022-03-18,2022-06-02,2022-09-08,2022-12-06,2023-03-17,2023-06-02,2023-09-01,2023-12-01,2024-03-15,2024-06-07,2024-09-06,2024-12-06,2025-03-19,2025-06-06,2025-09-05,2025-12-05
AccountsPayableCurrent / USD,5924000000.0,8219000000.0,4997000000.0,4996000000.0,5407000000.0,9083000000.0,5276000000.0,5860000000.0,5573000000.0,9858000000.0,4894000000.0,6102000000.0,6178000000.0,7557000000.0,5364000000.0,5731000000.0,,6055000000.0,7933000000.0,6951000000.0,4776000000.0,4968000000.0,6578000000.0,5122000000.0,4952000000.0,5244000000.0,6626000000.0,5030000000.0,4584000000.0,4680000000.0,6184000000.0,4450000000.0,4397000000.0,4800000000.0,6233000000.0,4984000000.0,4599000000.0,5072000000.0,6587000000.0,4873000000.0,4619000000.0,5338000000.0,7964000000.0,5257000000.0,4718000000.0,5045000000.0,7232000000.0,5288000000.0,4428000000.0,6613000000.0,9110000000.0,6979000000.0,6360000000.0,6946000000.0,8405000000.0,6803000000.0,5492000000.0,5406000000.0,7056000000.0,5687000000.0,4874000000.0,5471000000.0,7133000000.0,4637000000.0,4664000000.0,5542000000.0,7145000000.0
AccruedLiabilitiesCurrent / USD,1455000000.0,1749000000.0,1382000000.0,1365000000.0,1543000000.0,1856000000.0,1681000000.0,1601000000.0,1589000000.0,1920000000.0,1471000000.0,1585000000.0,1556000000.0,1619000000.0,1685000000.0,1595000000.0,,1476000000.0,1531000000.0,1188000000.0,747000000.0,776000000.0,815000000.0,873000000.0,731000000.0,796000000.0,788000000.0,782000000.0,743000000.0,778000000.0,790000000.0,802000000.0,791000000.0,840000000.0,782000000.0,865000000.0,699000000.0,787000000.0,888000000.0,1001000000.0,934000000.0,813000000.0,844000000.0,982000000.0,851000000.0,799000000.0,769000000.0,906000000.0,769000000.0,893000000.0,968000000.0,972000000.0,978000000.0,892000000.0,895000000.0,946000000.0,771000000.0,820000000.0,744000000.0,843000000.0,759000000.0,709000000.0,760000000.0,902000000.0,812000000.0,756000000.0,690000000.0
AccumulatedDepreciationDepletionAndAmortizationPropertyPlantAndEquipment / USD,,,2766000000.0,,,,3383000000.0,,,,4082000000.0,,,,4781000000.0,,,,,5105000000.0,,,,4977000000.0,,,,5365000000.0,,,,5761000000.0,,,,5850000000.0,,,,6279000000.0,41000000.0,48000000.0,51000000.0,6690000000.0,,,,6900000000.0,,,,6996000000.0,,,,6091000000.0,,,,4624000000.0,,,,4816000000.0,,,
AccumulatedOtherComprehensiveIncomeLossNetOfTax / USD,394000000.0,145000000.0,-317000000.0,-154000000.0,27000000.0,7000000.0,40000000.0,-40000000.0,-25000000.0,138000000.0,173000000.0,274000000.0,281000000.0,145000000.0,90000000.0,98000000.0,,74000000.0,74000000.0,173000000.0,112000000.0,529000000.0,528000000.0,101000000.0,494000000.0,494000000.0,468000000.0,112000000.0,330000000.0,298000000.0,296000000.0,492000000.0,316000000.0,296000000.0,277000000.0,279000000.0,266000000.0,321000000.0,304000000.0,314000000.0,310000000.0,296000000.0,300000000.0,294000000.0,289000000.0,294000000.0,290000000.0,295000000.0,243000000.0,256000000.0,268000000.0,328000000.0,338000000.0,335000000.0,337000000.0,329000000.0,328000000.0,328000000.0,313000000.0,322000000.0,317000000.0,322000000.0,308000000.0,317000000.0,312000000.0,310000000.0,309000000.0
AdditionalPaidInCapital / USD,112000000.0,172000000.0,205000000.0,294000000.0,329000000.0,404000000.0,441000000.0,474000000.0,0.0,0.0,18000000.0,0.0,0.0,0.0,0.0,20000000.0,,0.0,40000000.0,54000000.0,77000000.0,109000000.0,253000000.0,300000000.0,330000000.0,348000000.0,377000000.0,437000000.0,494000000.0,198000000.0,185000000.0,0.0,,,,0.0,,,,0.0,,,,,15000000.0,83000000.0,133000000.0,,15000000.0,83000000.0,133000000.0,,33000000.0,20000000.0,61000000.0,21000000.0,21000000.0,20000000.0,61000000.0,21000000.0,31000000.0,31000000.0,31000000.0,31000000.0,26000000.0,0.0,0.0
AdjustmentsToAdditionalPaidInCapitalSharebasedCompensationRequisiteServicePeriodRecognitionValue / USD,,,105000000.0,27000000.0,57000000.0,88000000.0,110000000.0,29000000.0,58000000.0,87000000.0,118000000.0,37000000.0,67000000.0,99000000.0,121000000.0,33000000.0,,64000000.0,99000000.0,120000000.0,23000000.0,48000000.0,74000000.0,112000000.0,23000000.0,41000000.0,64000000.0,97000000.0,27000000.0,55000000.0,80000000.0,87000000.0,31000000.0,57000000.0,82000000.0,104000000.0,31000000.0,,,,32000000.0,63000000.0,92000000.0,129000000.0,36000000.0,74000000.0,109000000.0,123000000.0,15000000.0,65000000.0,106000000.0,143000000.0,37000000.0,71000000.0,105000000.0,135000000.0,39000000.0,65000000.0,98000000.0,141000000.0,38000000.0,75000000.0,110000000.0,138000000.0,38000000.0,74000000.0,108000000.0
AdvertisingExpense / USD,,,,,,,765000000.0,,,,709000000.0,,,,862000000.0,,710000000.0,,,828000000.0,,,,703000000.0,,,,757000000.0,,,,711000000.0,,,,742000000.0,,,,743000000.0,,,,776000000.0,,,,777000000.0,,,,840000000.0,,,,819000000.0,,,,915000000.0,,,,864000000.0,,,
AllocatedShareBasedCompensationExpense / USD,,,,,,,110000000.0,,,,118000000.0,,,,121000000.0,,,,,120000000.0,,,,112000000.0,,,,97000000.0,,,,,,,,,,,,,,,,,,,,,,,,143000000.0,,,,135000000.0,,,,141000000.0,,,,138000000.0,,,
AmortizationOfIntangibleAssets / USD,1000000.0,42000000.0,1000000.0,21000000.0,42000000.0,66000000.0,63000000.0,22000000.0,43000000.0,63000000.0,88000000.0,15000000.0,30000000.0,39000000.0,82000000.0,10000000.0,0.0,20000000.0,30000000.0,42000000.0,10000000.0,12000000.0,13000000.0,38000000.0,,,,15000000.0,,,,,,,,,,,0.0,22000000.0,0.0,0.0,6000000.0,23000000.0,17000000.0,35000000.0,53000000.0,23000000.0,19000000.0,40000000.0,60000000.0,72000000.0,20000000.0,40000000.0,60000000.0,80000000.0,22000000.0,44000000.0,65000000.0,82000000.0,20000000.0,41000000.0,56000000.0,86000000.0,6000000.0,11000000.0,16000000.0
AntidilutiveSecuritiesExcludedFromComputationOfEarningsPerShareAmount / shares,,,,,20000000.0,18800000.0,,11200000.0,19000000.0,18600000.0,,29300000.0,29600000.0,30200000.0,,31700000.0,,29300000.0,28600000.0,,25100000.0,21700000.0,16400000.0,,16200000.0,13500000.0,13800000.0,,10100000.0,10400000.0,10000000.0,,9100000.0,8800000.0,6900000.0,8900000.0,700000.0,0.0,0.0,4500000.0,100000.0,100000.0,100000.0,200000.0,800000.0,900000.0,900000.0,200000.0,600000.0,500000.0,,800000.0,1100000.0,1900000.0,2300000.0,100000.0,2200000.0,1900000.0,2300000.0,100000.0,1000000.0,1300000.0,400000.0,700000.0,600000.0,0.0,0.0
Assets / USD,17522000000.0,20647000000.0,15826000000.0,16214000000.0,17191000000.0,21100000000.0,15826000000.0,17956000000.0,17362000000.0,22352000000.0,18302000000.0,19572000000.0,19296000000.0,20127000000.0,17849000000.0,16011000000.0,,15849000000.0,17556000000.0,16005000000.0,14331000000.0,13284000000.0,15068000000.0,16787000000.0,13911000000.0,14349000000.0,15762000000.0,13990000000.0,13712000000.0,13559000000.0,15169000000.0,15245000000.0,12901000000.0,13254000000.0,14542000000.0,13519000000.0,12955000000.0,13444000000.0,14785000000.0,13856000000.0,12082000000.0,11993000000.0,15000000000.0,13049000000.0,14550000000.0,14978000000.0,16926000000.0,12901000000.0,15605000000.0,17412000000.0,21202000000.0,15591000000.0,17705000000.0,18579000000.0,20102000000.0,19067000000.0,15251000000.0,15419000000.0,17021000000.0,17504000000.0,14688000000.0,15318000000.0,16882000000.0,15803000000.0,14752000000.0,15624000000.0,17018000000.0
AssetsCurrent / USD,9328000000.0,12318000000.0,8192000000.0,8410000000.0,9304000000.0,13267000000.0,10566000000.0,10388000000.0,9959000000.0,14829000000.0,10473000000.0,12169000000.0,11891000000.0,12939000000.0,10297000000.0,10316000000.0,,10184000000.0,11846000000.0,12047000000.0,10006000000.0,9414000000.0,11234000000.0,10485000000.0,10118000000.0,10611000000.0,12063000000.0,11472000000.0,10129000000.0,9980000000.0,11468000000.0,9886000000.0,9282000000.0,9694000000.0,11021000000.0,10516000000.0,9656000000.0,10078000000.0,11405000000.0,9829000000.0,8930000000.0,8771000000.0,10901000000.0,8870000000.0,8014000000.0,8192000000.0,10175000000.0,8857000000.0,8996000000.0,10683000000.0,14551000000.0,12540000000.0,11268000000.0,12040000000.0,13520000000.0,10539000000.0,8315000000.0,8344000000.0,9922000000.0,8802000000.0,7762000000.0,8304000000.0,9865000000.0,7897000000.0,7753000000.0,8562000000.0,9955000000.0
CashAndCashEquivalentsAtCarryingValue / USD,1438000000.0,1438000000.0,1205000000.0,498000000.0,498000000.0,498000000.0,1438000000.0,1826000000.0,1826000000.0,1826000000.0,498000000.0,1103000000.0,1103000000.0,1103000000.0,1826000000.0,1199000000.0,,1199000000.0,1199000000.0,1103000000.0,1826000000.0,1826000000.0,1826000000.0,1199000000.0,2678000000.0,2678000000.0,2678000000.0,1826000000.0,2432000000.0,2432000000.0,2432000000.0,1976000000.0,1845000000.0,1861000000.0,1341000000.0,1976000000.0,1651000000.0,1365000000.0,1103000000.0,2240000000.0,1848000000.0,1865000000.0,1228000000.0,1980000000.0,1561000000.0,1289000000.0,1205000000.0,2229000000.0,3919000000.0,5305000000.0,5136000000.0,5494000000.0,4278000000.0,4340000000.0,3465000000.0,5494000000.0,640000000.0,840000000.0,932000000.0,2936000000.0,1030000000.0,1093000000.0,636000000.0,1874000000.0,1214000000.0,1387000000.0,643000000.0
CashCashEquivalentsRestrictedCashAndRestrictedCashEquivalents / USD,,,,,,,,,,,,,,,,,,,,,,,,,,,,,,,,,,2161000000.0,2161000000.0,2161000000.0,2433000000.0,2433000000.0,2433000000.0,2161000000.0,1300000000.0,1300000000.0,1300000000.0,2433000000.0,2184000000.0,2184000000.0,2184000000.0,1300000000.0,2355000000.0,2355000000.0,2355000000.0,2184000000.0,5625000000.0,5625000000.0,5625000000.0,2355000000.0,3205000000.0,3205000000.0,3205000000.0,5625000000.0,2253000000.0,2253000000.0,2253000000.0,3205000000.0,1793000000.0,1793000000.0,1793000000.0
CashCashEquivalentsRestrictedCashAndRestrictedCashEquivalentsPeriodIncreaseDecreaseIncludingExchangeRateEffect / USD,,,,,,,,,,,,,,,,,,,,,,,,,,,,,,,,,,,,,,-872000000.0,-1133000000.0,272000000.0,749000000.0,768000000.0,139000000.0,-1133000000.0,-417000000.0,-780000000.0,-852000000.0,884000000.0,1679000000.0,3067000000.0,2916000000.0,171000000.0,-1232000000.0,-1151000000.0,-1987000000.0,3270000000.0,-2245000000.0,-2053000000.0,-1912000000.0,-2420000000.0,-821000000.0,-762000000.0,-1194000000.0,-952000000.0,-266000000.0,-95000000.0,-855000000.0
CommonStockDividendsPerShareDeclared / USD/shares,0.26,0.4,0.46,0.14,0.27,0.42,0.54,0.14,0.28,0.43,0.56,0.15,0.3,0.46,0.58,0.16,0.58,0.32,0.49,0.62,0.17,0.34,0.51,0.66,0.17,0.34,0.53,0.68,0.74,0.97,1.2,0.72,0.73,1.01,1.29,1.43,0.34,0.68,1.02,1.57,0.45,0.9,1.35,1.36,0.5,1.0,1.5,1.8,,1.1,1.65,2.0,0.7,0.7,2.1,2.2,0.88,1.76,2.64,2.8,0.92,1.84,2.76,3.52,0.94,1.88,2.82
CommonStockParOrStatedValuePerShare / USD/shares,0.1,0.1,0.1,0.1,0.1,0.1,0.1,0.1,0.1,0.1,0.1,0.1,0.1,0.1,0.1,0.1,,0.1,0.1,0.1,0.1,0.1,0.1,0.1,0.1,0.1,0.1,0.1,0.1,0.1,0.1,0.1,0.1,0.1,0.1,0.1,0.1,0.1,0.1,0.1,0.1,0.1,0.1,0.1,0.1,0.1,0.1,0.1,0.1,0.1,0.1,0.1,0.1,0.1,0.1,0.1,0.1,0.1,0.1,0.1,0.1,0.1,0.1,0.1,0.1,0.1,0.1
CommonStockSharesAuthorized / shares,1000000000.0,1000000000.0,1000000000.0,1000000000.0,1000000000.0,1000000000.0,1000000000.0,1000000000.0,1000000000.0,1000000000.0,1000000000.0,1000000000.0,1000000000.0,1000000000.0,1000000000.0,1000000000.0,,1000000000.0,1000000000.0,1000000000.0,1000000000.0,1000000000.0,1000000000.0,1000000000.0,1000000000.0,1000000000.0,1000000000.0,1000000000.0,1000000000.0,1000000000.0,1000000000.0,1000000000.0,1000000000.0,1000000000.0,1000000000.0,1000000000.0,1000000000.0,1000000000.0,1000000000.0,1000000000.0,1000000000.0,1000000000.0,1000000000.0,1000000000.0,1000000000.0,1000000000.0,1000000000.0,1000000000.0,1000000000.0,1000000000.0,1000000000.0,1000000000.0,1000000000.0,1000000000.0,1000000000.0,1000000000.0,1000000000.0,1000000000.0,1000000000.0,1000000000.0,1000000000.0,1000000000.0,1000000000.0,1000000000.0,1000000000.0,1000000000.0,1000000000.0
CommonStockSharesIssued / shares,412332000.0,413429000.0,413684000.0,416359000.0,416539000.0,418032000.0,418815000.0,420062000.0,402961000.0,394067000.0,392590000.0,383610000.0,370102000.0,357941000.0,341400000.0,342247000.0,,336530000.0,337925000.0,338276000.0,339737000.0,340967000.0,345564000.0,346751000.0,348750000.0,349548000.0,350407000.0,351468000.0,353000000.0,344000000.0,345000000.0,323779000.0,324000000.0,317000000.0,313000000.0,311108000.0,306000000.0,300000000.0,296000000.0,282988000.0,281000000.0,276000000.0,272000000.0,265703000.0,267000000.0,265000000.0,260000000.0,256000000.0,257600000.0,256900000.0,258800000.0,256900000.0,250400000.0,247300000.0,243800000.0,227400000.0,224600000.0,225100000.0,225200000.0,218100000.0,218500000.0,217900000.0,216300000.0,215400000.0,216100000.0,215000000.0,213800000.0
CommonStockSharesOutstanding / shares,412332000.0,413429000.0,413684000.0,416359000.0,416539000.0,418032000.0,418815000.0,420062000.0,402961000.0,394067000.0,392590000.0,383610000.0,370102000.0,357941000.0,341400000.0,342247000.0,,336530000.0,337925000.0,338276000.0,339737000.0,340967000.0,345564000.0,346751000.0,348750000.0,349548000.0,350407000.0,351468000.0,353000000.0,344000000.0,345000000.0,323779000.0,324000000.0,317000000.0,313000000.0,311108000.0,306000000.0,300000000.0,296000000.0,282988000.0,281000000.0,276000000.0,272000000.0,265703000.0,267000000.0,265000000.0,260000000.0,256000000.0,257600000.0,258800000.0,258800000.0,256900000.0,250400000.0,247300000.0,243800000.0,227400000.0,224600000.0,225100000.0,225200000.0,218100000.0,218500000.0,217900000.0,216300000.0,215400000.0,216100000.0,215000000.0,213800000.0
CommonStockValue / USD,41000000.0,41000000.0,41000000.0,42000000.0,42000000.0,42000000.0,42000000.0,42000000.0,40000000.0,39000000.0,39000000.0,38000000.0,37000000.0,36000000.0,34000000.0,34000000.0,,34000000.0,34000000.0,34000000.0,34000000.0,34000000.0,35000000.0,35000000.0,35000000.0,35000000.0,35000000.0,35000000.0,35000000.0,34000000.0,34000000.0,32000000.0,32000000.0,32000000.0,31000000.0,31000000.0,31000000.0,30000000.0,30000000.0,28000000.0,28000000.0,27000000.0,27000000.0,27000000.0,27000000.0,26000000.0,26000000.0,26000000.0,26000000.0,26000000.0,26000000.0,26000000.0,25000000.0,25000000.0,24000000.0,23000000.0,22000000.0,22000000.0,22000000.0,22000000.0,22000000.0,22000000.0,22000000.0,22000000.0,22000000.0,22000000.0,22000000.0
ComprehensiveIncomeNetOfTax / USD,,,,,655000000.0,862000000.0,184000000.0,,,,1674000000.0,333000000.0,468000000.0,488000000.0,1410000000.0,182000000.0,,182000000.0,191000000.0,-1314000000.0,-111000000.0,602000000.0,655000000.0,-430000000.0,463000000.0,609000000.0,690000000.0,912000000.0,77000000.0,209000000.0,332000000.0,1123000000.0,274000000.0,452000000.0,627000000.0,786000000.0,175000000.0,439000000.0,661000000.0,1236000000.0,204000000.0,434000000.0,715000000.0,1035000000.0,260000000.0,503000000.0,792000000.0,1444000000.0,107000000.0,552000000.0,955000000.0,1542000000.0,605000000.0,1336000000.0,1837000000.0,1831000000.0,340000000.0,646000000.0,908000000.0,2455000000.0,239000000.0,518000000.0,767000000.0,1412000000.0,241000000.0,530000000.0,802000000.0
ContractWithCustomerAssetAccumulatedAllowanceForCreditLoss / USD,,,,,,,,,,,,,,,,,,,,,,,,,,,,,,,,,,,,,24000000.0,24000000.0,24000000.0,24000000.0,24000000.0,15000000.0,15000000.0,13000000.0,12000000.0,13000000.0,13000000.0,14000000.0,29000000.0,28000000.0,30000000.0,32000000.0,25000000.0,24000000.0,24000000.0,31000000.0,25000000.0,21000000.0,20000000.0,22000000.0,18000000.0,18000000.0,19000000.0,23000000.0,17000000.0,16000000.0,16000000.0
ContractWithCustomerAssetNet / USD,,,,,,,,,,,,,,,,,,,,,,,,,,,,,,,,,,,,,674000000.0,674000000.0,674000000.0,674000000.0,582000000.0,584000000.0,588000000.0,565000000.0,484000000.0,561000000.0,591000000.0,567000000.0,396000000.0,567000000.0,625000000.0,618000000.0,545000000.0,528000000.0,638000000.0,591000000.0,526000000.0,534000000.0,654000000.0,581000000.0,523000000.0,485000000.0,555000000.0,512000000.0,453000000.0,474000000.0,471000000.0
ContractWithCustomerLiabilityRevenueRecognized / USD,,,,,,,,,,,,,,,,,,,,,,,,,,,,,,,,,,,,,455000000.0,605000000.0,729000000.0,871000000.0,455000000.0,605000000.0,729000000.0,871000000.0,466000000.0,638000000.0,762000000.0,890000000.0,492000000.0,662000000.0,792000000.0,923000000.0,684000000.0,866000000.0,1001000000.0,924000000.0,829000000.0,1089000000.0,1251000000.0,1346000000.0,747000000.0,1026000000.0,1192000000.0,1300000000.0,642000000.0,893000000.0,1054000000.0
CostOfGoodsAndServicesSold / USD,,,,,,,,,,,,,,,,,,,,,,,,,,,,,,,,,,,,,,13293000000.0,20333000000.0,29963000000.0,6984000000.0,14134000000.0,21400000000.0,32275000000.0,6973000000.0,14226000000.0,21629000000.0,32918000000.0,6597000000.0,14237000000.0,23295000000.0,33590000000.0,8922000000.0,17961000000.0,27069000000.0,36689000000.0,8294000000.0,16336000000.0,24591000000.0,40121000000.0,7317000000.0,14680000000.0,22204000000.0,36386000000.0,6783000000.0,13885000000.0,21113000000.0
CurrentFederalTaxExpenseBenefit / USD,,,,,,,573000000.0,,,,686000000.0,,,,735000000.0,,775000000.0,,,520000000.0,,,,211000000.0,,,,305000000.0,,,,354000000.0,,,,347000000.0,,,,317000000.0,,,,547000000.0,,,,275000000.0,,,,261000000.0,,,,447000000.0,,,,367000000.0,,,,213000000.0,,,
CurrentForeignTaxExpenseBenefit / USD,,,,,,,66000000.0,,,,63000000.0,,,,105000000.0,,50000000.0,,,72000000.0,,,,49000000.0,,,,55000000.0,,,,33000000.0,,,,60000000.0,,,,54000000.0,,,,50000000.0,,,,64000000.0,,,,48000000.0,,,,51000000.0,,,,61000000.0,,,,42000000.0,,,
CurrentIncomeTaxExpenseBenefit / USD,,,,,,,717000000.0,,,,865000000.0,,,,913000000.0,,902000000.0,,,653000000.0,,,,257000000.0,,,,406000000.0,,,,438000000.0,,,,455000000.0,,,,408000000.0,,,,656000000.0,,,,414000000.0,,,,382000000.0,,,,615000000.0,,,,560000000.0,,,,319000000.0,,,
CurrentStateAndLocalTaxExpenseBenefit / USD,,,,,,,78000000.0,,,,116000000.0,,,,73000000.0,,77000000.0,,,61000000.0,,,,-3000000.0,,,,46000000.0,,,,51000000.0,,,,48000000.0,,,,37000000.0,,,,59000000.0,,,,75000000.0,,,,73000000.0,,,,117000000.0,,,,132000000.0,,,,64000000.0,,,
DebtInstrumentUnamortizedDiscountPremiumAndDebtIssuanceCostsNet / USD,,,,,,,,,,,,,,,,,,,,,,,,,,,,,,,,,,,,,,,,,2000000.0,2000000.0,8000000.0,7000000.0,7000000.0,6000000.0,6000000.0,6000000.0,8000000.0,5000000.0,13000000.0,12000000.0,12000000.0,12000000.0,11000000.0,11000000.0,10000000.0,10000000.0,9000000.0,9000000.0,9000000.0,9000000.0,8000000.0,8000000.0,8000000.0,7000000.0,7000000.0
DeferredCompensationArrangementWithIndividualCashAwardsGrantedPercentage / pure,,,,,,,,,,,,,,,,,,,,,,,,,,,,,,,,,,,,,,,,0.5,,,,0.5,,,,0.5,,,,0.5,,,,0.5,,,,0.5,,,,0.5,,,
DeferredCompensationArrangementWithIndividualContributionsByEmployer / USD,,,,,,,,,,,,,,,,,,,,,,,,,,,,,,,,,,,,,,,,56000000.0,,,,62000000.0,,,,67000000.0,,,,73000000.0,,,,44000000.0,,,,77000000.0,,,,77000000.0,,,
DeferredCompensationLiabilityClassifiedNoncurrent / USD,,,,,,,,,,,,,,,,,,,,,,,,,,,,,,,,,,,,,,,,27000000.0,,,,23000000.0,,,,22000000.0,,,,25000000.0,,,,24000000.0,,,,20000000.0,,,,24000000.0,,,
DeferredFederalIncomeTaxExpenseBenefit / USD,,,,,,,-7000000.0,,,,-13000000.0,,,,-113000000.0,,-113000000.0,,,86000000.0,,,,25000000.0,,,,-22000000.0,,,,-275000000.0,,,,65000000.0,,,,163000000.0,,,,141000000.0,,,,4000000.0,,,,56000000.0,,,,-25000000.0,,,,22000000.0,,,,33000000.0,,,
DeferredForeignIncomeTaxExpenseBenefit / USD,,,,,,,-37000000.0,,,,-6000000.0,,,,-19000000.0,,-3000000.0,,,-8000000.0,,,,-18000000.0,,,,3000000.0,,,,4000000.0,,,,-27000000.0,,,,17000000.0,,,,10000000.0,,,,6000000.0,,,,6000000.0,,,,5000000.0,,,,1000000.0,,,,-1000000.0,,,
DeferredIncomeTaxExpenseBenefit / USD,-24000000.0,-66000000.0,74000000.0,24000000.0,6000000.0,-41000000.0,-43000000.0,3000000.0,50000000.0,-6000000.0,-30000000.0,-129000000.0,-54000000.0,-53000000.0,-134000000.0,-98000000.0,-118000000.0,-88000000.0,-96000000.0,89000000.0,-16000000.0,-3000000.0,-3000000.0,6000000.0,-401000000.0,-394000000.0,-381000000.0,-18000000.0,-25000000.0,-41000000.0,-43000000.0,-297000000.0,8000000.0,0.0,28000000.0,48000000.0,12000000.0,9000000.0,4000000.0,201000000.0,9000000.0,5000000.0,15000000.0,162000000.0,13000000.0,10000000.0,20000000.0,10000000.0,,13000000.0,19000000.0,70000000.0,,,-16000000.0,-36000000.0,,,,14000000.0,,,,51000000.0,14000000.0,10000000.0,1000000.0
DeferredIncomeTaxLiabilities / USD,,,,,,,608000000.0,,,,565000000.0,,,,606000000.0,,606000000.0,,,582000000.0,,,,437000000.0,,,,332000000.0,,,,391000000.0,,,,359000000.0,,,,230000000.0,,,,273000000.0,,,,1029000000.0,,,,1027000000.0,,,,1073000000.0,,,,1014000000.0,,,,898000000.0,,,
DeferredStateAndLocalIncomeTaxExpenseBenefit / USD,,,,,,,1000000.0,,,,-11000000.0,,,,-2000000.0,,-2000000.0,,,11000000.0,,,,-1000000.0,,,,1000000.0,,,,-26000000.0,,,,10000000.0,,,,21000000.0,,,,11000000.0,,,,8000000.0,,,,8000000.0,,,,-16000000.0,,,,-9000000.0,,,,19000000.0,,,
DeferredTaxAssetsDeferredIncome / USD,,,,,,,150000000.0,,,,141000000.0,,,,128000000.0,,128000000.0,,,153000000.0,,,,81000000.0,,,,93000000.0,,,,99000000.0,,,,104000000.0,,,,69000000.0,,,,52000000.0,,,,57000000.0,,,,67000000.0,,,,76000000.0,,,,67000000.0,,,,127000000.0,,,
DeferredTaxAssetsGross / USD,,,,,,,885000000.0,,,,1068000000.0,,,,1073000000.0,,1073000000.0,,,1089000000.0,,,,879000000.0,,,,1041000000.0,,,,1009000000.0,,,,770000000.0,,,,488000000.0,,,,419000000.0,,,,1105000000.0,,,,1171000000.0,,,,1204000000.0,,,,1117000000.0,,,,1240000000.0,,,
DeferredTaxAssetsLiabilitiesNet / USD,,,,,,,126000000.0,,,,291000000.0,,,,263000000.0,,263000000.0,,,279000000.0,,,,284000000.0,,,,566000000.0,,,,510000000.0,,,,317000000.0,,,,159000000.0,,,,55000000.0,,,,17000000.0,,,,17000000.0,,,,3000000.0,,,,167000000.0,,,,167000000.0,,,
DeferredTaxAssetsNet / USD,,,,,,,,,,,856000000.0,,,,869000000.0,,869000000.0,,,861000000.0,,,,721000000.0,,,,898000000.0,,,,901000000.0,,,,676000000.0,,,,389000000.0,,,,328000000.0,,,,1009000000.0,,,,1044000000.0,,,,1076000000.0,,,,967000000.0,,,,1065000000.0,,,
DeferredTaxAssetsOperatingLossCarryforwards / USD,,,,,,,211000000.0,,,,303000000.0,,,,310000000.0,,310000000.0,,,266000000.0,,,,176000000.0,,,,156000000.0,,,,133000000.0,,,,123000000.0,,,,120000000.0,,,,134000000.0,,,,127000000.0,,,,143000000.0,,,,143000000.0,,,,161000000.0,,,,173000000.0,,,
DeferredTaxAssetsOperatingLossCarryforwardsSubjectToExpiration / USD,,,,,,,,,,,,,,,,,,,,,,,,,,,,,,,,,,,,,,,,,,,,,,,,103000000.0,,,,93000000.0,,,,92000000.0,,,,32000000.0,,,,30000000.0,,,
DeferredTaxAssetsOther / USD,,,,,,,60000000.0,,,,125000000.0,,,,121000000.0,,121000000.0,,,125000000.0,,,,103000000.0,,,,88000000.0,,,,86000000.0,,,,59000000.0,,,,38000000.0,,,,38000000.0,,,,59000000.0,,,,48000000.0,,,,45000000.0,,,,43000000.0,,,,42000000.0,,,
DeferredTaxAssetsPropertyPlantAndEquipment / USD,,,,,,,,,,,,,,,,,,,,,,,,,,,,,,,,,,,,,,,,,,,,,,,,,,,,,,,,,,,,,,,,57000000.0,,,
DeferredTaxAssetsTaxDeferredExpenseCompensationAndBenefits / USD,,,,,,,64000000.0,,,,86000000.0,,,,103000000.0,,103000000.0,,,95000000.0,,,,114000000.0,,,,103000000.0,,,,99000000.0,,,,43000000.0,,,,32000000.0,,,,74000000.0,,,,57000000.0,,,,122000000.0,,,,156000000.0,,,,41000000.0,,,,91000000.0,,,
DeferredTaxAssetsTaxDeferredExpenseCompensationAndBenefitsShareBasedCompensationCost / USD,,,,,,,125000000.0,,,,137000000.0,,,,157000000.0,,157000000.0,,,137000000.0,,,,110000000.0,,,,94000000.0,,,,86000000.0,,,,64000000.0,,,,32000000.0,,,,35000000.0,,,,34000000.0,,,,29000000.0,,,,31000000.0,,,,29000000.0,,,,32000000.0,,,
DeferredTaxAssetsTaxDeferredExpenseReservesAndAccrualsDeferredRent / USD,,,,,,,,,,,,,,,,,,,,,,,,,,,,,,,,,,,,,,,,,,,,734000000.0,,,,734000000.0,,,,698000000.0,,,,707000000.0,,,,729000000.0,,,,730000000.0,,,
DeferredTaxAssetsTaxDeferredExpenseReservesAndAccrualsOther / USD,,,,,,,126000000.0,,,,122000000.0,,,,108000000.0,,108000000.0,,,119000000.0,,,,133000000.0,,,,91000000.0,,,,78000000.0,,,,76000000.0,,,,43000000.0,,,,40000000.0,,,,37000000.0,,,,64000000.0,,,,46000000.0,,,,47000000.0,,,,45000000.0,,,
DeferredTaxAssetsValuationAllowance / USD,,,,,,,151000000.0,,,,212000000.0,,,,204000000.0,,204000000.0,,,228000000.0,,,,158000000.0,,,,143000000.0,,,,108000000.0,,,,94000000.0,,,,99000000.0,,,,91000000.0,,,,96000000.0,,,,127000000.0,,,,128000000.0,,,,150000000.0,,,,175000000.0,,,
DeferredTaxLiabilitiesGoodwillAndIntangibleAssets / USD,,,,,,,125000000.0,,,,123000000.0,,,,118000000.0,,118000000.0,,,127000000.0,,,,75000000.0,,,,,,,,,,,,,,,,0.0,,,,12000000.0,,,,45000000.0,,,,55000000.0,,,,64000000.0,,,,71000000.0,,,,81000000.0,,,
DeferredTaxLiabilitiesLeasingArrangements / USD,,,,,,,,,,,,,,,,,,,,,,,,,,,,,,,,,,,,,,,,,,,,692000000.0,,,,692000000.0,,,,662000000.0,,,,676000000.0,,,,698000000.0,,,,701000000.0,,,
DeferredTaxLiabilitiesOther / USD,,,,,,,31000000.0,,,,22000000.0,,,,27000000.0,,27000000.0,,,22000000.0,,,,16000000.0,,,,27000000.0,,,,26000000.0,,,,22000000.0,,,,20000000.0,,,,16000000.0,,,,15000000.0,,,,39000000.0,,,,39000000.0,,,,39000000.0,,,,22000000.0,,,
DeferredTaxLiabilitiesPropertyPlantAndEquipment / USD,,,,,,,381000000.0,,,,316000000.0,,,,376000000.0,,376000000.0,,,343000000.0,,,,286000000.0,,,,251000000.0,,,,296000000.0,,,,240000000.0,,,,163000000.0,,,,184000000.0,,,,237000000.0,,,,258000000.0,,,,270000000.0,,,,169000000.0,,,,49000000.0,,,
Depreciation / USD,312000000.0,520000000.0,580000000.0,196000000.0,407000000.0,614000000.0,730000000.0,221000000.0,438000000.0,668000000.0,838000000.0,222000000.0,448000000.0,669000000.0,896000000.0,227000000.0,,445000000.0,657000000.0,811000000.0,200000000.0,375000000.0,537000000.0,794000000.0,161000000.0,319000000.0,484000000.0,701000000.0,163000000.0,326000000.0,494000000.0,656000000.0,162000000.0,327000000.0,491000000.0,657000000.0,161000000.0,329000000.0,,654000000.0,,,,683000000.0,,,,747000000.0,,,,740000000.0,,,,759000000.0,,,,787000000.0,,,,918000000.0,219000000.0,437000000.0,650000000.0
DepreciationDepletionAndAmortization / USD,,,,,,,,,,,,,,,,,,,,,,,,,,,,,,,,,,,,,,,500000000.0,654000000.0,176000000.0,358000000.0,550000000.0,683000000.0,200000000.0,401000000.0,607000000.0,770000000.0,207000000.0,414000000.0,628000000.0,812000000.0,216000000.0,430000000.0,644000000.0,839000000.0,224000000.0,453000000.0,679000000.0,869000000.0,237000000.0,473000000.0,702000000.0,918000000.0,219000000.0,437000000.0,650000000.0
DerivativeNotionalAmount / USD,,,,,,,,,,,,,,,,,,,,,,,,157000000.0,131000000.0,95000000.0,217000000.0,554000000.0,1171000000.0,1120000000.0,1167000000.0,1052000000.0,1049000000.0,994000000.0,1012000000.0,998000000.0,1067000000.0,1253000000.0,1454000000.0,1645000000.0,1324000000.0,,,1174000000.0,,325000000.0,,1310000000.0,,,,704000000.0,628000000.0,655000000.0,731000000.0,723000000.0,668000000.0,683000000.0,730000000.0,670000000.0,659000000.0,652000000.0,695000000.0,666000000.0,,662000000.0,748000000.0
EarningsPerShareBasic / USD/shares,0.92,1.05,3.2,0.37,0.75,1.29,2.43,0.37,0.98,1.53,3.16,0.54,0.89,1.32,3.14,0.46,3.14,0.5,0.47,-3.83,-0.24,0.54,0.7,-1.3,1.33,1.74,2.05,1.56,0.37,0.83,1.2,3.53,0.71,1.33,1.94,2.59,0.61,1.29,2.09,3.86,0.74,1.61,2.62,3.33,0.99,1.88,2.99,5.3,0.61,2.28,3.79,5.82,2.35,5.28,7.31,6.93,1.5,2.86,4.09,9.94,1.11,2.37,3.58,6.31,1.14,2.49,3.76
EarningsPerShareDiluted / USD/shares,0.91,1.04,3.12,0.36,0.74,1.27,2.39,0.36,0.96,1.5,3.1,0.53,0.87,1.3,3.08,0.46,3.08,0.5,0.47,-3.72,-0.24,0.54,0.69,-1.3,1.31,1.73,2.02,1.53,0.36,0.82,1.18,3.49,0.7,1.31,1.92,2.56,0.6,1.27,2.05,3.81,0.72,1.58,2.57,3.26,0.98,1.86,2.96,5.2,0.61,2.26,3.74,5.75,2.32,5.22,7.23,6.84,1.49,2.85,4.07,9.84,1.11,2.36,3.57,6.29,1.13,2.47,3.73
EffectOfExchangeRateOnCashCashEquivalentsRestrictedCashAndRestrictedCashEquivalents / USD,,,,,,,,,,,,,,,,,,,,,,,,,,,,,,,,,,25000000.0,13000000.0,,,,,,-12000000.0,-16000000.0,-16000000.0,25000000.0,-1000000.0,-1000000.0,-2000000.0,-14000000.0,-18000000.0,-6000000.0,-8000000.0,-1000000.0,5000000.0,5000000.0,6000000.0,7000000.0,2000000.0,1000000.0,-10000000.0,-3000000.0,-5000000.0,-2000000.0,-12000000.0,-8000000.0,-3000000.0,-3000000.0,-2000000.0
EffectiveIncomeTaxRateContinuingOperations / pure,,,,,,,0.396,,,,0.359,,,,0.334,,0.349,,,0.343,0.334,0.394,0.4,71.523,,,,0.358,,,,0.101,,,,0.384,,,,0.335,,,,0.45,,,,0.224,,,,0.227,,,,0.243,,,,0.19,,,,0.207,,,
EmployeeRelatedLiabilitiesCurrent / USD,546000000.0,410000000.0,459000000.0,404000000.0,427000000.0,482000000.0,544000000.0,436000000.0,467000000.0,464000000.0,570000000.0,538000000.0,507000000.0,474000000.0,539000000.0,638000000.0,,464000000.0,429000000.0,520000000.0,333000000.0,343000000.0,350000000.0,444000000.0,350000000.0,287000000.0,305000000.0,372000000.0,277000000.0,285000000.0,306000000.0,384000000.0,277000000.0,272000000.0,308000000.0,358000000.0,274000000.0,309000000.0,331000000.0,561000000.0,296000000.0,318000000.0,349000000.0,482000000.0,275000000.0,343000000.0,351000000.0,410000000.0,213000000.0,253000000.0,446000000.0,725000000.0,493000000.0,605000000.0,703000000.0,845000000.0,336000000.0,374000000.0,363000000.0,405000000.0,364000000.0,377000000.0,309000000.0,486000000.0,380000000.0,347000000.0,361000000.0
EntityCommonStockSharesOutstanding / shares,416539000.0,418032000.0,421899790.0,416930000.0,397841000.0,394196420.0,389520245.0,373912817.0,362295405.0,350316613.0,342198524.0,339903251.0,336667475.0,338087851.0,338770740.0,339846591.0,338770740.0,341510429.0,346007645.0,347043619.0,348803518.0,349615898.0,350759999.0,352185626.0,352771360.0,344571727.0,342719728.0,323347681.0,322752742.0,317274411.0,313826197.0,309110840.0,304962371.0,299184572.0,292326497.0,282713593.0,279391918.0,274557555.0,269101569.0,265702588.0,267043142.0,263573258.0,258777447.0,256971220.0,258309045.0,258832143.0,258944852.0,250044876.0,250472993.0,245964220.0,240560898.0,225227756.0,225168407.0,225130807.0,221264454.0,218045737.0,218210535.0,217638155.0,215395970.0,215381395.0,215713754.0,214725246.0,213795603.0,211369657.0,211346694.0,210101265.0,209535103.0
EntityPublicFloat / USD,11600000000.0,,11000000000.0,,,,8800000000.0,,,,6600000000.0,,,,4100000000.0,,4100000000.0,,,6500000000.0,,,,6400000000.0,,,,6600000000.0,,,,7800000000.0,,,,13000000000.0,,,,15700000000.0,,,,13900000000.0,,,,20000000000.0,,,,24500000000.0,,,,13400000000.0,,,,14100000000.0,,,,15800000000.0,,,
FinanceLeaseLiability / USD,,,,,,,,,,,,,,,,,,,,,,,,,,,,,,,,,,,,,,,,,41000000.0,39000000.0,39000000.0,38000000.0,41000000.0,39000000.0,39000000.0,38000000.0,34000000.0,35000000.0,37000000.0,38000000.0,41000000.0,40000000.0,41000000.0,40000000.0,41000000.0,40000000.0,44000000.0,42000000.0,40000000.0,39000000.0,39000000.0,34000000.0,34000000.0,29000000.0,29000000.0
FinanceLeaseLiabilityCurrent / USD,,,,,,,,,,,,,,,,,,,,,,,,,,,,,,,,,,,,,,,,,14000000.0,14000000.0,14000000.0,14000000.0,,,,14000000.0,,,,14000000.0,,,,13000000.0,,,,16000000.0,,,,13000000.0,,,
FinanceLeaseLiabilityNoncurrent / USD,,,,,,,,,,,,,,,,,,,,,,,,,,,,,,,,,,,,,,,,,27000000.0,25000000.0,25000000.0,24000000.0,,,,24000000.0,,,,24000000.0,,,,27000000.0,,,,26000000.0,,,,21000000.0,,,
FinanceLeaseRightOfUseAsset / USD,,,,,,,,,,,,,,,,,,,,,,,,,,,,,,,,,,,,,,,,,41000000.0,36000000.0,36000000.0,35000000.0,,,,35000000.0,,,,37000000.0,,,,45000000.0,,,,50000000.0,,,,43000000.0,,,
FiniteLivedIntangibleAssetsAccumulatedAmortization / USD,,,,,107000000.0,126000000.0,,163000000.0,-180000000.0,-209000000.0,225000000.0,,,,,,,,,,,,,,,,,,,,,,,,,,,,6000000.0,23000000.0,23000000.0,23000000.0,6000000.0,23000000.0,40000000.0,58000000.0,76000000.0,95000000.0,114000000.0,135000000.0,155000000.0,175000000.0,195000000.0,215000000.0,235000000.0,257000000.0,279000000.0,301000000.0,322000000.0,343000000.0,363000000.0,384000000.0,399000000.0,404000000.0,410000000.0,415000000.0,420000000.0
FiniteLivedIntangibleAssetsAmortizationExpenseAfterYearFive / USD,,,,,,,,,,,,,,,47000000.0,,47000000.0,,,,,,,,,,,,,,,,,,,,,,147000000.0,32000000.0,,,,,,,,,,,,,,,,,,,,,,,,,,18000000.0,
FiniteLivedIntangibleAssetsAmortizationExpenseNextTwelveMonths / USD,,,,,,,,,,,,,,,42000000.0,6000000.0,6000000.0,6000000.0,6000000.0,,,,,,,,,,,,,,,,,,,,,68000000.0,,,,74000000.0,,,80000000.0,80000000.0,79000000.0,79000000.0,79000000.0,86000000.0,60000000.0,61000000.0,61000000.0,61000000.0,21000000.0,21000000.0,21000000.0,21000000.0,21000000.0,18000000.0,18000000.0,20000000.0,13000000.0,13000000.0,5000000.0
FiniteLivedIntangibleAssetsAmortizationExpenseRemainderOfFiscalYear / USD,,,,,,,,,,,,,,,,5000000.0,,3000000.0,2000000.0,,,,,,,,,,,,,,,,,,,,17000000.0,,51000000.0,37000000.0,19000000.0,,61000000.0,41000000.0,20000000.0,,60000000.0,40000000.0,20000000.0,,64000000.0,43000000.0,21000000.0,,41000000.0,21000000.0,6000000.0,,15000000.0,9000000.0,4000000.0,,11000000.0,7000000.0,2000000.0
FiniteLivedIntangibleAssetsAmortizationExpenseYearFive / USD,,,,,,,,,,,,,,,6000000.0,,6000000.0,,,,,,,,,,,,,,,,,,,,,,,48000000.0,48000000.0,54000000.0,54000000.0,16000000.0,16000000.0,16000000.0,16000000.0,16000000.0,13000000.0,13000000.0,13000000.0,18000000.0,12000000.0,12000000.0,12000000.0,12000000.0,11000000.0,10000000.0,10000000.0,11000000.0,9000000.0,7000000.0,7000000.0,8000000.0,5000000.0,5000000.0,
FiniteLivedIntangibleAssetsAmortizationExpenseYearFour / USD,,,,,,,,,,,,,,,24000000.0,6000000.0,6000000.0,6000000.0,6000000.0,,,,,,,,,,,,,,,,,,,,67000000.0,67000000.0,67000000.0,73000000.0,74000000.0,54000000.0,54000000.0,54000000.0,16000000.0,16000000.0,16000000.0,16000000.0,16000000.0,21000000.0,18000000.0,18000000.0,18000000.0,18000000.0,12000000.0,12000000.0,12000000.0,12000000.0,11000000.0,8000000.0,8000000.0,10000000.0,6000000.0,6000000.0,
FiniteLivedIntangibleAssetsAmortizationExpenseYearThree / USD,,,,,,,,,,,,,,,42000000.0,6000000.0,6000000.0,6000000.0,6000000.0,,,,,,,,,,,,,,,,,,,,67000000.0,67000000.0,67000000.0,73000000.0,74000000.0,74000000.0,79000000.0,79000000.0,54000000.0,54000000.0,16000000.0,16000000.0,16000000.0,22000000.0,21000000.0,20000000.0,21000000.0,21000000.0,18000000.0,18000000.0,18000000.0,18000000.0,12000000.0,10000000.0,10000000.0,12000000.0,7000000.0,7000000.0,
FiniteLivedIntangibleAssetsAmortizationExpenseYearTwo / USD,,,,,,,,,,,,,,,42000000.0,6000000.0,6000000.0,6000000.0,6000000.0,,,,,,,,,,,,,,,,,,,,67000000.0,68000000.0,68000000.0,73000000.0,74000000.0,74000000.0,80000000.0,80000000.0,79000000.0,79000000.0,54000000.0,54000000.0,54000000.0,60000000.0,22000000.0,21000000.0,21000000.0,21000000.0,21000000.0,21000000.0,21000000.0,21000000.0,18000000.0,16000000.0,16000000.0,18000000.0,8000000.0,8000000.0,
FiniteLivedIntangibleAssetsGross / USD,,,,,482000000.0,469000000.0,,451000000.0,443000000.0,461000000.0,456000000.0,,,,,,,,,,,,,,,,,,,,,,,,,,,,371000000.0,373000000.0,373000000.0,373000000.0,371000000.0,373000000.0,373000000.0,456000000.0,460000000.0,458000000.0,476000000.0,476000000.0,476000000.0,476000000.0,476000000.0,476000000.0,476000000.0,532000000.0,532000000.0,532000000.0,532000000.0,532000000.0,532000000.0,532000000.0,532000000.0,532000000.0,532000000.0,516000000.0,516000000.0
FixturesAndEquipmentGross / USD,,,4060000000.0,,,,4447000000.0,,,,4701000000.0,,,,4981000000.0,,,,,5120000000.0,,,,4515000000.0,,,,4729000000.0,,,,5002000000.0,,,,4998000000.0,,,,5410000000.0,,,,5865000000.0,,,,6286000000.0,,,,6333000000.0,,,,5419000000.0,,,,3928000000.0,,,,4002000000.0,,,
GainLossOnDispositionOfAssets1 / USD,,,,,,,,,,,,,,,,,,,,,,,,,,,,,,,,,,,,,,,,,,,,,,,,,,,,,,,,,,,,,,,,,,0.0,0.0
GainLossOnSaleOfBusiness / USD,,,,,,,,,,,,,,,,0.0,,0.0,0.0,0.0,-28000000.0,-123000000.0,-123000000.0,0.0,0.0,1000000.0,1000000.0,-143000000.0,99000000.0,99000000.0,99000000.0,1000000.0,,,,99000000.0,,,,,,,,,,,,,,,,,,,,,,21000000.0,21000000.0,21000000.0,,21000000.0,21000000.0,21000000.0,,,
Goodwill / USD,2536000000.0,2414000000.0,2203000000.0,2296000000.0,2203000000.0,2203000000.0,1088000000.0,2452000000.0,2452000000.0,2452000000.0,2203000000.0,2454000000.0,2454000000.0,2454000000.0,2452000000.0,1335000000.0,,1335000000.0,1335000000.0,2454000000.0,528000000.0,528000000.0,528000000.0,425000000.0,425000000.0,425000000.0,425000000.0,425000000.0,425000000.0,425000000.0,425000000.0,425000000.0,425000000.0,425000000.0,425000000.0,425000000.0,425000000.0,425000000.0,425000000.0,425000000.0,425000000.0,425000000.0,921000000.0,490000000.0,915000000.0,965000000.0,982000000.0,984000000.0,986000000.0,986000000.0,986000000.0,986000000.0,986000000.0,986000000.0,986000000.0,1384000000.0,1385000000.0,1385000000.0,1383000000.0,1383000000.0,1383000000.0,1383000000.0,1383000000.0,1383000000.0,1383000000.0,1383000000.0,1383000000.0
GoodwillAndIntangibleAssetImpairment / USD,,,,,,,,,,,,,,,,,,,,,,,,,,,,,,,,,,,,,,,,,,,,,0.0,,0.0,,0.0,0.0,0.0,,0.0,0.0,0.0,0.0,0.0,0.0,0.0,0.0,0.0,0.0,0.0,475000000.0,,,0.0
GoodwillGross / USD,,,,,,,,,2430000000.0,2506000000.0,2519000000.0,2571000000.0,2571000000.0,2511000000.0,2596000000.0,2596000000.0,,2603000000.0,2605000000.0,2608000000.0,1412000000.0,1412000000.0,1412000000.0,1308000000.0,1308000000.0,1308000000.0,1308000000.0,1100000000.0,1100000000.0,1100000000.0,1100000000.0,1100000000.0,1100000000.0,1100000000.0,1100000000.0,1100000000.0,,,1100000000.0,1100000000.0,1100000000.0,1100000000.0,1596000000.0,1590000000.0,1590000000.0,1640000000.0,1657000000.0,1659000000.0,1661000000.0,1661000000.0,1661000000.0,1661000000.0,1661000000.0,1661000000.0,1661000000.0,2059000000.0,2060000000.0,2060000000.0,2058000000.0,2058000000.0,2058000000.0,2058000000.0,2058000000.0,2058000000.0,2058000000.0,2058000000.0,2058000000.0
GoodwillImpairedAccumulatedImpairmentLoss / USD,,,,,,,,,-65000000.0,65000000.0,65000000.0,65000000.0,64000000.0,64000000.0,1261000000.0,1261000000.0,,1261000000.0,1261000000.0,2080000000.0,884000000.0,884000000.0,884000000.0,883000000.0,883000000.0,883000000.0,883000000.0,675000000.0,675000000.0,675000000.0,675000000.0,675000000.0,675000000.0,675000000.0,675000000.0,675000000.0,675000000.0,675000000.0,675000000.0,675000000.0,675000000.0,675000000.0,675000000.0,675000000.0,675000000.0,675000000.0,675000000.0,675000000.0,675000000.0,675000000.0,675000000.0,675000000.0,675000000.0,675000000.0,675000000.0,675000000.0,675000000.0,675000000.0,675000000.0,675000000.0,675000000.0,675000000.0,675000000.0,675000000.0,675000000.0,675000000.0,675000000.0
GoodwillImpairmentLoss / USD,,,,,,,62000000.0,,,0.0,0.0,,,,0.0,0.0,0.0,0.0,0.0,0.0,0.0,0.0,0.0,614000000.0,,,,,,,,,,,,,,,,,,,,,,,,,,,,,,,,,,,,,,,,475000000.0,,,
GrossProfit / USD,4514000000.0,7375000000.0,9546000000.0,2557000000.0,5241000000.0,8183000000.0,10998000000.0,2793000000.0,5711000000.0,8694000000.0,12042000000.0,2921000000.0,5683000000.0,8536000000.0,166000000.0,2584000000.0,24000000.0,4845000000.0,7073000000.0,24000000.0,2158000000.0,4616000000.0,6773000000.0,9023000000.0,1967000000.0,3945000000.0,6021000000.0,9399000000.0,2030000000.0,4128000000.0,6240000000.0,9047000000.0,2145000000.0,4207000000.0,6410000000.0,9191000000.0,2022000000.0,4175000000.0,6455000000.0,9440000000.0,2125000000.0,4354000000.0,6678000000.0,9876000000.0,2169000000.0,4452000000.0,6813000000.0,9961000000.0,1965000000.0,4235000000.0,7030000000.0,10048000000.0,2715000000.0,5525000000.0,8327000000.0,10573000000.0,2353000000.0,4640000000.0,6972000000.0,11640000000.0,2150000000.0,4370000000.0,6602000000.0,9912000000.0,2064000000.0,4250000000.0,6467000000.0
ImpairmentOfIntangibleAssetsIndefinitelivedExcludingGoodwill / USD,,,,,,,10000000.0,,,,,,,,,,,4000000.0,4000000.0,0.0,4000000.0,22000000.0,4000000.0,,40000000.0,40000000.0,40000000.0,,,,,,,,,,,,,,,,,,,,,,,,,,,,,,,,,,,,,,,16000000.0,16000000.0
IncomeLossFromContinuingOperationsBeforeIncomeTaxesDomestic / USD,,,,,,,1540000000.0,,,,1944000000.0,,,,1739000000.0,,1893000000.0,,,1644000000.0,,,,286000000.0,,,,699000000.0,,,,1201000000.0,,,,1310000000.0,,,,1507000000.0,,,,1480000000.0,,,,1574000000.0,,,,1704000000.0,,,,2203000000.0,,,,2677000000.0,,,,1533000000.0,,,
IncomeLossFromContinuingOperationsBeforeIncomeTaxesForeign / USD,,,,,,,160000000.0,,,,385000000.0,,,,592000000.0,,354000000.0,,,522000000.0,,,,-282000000.0,,,,384000000.0,,,,186000000.0,,,,0.0,,,,309000000.0,,,,337000000.0,,,,314000000.0,,,,289000000.0,,,,174000000.0,,,,347000000.0,,,,255000000.0,,,
IncomeLossFromContinuingOperationsBeforeIncomeTaxesMinorityInterestAndIncomeLossFromEquityMethodInvestments / USD,612000000.0,737000000.0,2228000000.0,282000000.0,558000000.0,922000000.0,1700000000.0,302000000.0,705000000.0,1078000000.0,2329000000.0,449000000.0,684000000.0,1028000000.0,2331000000.0,239000000.0,2247000000.0,303000000.0,288000000.0,1875000000.0,146000000.0,552000000.0,630000000.0,4000000.0,191000000.0,401000000.0,589000000.0,1083000000.0,75000000.0,347000000.0,560000000.0,1387000000.0,360000000.0,639000000.0,943000000.0,1310000000.0,,602000000.0,944000000.0,1816000000.0,257000000.0,586000000.0,916000000.0,1817000000.0,330000000.0,637000000.0,1026000000.0,1888000000.0,218000000.0,779000000.0,1334000000.0,1993000000.0,766000000.0,1560000000.0,2224000000.0,2377000000.0,451000000.0,818000000.0,1177000000.0,3024000000.0,320000000.0,689000000.0,1037000000.0,1788000000.0,325000000.0,716000000.0,1072000000.0
IncomeLossFromContinuingOperationsPerBasicShare / USD/shares,,,,,,,,,,,3.36,0.65,1.06,1.53,3.51,0.49,3.6,0.59,0.56,3.26,0.29,0.98,1.11,-0.76,1.35,1.74,2.07,2.03,0.11,0.57,0.95,3.57,0.7,1.27,1.87,2.33,0.61,,,3.79,,,,3.33,,,,5.3,,,,5.82,,,,6.93,,,,9.94,,,,6.31,,,
IncomeLossFromContinuingOperationsPerDilutedShare / USD/shares,,,,,,,,,,,3.29,0.64,1.04,1.51,3.44,0.49,3.53,0.59,0.56,3.19,0.29,0.97,1.09,-0.76,1.33,1.73,2.04,2.0,0.1,0.57,0.93,3.53,0.69,1.26,1.85,2.3,,,,3.74,,,,3.26,,,,5.2,,,,5.75,,,,6.84,,,,9.84,,,,6.29,,,
IncomeLossFromEquityMethodInvestments / USD,-1000000.0,5000000.0,-3000000.0,,,,7000000.0,-1000000.0,0.0,0.0,1000000.0,-1000000.0,-1000000.0,-3000000.0,2000000.0,-2000000.0,2000000.0,-3000000.0,-4000000.0,-3000000.0,,,,-4000000.0,,,,,,,,,,,,,,,,,,,,,,,,,1000000.0,5000000.0,6000000.0,4000000.0,1000000.0,5000000.0,6000000.0,4000000.0,-1000000.0,-3000000.0,-1000000.0,4000000.0,-1000000.0,1000000.0,1000000.0,1000000.0,1000000.0,2000000.0,4000000.0
IncomeTaxExpenseBenefit / USD,228000000.0,296000000.0,815000000.0,126000000.0,245000000.0,338000000.0,674000000.0,121000000.0,267000000.0,400000000.0,835000000.0,155000000.0,242000000.0,364000000.0,779000000.0,70000000.0,784000000.0,103000000.0,97000000.0,658000000.0,49000000.0,218000000.0,252000000.0,263000000.0,-278000000.0,-205000000.0,-133000000.0,388000000.0,38000000.0,146000000.0,230000000.0,141000000.0,134000000.0,231000000.0,343000000.0,503000000.0,104000000.0,205000000.0,309000000.0,609000000.0,49000000.0,134000000.0,187000000.0,818000000.0,65000000.0,134000000.0,230000000.0,424000000.0,59000000.0,188000000.0,352000000.0,452000000.0,172000000.0,236000000.0,402000000.0,579000000.0,110000000.0,168000000.0,252000000.0,574000000.0,75000000.0,171000000.0,257000000.0,370000000.0,80000000.0,181000000.0,266000000.0
IncomeTaxReconciliationForeignIncomeTaxRateDifferential / USD,,,,,,,-30000000.0,,,,-54000000.0,,,,-86000000.0,,-55000000.0,,,-63000000.0,,,,45000000.0,,,,-23000000.0,,,,-23000000.0,,,,5000000.0,,,,-46000000.0,,,,-85000000.0,,,,-2000000.0,,,,-21000000.0,,,,20000000.0,,,,-8000000.0,,,,-2000000.0,,,
IncomeTaxReconciliationIncomeTaxExpenseBenefitAtFederalStatutoryIncomeTaxRate / USD,,,,,,,595000000.0,,,,815000000.0,,,,816000000.0,,787000000.0,,,758000000.0,,,,1000000.0,,,,379000000.0,,,,485000000.0,,,,458000000.0,,,,635000000.0,,,,613000000.0,,,,396000000.0,,,,419000000.0,,,,499000000.0,,,,635000000.0,,,,376000000.0,,,
IncomeTaxReconciliationNondeductibleExpenseImpairmentLosses / USD,,,,,,,47000000.0,,,,0.0,,,,0.0,,0.0,,,0.0,,,,214000000.0,,,,,,,,,,,,,,,,,,,,,,,,,,,,,,,,,,,,,,,,63000000.0,,,
IncomeTaxReconciliationOtherReconcilingItems / USD,,,,,,,16000000.0,,,,7000000.0,,,,3000000.0,,3000000.0,,,0.0,,,,5000000.0,,,,6000000.0,,,,-11000000.0,,,,2000000.0,,,,-18000000.0,,,,-37000000.0,,,,-7000000.0,,,,-24000000.0,,,,-32000000.0,,,,-53000000.0,,,,-14000000.0,,,
IncomeTaxReconciliationStateAndLocalIncomeTaxes / USD,,,,,,,49000000.0,,,,68000000.0,,,,46000000.0,,49000000.0,,,47000000.0,,,,-2000000.0,,,,26000000.0,,,,43000000.0,,,,38000000.0,,,,38000000.0,,,,44000000.0,,,,58000000.0,,,,59000000.0,,,,72000000.0,,,,88000000.0,,,,63000000.0,,,
IncomeTaxReconciliationTaxCredits / USD,,,,,,,,,,,,,,,,,,,,,,,,,,,,,,,,,,,,,,,,,,,,,,,,,,,,,,,,,,,,,,,,8000000.0,,,
IncomeTaxesPaidNet / USD,,,644000000.0,,,,766000000.0,,,,732000000.0,,,,882000000.0,,,,,476000000.0,,,,478000000.0,,,,332000000.0,,,,355000000.0,,,,550000000.0,,,,628000000.0,,,,366000000.0,,,,391000000.0,,,,514000000.0,,,,442000000.0,,,,716000000.0,,,,283000000.0,,,
IncreaseDecreaseInAccountsPayable / USD,782000000.0,3285000000.0,221000000.0,-33000000.0,316000000.0,3936000000.0,139000000.0,620000000.0,361000000.0,4492000000.0,141000000.0,-561000000.0,-501000000.0,938000000.0,-443000000.0,-1153000000.0,,-834000000.0,967000000.0,2095000000.0,-1118000000.0,-1114000000.0,465000000.0,1735000000.0,-144000000.0,120000000.0,1526000000.0,-986000000.0,-446000000.0,-335000000.0,1152000000.0,434000000.0,-73000000.0,355000000.0,1801000000.0,-536000000.0,-382000000.0,15000000.0,1530000000.0,518000000.0,-214000000.0,485000000.0,3085000000.0,-196000000.0,-519000000.0,-213000000.0,1984000000.0,432000000.0,-816000000.0,1343000000.0,3824000000.0,47000000.0,-630000000.0,-58000000.0,1387000000.0,1676000000.0,-1296000000.0,-1434000000.0,224000000.0,-201000000.0,-790000000.0,-206000000.0,1468000000.0,-1099000000.0,43000000.0,904000000.0,2483000000.0
IncreaseDecreaseInAccruedIncomeTaxesPayable / USD,-384000000.0,-291000000.0,99000000.0,-184000000.0,-245000000.0,-204000000.0,-5000000.0,-257000000.0,-437000000.0,-313000000.0,103000000.0,86000000.0,-178000000.0,-174000000.0,-33000000.0,27000000.0,,-316000000.0,-368000000.0,-48000000.0,-88000000.0,15000000.0,-45000000.0,-226000000.0,-50000000.0,-64000000.0,-100000000.0,54000000.0,-206000000.0,-226000000.0,-215000000.0,85000000.0,-88000000.0,-81000000.0,-124000000.0,-94000000.0,67000000.0,41000000.0,62000000.0,-213000000.0,52000000.0,-126000000.0,-127000000.0,290000000.0,10000000.0,-191000000.0,-147000000.0,22000000.0,31000000.0,108000000.0,121000000.0,-132000000.0,113000000.0,-162000000.0,-172000000.0,173000000.0,63000000.0,42000000.0,28000000.0,-156000000.0,46000000.0,-148000000.0,-200000000.0,36000000.0,13000000.0,-183000000.0,-219000000.0
IncreaseDecreaseInInventories / USD,,,,,,,,,,,,,,,,,,,,,,,,,,,,,,,,,,,,,,285000000.0,1811000000.0,-199000000.0,-243000000.0,-187000000.0,2950000000.0,335000000.0,-207000000.0,-199000000.0,2159000000.0,194000000.0,-1136000000.0,-1014000000.0,2300000000.0,-237000000.0,90000000.0,794000000.0,2924000000.0,435000000.0,297000000.0,79000000.0,1365000000.0,328000000.0,86000000.0,508000000.0,2444000000.0,-809000000.0,273000000.0,761000000.0,2869000000.0
IncreaseDecreaseInOtherAccruedLiabilities / USD,,,,,,,,,,,,,,,,,,,,,,,,,,,,,,,,,,,,,,-237000000.0,-187000000.0,23000000.0,-506000000.0,-430000000.0,-400000000.0,117000000.0,-379000000.0,-243000000.0,-292000000.0,-234000000.0,-297000000.0,15000000.0,358000000.0,-100000000.0,-304000000.0,-72000000.0,214000000.0,498000000.0,-713000000.0,-645000000.0,-761000000.0,479000000.0,-287000000.0,-245000000.0,-320000000.0,-483000000.0,-317000000.0,-266000000.0,-397000000.0
IncreaseDecreaseInOtherOperatingAssets / USD,-14000000.0,117000000.0,-42000000.0,-99000000.0,-48000000.0,5000000.0,175000000.0,-49000000.0,-75000000.0,-80000000.0,98000000.0,27000000.0,46000000.0,58000000.0,-40000000.0,96000000.0,,139000000.0,167000000.0,-29000000.0,-26000000.0,59000000.0,102000000.0,65000000.0,-7000000.0,-17000000.0,-14000000.0,70000000.0,-4000000.0,9000000.0,-20000000.0,-29000000.0,30000000.0,29000000.0,18000000.0,-36000000.0,25000000.0,45000000.0,36000000.0,-10000000.0,13000000.0,53000000.0,45000000.0,21000000.0,14000000.0,29000000.0,2000000.0,34000000.0,12000000.0,17000000.0,60000000.0,-16000000.0,6000000.0,19000000.0,12000000.0,51000000.0,-4000000.0,13000000.0,1000000.0,14000000.0,17000000.0,32000000.0,17000000.0,21000000.0,8000000.0,11000000.0,16000000.0
IncreaseDecreaseInReceivables / USD,57000000.0,1032000000.0,-12000000.0,-421000000.0,-165000000.0,691000000.0,419000000.0,-388000000.0,-197000000.0,805000000.0,63000000.0,-616000000.0,-476000000.0,-322000000.0,371000000.0,-623000000.0,,-300000000.0,-216000000.0,342000000.0,-473000000.0,-145000000.0,-208000000.0,551000000.0,-436000000.0,-301000000.0,-237000000.0,-7000000.0,-302000000.0,-268000000.0,-229000000.0,19000000.0,-73000000.0,-239000000.0,-79000000.0,-123000000.0,-333000000.0,-401000000.0,-413000000.0,193000000.0,-189000000.0,-120000000.0,-121000000.0,-315000000.0,-182000000.0,-57000000.0,36000000.0,-28000000.0,-383000000.0,-232000000.0,-106000000.0,131000000.0,-210000000.0,-175000000.0,-43000000.0,-73000000.0,-238000000.0,-201000000.0,14000000.0,-17000000.0,-279000000.0,-289000000.0,-240000000.0,103000000.0,-168000000.0,-66000000.0,-4000000.0
IncrementalCommonSharesAttributableToShareBasedPaymentArrangements / shares,,,,,1600000.0,1700000.0,1600000.0,2600000.0,2000000.0,1600000.0,1900000.0,800000.0,900000.0,500000.0,1600000.0,600000.0,1600000.0,700000.0,1100000.0,600000.0,2000000.0,3300000.0,4600000.0,0.0,3000000.0,3200000.0,3500000.0,5500000.0,5200000.0,4800000.0,4700000.0,4100000.0,3100000.0,2600000.0,3400000.0,4200000.0,5800000.0,6300000.0,6500000.0,4100000.0,5700000.0,5200000.0,5200000.0,6700000.0,3900000.0,3500000.0,3100000.0,5000000.0,2100000.0,2400000.0,3200000.0,3200000.0,3600000.0,3000000.0,3000000.0,3400000.0,1600000.0,1100000.0,1000000.0,2500000.0,1000000.0,800000.0,700000.0,900000.0,1000000.0,1100000.0,1500000.0
InterestExpense / USD,34000000.0,69000000.0,62000000.0,23000000.0,45000000.0,68000000.0,94000000.0,23000000.0,44000000.0,64000000.0,92000000.0,28000000.0,61000000.0,98000000.0,86000000.0,28000000.0,61000000.0,54000000.0,81000000.0,101000000.0,27000000.0,53000000.0,77000000.0,99000000.0,23000000.0,46000000.0,68000000.0,100000000.0,20000000.0,40000000.0,60000000.0,90000000.0,20000000.0,38000000.0,54000000.0,80000000.0,19000000.0,37000000.0,57000000.0,72000000.0,19000000.0,38000000.0,53000000.0,75000000.0,18000000.0,34000000.0,50000000.0,73000000.0,17000000.0,32000000.0,43000000.0,64000000.0,6000000.0,12000000.0,19000000.0,52000000.0,6000000.0,13000000.0,23000000.0,25000000.0,12000000.0,24000000.0,38000000.0,35000000.0,12000000.0,,
InterestExpenseNonoperating / USD,,,,,,,,,,,,,,,,,,,,,,,,,,,,,,,,,,,,,,,,,,,,,,,,,,,,,,,,,,,,,,,,,,25000000.0,38000000.0
InterestPaidNet / USD,,,49000000.0,,,,83000000.0,,,,78000000.0,,,,68000000.0,,,,,86000000.0,,,,106000000.0,,,,82000000.0,,,,81000000.0,,,,77000000.0,,,,,,,,81000000.0,,,,71000000.0,,,,62000000.0,,,,50000000.0,,,,22000000.0,,,,31000000.0,,,
InventoryNet / USD,6105000000.0,8207000000.0,4753000000.0,5486000000.0,5738000000.0,8978000000.0,5486000000.0,6335000000.0,6346000000.0,10064000000.0,5897000000.0,6508000000.0,6784000000.0,7780000000.0,5731000000.0,6065000000.0,,6299000000.0,8156000000.0,6571000000.0,5461000000.0,5437000000.0,6978000000.0,5376000000.0,5255000000.0,5583000000.0,6900000000.0,5174000000.0,4930000000.0,4995000000.0,6651000000.0,5051000000.0,4719000000.0,4908000000.0,6331000000.0,4864000000.0,4637000000.0,5167000000.0,6663000000.0,5209000000.0,4964000000.0,5016000000.0,8168000000.0,5409000000.0,5195000000.0,5208000000.0,7569000000.0,5174000000.0,3993000000.0,4136000000.0,7459000000.0,5612000000.0,5721000000.0,6417000000.0,8553000000.0,5965000000.0,6258000000.0,6043000000.0,7294000000.0,5140000000.0,5219000000.0,5651000000.0,7562000000.0,4958000000.0,5225000000.0,5706000000.0,7806000000.0
InvestmentIncomeNet / USD,30000000.0,27000000.0,129000000.0,9000000.0,27000000.0,38000000.0,35000000.0,12000000.0,25000000.0,33000000.0,53000000.0,17000000.0,25000000.0,25000000.0,43000000.0,3000000.0,28000000.0,5000000.0,15000000.0,23000000.0,5000000.0,10000000.0,18000000.0,13000000.0,4000000.0,10000000.0,10000000.0,19000000.0,7000000.0,11000000.0,14000000.0,14000000.0,6000000.0,14000000.0,22000000.0,13000000.0,11000000.0,18000000.0,30000000.0,31000000.0,11000000.0,24000000.0,35000000.0,48000000.0,14000000.0,24000000.0,33000000.0,49000000.0,6000000.0,14000000.0,19000000.0,47000000.0,3000000.0,6000000.0,7000000.0,38000000.0,-5000000.0,-2000000.0,2000000.0,10000000.0,21000000.0,33000000.0,41000000.0,28000000.0,25000000.0,46000000.0,65000000.0
LeaseCost / USD,,,,,,,,,,,,,,,,,,,,,,,,,,,,,,,,,,,,,,,,,262000000.0,523000000.0,785000000.0,1044000000.0,,,,1044000000.0,,,,1024000000.0,,,,1024000000.0,,,,1009000000.0,,,,1001000000.0,,,
LeaseholdImprovementsGross / USD,,,2013000000.0,,,,2154000000.0,,,,2318000000.0,,,,2367000000.0,,,,,2386000000.0,,,,2182000000.0,,,,2201000000.0,,,,2220000000.0,,,,2227000000.0,,,,2327000000.0,,,,2119000000.0,,,,2203000000.0,,,,2192000000.0,,,,2160000000.0,,,,2260000000.0,,,,2275000000.0,,,
LesseeOperatingLeaseLiabilityPaymentsDue / USD,,,,,,,,,,,,,,,,,,,,,,,,,,,,,,,,,,,,,,,,,3093000000.0,3163000000.0,3125000000.0,3060000000.0,,,,2917000000.0,,,,2892000000.0,,,,3033000000.0,,,,3122000000.0,,,,3263000000.0,,,
LesseeOperatingLeaseLiabilityPaymentsDueAfterYearFive / USD,,,,,,,,,,,,,,,,,,,,,,,,,,,,,,,,,,,,,,,,,378000000.0,407000000.0,440000000.0,456000000.0,,,,392000000.0,,,,354000000.0,,,,383000000.0,,,,460000000.0,,,,522000000.0,,,
LesseeOperatingLeaseLiabilityPaymentsDueNextTwelveMonths / USD,,,,,,,,,,,,,,,,,,,,,,,,,,,,,,,,,,,,,,,,,,,,738000000.0,,,,741000000.0,,,,706000000.0,,,,707000000.0,,,,708000000.0,,,,723000000.0,,,
LesseeOperatingLeaseLiabilityPaymentsDueYearFive / USD,,,,,,,,,,,,,,,,,,,,,,,,,,,,,,,,,,,,,,,,,293000000.0,340000000.0,369000000.0,279000000.0,,,,256000000.0,,,,277000000.0,,,,297000000.0,,,,288000000.0,,,,312000000.0,,,
LesseeOperatingLeaseLiabilityPaymentsDueYearFour / USD,,,,,,,,,,,,,,,,,,,,,,,,,,,,,,,,,,,,,,,,,418000000.0,466000000.0,494000000.0,388000000.0,,,,381000000.0,,,,390000000.0,,,,432000000.0,,,,432000000.0,,,,429000000.0,,,
LesseeOperatingLeaseLiabilityPaymentsDueYearThree / USD,,,,,,,,,,,,,,,,,,,,,,,,,,,,,,,,,,,,,,,,,570000000.0,619000000.0,646000000.0,521000000.0,,,,504000000.0,,,,521000000.0,,,,544000000.0,,,,559000000.0,,,,574000000.0,,,
LesseeOperatingLeaseLiabilityPaymentsDueYearTwo / USD,,,,,,,,,,,,,,,,,,,,,,,,,,,,,,,,,,,,,,,,,708000000.0,756000000.0,777000000.0,678000000.0,,,,643000000.0,,,,644000000.0,,,,670000000.0,,,,675000000.0,,,,703000000.0,,,
LesseeOperatingLeaseLiabilityUndiscountedExcessAmount / USD,,,,,,,,,,,,,,,,,,,,,,,,,,,,,,,,,,,,,,,,,281000000.0,290000000.0,281000000.0,262000000.0,,,,212000000.0,,,,183000000.0,,,,231000000.0,,,,305000000.0,,,,364000000.0,,,
LettersOfCreditOutstandingAmount / USD,,,,,,,,,,,,,,,,,,,,,,,,,,,,,,,,,,,,,,,,92000000.0,,,,81000000.0,,,,72000000.0,,,,74000000.0,,,,72000000.0,,,,71000000.0,,,,71000000.0,,,
LiabilitiesAndStockholdersEquity / USD,17522000000.0,20647000000.0,15826000000.0,16214000000.0,17191000000.0,21100000000.0,18302000000.0,17956000000.0,17362000000.0,22352000000.0,17849000000.0,19572000000.0,19296000000.0,20127000000.0,16005000000.0,16011000000.0,,15849000000.0,17556000000.0,16787000000.0,14331000000.0,13284000000.0,15068000000.0,14013000000.0,13911000000.0,14349000000.0,15762000000.0,15245000000.0,13712000000.0,13559000000.0,15169000000.0,13519000000.0,12901000000.0,13254000000.0,14542000000.0,13856000000.0,12955000000.0,13444000000.0,14785000000.0,13049000000.0,12082000000.0,11993000000.0,15000000000.0,12901000000.0,14550000000.0,14978000000.0,16926000000.0,15591000000.0,15605000000.0,17412000000.0,21202000000.0,19067000000.0,17705000000.0,18579000000.0,20102000000.0,17504000000.0,15251000000.0,15419000000.0,17021000000.0,15803000000.0,14688000000.0,15318000000.0,16882000000.0,14967000000.0,14752000000.0,15624000000.0,17018000000.0
LiabilitiesCurrent / USD,9980000000.0,13195000000.0,8435000000.0,8356000000.0,8964000000.0,12678000000.0,8978000000.0,8603000000.0,8471000000.0,13420000000.0,8663000000.0,9467000000.0,9540000000.0,10711000000.0,8855000000.0,9001000000.0,,9448000000.0,11148000000.0,10810000000.0,8561000000.0,7028000000.0,8665000000.0,7436000000.0,6880000000.0,7251000000.0,8626000000.0,7777000000.0,6721000000.0,6838000000.0,8395000000.0,6925000000.0,6334000000.0,6800000000.0,8166000000.0,7122000000.0,6470000000.0,7105000000.0,9152000000.0,7817000000.0,7055000000.0,7229000000.0,9933000000.0,7513000000.0,7171000000.0,7576000000.0,9726000000.0,8060000000.0,8804000000.0,10080000000.0,12945000000.0,10521000000.0,9641000000.0,10357000000.0,11946000000.0,10674000000.0,8635000000.0,8650000000.0,10170000000.0,8979000000.0,7908000000.0,8433000000.0,10010000000.0,7909000000.0,7649000000.0,8451000000.0,9948000000.0
LongTermDebt / USD,,,,,1156000000.0,1140000000.0,1139000000.0,1127000000.0,1120000000.0,1134000000.0,1152000000.0,2146000000.0,2145000000.0,2134000000.0,1728000000.0,1721000000.0,1700000000.0,1707000000.0,1702000000.0,1700000000.0,1686000000.0,1678000000.0,1669000000.0,1657000000.0,1648000000.0,1635000000.0,1635000000.0,1502000000.0,1378000000.0,,,1525000000.0,,,,,,,,,1342000000.0,848000000.0,1326000000.0,1388000000.0,1207000000.0,1261000000.0,1253000000.0,1271000000.0,1294000000.0,1313000000.0,1926000000.0,1267000000.0,1244000000.0,1257000000.0,1238000000.0,1229000000.0,1185000000.0,1199000000.0,1158000000.0,1176000000.0,1170000000.0,1160000000.0,1145000000.0,1165000000.0,1149000000.0,1170000000.0,1156000000.0
LongTermDebtCurrent / USD,39000000.0,48000000.0,54000000.0,54000000.0,45000000.0,36000000.0,35000000.0,34000000.0,32000000.0,33000000.0,441000000.0,442000000.0,444000000.0,442000000.0,43000000.0,43000000.0,,542000000.0,544000000.0,547000000.0,544000000.0,44000000.0,45000000.0,45000000.0,44000000.0,43000000.0,44000000.0,41000000.0,383000000.0,382000000.0,383000000.0,395000000.0,44000000.0,43000000.0,43000000.0,44000000.0,45000000.0,44000000.0,545000000.0,544000000.0,550000000.0,47000000.0,46000000.0,56000000.0,14000000.0,14000000.0,14000000.0,14000000.0,673000000.0,681000000.0,670000000.0,14000000.0,15000000.0,14000000.0,15000000.0,13000000.0,15000000.0,15000000.0,16000000.0,16000000.0,15000000.0,15000000.0,15000000.0,13000000.0,15000000.0,13000000.0,12000000.0
LongTermDebtMaturitiesRepaymentsOfPrincipalInNextTwelveMonths / USD,,,,,,,441000000.0,,,,40000000.0,,,,547000000.0,,547000000.0,,,45000000.0,,,,41000000.0,,,,350000000.0,,,,0.0,,,,499000000.0,,,,0.0,,,,,,,,0.0,,,,0.0,,,,0.0,0.0,0.0,0.0,0.0,0.0,0.0,0.0,0.0,,,
LongTermDebtMaturitiesRepaymentsOfPrincipalInYearFive / USD,,,,,,,29000000.0,,,,369000000.0,,,,15000000.0,,15000000.0,,,509000000.0,,,,6000000.0,,,,0.0,,,,652000000.0,,,,0.0,,,,0.0,,,,,,,,0.0,,,,0.0,,,,0.0,0.0,0.0,0.0,0.0,0.0,0.0,0.0,0.0,,,
LongTermDebtMaturitiesRepaymentsOfPrincipalInYearFour / USD,,,,,,,36000000.0,,,,32000000.0,,,,370000000.0,,370000000.0,,,16000000.0,,,,511000000.0,,,,0.0,,,,0.0,,,,646000000.0,,,,0.0,,,,,,,,0.0,,,,0.0,,,,0.0,0.0,0.0,0.0,0.0,0.0,0.0,0.0,0.0,,,
LongTermDebtMaturitiesRepaymentsOfPrincipalInYearThree / USD,,,,,,,537000000.0,,,,40000000.0,,,,35000000.0,,35000000.0,,,372000000.0,,,,18000000.0,,,,517000000.0,,,,0.0,,,,0.0,,,,650000000.0,,,,,,,,0.0,,,,0.0,,,,0.0,0.0,0.0,0.0,0.0,0.0,0.0,0.0,0.0,,,
LongTermDebtMaturitiesRepaymentsOfPrincipalInYearTwo / USD,,,,,,,37000000.0,,,,542000000.0,,,,45000000.0,,45000000.0,,,38000000.0,,,,375000000.0,,,,0.0,,,,511000000.0,,,,0.0,,,,0.0,,,,664000000.0,,,,0.0,,,,0.0,,,,0.0,0.0,0.0,0.0,0.0,0.0,0.0,0.0,0.0,,,
LongTermDebtNoncurrent / USD,,,,,,,,,,,,,,,,,,,,,,,,,,,,1572000000.0,1217000000.0,1220000000.0,1250000000.0,1339000000.0,1334000000.0,,,,,,,,792000000.0,801000000.0,1280000000.0,1332000000.0,1193000000.0,1247000000.0,1239000000.0,1257000000.0,621000000.0,632000000.0,1256000000.0,1253000000.0,1229000000.0,1243000000.0,1223000000.0,1216000000.0,1170000000.0,1184000000.0,1142000000.0,1160000000.0,1155000000.0,1145000000.0,1130000000.0,1152000000.0,1134000000.0,1157000000.0,1144000000.0
NetCashProvidedByUsedInFinancingActivities / USD,1505000000.0,2141000000.0,-3378000000.0,261000000.0,218000000.0,-208000000.0,591000000.0,-494000000.0,-905000000.0,-1093000000.0,-348000000.0,237000000.0,-4000000.0,-611000000.0,-1357000000.0,-305000000.0,,-334000000.0,-607000000.0,-2141000000.0,-641000000.0,292000000.0,359000000.0,-211000000.0,-53000000.0,-114000000.0,-175000000.0,319000000.0,-238000000.0,-640000000.0,-761000000.0,-223000000.0,-621000000.0,-942000000.0,-1199000000.0,-1536000000.0,-413000000.0,-874000000.0,-1335000000.0,-1418000000.0,-516000000.0,-1524000000.0,-1526000000.0,-2297000000.0,-226000000.0,-576000000.0,-1060000000.0,-2018000000.0,1049000000.0,-332000000.0,170000000.0,-1498000000.0,-1089000000.0,-1662000000.0,-2347000000.0,-876000000.0,-650000000.0,-861000000.0,-1058000000.0,-4297000000.0,-281000000.0,-560000000.0,-872000000.0,-1806000000.0,-252000000.0,-557000000.0,-892000000.0
NetCashProvidedByUsedInInvestingActivities / USD,-2500000000.0,-2969000000.0,1464000000.0,-171000000.0,-238000000.0,-405000000.0,-3427000000.0,-254000000.0,-160000000.0,-361000000.0,-540000000.0,-143000000.0,-442000000.0,-555000000.0,-569000000.0,-94000000.0,,-195000000.0,-412000000.0,-647000000.0,-116000000.0,-203000000.0,-315000000.0,-538000000.0,-362000000.0,-907000000.0,-1342000000.0,-517000000.0,-214000000.0,-478000000.0,-618000000.0,-1712000000.0,-40000000.0,-491000000.0,-848000000.0,-526000000.0,-423000000.0,-708000000.0,-1016000000.0,-877000000.0,1073000000.0,1200000000.0,574000000.0,-1002000000.0,-192000000.0,-828000000.0,-727000000.0,508000000.0,-179000000.0,-383000000.0,-1153000000.0,-895000000.0,-253000000.0,-358000000.0,-707000000.0,-788000000.0,-213000000.0,-484000000.0,-736000000.0,-1372000000.0,-204000000.0,-381000000.0,-600000000.0,-962000000.0,-167000000.0,-352000000.0,-522000000.0
NetCashProvidedByUsedInOperatingActivities / USD,50000000.0,-80000000.0,2025000000.0,-53000000.0,238000000.0,679000000.0,1877000000.0,169000000.0,84000000.0,545000000.0,2206000000.0,1343000000.0,1169000000.0,1900000000.0,1190000000.0,379000000.0,,-222000000.0,-121000000.0,3097000000.0,-5000000.0,19000000.0,324000000.0,1454000000.0,308000000.0,487000000.0,774000000.0,1094000000.0,-10000000.0,308000000.0,463000000.0,1935000000.0,492000000.0,1297000000.0,1407000000.0,1343000000.0,243000000.0,692000000.0,1203000000.0,2557000000.0,204000000.0,1108000000.0,1107000000.0,2141000000.0,2000000.0,625000000.0,937000000.0,2408000000.0,827000000.0,3788000000.0,3907000000.0,2565000000.0,105000000.0,864000000.0,1061000000.0,4927000000.0,-1384000000.0,-709000000.0,-108000000.0,3252000000.0,-331000000.0,181000000.0,290000000.0,1824000000.0,156000000.0,817000000.0,561000000.0
NetIncomeLoss / USD,381000000.0,433000000.0,1407000000.0,153000000.0,311000000.0,538000000.0,1003000000.0,155000000.0,409000000.0,626000000.0,1317000000.0,212000000.0,340000000.0,496000000.0,-33000000.0,158000000.0,-33000000.0,170000000.0,160000000.0,-33000000.0,-81000000.0,185000000.0,239000000.0,-441000000.0,461000000.0,607000000.0,714000000.0,532000000.0,129000000.0,293000000.0,418000000.0,1233000000.0,229000000.0,427000000.0,621000000.0,897000000.0,188000000.0,397000000.0,636000000.0,1228000000.0,208000000.0,452000000.0,729000000.0,1000000000.0,265000000.0,503000000.0,796000000.0,1464000000.0,159000000.0,591000000.0,982000000.0,1541000000.0,595000000.0,1329000000.0,1828000000.0,1798000000.0,341000000.0,647000000.0,924000000.0,2454000000.0,244000000.0,518000000.0,781000000.0,1419000000.0,246000000.0,537000000.0,810000000.0
NetIncomeLossAvailableToCommonStockholdersDiluted / USD,,,,,314000000.0,543000000.0,1009000000.0,156000000.0,411000000.0,630000000.0,1405000000.0,256000000.0,408000000.0,582000000.0,1433000000.0,,1469000000.0,,,1426000000.0,,,,-259000000.0,,,,695000000.0,,,,,,,,807000000.0,,,,1207000000.0,,,,999000000.0,,,,1464000000.0,,,,1541000000.0,,,,1798000000.0,,,,2454000000.0,,,,1419000000.0,,,
NumberOfOperatingSegments / segment,,,,,,,,,,,,,,,,,,,,,,,,,,,,,,,,,,,,,,,,,,,,2.0,,,,2.0,,,,2.0,,,,2.0,,,,2.0,,,,2.0,,,
OperatingIncomeLoss / USD,616000000.0,890000000.0,2161000000.0,296000000.0,576000000.0,952000000.0,1870000000.0,313000000.0,724000000.0,1109000000.0,2368000000.0,460000000.0,720000000.0,1101000000.0,20000000.0,264000000.0,-1000000.0,352000000.0,354000000.0,-1000000.0,168000000.0,581000000.0,671000000.0,90000000.0,210000000.0,435000000.0,640000000.0,1144000000.0,86000000.0,374000000.0,604000000.0,1450000000.0,372000000.0,661000000.0,973000000.0,1375000000.0,300000000.0,621000000.0,971000000.0,1854000000.0,265000000.0,600000000.0,922000000.0,1843000000.0,334000000.0,647000000.0,1042000000.0,1900000000.0,229000000.0,797000000.0,1358000000.0,2009000000.0,769000000.0,1566000000.0,2236000000.0,2391000000.0,462000000.0,833000000.0,1198000000.0,3039000000.0,311000000.0,659000000.0,1013000000.0,1795000000.0,312000000.0,695000000.0,1045000000.0
OperatingLeaseCost / USD,,,,,,,,,,,,,,,,,,,,,,,,,,,,,,,,,,,,,,,,,195000000.0,389000000.0,585000000.0,780000000.0,,,,780000000.0,,,,777000000.0,,,,777000000.0,,,,770000000.0,,,,780000000.0,,,
OperatingLeaseLiability / USD,,,,,,,,,,,,,,,,,,,,,,,,,,,,,,,,,,,,,,,,,2812000000.0,2873000000.0,2844000000.0,2798000000.0,,,,2705000000.0,,,,2709000000.0,,,,2802000000.0,,,,2817000000.0,,,,2899000000.0,,,
OperatingLeaseLiabilityCurrent / USD,,,,,,,,,,,,,,,,,,,,,,,,,,,,,,,,,,,,,,,,,639000000.0,712000000.0,712000000.0,660000000.0,639000000.0,643000000.0,644000000.0,660000000.0,683000000.0,674000000.0,685000000.0,693000000.0,654000000.0,643000000.0,645000000.0,648000000.0,636000000.0,629000000.0,638000000.0,638000000.0,625000000.0,615000000.0,614000000.0,618000000.0,613000000.0,610000000.0,616000000.0
OperatingLeaseLiabilityNoncurrent / USD,,,,,,,,,,,,,,,,,,,,,,,,,,,,,,,,,,,,,,,,,2173000000.0,2135000000.0,2135000000.0,2138000000.0,2173000000.0,2230000000.0,2200000000.0,2138000000.0,2076000000.0,2206000000.0,2117000000.0,2012000000.0,1983000000.0,2090000000.0,2102000000.0,2061000000.0,2121000000.0,2221000000.0,2216000000.0,2164000000.0,2128000000.0,2254000000.0,2270000000.0,2199000000.0,2222000000.0,2316000000.0,2293000000.0
OperatingLeasePayments / USD,,,,,,,,,,,,,,,,,,,,,,,,,,,,,,,,,,,,,,,,,201000000.0,404000000.0,608000000.0,810000000.0,,,,810000000.0,,,,795000000.0,,,,814000000.0,,,,781000000.0,,,,772000000.0,,,
OperatingLeaseRightOfUseAsset / USD,,,,,,,,,,,,,,,,,,,,,,,,,,,,,,,,,,,,,,,,,2708000000.0,2732000000.0,2732000000.0,2709000000.0,2708000000.0,2774000000.0,2751000000.0,2709000000.0,2631000000.0,2770000000.0,2692000000.0,2612000000.0,2563000000.0,2670000000.0,2688000000.0,2654000000.0,2704000000.0,2796000000.0,2799000000.0,2746000000.0,2694000000.0,2813000000.0,2827000000.0,2758000000.0,2771000000.0,2860000000.0,2842000000.0
OperatingLeaseWeightedAverageDiscountRatePercent / pure,,,,,,,,,,,,,,,,,,,,,,,,,,,,,,,,,,,,,,,,,0.034,0.034,0.034,0.033,,,,0.033,,,,0.029,,,,0.025,,,,0.03,,,,0.036,,,
OperatingLossCarryforwards / USD,,,,,,,,,,,,,,,,,,,,,,,,,,,,,,,,,,,,,,,,,,,,,,,,109000000.0,,,,108000000.0,,,,117000000.0,,,,118000000.0,,,,112000000.0,,,
OtherAssetsCurrent / USD,894000000.0,879000000.0,1062000000.0,954000000.0,1035000000.0,1002000000.0,1144000000.0,1030000000.0,1048000000.0,1045000000.0,1103000000.0,1135000000.0,1080000000.0,1098000000.0,1079000000.0,1019000000.0,,1070000000.0,1131000000.0,946000000.0,821000000.0,879000000.0,963000000.0,900000000.0,926000000.0,943000000.0,959000000.0,449000000.0,465000000.0,465000000.0,409000000.0,392000000.0,401000000.0,409000000.0,398000000.0,384000000.0,409000000.0,456000000.0,431000000.0,438000000.0,473000000.0,510000000.0,508000000.0,466000000.0,425000000.0,409000000.0,345000000.0,305000000.0,335000000.0,336000000.0,383000000.0,373000000.0,359000000.0,400000000.0,486000000.0,596000000.0,613000000.0,621000000.0,646000000.0,647000000.0,653000000.0,704000000.0,766000000.0,553000000.0,544000000.0,598000000.0,574000000.0
OtherAssetsNoncurrent / USD,362000000.0,610000000.0,367000000.0,431000000.0,463000000.0,502000000.0,452000000.0,477000000.0,456000000.0,380000000.0,435000000.0,454000000.0,486000000.0,469000000.0,403000000.0,471000000.0,,474000000.0,524000000.0,608000000.0,316000000.0,421000000.0,405000000.0,404000000.0,743000000.0,681000000.0,651000000.0,829000000.0,863000000.0,868000000.0,897000000.0,831000000.0,831000000.0,840000000.0,798000000.0,622000000.0,587000000.0,614000000.0,603000000.0,374000000.0,342000000.0,365000000.0,653000000.0,606000000.0,579000000.0,686000000.0,659000000.0,713000000.0,701000000.0,696000000.0,708000000.0,669000000.0,655000000.0,657000000.0,652000000.0,677000000.0,596000000.0,575000000.0,544000000.0,520000000.0,528000000.0,513000000.0,494000000.0,669000000.0,649000000.0,636000000.0,642000000.0
OtherComprehensiveIncomeForeignCurrencyTransactionAndTranslationGainLossArisingDuringPeriodNetOfTax / USD,,,,,,,,,,,,,,,34000000.0,43000000.0,,9000000.0,42000000.0,-21000000.0,-63000000.0,-104000000.0,-106000000.0,15000000.0,3000000.0,3000000.0,-22000000.0,-147000000.0,15000000.0,-17000000.0,-19000000.0,-103000000.0,45000000.0,25000000.0,6000000.0,-44000000.0,-13000000.0,42000000.0,25000000.0,10000000.0,-4000000.0,-18000000.0,-14000000.0,35000000.0,-5000000.0,5000000.0,-4000000.0,-20000000.0,-52000000.0,-35000000.0,-25000000.0,1000000.0,10000000.0,7000000.0,9000000.0,-4000000.0,-1000000.0,-1000000.0,-16000000.0,1000000.0,-5000000.0,5000000.0,-14000000.0,-7000000.0,-5000000.0,-7000000.0,-8000000.0
OtherLiabilitiesNoncurrent / USD,929000000.0,1093000000.0,1109000000.0,1236000000.0,1217000000.0,1194000000.0,1256000000.0,1253000000.0,1181000000.0,1166000000.0,1183000000.0,1179000000.0,1168000000.0,1161000000.0,1099000000.0,1025000000.0,,1125000000.0,1122000000.0,1109000000.0,1001000000.0,1017000000.0,1035000000.0,976000000.0,1003000000.0,976000000.0,972000000.0,881000000.0,906000000.0,879000000.0,874000000.0,877000000.0,807000000.0,794000000.0,791000000.0,704000000.0,684000000.0,682000000.0,697000000.0,809000000.0,815000000.0,777000000.0,775000000.0,750000000.0,659000000.0,640000000.0,636000000.0,657000000.0,694000000.0,716000000.0,798000000.0,694000000.0,694000000.0,554000000.0,553000000.0,533000000.0,558000000.0,472000000.0,500000000.0,705000000.0,704000000.0,651000000.0,660000000.0,654000000.0,665000000.0,593000000.0,551000000.0
OtherNoncashIncomeExpense / USD,,,,,,,,,,,,,,,,,,,,,,,,,,,,,,,-3000000.0,-8000000.0,3000000.0,,,,,2000000.0,5000000.0,17000000.0,2000000.0,-9000000.0,10000000.0,13000000.0,-1000000.0,-9000000.0,-16000000.0,25000000.0,-20000000.0,-9000000.0,-10000000.0,-21000000.0,-6000000.0,-2000000.0,-3000000.0,-3000000.0,-12000000.0,-19000000.0,-19000000.0,-11000000.0,-14000000.0,-2000000.0,-7000000.0,-12000000.0,2000000.0,-2000000.0,0.0
PaymentsForProceedsFromOtherInvestingActivities / USD,12000000.0,18000000.0,-1000000.0,15000000.0,13000000.0,18000000.0,22000000.0,1000000.0,1000000.0,-10000000.0,16000000.0,,0.0,0.0,4000000.0,0.0,,0.0,0.0,2000000.0,1000000.0,2000000.0,1000000.0,-16000000.0,,-3000000.0,-3000000.0,1000000.0,0.0,,,-5000000.0,-4000000.0,-5000000.0,-5000000.0,-28000000.0,-1000000.0,-3000000.0,-2000000.0,-59000000.0,-9000000.0,-10000000.0,-15000000.0,7000000.0,-1000000.0,-1000000.0,-1000000.0,-16000000.0,-4000000.0,-3000000.0,-1000000.0,-1000000.0,2000000.0,2000000.0,2000000.0,1000000.0,-2000000.0,-3000000.0,-6000000.0,-7000000.0,15000000.0,17000000.0,2000000.0,-7000000.0,15000000.0,17000000.0,-6000000.0
PaymentsForRepurchaseOfCommonStock / USD,,,3461000000.0,111000000.0,667000000.0,1128000000.0,1193000000.0,111000000.0,667000000.0,1128000000.0,0.0,260000000.0,737000000.0,1056000000.0,1193000000.0,132000000.0,,255000000.0,255000000.0,1368000000.0,,,,122000000.0,,0.0,0.0,0.0,0.0,321000000.0,385000000.0,0.0,52000000.0,271000000.0,472000000.0,1000000000.0,373000000.0,771000000.0,1138000000.0,698000000.0,400000000.0,774000000.0,1144000000.0,2004000000.0,98000000.0,328000000.0,696000000.0,1505000000.0,62000000.0,62000000.0,62000000.0,1003000000.0,927000000.0,1323000000.0,1728000000.0,312000000.0,455000000.0,465000000.0,465000000.0,3502000000.0,79000000.0,158000000.0,270000000.0,1014000000.0,50000000.0,148000000.0,285000000.0
PaymentsOfDividends / USD,107000000.0,165000000.0,204000000.0,58000000.0,117000000.0,175000000.0,223000000.0,59000000.0,118000000.0,178000000.0,234000000.0,,115000000.0,172000000.0,237000000.0,0.0,,109000000.0,166000000.0,228000000.0,58000000.0,116000000.0,174000000.0,224000000.0,59000000.0,118000000.0,185000000.0,233000000.0,261000000.0,341000000.0,421000000.0,251000000.0,238000000.0,328000000.0,417000000.0,499000000.0,105000000.0,208000000.0,310000000.0,505000000.0,128000000.0,253000000.0,376000000.0,409000000.0,134000000.0,267000000.0,398000000.0,497000000.0,141000000.0,284000000.0,426000000.0,527000000.0,175000000.0,350000000.0,522000000.0,568000000.0,199000000.0,397000000.0,595000000.0,688000000.0,202000000.0,402000000.0,603000000.0,789000000.0,202000000.0,405000000.0,607000000.0
PaymentsToAcquireInvestments / USD,70000000.0,95000000.0,8501000000.0,3000000.0,7000000.0,10000000.0,81000000.0,150000000.0,241000000.0,245000000.0,16000000.0,21000000.0,107000000.0,111000000.0,267000000.0,5000000.0,,11000000.0,13000000.0,111000000.0,1000000.0,3000000.0,5000000.0,13000000.0,496000000.0,1194000000.0,2067000000.0,230000000.0,547000000.0,1303000000.0,2012000000.0,2804000000.0,591000000.0,1388000000.0,2149000000.0,2281000000.0,1134000000.0,2221000000.0,4047000000.0,3045000000.0,,319000000.0,319000000.0,4325000000.0,,319000000.0,319000000.0,330000000.0,5000000.0,46000000.0,620000000.0,330000000.0,90000000.0,93000000.0,221000000.0,620000000.0,,46000000.0,46000000.0,233000000.0,,,,46000000.0,,,
PaymentsToAcquirePropertyPlantAndEquipment / USD,502000000.0,927000000.0,797000000.0,186000000.0,310000000.0,469000000.0,1303000000.0,161000000.0,342000000.0,529000000.0,615000000.0,172000000.0,377000000.0,580000000.0,744000000.0,141000000.0,,316000000.0,522000000.0,709000000.0,174000000.0,301000000.0,422000000.0,705000000.0,111000000.0,258000000.0,425000000.0,547000000.0,124000000.0,293000000.0,493000000.0,561000000.0,136000000.0,276000000.0,445000000.0,649000000.0,153000000.0,296000000.0,489000000.0,580000000.0,181000000.0,375000000.0,619000000.0,688000000.0,193000000.0,385000000.0,586000000.0,819000000.0,178000000.0,340000000.0,534000000.0,743000000.0,161000000.0,323000000.0,548000000.0,713000000.0,215000000.0,441000000.0,696000000.0,737000000.0,204000000.0,395000000.0,612000000.0,930000000.0,152000000.0,335000000.0,528000000.0
PreferredStockParOrStatedValuePerShare / USD/shares,1.0,1.0,1.0,1.0,1.0,1.0,1.0,1.0,1.0,1.0,1.0,1.0,1.0,1.0,1.0,1.0,,1.0,1.0,1.0,1.0,1.0,1.0,1.0,1.0,1.0,1.0,1.0,1.0,1.0,1.0,1.0,1.0,1.0,1.0,1.0,1.0,1.0,1.0,1.0,1.0,1.0,1.0,1.0,1.0,1.0,1.0,1.0,1.0,1.0,1.0,1.0,1.0,1.0,1.0,1.0,1.0,1.0,1.0,1.0,1.0,1.0,1.0,1.0,1.0,1.0,1.0
PreferredStockSharesAuthorized / shares,400000.0,400000.0,400000.0,400000.0,400000.0,400000.0,400000.0,400000.0,400000.0,400000.0,400000.0,400000.0,400000.0,400000.0,400000.0,400000.0,,400000.0,400000.0,400000.0,400000.0,400000.0,400000.0,400000.0,400000.0,400000.0,400000.0,400000.0,400000.0,400000.0,400000.0,400000.0,400000.0,400000.0,400000.0,400000.0,400000.0,400000.0,400000.0,400000.0,400000.0,400000.0,400000.0,400000.0,400000.0,400000.0,400000.0,400000.0,400000.0,400000.0,400000.0,400000.0,400000.0,400000.0,400000.0,400000.0,400000.0,400000.0,400000.0,400000.0,400000.0,400000.0,400000.0,400000.0,400000.0,400000.0,400000.0
PreferredStockSharesIssued / shares,0.0,0.0,0.0,0.0,0.0,0.0,0.0,0.0,0.0,0.0,0.0,0.0,0.0,0.0,0.0,0.0,,0.0,0.0,0.0,0.0,0.0,0.0,0.0,0.0,0.0,0.0,0.0,0.0,0.0,0.0,0.0,0.0,0.0,0.0,0.0,0.0,0.0,0.0,0.0,0.0,0.0,0.0,0.0,0.0,0.0,0.0,0.0,0.0,0.0,0.0,0.0,0.0,0.0,0.0,0.0,0.0,0.0,0.0,0.0,0.0,0.0,0.0,0.0,0.0,0.0,0.0
PreferredStockSharesOutstanding / shares,0.0,0.0,0.0,0.0,0.0,0.0,0.0,0.0,0.0,0.0,0.0,0.0,0.0,0.0,0.0,0.0,,0.0,0.0,0.0,0.0,0.0,0.0,0.0,0.0,0.0,0.0,0.0,0.0,0.0,0.0,0.0,0.0,0.0,0.0,0.0,0.0,0.0,0.0,0.0,0.0,0.0,0.0,0.0,0.0,0.0,0.0,0.0,0.0,0.0,0.0,0.0,0.0,0.0,0.0,0.0,0.0,0.0,0.0,0.0,0.0,0.0,0.0,0.0,0.0,0.0,0.0
PreferredStockValue / USD,0.0,0.0,0.0,0.0,0.0,,,,0.0,0.0,0.0,0.0,0.0,0.0,0.0,0.0,,0.0,0.0,0.0,0.0,0.0,0.0,0.0,0.0,0.0,0.0,0.0,0.0,0.0,0.0,0.0,0.0,0.0,0.0,0.0,0.0,0.0,0.0,0.0,,,,,,,,,,,,,,,,,,,,,,,,,,0.0,0.0
ProceedsFromDivestitureOfBusinessesNetOfCashDivested / USD,,,,,21000000.0,21000000.0,21000000.0,,21000000.0,21000000.0,0.0,0.0,,,21000000.0,25000000.0,,25000000.0,25000000.0,1000000.0,26000000.0,67000000.0,67000000.0,25000000.0,0.0,37000000.0,38000000.0,206000000.0,48000000.0,92000000.0,102000000.0,39000000.0,,,,-51000000.0,,,,,,,,,,,,,,,,,,,,,,14000000.0,14000000.0,14000000.0,,14000000.0,14000000.0,14000000.0,,,
ProceedsFromIssuanceOfCommonStock / USD,,,,,,,,,,,,,,,,,,,,,,,,,,,,,,,,,,,,,,125000000.0,145000000.0,171000000.0,24000000.0,29000000.0,37000000.0,163000000.0,,27000000.0,45000000.0,38000000.0,,22000000.0,28000000.0,48000000.0,,,28000000.0,28000000.0,,,,29000000.0,,,,16000000.0,,,
ProceedsFromPaymentsForOtherFinancingActivities / USD,-12000000.0,-9000000.0,-16000000.0,-2000000.0,4000000.0,-12000000.0,-23000000.0,-7000000.0,9000000.0,1000000.0,-15000000.0,-12000000.0,-12000000.0,-31000000.0,3000000.0,9000000.0,,-8000000.0,-12000000.0,-27000000.0,0.0,-7000000.0,-1000000.0,-17000000.0,3000000.0,-1000000.0,2000000.0,0.0,6000000.0,7000000.0,19000000.0,2000000.0,10000000.0,8000000.0,8000000.0,-1000000.0,0.0,-1000000.0,-1000000.0,8000000.0,-1000000.0,-3000000.0,-6000000.0,-1000000.0,6000000.0,-1000000.0,-1000000.0,-6000000.0,2000000.0,-1000000.0,-1000000.0,-1000000.0,13000000.0,11000000.0,-2000000.0,-3000000.0,4000000.0,1000000.0,2000000.0,-3000000.0,,-4000000.0,1000000.0,-3000000.0,-3000000.0,-4000000.0,13000000.0
ProceedsFromSaleMaturityAndCollectionsOfInvestments / USD,183000000.0,255000000.0,10935000000.0,22000000.0,37000000.0,46000000.0,246000000.0,35000000.0,379000000.0,383000000.0,56000000.0,44000000.0,73000000.0,153000000.0,415000000.0,17000000.0,,64000000.0,68000000.0,290000000.0,12000000.0,36000000.0,49000000.0,69000000.0,224000000.0,479000000.0,1084000000.0,50000000.0,440000000.0,1064000000.0,1816000000.0,1580000000.0,683000000.0,1112000000.0,1685000000.0,2427000000.0,863000000.0,1806000000.0,3518000000.0,2689000000.0,1245000000.0,1565000000.0,1970000000.0,4018000000.0,,,322000000.0,2098000000.0,,60000000.0,64000000.0,322000000.0,,60000000.0,64000000.0,546000000.0,,,,66000000.0,,,,7000000.0,,,
PropertyPlantAndEquipmentGross / USD,,,6940000000.0,,,,7453000000.0,,,,7905000000.0,,,,8252000000.0,,,,,8375000000.0,,,,7575000000.0,,,,7660000000.0,,,,8107000000.0,,,,8143000000.0,,,,8700000000.0,,,,9200000000.0,,,,9228000000.0,,,,9256000000.0,,,,8341000000.0,,,,6976000000.0,,,,7076000000.0,,,
PropertyPlantAndEquipmentNet / USD,4119000000.0,4268000000.0,4174000000.0,4184000000.0,4162000000.0,4123000000.0,4174000000.0,3982000000.0,3915000000.0,3994000000.0,4070000000.0,3797000000.0,3781000000.0,3697000000.0,3823000000.0,3407000000.0,,3407000000.0,3407000000.0,3471000000.0,2830000000.0,2744000000.0,2726000000.0,3270000000.0,2525000000.0,2532000000.0,2524000000.0,2598000000.0,2244000000.0,2235000000.0,2329000000.0,2295000000.0,2332000000.0,2295000000.0,2298000000.0,2346000000.0,2287000000.0,2327000000.0,2352000000.0,2293000000.0,2385000000.0,2432000000.0,2525000000.0,2421000000.0,2334000000.0,2361000000.0,2359000000.0,2510000000.0,2291000000.0,2277000000.0,2265000000.0,2328000000.0,2233000000.0,2226000000.0,2256000000.0,2260000000.0,2251000000.0,2319000000.0,2373000000.0,2250000000.0,2321000000.0,2305000000.0,2313000000.0,2352000000.0,2196000000.0,2183000000.0,2196000000.0
ReceivablesNetCurrent / USD,1785000000.0,2638000000.0,1868000000.0,1427000000.0,1770000000.0,2630000000.0,2020000000.0,1579000000.0,1720000000.0,2793000000.0,2348000000.0,1713000000.0,1868000000.0,1968000000.0,2288000000.0,1846000000.0,,2135000000.0,2250000000.0,2704000000.0,937000000.0,1188000000.0,1123000000.0,1308000000.0,871000000.0,1005000000.0,1066000000.0,1280000000.0,995000000.0,1025000000.0,1061000000.0,1162000000.0,1097000000.0,926000000.0,1174000000.0,1347000000.0,1011000000.0,965000000.0,971000000.0,1049000000.0,860000000.0,915000000.0,921000000.0,1015000000.0,833000000.0,966000000.0,1056000000.0,1149000000.0,749000000.0,906000000.0,1028000000.0,1061000000.0,850000000.0,883000000.0,1016000000.0,1042000000.0,804000000.0,840000000.0,1050000000.0,1141000000.0,860000000.0,856000000.0,901000000.0,939000000.0,770000000.0,871000000.0,932000000.0
RepaymentsOfDebt / USD,,,,,,,,,1207000000.0,1884000000.0,5342000000.0,945000000.0,1218000000.0,1886000000.0,3120000000.0,416000000.0,,569000000.0,1234000000.0,3192000000.0,885000000.0,2021000000.0,2027000000.0,1614000000.0,6000000.0,12000000.0,19000000.0,2033000000.0,8000000.0,13000000.0,18000000.0,24000000.0,362000000.0,374000000.0,384000000.0,28000000.0,10000000.0,19000000.0,31000000.0,394000000.0,11000000.0,523000000.0,535000000.0,46000000.0,,8000000.0,11000000.0,546000000.0,,1257000000.0,1261000000.0,15000000.0,,,123000000.0,1916000000.0,,,,133000000.0,,,,19000000.0,,,13000000.0
RestrictedCash / USD,,,,,,,,,,,,,,,,,,,,,,,,,,,,,,,,,,189000000.0,193000000.0,185000000.0,,,,,201000000.0,203000000.0,211000000.0,,206000000.0,115000000.0,127000000.0,,115000000.0,117000000.0,135000000.0,,115000000.0,134000000.0,173000000.0,131000000.0,320000000.0,312000000.0,361000000.0,269000000.0,402000000.0,398000000.0,423000000.0,379000000.0,313000000.0,311000000.0,295000000.0
RestructuringCharges / USD,52000000.0,52000000.0,78000000.0,52000000.0,78000000.0,78000000.0,78000000.0,2000000.0,0.0,0.0,52000000.0,4000000.0,4000000.0,4000000.0,138000000.0,127000000.0,138000000.0,218000000.0,252000000.0,24000000.0,6000000.0,113000000.0,144000000.0,414000000.0,3000000.0,8000000.0,17000000.0,149000000.0,186000000.0,182000000.0,189000000.0,5000000.0,29000000.0,29000000.0,30000000.0,198000000.0,0.0,2000000.0,0.0,39000000.0,30000000.0,47000000.0,47000000.0,10000000.0,1000000.0,48000000.0,41000000.0,46000000.0,1000000.0,1000000.0,112000000.0,41000000.0,-42000000.0,-38000000.0,-39000000.0,254000000.0,1000000.0,35000000.0,61000000.0,-34000000.0,-9000000.0,-16000000.0,-16000000.0,147000000.0,15000000.0,8000000.0,4000000.0
RestructuringCosts / USD,,,,,,,,,,0.0,,,,,,,,,,,,,,,,,,,,,,,,,,,,2000000.0,0.0,39000000.0,30000000.0,47000000.0,47000000.0,10000000.0,,48000000.0,41000000.0,46000000.0,1000000.0,1000000.0,112000000.0,41000000.0,-42000000.0,-38000000.0,-39000000.0,254000000.0,1000000.0,35000000.0,61000000.0,-34000000.0,-9000000.0,-16000000.0,-16000000.0,147000000.0,15000000.0,8000000.0,4000000.0
RetainedEarningsAccumulatedDeficit / USD,4205000000.0,4202000000.0,4714000000.0,4808000000.0,4908000000.0,5076000000.0,5797000000.0,5892000000.0,6000000000.0,5824000000.0,6372000000.0,6175000000.0,5846000000.0,5676000000.0,3621000000.0,3520000000.0,,3395000000.0,3328000000.0,2861000000.0,2723000000.0,2930000000.0,2926000000.0,3159000000.0,3562000000.0,3649000000.0,3689000000.0,4141000000.0,4009000000.0,4092000000.0,4135000000.0,4130000000.0,4078000000.0,3991000000.0,3953000000.0,4399000000.0,4202000000.0,3996000000.0,3818000000.0,3270000000.0,3082000000.0,2863000000.0,2685000000.0,2985000000.0,3038000000.0,2965000000.0,2809000000.0,3158000000.0,3126000000.0,3413000000.0,3659000000.0,4233000000.0,3762000000.0,3975000000.0,3917000000.0,2668000000.0,2417000000.0,2522000000.0,2597000000.0,2430000000.0,2454000000.0,2491000000.0,2482000000.0,2683000000.0,2722000000.0,2775000000.0,2751000000.0
RevenueFromContractWithCustomerIncludingAssessedTax / USD,,,,,,,,,,,,,,,,,,,,,,,,,,,,,,,,,,,,,,17468000000.0,26788000000.0,39403000000.0,9109000000.0,18488000000.0,28078000000.0,42151000000.0,9142000000.0,18678000000.0,28442000000.0,42879000000.0,8562000000.0,18472000000.0,30325000000.0,43638000000.0,11637000000.0,23486000000.0,35396000000.0,47262000000.0,10647000000.0,20976000000.0,31563000000.0,51761000000.0,9467000000.0,19050000000.0,28806000000.0,46298000000.0,8847000000.0,18135000000.0,27580000000.0
Revenues / USD,,,,,,,,,,,,,,,732000000.0,,249000000.0,,,249000000.0,,,,,,,,,,,,,,,,,,17468000000.0,26788000000.0,39403000000.0,9109000000.0,18488000000.0,28078000000.0,42151000000.0,9142000000.0,18678000000.0,28442000000.0,42879000000.0,8562000000.0,18472000000.0,30325000000.0,43638000000.0,11637000000.0,23486000000.0,35396000000.0,47262000000.0,10647000000.0,20976000000.0,31563000000.0,51761000000.0,9467000000.0,19050000000.0,28806000000.0,46298000000.0,8847000000.0,,
RightOfUseAssetObtainedInExchangeForOperatingLeaseLiability / USD,,,,,,,,,,,,,,,,,,,,,,,,,,,,,,,,,,,,,,,,,147000000.0,394000000.0,551000000.0,676000000.0,,,,676000000.0,,,,608000000.0,,,,759000000.0,,,,809000000.0,,,,717000000.0,,,
SegmentExpenditureAdditionToLongLivedAssets / USD,,,,,,,,,,,,,,,,,,,,,,,,,,,,,,,,,,,,,,,,,,,,,,,,,,,,,,,,,,,,737000000.0,,,,930000000.0,152000000.0,335000000.0,528000000.0
SelfInsuranceReserve / USD,,,,,,,110000000.0,,,,130000000.0,,,,124000000.0,,,,,124000000.0,,,,140000000.0,,,,113000000.0,,,,116000000.0,,,,128000000.0,,,,131000000.0,,,,129000000.0,,,,121000000.0,,,,146000000.0,,,,131000000.0,,,,164000000.0,,,,168000000.0,,,
SelfInsuranceReserveCurrent / USD,,,,,,,,,,,81000000.0,,,,77000000.0,,,,,77000000.0,,,,88000000.0,,,,60000000.0,,,,62000000.0,,,,65000000.0,,,,67000000.0,,,,69000000.0,,,,75000000.0,,,,101000000.0,,,,80000000.0,,,,111000000.0,,,,70000000.0,,,
SelfInsuranceReserveNoncurrent / USD,,,,,,,,,,,49000000.0,,,,47000000.0,,,,,47000000.0,,,,52000000.0,,,,53000000.0,,,,54000000.0,,,,63000000.0,,,,64000000.0,,,,60000000.0,,,,46000000.0,,,,45000000.0,,,,51000000.0,,,,53000000.0,,,,57000000.0,,,
SellingGeneralAndAdministrativeExpense / USD,3898000000.0,6485000000.0,7385000000.0,2209000000.0,4613000000.0,7179000000.0,8984000000.0,2480000000.0,4987000000.0,7585000000.0,9622000000.0,2457000000.0,4959000000.0,7431000000.0,10029000000.0,2193000000.0,8514000000.0,4275000000.0,6467000000.0,7986000000.0,1984000000.0,4022000000.0,6058000000.0,7905000000.0,1755000000.0,3503000000.0,5369000000.0,8106000000.0,1766000000.0,3577000000.0,5451000000.0,7592000000.0,1744000000.0,3517000000.0,5407000000.0,7618000000.0,1722000000.0,3552000000.0,5484000000.0,7547000000.0,1830000000.0,3707000000.0,5709000000.0,8023000000.0,1835000000.0,3757000000.0,5730000000.0,8015000000.0,1735000000.0,3437000000.0,5560000000.0,7998000000.0,1988000000.0,3997000000.0,6130000000.0,7928000000.0,1890000000.0,3772000000.0,5713000000.0,8635000000.0,1848000000.0,3727000000.0,5605000000.0,7970000000.0,1737000000.0,3547000000.0,5418000000.0
ShareBasedCompensation / USD,54000000.0,82000000.0,105000000.0,27000000.0,57000000.0,88000000.0,110000000.0,29000000.0,58000000.0,87000000.0,118000000.0,37000000.0,67000000.0,99000000.0,121000000.0,33000000.0,,64000000.0,95000000.0,110000000.0,22000000.0,45000000.0,70000000.0,107000000.0,23000000.0,40000000.0,63000000.0,90000000.0,27000000.0,55000000.0,80000000.0,87000000.0,31000000.0,57000000.0,82000000.0,104000000.0,31000000.0,67000000.0,97000000.0,108000000.0,32000000.0,63000000.0,92000000.0,129000000.0,36000000.0,74000000.0,109000000.0,123000000.0,15000000.0,65000000.0,107000000.0,143000000.0,37000000.0,71000000.0,105000000.0,135000000.0,39000000.0,65000000.0,98000000.0,141000000.0,38000000.0,75000000.0,110000000.0,138000000.0,38000000.0,74000000.0,108000000.0
ShareBasedCompensationArrangementByShareBasedPaymentAwardNumberOfSharesAuthorized / shares,,,,,,,52000000.0,,,,64500000.0,,,,65000000.0,,,,,64500000.0,,,,22500000.0,,,,22500000.0,,,,22500000.0,,,,22500000.0,,,,22500000.0,,,,22500000.0,,,,18600000.0,,,,18600000.0,,,,18600000.0,,,,18600000.0,,,,18600000.0,,,
ShareBasedCompensationArrangementByShareBasedPaymentAwardNumberOfSharesAvailableForGrant / shares,,,,,,,3400000.0,,,,22700000.0,,,,19000000.0,,,,,19100000.0,,,,22700000.0,,,,19600000.0,,,,14600000.0,,,,19200000.0,,,,15200000.0,,,,9400000.0,,,,22300000.0,,,,19400000.0,,,,16400000.0,,,,13000000.0,,,,9500000.0,,,
StockIssuedDuringPeriodValueStockOptionsExercised / USD,,,93000000.0,52000000.0,56000000.0,80000000.0,34000000.0,88000000.0,90000000.0,127000000.0,96000000.0,25000000.0,28000000.0,28000000.0,134000000.0,2000000.0,,1000000.0,2000000.0,-27000000.0,2000000.0,14000000.0,136000000.0,1000000.0,5000000.0,13000000.0,19000000.0,159000000.0,22000000.0,24000000.0,36000000.0,42000000.0,18000000.0,20000000.0,60000000.0,,72000000.0,,,,24000000.0,29000000.0,37000000.0,163000000.0,11000000.0,27000000.0,45000000.0,38000000.0,6000000.0,22000000.0,28000000.0,48000000.0,19000000.0,22000000.0,28000000.0,28000000.0,9000000.0,10000000.0,15000000.0,29000000.0,4000000.0,10000000.0,17000000.0,16000000.0,4000000.0,5000000.0,11000000.0
StockRepurchaseProgramAuthorizedAmount1 / USD,,,,,,,,,,,,,,,,,,,,,,,,5500000000.0,,5000000000.0,5000000000.0,5000000000.0,5000000000.0,5000000000.0,5000000000.0,5000000000.0,,,,,3000000000.0,,,,,,,,,,,5000000000.0,2500000000.0,,,5000000000.0,,,,5000000000.0,5000000000.0,5000000000.0,5000000000.0,5000000000.0,5000000000.0,5000000000.0,5000000000.0,5000000000.0,5000000000.0,5000000000.0,5000000000.0
StockRepurchaseProgramRemainingAuthorizedRepurchaseAmount1 / USD,,,,,,,,,,,,,,,,,,,,,,,,,,4000000000.0,4000000000.0,,3000000000.0,3000000000.0,3000000000.0,,,,,,,,,,,,,,,,,1700000000.0,,,,,,,,4125000000.0,4000000000.0,4000000000.0,3800000000.0,3784000000.0,3700000000.0,3600000000.0,3500000000.0,3300000000.0,3200000000.0,3100000000.0,3100000000.0
StockRepurchasedAndRetiredDuringPeriodShares / shares,,,,,19800000.0,30700000.0,32600000.0,,,,,,,,,4600000.0,,10900000.0,10900000.0,,,,,,,,,,1700000.0,9500000.0,,,,,,,,,,,5600000.0,10600000.0,15400000.0,35100000.0,1500000.0,4800000.0,10300000.0,21200000.0,600000.0,600000.0,600000.0,14000000.0,8400000.0,12100000.0,15800000.0,3100000.0,,,,,,,,11800000.0,700000.0,1800000.0,3200000.0
StockRepurchasedDuringPeriodShares / shares,,,,,,,,,,,,,,,,,,,,,,,,,,9500000.0,11300000.0,,,,,,,,,,,,,,,,,,,,,,,,,,,,,,4500000.0,4600000.0,4600000.0,32200000.0,1100000.0,2000000.0,3700000.0,,,,
StockRepurchasedDuringPeriodValue / USD,,,3461000000.0,111000000.0,705000000.0,1128000000.0,1193000000.0,111000000.0,-705000000.0,1128000000.0,1193000000.0,325000000.0,750000000.0,1073000000.0,1193000000.0,115000000.0,,237000000.0,237000000.0,1500000000.0,,,,122000000.0,,324000000.0,-388000000.0,1000000000.0,-101000000.0,324000000.0,388000000.0,1000000000.0,101000000.0,322000000.0,528000000.0,1000000000.0,384000000.0,,,,399000000.0,774000000.0,1143000000.0,2009000000.0,106000000.0,336000000.0,707000000.0,1493000000.0,56000000.0,56000000.0,56000000.0,1009000000.0,915000000.0,1331000000.0,1757000000.0,318000000.0,442000000.0,452000000.0,452000000.0,3504000000.0,81000000.0,150000000.0,278000000.0,1001000000.0,52000000.0,150000000.0,285000000.0
StockholdersEquity / USD,4752000000.0,4560000000.0,4643000000.0,4990000000.0,5306000000.0,5529000000.0,6320000000.0,6368000000.0,6015000000.0,6001000000.0,6602000000.0,6487000000.0,6164000000.0,5857000000.0,3745000000.0,3672000000.0,,3515000000.0,3507000000.0,3061000000.0,2916000000.0,3602000000.0,3742000000.0,3986000000.0,4421000000.0,4526000000.0,4569000000.0,4995000000.0,,,,,,4319000000.0,4261000000.0,,4499000000.0,4347000000.0,4152000000.0,,3420000000.0,3186000000.0,3012000000.0,3306000000.0,3354000000.0,3285000000.0,3125000000.0,3479000000.0,3410000000.0,3778000000.0,4086000000.0,4587000000.0,4158000000.0,4335000000.0,4278000000.0,3020000000.0,2767000000.0,2892000000.0,2993000000.0,2795000000.0,2793000000.0,2835000000.0,2812000000.0,3053000000.0,3082000000.0,3107000000.0,3082000000.0
StockholdersEquityIncludingPortionAttributableToNoncontrollingInterest / USD,5477000000.0,5234000000.0,6236000000.0,5156000000.0,5156000000.0,5156000000.0,4524000000.0,6964000000.0,6964000000.0,6964000000.0,5156000000.0,7139000000.0,7139000000.0,7139000000.0,6964000000.0,4242000000.0,,4242000000.0,4242000000.0,7292000000.0,3715000000.0,3715000000.0,3715000000.0,4366000000.0,3989000000.0,3989000000.0,3989000000.0,3715000000.0,5000000000.0,5000000000.0,5000000000.0,3989000000.0,4378000000.0,4378000000.0,4378000000.0,5000000000.0,4709000000.0,,,3612000000.0,3612000000.0,3612000000.0,3612000000.0,4709000000.0,3306000000.0,3306000000.0,3306000000.0,3612000000.0,3479000000.0,3479000000.0,3479000000.0,3306000000.0,4587000000.0,4587000000.0,4587000000.0,3479000000.0,3020000000.0,3020000000.0,3020000000.0,4587000000.0,2795000000.0,2795000000.0,2795000000.0,3020000000.0,3053000000.0,3053000000.0,3053000000.0
SubleaseIncome / USD,,,,,,,,,,,,,,,,,,,,,,,,,,,,,,,,,,,,,,,,,4000000.0,9000000.0,12000000.0,16000000.0,,,,16000000.0,,,,16000000.0,,,,16000000.0,,,,13000000.0,,,,12000000.0,,,
SupplierFinanceProgramObligation / USD,,,,,,,,,,,,,,,,,,,,,,,,,,,,,,,,,,,,,,,,,,,,,,,,,,,,,,,,,,731000000.0,713000000.0,386000000.0,490000000.0,609000000.0,680000000.0,426000.0,505000000.0,729000000.0,793000000.0
SupplierFinanceProgramObligationDecreaseSettlement / USD,,,,,,,,,,,,,,,,,,,,,,,,,,,,,,,,,,,,,,,,,,,,,,,,,,,,,,,,,,,,,,,,4076000.0,,,
SupplierFinanceProgramObligationIncrease / USD,,,,,,,,,,,,,,,,,,,,,,,,,,,,,,,,,,,,,,,,,,,,,,,,,,,,,,,,,,,,,,,,4048000.0,,,
TreasuryStockAcquiredAverageCostPerShare / USD/shares,,,,,,,,,,,,,,,,,,,,,,,,,,,,,,,,,,,,,,,,,71.78,73.21,74.1,,70.77,70.04,68.56,,86.3,86.3,86.3,72.34,108.69,109.92,111.33,102.63,97.18,96.83,96.83,108.97,76.15,76.48,74.16,84.78,77.81,80.86,87.19
UnrecognizedTaxBenefits / USD,,,,,,,349000000.0,,,,393000000.0,,,,393000000.0,,393000000.0,,,359000000.0,,,,387000000.0,,,,383000000.0,,,,370000000.0,,,,410000000.0,,,,469000000.0,,,,374000000.0,,,,279000000.0,,,,300000000.0,,,,318000000.0,,,,327000000.0,,,,235000000.0,,,
UnrecognizedTaxBenefitsDecreasesResultingFromPriorPeriodTaxPositions / USD,,,,,,,72000000.0,,,,90000000.0,,,,90000000.0,,90000000.0,,,35000000.0,,,,22000000.0,,,,67000000.0,,,,88000000.0,,,,13000000.0,,,,144000000.0,,,,126000000.0,,,,12000000.0,,,,5000000.0,,,,25000000.0,,,,103000000.0,,,,75000000.0,,,
UnrecognizedTaxBenefitsDecreasesResultingFromSettlementsWithTaxingAuthorities / USD,,,,,,,24000000.0,,,,0.0,,,,0.0,,0.0,,,20000000.0,,,,10000000.0,,,,3000000.0,,,,9000000.0,,,,9000000.0,,,,12000000.0,,,,12000000.0,,,,1000000.0,,101000000.0,101000000.0,1000000.0,,101000000.0,101000000.0,1000000.0,,,,7000000.0,,,,3000000.0,,,
UnrecognizedTaxBenefitsIncreasesResultingFromCurrentPeriodTaxPositions / USD,,,,,,,50000000.0,,,,40000000.0,,,,40000000.0,,40000000.0,,,43000000.0,,,,37000000.0,,,,34000000.0,,,,114000000.0,,,,59000000.0,,,,55000000.0,,,,29000000.0,,,,36000000.0,,,,34000000.0,,,,29000000.0,,,,28000000.0,,,,21000000.0,,,
UnrecognizedTaxBenefitsIncreasesResultingFromPriorPeriodTaxPositions / USD,,,,,,,96000000.0,,,,36000000.0,,,,36000000.0,,36000000.0,,,69000000.0,,,,10000000.0,,,,38000000.0,,,,33000000.0,,,,30000000.0,,,,11000000.0,,,,19000000.0,,,,4000000.0,,,,1000000.0,,,,17000000.0,,,,3000000.0,,,,28000000.0,,,
UnrecognizedTaxBenefitsIncreasesResultingFromSettlementsWithTaxingAuthorities / USD,,,,,,,,,,,,,,,,,,,,,,,,,,,,,,,,,,,,,,,,,,,,,,,,,,,,,,,,,,,,,,,,1000000.0,,,
UnrecognizedTaxBenefitsInterestOnIncomeTaxesAccrued / USD,,,,,,,78000000.0,,,,84000000.0,,,,79000000.0,,79000000.0,,,79000000.0,,,,85000000.0,,,,91000000.0,,,,78000000.0,,,,89000000.0,,,,61000000.0,,,,42000000.0,,,,53000000.0,,,,67000000.0,,,,74000000.0,,,,46000000.0,,,,42000000.0,,,
UnrecognizedTaxBenefitsInterestOnIncomeTaxesExpense / USD,,,,,,,1000000.0,,,,0.0,,,,8000000.0,,8000000.0,,,8000000.0,,,,6000000.0,,,,10000000.0,,,,9000000.0,,,,10000000.0,,,,9000000.0,,,,10000000.0,,,,10000000.0,,,,11000000.0,,,,4000000.0,,,,20000000.0,,,,6000000.0,,,
UnrecognizedTaxBenefitsReductionsResultingFromLapseOfApplicableStatuteOfLimitations / USD,,,,,,,6000000.0,,,,20000000.0,,,,20000000.0,,20000000.0,,,29000000.0,,,,19000000.0,,,,15000000.0,,,,10000000.0,,,,8000000.0,,,,5000000.0,,,,5000000.0,,,,6000000.0,,,,12000000.0,,,,11000000.0,,,,13000000.0,,,,46000000.0,,,
UnrecognizedTaxBenefitsThatWouldImpactEffectiveTaxRate / USD,,,,,,,195000000.0,,,,233000000.0,,,,239000000.0,,239000000.0,,,239000000.0,,,,231000000.0,,,,228000000.0,,,,297000000.0,,,,337000000.0,,,,346000000.0,,,,263000000.0,,,,282000000.0,,,,300000000.0,,,,307000000.0,,,,214000000.0,,,,141000000.0,,,
ValuationAllowancesAndReservesBalance / USD,,,,,,,101000000.0,,,,107000000.0,,,,72000000.0,,,,,92000000.0,,,,104000000.0,,,,59000000.0,,,,49000000.0,,,,52000000.0,,,,37000000.0,,,,23000000.0,,,,24000000.0,,,,38000000.0,,,,39000000.0,,,,30000000.0,,,,32000000.0,,,
ValuationAllowancesAndReservesDeductions / USD,,,,,,,,,,,,,,,,,,,,,,,,,,,,,,,,,,,,,,,,,,,,,,,,32000000.0,,,,88000000.0,,,,52000000.0,,,,41000000.0,,,,43000000.0,,,
VariableLeaseCost / USD,,,,,,,,,,,,,,,,,,,,,,,,,,,,,,,,,,,,,,,,,67000000.0,135000000.0,201000000.0,265000000.0,,,,265000000.0,,,,249000000.0,,,,249000000.0,,,,238000000.0,,,,233000000.0,,,
WeightedAverageNumberOfDilutedSharesOutstanding / shares,423000000.0,422700000.0,452900000.0,425700000.0,426200000.0,426800000.0,422900000.0,431700000.0,427700000.0,420700000.0,427500000.0,400700000.0,393300000.0,386200000.0,416500000.0,342800000.0,416500000.0,341000000.0,340400000.0,382000000.0,341000000.0,343000000.0,345300000.0,338600000.0,350400000.0,351600000.0,352500000.0,347600000.0,357600000.0,355800000.0,353600000.0,353600000.0,326700000.0,324800000.0,323600000.0,350700000.0,315000000.0,313000000.0,310600000.0,322600000.0,288300000.0,286000000.0,283800000.0,307100000.0,271500000.0,270900000.0,269100000.0,281400000.0,260400000.0,261400000.0,262500000.0,268100000.0,256700000.0,254700000.0,252900000.0,263000000.0,228400000.0,227200000.0,226900000.0,249300000.0,219900000.0,219500000.0,219100000.0,225700000.0,217200000.0,217200000.0,217200000.0
WeightedAverageNumberOfSharesOutstandingBasic / shares,411700000.0,412100000.0,439900000.0,415200000.0,415800000.0,416300000.0,412500000.0,420300000.0,416900000.0,410300000.0,416800000.0,391100000.0,383600000.0,376900000.0,406100000.0,342200000.0,406100000.0,340300000.0,339300000.0,372500000.0,339000000.0,339700000.0,340700000.0,338600000.0,347400000.0,348400000.0,349000000.0,342100000.0,352400000.0,351000000.0,348900000.0,349500000.0,323600000.0,322200000.0,320200000.0,346500000.0,309200000.0,306700000.0,304100000.0,318500000.0,282600000.0,280800000.0,278600000.0,300400000.0,267600000.0,267400000.0,266000000.0,276400000.0,258300000.0,259000000.0,259300000.0,264900000.0,253100000.0,251700000.0,249900000.0,259600000.0,226800000.0,226100000.0,225900000.0,246800000.0,218900000.0,218700000.0,218400000.0,224800000.0,216200000.0,216100000.0,215700000.0
