fact_unit,2011-09-14,2011-11-14,2012-03-09,2012-05-15,2012-08-10,2012-11-09,2013-03-08,2013-05-09,2013-08-12,2013-11-07,2013-11-08,2014-03-05,2014-05-12,2014-08-13,2014-11-12,2015-02-26,2015-05-08,2015-08-07,2015-11-06,2016-02-25,2016-05-05,2016-08-04,2016-11-03,2017-03-01,2017-05-04,2017-08-04,2017-08-25,2017-11-02,2018-03-01,2018-05-03,2018-08-03,2018-10-31,2019-02-27,2019-05-01,2019-07-31,2019-10-31,2020-02-28,2020-05-06,2020-08-05,2020-11-02,2021-02-26,2021-05-05,2021-08-04,2021-11-03,2022-02-28,2022-05-04,2022-08-03,2022-11-02,2023-02-24,2023-05-03,2023-08-02,2023-11-01,2024-02-26,2024-05-01,2024-07-31,2024-10-30,2025-02-21,2025-05-07,2025-08-06,2025-11-04
AccountsPayableAndAccruedLiabilitiesNoncurrent / USD,,,,,,,,,,,,,,,,,,,,,,,,,,,,,,,,,,,,,,,,,,,,,,,,,,,,,,,,,432900000.0,927800000.0,927800000.0,927800000.0
AccountsPayableTradeCurrent / USD,565300000.0,537100000.0,537100000.0,517800000.0,517800000.0,517800000.0,517800000.0,518600000.0,518600000.0,518600000.0,517800000.0,518600000.0,662800000.0,662800000.0,662800000.0,662800000.0,704000000.0,704000000.0,704000000.0,704000000.0,866500000.0,866500000.0,866500000.0,866500000.0,1072900000.0,1072900000.0,866500000.0,1072900000.0,1072900000.0,1317700000.0,1317700000.0,1317700000.0,1317700000.0,1577100000.0,1577100000.0,1577100000.0,1577100000.0,1835000000.0,1835000000.0,1835000000.0,1835000000.0,2088400000.0,2088400000.0,2088400000.0,2088400000.0,3114200000.0,3114200000.0,3114200000.0,3114200000.0,2821300000.0,2821300000.0,2821300000.0,2821300000.0,2881000000.0,2881000000.0,2881000000.0,2881000000.0,3381300000.0,3381300000.0,3381300000.0
AccountsReceivableNet / USD,,,,,,,,,,,,,,,,,,,,,,,,,,,,,,,,,,,,,,,,,,,,,3212600000.0,4696800000.0,4696800000.0,4696800000.0,4696800000.0,4664300000.0,4664300000.0,4664300000.0,4664300000.0,4905000000.0,4905000000.0,4905000000.0,4905000000.0,6058800000.0,6058800000.0,6058800000.0
AccountsReceivableNetCurrent / USD,1091500000.0,1091500000.0,1091500000.0,1254900000.0,1254900000.0,1254900000.0,1254900000.0,1285000000.0,1285000000.0,1285000000.0,1273000000.0,1285000000.0,1451000000.0,1451000000.0,1451000000.0,1451000000.0,1561100000.0,1561100000.0,1561100000.0,1561100000.0,2017400000.0,2017400000.0,2017400000.0,2017400000.0,2168600000.0,2168600000.0,2017400000.0,2168600000.0,2168600000.0,2329300000.0,2329300000.0,2329300000.0,2168900000.0,2671200000.0,2671200000.0,2671200000.0,2671200000.0,3002200000.0,3002200000.0,3002200000.0,3002200000.0,3212600000.0,3212600000.0,3212600000.0,3212600000.0,4499400000.0,4499400000.0,4499400000.0,4499400000.0,4461300000.0,4461300000.0,4461300000.0,4461300000.0,4567500000.0,4567500000.0,4567500000.0,4567500000.0,5135800000.0,5135800000.0,5135800000.0
AccountsReceivableNetNoncurrent / USD,,,,,,,,,,,,,,,,,,,,,,,,,,,,,,,,,,,,,,,,,,,,,0.0,197400000.0,197400000.0,197400000.0,197400000.0,203000000.0,203000000.0,203000000.0,203000000.0,337500000.0,337500000.0,337500000.0,,,,
AccountsReceivableSale / USD,,,,,,,,,,,,,,,,,,,,,,,,,,,,,,,,,,,,,,,,,,,,,83000000.0,,70000000.0,104000000.0,139000000.0,170000000.0,229000000.0,445000000.0,539000000.0,124000000.0,219000000.0,382000000.0,506000000.0,93000000.0,213000000.0,337000000.0
AccruedAdvertisingCurrent / USD,27000000.0,27000000.0,27000000.0,38800000.0,38800000.0,38800000.0,38800000.0,33900000.0,33900000.0,33900000.0,38800000.0,33900000.0,33200000.0,33200000.0,33200000.0,33200000.0,34000000.0,34000000.0,34000000.0,34000000.0,52300000.0,52300000.0,52300000.0,52300000.0,55800000.0,55800000.0,52300000.0,55800000.0,55800000.0,89200000.0,89200000.0,89200000.0,89200000.0,119200000.0,119200000.0,119200000.0,119200000.0,147900000.0,147900000.0,147900000.0,147900000.0,153400000.0,153400000.0,153400000.0,153400000.0,145500000.0,145500000.0,145500000.0,145500000.0,130500000.0,130500000.0,130500000.0,130500000.0,119900000.0,119900000.0,119900000.0,119900000.0,137700000.0,137700000.0,137700000.0
AccumulatedOtherComprehensiveIncomeLossNetOfTax / USD,-2200000.0,-2200000.0,-2200000.0,-2100000.0,-2100000.0,-2100000.0,-2200000.0,400000.0,400000.0,400000.0,-2200000.0,-2100000.0,-6300000.0,-6300000.0,-6300000.0,400000.0,-16600000.0,-16600000.0,-16600000.0,-6300000.0,-61100000.0,-61100000.0,-61100000.0,-61100000.0,-139600000.0,-139600000.0,-61100000.0,-139600000.0,-139600000.0,-95900000.0,-95900000.0,-95900000.0,-95900000.0,-130600000.0,-130600000.0,-130600000.0,-130600000.0,-117800000.0,-117800000.0,-117800000.0,-117800000.0,-95800000.0,-95800000.0,-95800000.0,-95800000.0,-94400000.0,-94400000.0,-94400000.0,-94400000.0,-152400000.0,-152400000.0,-152400000.0,-152400000.0,-124600000.0,-124600000.0,-124600000.0,-124600000.0,-160100000.0,-160100000.0,-160100000.0
AdditionalPaidInCapitalCommonStock / USD,2166700000.0,2166700000.0,2166700000.0,2186100000.0,2186100000.0,2186100000.0,2186100000.0,2209100000.0,2207700000.0,2207700000.0,2184700000.0,2207700000.0,2688100000.0,2688100000.0,2688100000.0,2688100000.0,2711900000.0,2711900000.0,2711900000.0,2711900000.0,2806900000.0,2806900000.0,2806900000.0,2806900000.0,2857300000.0,2857300000.0,2806900000.0,2857300000.0,2857300000.0,2911600000.0,2911600000.0,2911600000.0,2911600000.0,2996900000.0,2996900000.0,2996900000.0,2996900000.0,3095300000.0,3095300000.0,3095300000.0,3095300000.0,3204900000.0,3204900000.0,3204900000.0,3204900000.0,3369500000.0,3369500000.0,3369500000.0,3369500000.0,3518100000.0,3518100000.0,3518100000.0,3518100000.0,3691300000.0,3691300000.0,3691300000.0,3691300000.0,3834400000.0,3834400000.0,3834400000.0
AdjustmentsRelatedToTaxWithholdingForShareBasedCompensation / USD,,,,,,,,,,,,,,,,,,,,,,,,,,,,,49600000.0,8700000.0,8700000.0,27100000.0,49600000.0,8700000.0,8700000.0,27100000.0,49600000.0,11600000.0,11600000.0,21300000.0,33900000.0,21900000.0,21900000.0,22100000.0,21400000.0,27800000.0,27800000.0,28400000.0,22500000.0,20400000.0,20600000.0,21900000.0,28500000.0,31600000.0,32800000.0,38600000.0,23100000.0,29900000.0,30700000.0,32800000.0
AdjustmentsToAdditionalPaidInCapitalSharebasedCompensationRequisiteServicePeriodRecognitionValue / USD,,,,,11500000.0,18000000.0,11500000.0,1900000.0,4000000.0,44300000.0,11500000.0,19500000.0,3300000.0,7600000.0,11500000.0,22100000.0,4700000.0,12200000.0,18400000.0,46600000.0,6700000.0,14900000.0,23400000.0,16400000.0,10600000.0,20700000.0,16400000.0,29300000.0,28300000.0,7100000.0,16100000.0,26000000.0,33200000.0,7100000.0,16100000.0,26000000.0,37900000.0,12200000.0,24000000.0,36900000.0,36500000.0,8800000.0,14400000.0,26000000.0,47700000.0,15800000.0,36400000.0,53300000.0,42500000.0,21100000.0,44600000.0,71400000.0,72600000.0,20800000.0,45600000.0,71600000.0,91100000.0,19400000.0,48100000.0,50800000.0
AdvertisingExpense / USD,44800000.0,72900000.0,101900000.0,29400000.0,58600000.0,86900000.0,106000000.0,29400000.0,60400000.0,96400000.0,106000000.0,122700000.0,30400000.0,62000000.0,95100000.0,129500000.0,28500000.0,63300000.0,100500000.0,130800000.0,29400000.0,67400000.0,108600000.0,138000000.0,34200000.0,76500000.0,138000000.0,118300000.0,147800000.0,35400000.0,81900000.0,128100000.0,162900000.0,37100000.0,85800000.0,133900000.0,173700000.0,39000000.0,92000000.0,143000000.0,183000000.0,,,,193000000.0,,,,191000000.0,,,,199000000.0,,,,211000000.0,,,
AllocatedShareBasedCompensationExpense / USD,,,,,,,11500000.0,,,,11500000.0,19500000.0,1900000.0,4000000.0,44300000.0,22100000.0,3300000.0,7600000.0,11500000.0,46600000.0,4700000.0,12200000.0,20000000.0,16400000.0,8600000.0,18100000.0,16400000.0,28100000.0,31200000.0,12100000.0,23600000.0,33600000.0,39200000.0,8100000.0,19100000.0,29900000.0,43700000.0,12700000.0,24900000.0,37700000.0,40700000.0,8800000.0,14400000.0,26000000.0,48500000.0,15800000.0,36400000.0,53300000.0,42500000.0,21100000.0,44600000.0,71400000.0,72600000.0,20800000.0,45600000.0,71600000.0,91100000.0,19400000.0,48100000.0,50800000.0
AllocatedShareBasedCompensationExpenseNetOfTax / USD,,,,,,,,,,,,,,,,19800000.0,,,,30100000.0,,,,11300000.0,,,11300000.0,,20300000.0,,,,25900000.0,,,,28400000.0,,,,30800000.0,,,,38700000.0,,,,34800000.0,,,,60400000.0,,,,75600000.0,,,
AllowanceForDoubtfulAccountsReceivable / USD,,,,,,,,,,,,,,,,,,,,,,,,,,,,,,,,,,,,,,,,,7900000.0,,,,7900000.0,,,,29600000.0,,,,20400000.0,,,,25700000.0,,,
AllowanceForDoubtfulAccountsReceivableCurrent / USD,5000000.0,5000000.0,5000000.0,5400000.0,5400000.0,5400000.0,5400000.0,5400000.0,5400000.0,5400000.0,5400000.0,5400000.0,5400000.0,5400000.0,5400000.0,5400000.0,5700000.0,5700000.0,5700000.0,5700000.0,6000000.0,6000000.0,6000000.0,6000000.0,5900000.0,5900000.0,6000000.0,5900000.0,5900000.0,6200000.0,6200000.0,6200000.0,6200000.0,7000000.0,7000000.0,7000000.0,7000000.0,7900000.0,7900000.0,7900000.0,7900000.0,29600000.0,29600000.0,29600000.0,29600000.0,20400000.0,20400000.0,20400000.0,20400000.0,25700000.0,25700000.0,25700000.0,25700000.0,28800000.0,28800000.0,28800000.0,28800000.0,43300000.0,43300000.0,43300000.0
AllowanceForDoubtfulAccountsReceivableWriteOffs / USD,,,,,,,,,,,,,,,,,,,,,,,,,,,,,,,,,,,,,,,,,10800000.0,,,,10800000.0,,,,5000000.0,,,,6000000.0,,,,14500000.0,,,
AmortizationOfIntangibleAssets / USD,,,,,,,171100000.0,,,,171100000.0,173500000.0,,,,178200000.0,,,,181000000.0,,,,182000000.0,,,182000000.0,,199000000.0,,,,216000000.0,,,,221000000.0,,,,223000000.0,,,,219000000.0,,,,212000000.0,,,,149000000.0,,,,233000000.0,,,
AntidilutiveSecuritiesExcludedFromComputationOfEarningsPerShareAmount / shares,,,,,,,,,0.0,0.0,4700000.0,4300000.0,0.0,0.0,100000.0,0.0,100000.0,0.0,0.0,0.0,400000.0,700000.0,500000.0,1000000.0,400000.0,1000000.0,1000000.0,1000000.0,1000000.0,1000000.0,200000.0,200000.0,200000.0,100000.0,200000.0,100000.0,100000.0,100000.0,100000.0,100000.0,100000.0,100000.0,100000.0,100000.0,100000.0,100000.0,200000.0,100000.0,100000.0,200000.0,300000.0,200000.0,200000.0,200000.0,300000.0,200000.0,200000.0,200000.0,200000.0,200000.0
Assets / USD,5943800000.0,5943800000.0,5943800000.0,5949600000.0,5949600000.0,5949600000.0,5949600000.0,5720000000.0,5720000000.0,5720000000.0,5967700000.0,5720000000.0,5924600000.0,5924600000.0,5924600000.0,5924600000.0,6099900000.0,6066900000.0,6075900000.0,6075900000.0,6755300000.0,6755300000.0,6755300000.0,6755300000.0,6948400000.0,6948400000.0,6755300000.0,6948400000.0,6948400000.0,6966700000.0,6966700000.0,6966700000.0,6958400000.0,7167700000.0,7167700000.0,7167700000.0,7167700000.0,7999400000.0,7999400000.0,7999400000.0,7999400000.0,9344700000.0,9344700000.0,9344700000.0,9344700000.0,13199400000.0,13199400000.0,13199400000.0,13199400000.0,13131500000.0,13131500000.0,13131500000.0,13131500000.0,13284600000.0,13284600000.0,13284600000.0,13284600000.0,14678400000.0,14678400000.0,14678400000.0
AssetsCurrent / USD,1702300000.0,1702300000.0,1702300000.0,1879400000.0,1879400000.0,1879400000.0,1879400000.0,1834700000.0,1834700000.0,1834700000.0,1897500000.0,1834700000.0,2213500000.0,2213500000.0,2213500000.0,2213500000.0,2453400000.0,2453400000.0,2453400000.0,2453400000.0,2790800000.0,2790800000.0,2790800000.0,2790800000.0,3238100000.0,3238100000.0,2790800000.0,3238100000.0,3238100000.0,3396300000.0,3396300000.0,3396300000.0,3248200000.0,3796800000.0,3796800000.0,3796800000.0,3796800000.0,4334100000.0,4334100000.0,4334100000.0,4334100000.0,5953500000.0,5953500000.0,5953500000.0,5953500000.0,6478100000.0,6478100000.0,6478100000.0,6478100000.0,6564000000.0,6564000000.0,6564000000.0,6564000000.0,6705000000.0,6705000000.0,6705000000.0,6705000000.0,7373100000.0,7373100000.0,7373100000.0
CashAndCashEquivalentsAtCarryingValue / USD,88000000.0,88000000.0,94400000.0,36600000.0,36600000.0,36600000.0,88000000.0,99900000.0,99900000.0,99900000.0,88000000.0,36600000.0,37900000.0,37900000.0,37900000.0,99900000.0,188100000.0,188100000.0,188100000.0,37900000.0,344500000.0,344500000.0,344500000.0,188100000.0,37600000.0,37600000.0,188100000.0,37600000.0,344500000.0,263700000.0,263700000.0,263700000.0,37600000.0,144200000.0,205800000.0,205800000.0,205800000.0,205800000.0,154000000.0,154000000.0,154000000.0,1410200000.0,1410200000.0,1410200000.0,1410200000.0,258100000.0,258100000.0,258100000.0,258100000.0,315200000.0,315200000.0,315200000.0,315200000.0,588700000.0,588700000.0,588700000.0,588700000.0,503500000.0,503500000.0,503500000.0
CashCashEquivalentsRestrictedCashAndRestrictedCashEquivalents / USD,,,,,,,,,,,,,,,,,,,,,,,,,,,,,,,,,,144200000.0,144200000.0,144200000.0,263700000.0,205800000.0,205800000.0,205800000.0,144200000.0,154000000.0,154000000.0,154000000.0,205800000.0,1410200000.0,1410200000.0,1410200000.0,154000000.0,258100000.0,258100000.0,258100000.0,1410200000.0,315200000.0,315200000.0,315200000.0,258100000.0,588700000.0,588700000.0,588700000.0
CashCashEquivalentsRestrictedCashAndRestrictedCashEquivalentsPeriodIncreaseDecreaseIncludingExchangeRateEffect / USD,,,,,,,,,,,,,,,,,,,,,,,,,,,,,,,,,,,-43500000.0,110900000.0,-119500000.0,84900000.0,-11300000.0,-38900000.0,61600000.0,60400000.0,804400000.0,1095500000.0,-51800000.0,-531600000.0,-909000000.0,-1165100000.0,1256200000.0,128800000.0,283500000.0,126500000.0,-1152100000.0,-35800000.0,-111300000.0,125500000.0,57100000.0,215100000.0,76600000.0,358000000.0
CertificatesOfDepositAtCarryingValue / USD,,,,,,,,,,,,,,,,,,,,,,,,,,,,,,,,,,,,,,,,,,,,,,,,,,,,,,,,212000000.0,214000000.0,217000000.0,211000000.0,211000000.0
CommonStockDividendsPerShareCashPaid / USD/shares,,,,,,,,,,,,0.0425,0.0,0.0,0.0,0.0,0.0425,0.085,0.1275,0.0425,0.0675,0.135,0.2025,0.195,0.1075,0.215,0.195,0.3225,0.31,0.16,0.32,0.48,0.4825,0.21,0.42,0.64,0.69,0.295,0.59,0.885,0.925,0.38,0.76,1.14,1.265,0.4,0.8,1.2,1.54,0.5,1.0,1.5,1.7,0.59,1.18,1.77,2.09,0.62,1.24,1.86
CommonStockParOrStatedValuePerShare / USD/shares,,,,,,,,,0.01,0.01,0.01,0.01,0.01,0.01,0.01,0.01,0.01,0.01,0.01,0.01,0.01,0.01,0.01,0.01,0.01,0.01,0.01,0.01,0.01,0.01,0.01,0.01,0.01,0.01,0.01,0.01,0.01,0.01,0.01,0.01,0.01,0.01,0.01,0.01,0.01,0.01,0.01,0.01,0.01,0.01,0.01,0.01,0.01,0.01,0.01,0.01,0.01,0.01,0.01,0.01
CommonStockSharesAuthorized / shares,,,,,,,,,286100000.0,286100000.0,286100000.0,286100000.0,1000000000.0,1000000000.0,1000000000.0,1000000000.0,1000000000.0,1000000000.0,1000000000.0,1000000000.0,1000000000.0,1000000000.0,1000000000.0,1000000000.0,1000000000.0,1000000000.0,1000000000.0,1000000000.0,1000000000.0,1000000000.0,1000000000.0,1000000000.0,1000000000.0,1000000000.0,1000000000.0,1000000000.0,1000000000.0,1000000000.0,1000000000.0,1000000000.0,1000000000.0,1000000000.0,1000000000.0,1000000000.0,1000000000.0,1000000000.0,1000000000.0,1000000000.0,1000000000.0,1000000000.0,1000000000.0,1000000000.0,1000000000.0,1000000000.0,1000000000.0,1000000000.0,1000000000.0,1000000000.0,1000000000.0,1000000000.0
CommonStockSharesOutstanding / shares,,,,,,,,,145100000.0,145100000.0,144800000.0,145100000.0,172000000.0,172000000.0,172000000.0,172000000.0,172200000.0,172200000.0,172200000.0,172200000.0,168200000.0,168200000.0,168200000.0,168200000.0,160300000.0,160300000.0,168200000.0,160300000.0,160300000.0,153000000.0,153000000.0,153000000.0,153000000.0,147700000.0,147700000.0,147700000.0,147700000.0,143000000.0,143000000.0,143000000.0,143000000.0,141900000.0,141900000.0,141900000.0,141900000.0,134800000.0,134800000.0,134800000.0,134800000.0,135500000.0,135500000.0,135500000.0,135500000.0,134100000.0,134100000.0,134100000.0,134100000.0,132600000.0,132600000.0,132600000.0
CommonStockValue / USD,,,,,,,,,1400000.0,1400000.0,1400000.0,1400000.0,1700000.0,1700000.0,1700000.0,1700000.0,1700000.0,1700000.0,1700000.0,1700000.0,1700000.0,1700000.0,1700000.0,1700000.0,1600000.0,1600000.0,1700000.0,1600000.0,1600000.0,1500000.0,1500000.0,1500000.0,1500000.0,1500000.0,1500000.0,1500000.0,1500000.0,1400000.0,1400000.0,1400000.0,1400000.0,1400000.0,1400000.0,1400000.0,1400000.0,1300000.0,1300000.0,1300000.0,1300000.0,1400000.0,1400000.0,1400000.0,1400000.0,1300000.0,1300000.0,1300000.0,1300000.0,1300000.0,1300000.0,1300000.0
ComprehensiveIncomeNetOfTax / USD,,,,200000.0,-34100000.0,-4100000.0,-10100000.0,12800000.0,48000000.0,89100000.0,-10100000.0,17200000.0,25900000.0,69300000.0,69100000.0,121500000.0,47000000.0,137300000.0,187700000.0,126100000.0,43700000.0,156600000.0,285100000.0,234600000.0,70000000.0,152400000.0,234600000.0,266500000.0,358600000.0,64300000.0,222900000.0,366400000.0,346400000.0,144400000.0,290800000.0,471400000.0,567000000.0,156000000.0,340700000.0,527700000.0,608300000.0,126400000.0,323200000.0,537300000.0,749600000.0,239300000.0,519300000.0,771600000.0,810500000.0,241500000.0,484600000.0,734100000.0,990000000.0,239700000.0,520300000.0,811100000.0,1056500000.0,207300000.0,486800000.0,829900000.0
ContractWithCustomerAssetNet / USD,,,,,,,,,,,,,,,,,,,,,,,,,,,,,,,,,,,,,,,,,,,,,,134700000.0,134700000.0,134700000.0,134700000.0,242100000.0,242100000.0,242100000.0,242100000.0,111800000.0,111800000.0,111800000.0,111800000.0,97100000.0,97100000.0,97100000.0
ContractWithCustomerLiability / USD,,,,,,,,,,,,,,,,,,,,,,,,,,,,,,159000000.0,159000000.0,159000000.0,159000000.0,178000000.0,178000000.0,178000000.0,178000000.0,252000000.0,252000000.0,252000000.0,252000000.0,244000000.0,244000000.0,244000000.0,255300000.0,423300000.0,423300000.0,423300000.0,423300000.0,525300000.0,525300000.0,525300000.0,525300000.0,527400000.0,527400000.0,527400000.0,527400000.0,522300000.0,522300000.0,522300000.0
ContractWithCustomerLiabilityCurrent / USD,,,,,,,,,,,,,,,,,,,,,,,,,,,,,,158800000.0,158800000.0,158800000.0,143500000.0,178300000.0,178300000.0,178300000.0,178300000.0,252200000.0,252200000.0,252200000.0,252200000.0,243700000.0,243700000.0,243700000.0,243700000.0,402900000.0,402900000.0,402900000.0,402900000.0,485500000.0,485500000.0,485500000.0,485500000.0,487400000.0,487400000.0,487400000.0,487400000.0,491000000.0,491000000.0,491000000.0
ContractWithCustomerLiabilityRevenueRecognized / USD,,,,,,,,,,,,,,,,,,,,,,,,,,,,,,45000000.0,-99000000.0,-126000000.0,113000000.0,58000000.0,116000000.0,153000000.0,113000000.0,74000000.0,113000000.0,117000000.0,123000000.0,123000000.0,210000000.0,157000000.0,203000000.0,97000000.0,147000000.0,156000000.0,171000000.0,156000000.0,200000000.0,223000000.0,238000000.0,190000000.0,265000000.0,293000000.0,329000000.0,175000000.0,237000000.0,293000000.0
CostOfGoodsAndServicesSold / USD,3491700000.0,5497700000.0,6029700000.0,1779200000.0,3790500000.0,5951900000.0,7410400000.0,1934600000.0,4092400000.0,6283000000.0,7410400000.0,8018900000.0,2009700000.0,4337400000.0,6743300000.0,8458600000.0,2227100000.0,4836200000.0,7595000000.0,9008300000.0,2298700000.0,5078200000.0,8012100000.0,10153200000.0,2592200000.0,5646300000.0,10153200000.0,8740200000.0,10872900000.0,2702500000.0,5953300000.0,9244300000.0,11344400000.0,3002500000.0,6493000000.0,10152600000.0,12382700000.0,3285800000.0,7141900000.0,11233100000.0,13533600000.0,3632700000.0,7251200000.0,11182100000.0,14992500000.0,4042300000.0,8305900000.0,12691000000.0,15257400000.0,4845000000.0,9822600000.0,14804900000.0,17252300000.0,4013700000.0,8458300000.0,12858900000.0,19062100000.0,3809400000.0,8049700000.0,12365600000.0
CurrentFederalTaxExpenseBenefit / USD,,,,,,,-10600000.0,,,,-10600000.0,17900000.0,,,,110300000.0,,,,96700000.0,,,,206800000.0,,,206800000.0,,258500000.0,,,,295600000.0,,,,258900000.0,,,,192600000.0,,,,224700000.0,,,,166500000.0,,,,235600000.0,,,,281800000.0,,,
CurrentForeignTaxExpenseBenefit / USD,,,,,,,2800000.0,,,,2800000.0,4100000.0,,,,5100000.0,,,,4600000.0,,,,5800000.0,,,5800000.0,,10100000.0,,,,16800000.0,,,,21300000.0,,,,17700000.0,,,,20000000.0,,,,18300000.0,,,,27400000.0,,,,33900000.0,,,
CurrentIncomeTaxExpenseBenefit / USD,,,,,,,-3500000.0,,,,-3500000.0,21400000.0,,,,123400000.0,,,,111400000.0,,,,231900000.0,,,231900000.0,,297200000.0,,,,347300000.0,,,,310000000.0,,,,253600000.0,,,,300800000.0,,,,234000000.0,,,,315900000.0,,,,391500000.0,,,
CurrentStateAndLocalTaxExpenseBenefit / USD,,,,,,,4300000.0,,,,4300000.0,-600000.0,,,,8000000.0,,,,10100000.0,,,,19300000.0,,,19300000.0,,28600000.0,,,,34900000.0,,,,29800000.0,,,,43300000.0,,,,56100000.0,,,,49200000.0,,,,52900000.0,,,,75800000.0,,,
DebtInstrumentCarryingAmount / USD,,,,,,,3766000000.0,,,,3766000000.0,3251400000.0,,,,3192400000.0,,,3177000000.0,3177000000.0,3259300000.0,3259300000.0,3259300000.0,3286500000.0,3267800000.0,3267800000.0,3286500000.0,3267800000.0,3267800000.0,3255900000.0,3255900000.0,3255900000.0,3255900000.0,3226500000.0,3226500000.0,3226500000.0,3226500000.0,3337900000.0,3337900000.0,3337900000.0,3337900000.0,3954400000.0,3954400000.0,3954400000.0,3954400000.0,6904500000.0,6904500000.0,6904500000.0,6904500000.0,5959000000.0,5959000000.0,5959000000.0,5959000000.0,5673300000.0,5673300000.0,5673300000.0,5673300000.0,5875600000.0,5875600000.0,5875600000.0
DebtInstrumentUnamortizedDiscountPremiumAndDebtIssuanceCostsNet / USD,,,,,,,,,,,,,,,,,,,,,,,,,,,,,,,,,,,,,,,,,,,,,,,,,,,,,,,,28400000.0,,,,
DebtLongtermAndShorttermCombinedAmount / USD,,,,,4066000000.0,4066000000.0,4066000000.0,3771000000.0,3771000000.0,3771000000.0,4066000000.0,3771000000.0,3251200000.0,3251200000.0,3251200000.0,3251200000.0,3190000000.0,3157000000.0,3192400000.0,3192400000.0,3286500000.0,3286500000.0,3286500000.0,3286500000.0,,,3286500000.0,,3255900000.0,,,,3226500000.0,,,,3337900000.0,,,,3954400000.0,,,,6904500000.0,,,,5959000000.0,,,,5673300000.0,,,,5875600000.0,,,
DeferredFederalStateAndLocalTaxExpenseBenefit / USD,,,,,,,,,,,,,,,,,,,,-48600000.0,,,,-89000000.0,,,-89000000.0,,-48500000.0,,,,-90500000.0,,,,-167600000.0,,,,-52700000.0,,,,-83000000.0,,,,-18800000.0,,,,-8700000.0,,,,-15000000.0,,,
DeferredFinanceCostsNet / USD,,,,,,,,,,,,,,,,,,,26400000.0,-26400000.0,26800000.0,26800000.0,26800000.0,26800000.0,33400000.0,33400000.0,26800000.0,33400000.0,33400000.0,20400000.0,20400000.0,20400000.0,20400000.0,17900000.0,17900000.0,17900000.0,17900000.0,20600000.0,20600000.0,20600000.0,20600000.0,27200000.0,27200000.0,27200000.0,27200000.0,46000000.0,46000000.0,46000000.0,46000000.0,36300000.0,36300000.0,36300000.0,36300000.0,28400000.0,28400000.0,,28400000.0,32800000.0,32800000.0,32800000.0
DeferredForeignIncomeTaxExpenseBenefit / USD,,,,,,,-800000.0,,,,-800000.0,-300000.0,,,,-100000.0,,,,-100000.0,,,,-100000.0,,,-100000.0,,-4800000.0,,,,-8700000.0,,,,-4800000.0,,,,-3400000.0,,,,-4900000.0,,,,-1400000.0,,,,2000000.0,,,,-3200000.0,,,
DeferredIncomeTaxExpenseBenefit / USD,-29300000.0,-44700000.0,-94400000.0,-8100000.0,-17500000.0,-8600000.0,-4300000.0,-16600000.0,-32000000.0,-48100000.0,-4300000.0,-10200000.0,-14100000.0,-23500000.0,-21300000.0,-56300000.0,-22100000.0,-44400000.0,-67200000.0,-48700000.0,,,,-89100000.0,,,-89100000.0,-1000000.0,-53300000.0,,,,-99200000.0,,,,-172400000.0,,,,-56100000.0,,,,-87900000.0,,,,-20200000.0,,,,-6700000.0,,,,-18200000.0,,,
DeferredIncomeTaxLiabilities / USD,,,,,,,797400000.0,,,,797400000.0,736100000.0,,,,668300000.0,,,,579300000.0,,,,576600000.0,,,576600000.0,,472600000.0,,,,264700000.0,,,,199500000.0,,,,209600000.0,,,,191400000.0,,,,431900000.0,,,,391400000.0,,,,346500000.0,,,
DeferredIncomeTaxLiabilitiesNet / USD,,,,,,,,,,,,,,,,,,,,,,,,,,,,,,196300000.0,196300000.0,196300000.0,196300000.0,141900000.0,141900000.0,141900000.0,141900000.0,62400000.0,62400000.0,62400000.0,62400000.0,55300000.0,55300000.0,55300000.0,55300000.0,222300000.0,222300000.0,222300000.0,222300000.0,203400000.0,203400000.0,203400000.0,203400000.0,171400000.0,171400000.0,171400000.0,171400000.0,167400000.0,167400000.0,167400000.0
DeferredTaxAssetsGross / USD,,,,,,,130000000.0,,,,130000000.0,125900000.0,,,,102800000.0,,,,103500000.0,,,,101900000.0,,,101900000.0,,104600000.0,,,,83900000.0,,,,74800000.0,,,,167800000.0,,,,167400000.0,,,,224600000.0,,,,205000000.0,,,,192700000.0,,,
DeferredTaxAssetsOperatingLossCarryforwards / USD,,,,,,,14600000.0,,,,14600000.0,18000000.0,,,,21100000.0,,,,18800000.0,,,,14100000.0,,,14100000.0,,12700000.0,,,,28100000.0,,,,23800000.0,,,,20100000.0,,,,22900000.0,,,,28900000.0,,,,17000000.0,,,,17000000.0,,,
DeferredTaxAssetsOther / USD,,,,,,,10300000.0,,,,10300000.0,7200000.0,,,,7100000.0,,,,5000000.0,,,,5900000.0,,,5900000.0,,6200000.0,,,,9500000.0,,,,10000000.0,,,,14100000.0,,,,15900000.0,,,,20500000.0,,,,19500000.0,,,,19900000.0,,,
DeferredTaxAssetsTaxDeferredExpenseCompensationAndBenefits / USD,,,,,,,12900000.0,,,,12900000.0,16700000.0,,,,16200000.0,,,,27000000.0,,,,21200000.0,,,21200000.0,,22700000.0,,,,8000000.0,,,,9300000.0,,,,9600000.0,,,,21800000.0,,,,37600000.0,,,,24300000.0,,,,17200000.0,,,
DeferredTaxAssetsTaxDeferredExpenseCompensationAndBenefitsShareBasedCompensationCost / USD,,,,,,,7500000.0,,,,7500000.0,10300000.0,,,,1600000.0,,,,6500000.0,,,,17000000.0,,,17000000.0,,29200000.0,,,,18700000.0,,,,17700000.0,,,,21100000.0,,,,20100000.0,,,,22700000.0,,,,31300000.0,,,,34500000.0,,,
DeferredTaxAssetsTaxDeferredExpenseReservesAndAccrualsAllowanceForDoubtfulAccounts / USD,,,,,,,4400000.0,,,,4400000.0,4200000.0,,,,5400000.0,,,,6300000.0,,,,6400000.0,,,6400000.0,,8300000.0,,,,5400000.0,,,,6500000.0,,,,15600000.0,,,,26000000.0,,,,18000000.0,,,,18100000.0,,,,20100000.0,,,
DeferredTaxAssetsTaxDeferredExpenseReservesAndAccrualsPolicyholderLiabilities / USD,,,,,,,,,,,,,,,,,,,,,,,,,,,,,,,,,,,,,0.0,,,,46300000.0,,,,13200000.0,,,,45300000.0,,,,46300000.0,,,,38400000.0,,,
DeferredTaxAssetsValuationAllowance / USD,,,,,,,0.0,,,,0.0,0.0,,,,0.0,,,,0.0,,,,0.0,,,0.0,,1200000.0,,,,15500000.0,,,,17200000.0,,,,16800000.0,,,,16900000.0,,,,17000000.0,,,,17000000.0,,,,17000000.0,,,
DeferredTaxLiabilities / USD,,,,,,,667400000.0,,,,667400000.0,610200000.0,,,,565500000.0,,,,475800000.0,,,,474700000.0,,,474700000.0,369200000.0,369200000.0,,,,196300000.0,,,,141900000.0,,,,58600000.0,,,,40900000.0,,,,224300000.0,,,,203400000.0,,,,170800000.0,,,
DeferredTaxLiabilitiesGoodwillAndIntangibleAssetsIntangibleAssets / USD,,,,,,,607700000.0,,,,607700000.0,551400000.0,,,,486200000.0,,,,425300000.0,,,,411000000.0,,,411000000.0,,337400000.0,,,,194500000.0,,,,148600000.0,,,,112200000.0,,,,76500000.0,,,,322200000.0,,,,293300000.0,,,,269800000.0,,,
DeferredTaxLiabilitiesOther / USD,,,,,,,8200000.0,,,,8200000.0,9100000.0,,,,11600000.0,,,,15300000.0,,,,17300000.0,,,17300000.0,,15300000.0,,,,12000000.0,,,,11700000.0,,,,17500000.0,,,,23300000.0,,,,26500000.0,,,,27100000.0,,,,26700000.0,,,
DeferredTaxLiabilitiesPropertyPlantAndEquipment / USD,,,,,,,35100000.0,,,,35100000.0,29300000.0,,,,25000000.0,,,,22500000.0,,,,30600000.0,,,30600000.0,,30300000.0,,,,20400000.0,,,,20000000.0,,,,27000000.0,,,,39900000.0,,,,47600000.0,,,,38100000.0,,,,22400000.0,,,
Depreciation / USD,,,,,,,38300000.0,,,,38300000.0,31300000.0,,,,32000000.0,,,,27200000.0,,,,26000000.0,,,26000000.0,,29000000.0,,,,38000000.0,,,,40000000.0,,,,42000000.0,,,,41000000.0,,,,213000000.0,,,,42000000.0,,,,58000000.0,,,
DepreciationAmortizationAndAccretionNet / USD,105100000.0,158500000.0,218200000.0,51600000.0,102400000.0,153600000.0,209400000.0,52500000.0,105700000.0,159100000.0,209400000.0,204900000.0,52000000.0,104300000.0,156300000.0,210200000.0,52000000.0,104000000.0,155900000.0,208200000.0,52500000.0,105100000.0,165000000.0,207900000.0,64000000.0,127700000.0,207900000.0,190700000.0,227400000.0,64200000.0,129500000.0,195200000.0,254500000.0,66600000.0,132900000.0,198700000.0,260900000.0,64300000.0,129300000.0,197500000.0,265600000.0,91400000.0,216600000.0,349000000.0,267100000.0,45200000.0,91800000.0,140000000.0,425600000.0,71400000.0,142500000.0,218100000.0,191200000.0,70700000.0,136600000.0,202600000.0,290600000.0,67300000.0,136700000.0,205800000.0
DepreciationDepletionAndAmortization / USD,,,,,102400000.0,153600000.0,209400000.0,52500000.0,105700000.0,159100000.0,209400000.0,204900000.0,52000000.0,104300000.0,156300000.0,210200000.0,52000000.0,104000000.0,155900000.0,208200000.0,52500000.0,105100000.0,165000000.0,207900000.0,64000000.0,127700000.0,207900000.0,190700000.0,227400000.0,64200000.0,129500000.0,195200000.0,254500000.0,66600000.0,132900000.0,198700000.0,260900000.0,64300000.0,129300000.0,197500000.0,265600000.0,91400000.0,216600000.0,349000000.0,267100000.0,45200000.0,91800000.0,140000000.0,425600000.0,71400000.0,142500000.0,218100000.0,191200000.0,70700000.0,136600000.0,202600000.0,290600000.0,67300000.0,136700000.0,205800000.0
DividendsCommonStock / USD,,,,,,,,,,,,7300000.0,7300000.0,14600000.0,21900000.0,7300000.0,11700000.0,23200000.0,34600000.0,7300000.0,18000000.0,35700000.0,53100000.0,33600000.0,25300000.0,50300000.0,33600000.0,74700000.0,52900000.0,32000000.0,63800000.0,95500000.0,78700000.0,32000000.0,63800000.0,95500000.0,106900000.0,43400000.0,86300000.0,128900000.0,139400000.0,54200000.0,108200000.0,162400000.0,183400000.0,56500000.0,112300000.0,167100000.0,219600000.0,67500000.0,135000000.0,202700000.0,234800000.0,79900000.0,159300000.0,238400000.0,282600000.0,83300000.0,166300000.0,249000000.0
EarningsPerShareBasic / USD/shares,,,,,,,,,0.33,0.59,-0.2,0.12,0.19,0.52,0.48,0.82,0.3,0.81,1.13,0.85,0.32,0.95,1.84,1.44,0.47,1.18,1.44,1.95,2.37,0.36,1.26,2.1,2.6,0.83,1.98,3.19,3.37,1.04,2.39,3.78,4.26,1.18,2.5,3.86,5.08,1.65,3.6,5.54,5.53,1.85,3.92,6.12,7.14,1.7,3.65,6.0,8.24,1.61,3.7,6.07
EarningsPerShareDiluted / USD/shares,,,,,,,,,0.33,0.59,-0.2,0.12,0.19,0.51,0.47,0.82,0.3,0.8,1.12,0.84,0.32,0.94,1.82,1.42,0.46,1.16,1.42,1.93,2.35,0.36,1.24,2.06,2.56,0.82,1.94,3.14,3.31,1.02,2.35,3.72,4.19,1.16,2.47,3.8,4.99,1.63,3.56,5.47,5.45,1.83,3.87,6.04,7.04,1.68,3.6,5.92,8.13,1.59,3.66,6.0
EffectOfExchangeRateOnCashCashEquivalentsRestrictedCashAndRestrictedCashEquivalents / USD,,,,,,,,,,,,,,,,,,,,,,,,,,,,,,,,,,1700000.0,-4000000.0,-2700000.0,2600000.0,800000.0,-1700000.0,-2700000.0,-3400000.0,-7200000.0,-5700000.0,-2500000.0,2200000.0,900000.0,2700000.0,-100000.0,4100000.0,-2600000.0,-11100000.0,-11900000.0,100000.0,1200000.0,1400000.0,-1100000.0,-12200000.0,-2600000.0,-3100000.0,2200000.0
EffectiveIncomeTaxRateContinuingOperations / pure,,,,,0.308,-0.183,0.211,0.279,0.362,0.379,0.211,0.397,0.364,0.363,0.355,0.36,,,0.372,0.321,,,,0.368,0.372,0.373,0.368,0.37,0.377,0.219,0.262,0.311,0.369,0.234,0.241,0.237,0.208,0.202,0.228,0.228,0.235,0.207,0.219,0.222,0.224,0.195,0.232,0.235,0.213,0.243,0.252,0.252,0.238,0.223,0.242,0.244,0.251,0.219,0.242,0.249
EffectiveIncomeTaxRateReconciliationAtFederalStatutoryIncomeTaxRate / pure,,,,,,,0.35,,,,0.35,0.35,,,,0.35,,,,0.35,,,,0.35,,,0.35,,0.35,,,,0.35,,,,0.35,,,,0.21,0.21,,,0.21,,,,0.21,,,,0.21,,,,0.21,,,
EffectiveIncomeTaxRateReconciliationOtherAdjustments / pure,,,,,,,0.005,,,,0.005,0.057,,,,-0.015,,,,0.004,,,,0.007,,,0.007,,0.005,,,,0.003,,,,0.008,,,,0.009,,,,0.003,,,,0.002,,,,0.007,,,,0.006,,,
EffectiveIncomeTaxRateReconciliationRepatriationOfForeignEarnings / pure,,,,,,,,,,,,,,,,,,,,,,,,,,,,,,,,,,,,,,,,,,,,,,,,,,,,,0.001,,,,0.002,,,
EffectiveIncomeTaxRateReconciliationShareBasedCompensationExcessTaxBenefitAmount / USD,,,,,,,,,,,,,,,,,,,,,,,,,,,,,,,,,-1600000.0,,,,-36200000.0,,,,-19700000.0,,,,-26800000.0,,,,-28800000.0,,,,-30100000.0,,,,-12000000.0,,,
EffectiveIncomeTaxRateReconciliationShareBasedCompensationExcessTaxBenefitPercent / pure,,,,,,,,,,,,,,,,,,,,,,,,,,,,,,,,,-0.002,,,,-0.055,,,,-0.023,,,,-0.028,,,,-0.029,,,,-0.023,,,,-0.008,,,
EffectiveIncomeTaxRateReconciliationStateAndLocalIncomeTaxes / pure,,,,,,,-0.025,,,,-0.025,-0.118,,,,0.002,,,,-0.026,,,,0.016,,,0.016,,0.026,,,,0.026,,,,0.028,,,,0.037,,,,0.037,,,,0.036,,,,0.039,,,,0.041,,,
EmployeeRelatedLiabilitiesCurrent / USD,91300000.0,91300000.0,91300000.0,106600000.0,106600000.0,106600000.0,106600000.0,99400000.0,99400000.0,99400000.0,106600000.0,99400000.0,112200000.0,112200000.0,112200000.0,112200000.0,130100000.0,130100000.0,130100000.0,130100000.0,120400000.0,120400000.0,120400000.0,120400000.0,167600000.0,167600000.0,120400000.0,167600000.0,167600000.0,129500000.0,129500000.0,129500000.0,129500000.0,186400000.0,186400000.0,186400000.0,186400000.0,212300000.0,212300000.0,212300000.0,212300000.0,288300000.0,288300000.0,288300000.0,288300000.0,361700000.0,361700000.0,361700000.0,361700000.0,377800000.0,377800000.0,377800000.0,377800000.0,303000000.0,303000000.0,303000000.0,303000000.0,275800000.0,275800000.0,275800000.0
EmployeeServiceShareBasedCompensationNonvestedAwardsTotalCompensationCostNotYetRecognized / USD,,,,,37700000.0,32900000.0,30800000.0,28500000.0,,,30800000.0,24900000.0,39700000.0,35500000.0,30300000.0,28900000.0,,,,57900000.0,,,,40000000.0,,,40000000.0,,32000000.0,,,,36000000.0,,,,48000000.0,,,,43000000.0,,,,111000000.0,,,,106000000.0,,,,92000000.0,,,,108000000.0,,,
EmployeeServiceShareBasedCompensationTaxBenefitFromCompensationExpense / USD,,,,,,,100000.0,,,,100000.0,1900000.0,,,,2300000.0,,,,16500000.0,,,,5100000.0,,,5100000.0,,10900000.0,,,,13300000.0,,,,15300000.0,,,,9900000.0,,,,9800000.0,,,,7700000.0,,,,12200000.0,,,,15500000.0,,,
EntityCommonStockSharesOutstanding / shares,,,,,,,,,171957228.0,171957419.0,,171954277.0,172031151.0,172123196.0,172211884.0,172275656.0,172613182.0,170203154.0,169274454.0,167740043.0,165609467.0,163313999.0,160506730.0,159367089.0,157088645.0,154858550.0,,153062826.0,152423423.0,151759324.0,151364496.0,149984769.0,147059195.0,146021999.0,144714566.0,143680653.0,142771539.0,142318092.0,142669659.0,142988211.0,140991095.0,140203541.0,137495464.0,135723028.0,134944328.0,135115720.0,135243234.0,135390982.0,135591556.0,134786680.0,134047853.0,133960369.0,134215119.0,134397680.0,133575556.0,133264062.0,132492273.0,131685150.0,131060745.0,130193660.0
EntityPublicFloat / USD,,,,,,,0.0,,,,0.0,654984661.0,,,,2762305595.0,,,,4463066980.0,,,,6441600000.0,,,,,9577600000.0,,,,12094300000.0,,,,15932000000.0,,,,16514000000.0,,,,24115000000.0,,,,21272000000.0,,,,24542000000.0,,,,29833000000.0,,,
FiniteLivedIntangibleAssetsAccumulatedAmortization / USD,,,,,,,726800000.0,,,,726800000.0,904900000.0,,,,1085400000.0,,,,1225200000.0,,,,1416500000.0,,,1416500000.0,,1599700000.0,,,,1797500000.0,,,,1990400000.0,,,,2208900000.0,,,,2399400000.0,,,,2530000000.0,,,,2740100000.0,,,,2935300000.0,,,
FiniteLivedIntangibleAssetsAmortizationExpenseAfterYearFive / USD,,,,,,,,,,,,,,,,,,,,,,,,,,,,,197500000.0,,,,154200000.0,,,,132100000.0,,,,98200000.0,,,,735600000.0,,,,617700000.0,,,,504800000.0,,,,453400000.0,,,
FiniteLivedIntangibleAssetsAmortizationExpenseNextTwelveMonths / USD,,,,,,,177400000.0,,,,177400000.0,179000000.0,,,,180700000.0,,,,213700000.0,,,,213700000.0,,,213700000.0,,219800000.0,,,,215900000.0,,,,206400000.0,,,,126400000.0,,,,218700000.0,,,,209100000.0,,,,212800000.0,,,,240000000.0,,,
FiniteLivedIntangibleAssetsAmortizationExpenseYearFive / USD,,,,,,,161600000.0,,,,161600000.0,161300000.0,,,,158900000.0,,,,157300000.0,,,,70800000.0,,,70800000.0,,38400000.0,,,,37400000.0,,,,41100000.0,,,,42900000.0,,,,147900000.0,,,,147300000.0,,,,123000000.0,,,,125000000.0,,,
FiniteLivedIntangibleAssetsAmortizationExpenseYearFour / USD,,,,,,,162200000.0,,,,162200000.0,161500000.0,,,,160400000.0,,,,178000000.0,,,,154100000.0,,,154100000.0,,72300000.0,,,,37400000.0,,,,41300000.0,,,,43000000.0,,,,149900000.0,,,,158000000.0,,,,152300000.0,,,,138000000.0,,,
FiniteLivedIntangibleAssetsAmortizationExpenseYearThree / USD,,,,,,,166300000.0,,,,166300000.0,163900000.0,,,,167100000.0,,,,191300000.0,,,,181400000.0,,,181400000.0,,167600000.0,,,,85100000.0,,,,62800000.0,,,,57500000.0,,,,178100000.0,,,,171500000.0,,,,179600000.0,,,,182400000.0,,,
FiniteLivedIntangibleAssetsAmortizationExpenseYearTwo / USD,,,,,,,173600000.0,,,,173600000.0,171700000.0,,,,172800000.0,,,,207100000.0,,,,198900000.0,,,198900000.0,,201400000.0,,,,182200000.0,,,,110400000.0,,,,77100000.0,,,,197900000.0,,,,187100000.0,,,,197200000.0,,,,217800000.0,,,
FiniteLivedIntangibleAssetsGross / USD,,,,,,,2362800000.0,,,,2362800000.0,2383400000.0,,,,2413400000.0,,,,2394000000.0,,,,2692900000.0,,,2692900000.0,,2655300000.0,,,,2694500000.0,,,,2702600000.0,,,,2803000000.0,,,,2844500000.0,,,,4158100000.0,,,,4230800000.0,,,,4305000000.0,,,
FiniteLivedIntangibleAssetsNet / USD,,,,,,,1636000000.0,,,,1636000000.0,1478500000.0,,,,1328000000.0,,,,1168800000.0,,,,1276400000.0,,,1276400000.0,,1055600000.0,,,,897000000.0,,,,712200000.0,,,,594100000.0,,,,445100000.0,,,,1628100000.0,,,,1490700000.0,,,,1369700000.0,,,
Goodwill / USD,2209100000.0,2209100000.0,2209100000.0,2208400000.0,2208400000.0,2208400000.0,2209100000.0,2209300000.0,2209300000.0,2209300000.0,2209100000.0,2208400000.0,2220300000.0,2220300000.0,2220300000.0,2209300000.0,2217600000.0,2217600000.0,2217600000.0,2220300000.0,2500400000.0,2500400000.0,2500400000.0,2217600000.0,2455000000.0,2455000000.0,2217600000.0,2455000000.0,2217600000.0,2479600000.0,2479600000.0,2479600000.0,2455000000.0,2462800000.0,2462800000.0,2462800000.0,2479600000.0,2553000000.0,2553000000.0,2553000000.0,2462800000.0,2595900000.0,2595900000.0,2595900000.0,2553000000.0,4382900000.0,4382900000.0,4382900000.0,2595900000.0,4342700000.0,4342700000.0,4342700000.0,4382900000.0,4413400000.0,4413400000.0,4413400000.0,4342700000.0,4620400000.0,4620400000.0,4620400000.0
GoodwillForeignCurrencyTranslationGainLoss / USD,,,,,,,,,,,,,,,,,,,,,,,,-22400000.0,,,-22400000.0,,-22400000.0,,,,24600000.0,,,,-16800000.0,,,,11700000.0,3400000.0,5500000.0,-3600000.0,9900000.0,,,,-2100000.0,,,,-34400000.0,,,,14700000.0,,,
GrossProfit / USD,665700000.0,1034100000.0,1132900000.0,350400000.0,751200000.0,1171200000.0,1390800000.0,384600000.0,811500000.0,1244200000.0,1390800000.0,1583500000.0,402000000.0,853600000.0,1312000000.0,1669600000.0,425200000.0,922100000.0,1429400000.0,1760300000.0,456500000.0,991000000.0,1558200000.0,1921300000.0,524500000.0,1135000000.0,1921300000.0,1749300000.0,2115800000.0,553500000.0,1194300000.0,1836500000.0,2328300000.0,603900000.0,1299500000.0,2013100000.0,2450200000.0,672100000.0,1445900000.0,2262400000.0,2706900000.0,756500000.0,1503700000.0,2329200000.0,3039900000.0,795200000.0,1678000000.0,2592900000.0,3210100000.0,1104100000.0,2272300000.0,3505500000.0,3568500000.0,1089400000.0,2270900000.0,3498600000.0,4686600000.0,1063300000.0,2246400000.0,3447100000.0
IncomeLossFromContinuingOperationsBeforeIncomeTaxesDomestic / USD,,,,,,,-48800000.0,,,,-48800000.0,11400000.0,,,,170300000.0,,,,179400000.0,,,,366600000.0,,,366600000.0,,626400000.0,,,,635500000.0,,,,608300000.0,,,,762300000.0,,,,854100000.0,,,,934300000.0,,,,1186700000.0,,,,1355600000.0,,,
IncomeLossFromContinuingOperationsBeforeIncomeTaxesExtraordinaryItemsNoncontrollingInterest / USD,-7300000.0,-7700000.0,-461200000.0,-3100000.0,-56300000.0,-1600000.0,-37000000.0,15100000.0,74800000.0,138000000.0,-37000000.0,28300000.0,44500000.0,117700000.0,112900000.0,186100000.0,80800000.0,218000000.0,307600000.0,195500000.0,87000000.0,259100000.0,505300000.0,387700000.0,123900000.0,311400000.0,387700000.0,509600000.0,647000000.0,74500000.0,269800000.0,476700000.0,673200000.0,165700000.0,395500000.0,633900000.0,660700000.0,191600000.0,452800000.0,713700000.0,840500000.0,211800000.0,457200000.0,707300000.0,949700000.0,288900000.0,660100000.0,1010500000.0,1002300000.0,330400000.0,707600000.0,1106600000.0,1297800000.0,296300000.0,649700000.0,1069500000.0,1487800000.0,276600000.0,656300000.0,1083900000.0
IncomeLossFromContinuingOperationsBeforeIncomeTaxesForeign / USD,,,,,,,11800000.0,,,,11800000.0,16900000.0,,,,15800000.0,,,,16100000.0,,,,21100000.0,,,21100000.0,,20600000.0,,,,37700000.0,,,,52400000.0,,,,78200000.0,,,,95600000.0,,,,68000000.0,,,,111100000.0,,,,132200000.0,,,
IncomeTaxExpenseBenefit / USD,-2500000.0,-2600000.0,-87800000.0,1100000.0,-17300000.0,300000.0,-7800000.0,4200000.0,27100000.0,52300000.0,-7800000.0,11200000.0,16200000.0,42700000.0,40100000.0,67100000.0,29900000.0,80500000.0,114500000.0,62700000.0,32300000.0,96200000.0,191500000.0,142800000.0,46100000.0,116100000.0,142800000.0,188400000.0,243900000.0,16300000.0,70800000.0,148400000.0,248100000.0,38700000.0,95500000.0,150200000.0,137600000.0,38700000.0,103300000.0,162500000.0,197500000.0,43900000.0,100200000.0,157100000.0,212900000.0,56300000.0,153400000.0,237200000.0,213800000.0,80200000.0,178100000.0,279300000.0,309200000.0,66200000.0,157000000.0,261300000.0,373300000.0,60500000.0,159100000.0,270300000.0
IncomeTaxReconciliationIncomeTaxExpenseBenefitAtFederalStatutoryIncomeTaxRate / USD,,,,,,,-13000000.0,,,,-13000000.0,9900000.0,,,,65100000.0,,,,68400000.0,,,,135700000.0,,,135700000.0,,226400000.0,,,,235500000.0,,,,231100000.0,,,,176500000.0,,,,199400000.0,,,,210500000.0,,,,272500000.0,,,,312400000.0,,,
IncomeTaxReconciliationOtherAdjustments / USD,,,,,,,-100000.0,,,,-100000.0,1600000.0,,,,-2700000.0,,,,700000.0,,,,2500000.0,,,2500000.0,,3600000.0,,,,1800000.0,,,,5200000.0,,,,8100000.0,,,,2800000.0,,,,1900000.0,,,,10000000.0,,,,8800000.0,,,
IncomeTaxReconciliationRepatriationOfForeignEarnings / USD,,,,,,,,,,,,,,,,,,,,,,,,,,,,,,,,,,,,,,,,,,,,,,,,,,,,,1700000.0,,,,3000000.0,,,
IncomeTaxReconciliationStateAndLocalIncomeTaxes / USD,,,,,,,900000.0,,,,900000.0,-3400000.0,,,,400000.0,,,,-5000000.0,,,,6500000.0,,,6500000.0,,16500000.0,,,,17700000.0,,,,18300000.0,,,,31100000.0,,,,35400000.0,,,,36000000.0,,,,50300000.0,,,,61100000.0,,,
IncomeTaxesPaidNet / USD,11200000.0,32600000.0,11700000.0,-36400000.0,-35000000.0,-41800000.0,48000000.0,300000.0,38400000.0,81900000.0,48000000.0,-20900000.0,1700000.0,50900000.0,64300000.0,123200000.0,9500000.0,111900000.0,189900000.0,82500000.0,4300000.0,123400000.0,218000000.0,241200000.0,6800000.0,132700000.0,241200000.0,234500000.0,300200000.0,6300000.0,96500000.0,169600000.0,329200000.0,10600000.0,118400000.0,200500000.0,275700000.0,11400000.0,115200000.0,203000000.0,261200000.0,9900000.0,21500000.0,196400000.0,272200000.0,10100000.0,157600000.0,264400000.0,245600000.0,11500000.0,160900000.0,274500000.0,351000000.0,21500000.0,174900000.0,285100000.0,362200000.0,16800000.0,147600000.0,279100000.0
IncreaseDecreaseInAccountsPayableTrade / USD,,,,,,,,,,,,,,253800000.0,154800000.0,800000.0,21500000.0,146400000.0,115100000.0,146100000.0,-7000000.0,151900000.0,226000000.0,43700000.0,91000000.0,219300000.0,43700000.0,141500000.0,100500000.0,-10400000.0,311800000.0,140200000.0,225100000.0,-29800000.0,386800000.0,300600000.0,231500000.0,116000000.0,414900000.0,264000000.0,271200000.0,157400000.0,-2100000.0,106800000.0,194100000.0,-37200000.0,107500000.0,179700000.0,253700000.0,87800000.0,210600000.0,188500000.0,374500000.0,-248700000.0,-39700000.0,-273300000.0,-260000000.0,-138900000.0,236900000.0,287500000.0
IncreaseDecreaseInAccountsReceivable / USD,110800000.0,111200000.0,131300000.0,-14200000.0,86100000.0,168600000.0,81500000.0,-160900000.0,-19800000.0,20300000.0,81500000.0,183400000.0,-18800000.0,108900000.0,27900000.0,10400000.0,-113200000.0,75700000.0,26200000.0,170800000.0,-105400000.0,157700000.0,178400000.0,117600000.0,-237600000.0,74900000.0,117600000.0,17900000.0,342600000.0,-184700000.0,156000000.0,120700000.0,178900000.0,-60500000.0,295200000.0,334300000.0,136800000.0,-11900000.0,230100000.0,171800000.0,365100000.0,209000000.0,80400000.0,304900000.0,244800000.0,15700000.0,140500000.0,323500000.0,226400000.0,125000000.0,19800000.0,156200000.0,616800000.0,-208900000.0,13000000.0,-42700000.0,34800000.0,-253500000.0,161500000.0,320900000.0
IncreaseDecreaseInDeferredIncomeTaxes / USD,,,,,,,,,,,,,,,,,,,,,,,32000000.0,89100000.0,25000000.0,49900000.0,89100000.0,74800000.0,54500000.0,19100000.0,40300000.0,55200000.0,97200000.0,13400000.0,28100000.0,39200000.0,172700000.0,13700000.0,22500000.0,33500000.0,56100000.0,-2600000.0,-7300000.0,2500000.0,87900000.0,3500000.0,3100000.0,6700000.0,20200000.0,5000000.0,8600000.0,12300000.0,6700000.0,10900000.0,24100000.0,32100000.0,18200000.0,10000000.0,19900000.0,27000000.0
IncreaseDecreaseInInventories / USD,54700000.0,47000000.0,15000000.0,15800000.0,56000000.0,22500000.0,34900000.0,25000000.0,-100000.0,25100000.0,34900000.0,29000000.0,43900000.0,64000000.0,39200000.0,-7100000.0,6500000.0,67600000.0,41700000.0,67500000.0,19700000.0,98900000.0,54800000.0,-44200000.0,68200000.0,99000000.0,-44200000.0,64600000.0,31500000.0,36000000.0,52500000.0,83600000.0,68000000.0,72400000.0,167700000.0,72100000.0,-16900000.0,134200000.0,197300000.0,151100000.0,46800000.0,66400000.0,89300000.0,34200000.0,153000000.0,-15400000.0,127900000.0,87500000.0,71400000.0,130300000.0,109700000.0,16100000.0,151000000.0,-22000000.0,-17000000.0,-96100000.0,-111900000.0,3700000.0,57700000.0,10500000.0
IncreaseDecreaseInOtherOperatingAssets / USD,39300000.0,29100000.0,-3200000.0,-9000000.0,15600000.0,6300000.0,61900000.0,22300000.0,45300000.0,43200000.0,61900000.0,-50300000.0,19600000.0,67200000.0,72200000.0,3800000.0,25700000.0,19500000.0,69700000.0,10100000.0,23100000.0,20100000.0,101700000.0,18700000.0,-9400000.0,44400000.0,18700000.0,101200000.0,71200000.0,20000000.0,125600000.0,181600000.0,51800000.0,-15400000.0,62200000.0,66100000.0,117800000.0,31900000.0,109600000.0,82200000.0,-25200000.0,63700000.0,-19300000.0,10300000.0,10900000.0,35800000.0,74000000.0,92600000.0,-18600000.0,-24300000.0,177200000.0,273900000.0,134800000.0,-102500000.0,-97200000.0,-237300000.0,208900000.0,46000000.0,203800000.0,313900000.0
IncreaseDecreaseInOtherOperatingLiabilities / USD,,,,,,,,,,,,,,,,,,,,,,,,,,,,,,,26100000.0,121600000.0,,59100000.0,41600000.0,92400000.0,,71600000.0,49000000.0,45300000.0,,103400000.0,39100000.0,-10500000.0,,126500000.0,-15000000.0,41400000.0,,179800000.0,136400000.0,227500000.0,96500000.0,-39600000.0,-147900000.0,-126000000.0,225200000.0,76600000.0,101200000.0,226200000.0
IntangibleAssetsNetExcludingGoodwill / USD,1791200000.0,1791200000.0,1791200000.0,1636000000.0,1636000000.0,1636000000.0,1636000000.0,1478500000.0,1478500000.0,1478500000.0,1636000000.0,1478500000.0,1328000000.0,1328000000.0,1328000000.0,1328000000.0,1168800000.0,1168800000.0,1168800000.0,1168800000.0,1276400000.0,1276400000.0,1276400000.0,1276400000.0,1055600000.0,1055600000.0,1276400000.0,1055600000.0,1055600000.0,897000000.0,897000000.0,897000000.0,897000000.0,712200000.0,712200000.0,712200000.0,712200000.0,594100000.0,594100000.0,594100000.0,594100000.0,445100000.0,445100000.0,445100000.0,445100000.0,1628100000.0,1628100000.0,1628100000.0,1628100000.0,1490700000.0,1490700000.0,1490700000.0,1490700000.0,1369700000.0,1369700000.0,1369700000.0,1369700000.0,1356600000.0,1356600000.0,1356600000.0
InterestIncomeExpenseNonoperatingNet / USD,,,,,,,,,,,,,,,,,,,,,,,,,,,,,,,,,,,,,,,,,,,,,,,,,,,,,,,,-173300000.0,-235700000.0,-51300000.0,-103600000.0,-158000000.0
InterestPaidNet / USD,177400000.0,221700000.0,368800000.0,27700000.0,178200000.0,196600000.0,377000000.0,16300000.0,151400000.0,165600000.0,377000000.0,332900000.0,16200000.0,142700000.0,169500000.0,302700000.0,16100000.0,99800000.0,127200000.0,267600000.0,53100000.0,81300000.0,125400000.0,195800000.0,44100000.0,73000000.0,195800000.0,117400000.0,154600000.0,48400000.0,76800000.0,118600000.0,144300000.0,42700000.0,74500000.0,117400000.0,148500000.0,44100000.0,76000000.0,124800000.0,148800000.0,28600000.0,67200000.0,90500000.0,154200000.0,19200000.0,66400000.0,85100000.0,139400000.0,17500000.0,106400000.0,131600000.0,134300000.0,24900000.0,117000000.0,141200000.0,224300000.0,22500000.0,114200000.0,146900000.0
InventoryNet / USD,292800000.0,292800000.0,292800000.0,321700000.0,321700000.0,321700000.0,321700000.0,314600000.0,314600000.0,314600000.0,321700000.0,314600000.0,382000000.0,382000000.0,382000000.0,382000000.0,337500000.0,337500000.0,337500000.0,337500000.0,393100000.0,393100000.0,393100000.0,393100000.0,452000000.0,452000000.0,393100000.0,452000000.0,452000000.0,411500000.0,411500000.0,411500000.0,423900000.0,454300000.0,454300000.0,454300000.0,454300000.0,611200000.0,611200000.0,611200000.0,611200000.0,760000000.0,760000000.0,760000000.0,760000000.0,927600000.0,927600000.0,927600000.0,927600000.0,800200000.0,800200000.0,800200000.0,800200000.0,668100000.0,668100000.0,668100000.0,668100000.0,605300000.0,605300000.0,605300000.0
LesseeOperatingLeaseLiabilityPaymentsDue / USD,,,,,,,,,,,,,,,,,,,,,,,,,,,,,,,,,,189600000.0,176700000.0,126900000.0,277300000.0,,,,243200000.0,,,,260400000.0,,,,249100000.0,,,,237800000.0,,,,216900000.0,,,
LesseeOperatingLeaseLiabilityPaymentsDueAfterYearFive / USD,,,,,,,,,,,,,,,,,,,,,,,,,,,,,,,,,,37200000.0,37200000.0,38300000.0,156600000.0,,,,123400000.0,,,,106300000.0,,,,91200000.0,,,,84400000.0,,,,80400000.0,,,
LesseeOperatingLeaseLiabilityPaymentsDueNextTwelveMonths / USD,,,,,,,,,,,,,,,,,,,,,,,,,,,,,,,,,,,,,32200000.0,,,,32800000.0,,,,39400000.0,,,,39400000.0,,,,41400000.0,,,,40100000.0,,,
LesseeOperatingLeaseLiabilityPaymentsDueYearFive / USD,,,,,,,,,,,,,,,,,,,,,,,,,,,,,,,,,,11400000.0,11400000.0,11700000.0,17700000.0,,,,18300000.0,,,,24100000.0,,,,21900000.0,,,,19000000.0,,,,15400000.0,,,
LesseeOperatingLeaseLiabilityPaymentsDueYearFour / USD,,,,,,,,,,,,,,,,,,,,,,,,,,,,,,,,,,14500000.0,14500000.0,15000000.0,19900000.0,,,,19500000.0,,,,27400000.0,,,,29200000.0,,,,23800000.0,,,,21200000.0,,,
LesseeOperatingLeaseLiabilityPaymentsDueYearThree / USD,,,,,,,,,,,,,,,,,,,,,,,,,,,,,,,,,,21800000.0,22000000.0,22200000.0,23000000.0,,,,22500000.0,,,,28900000.0,,,,32800000.0,,,,31300000.0,,,,26000000.0,,,
LesseeOperatingLeaseLiabilityPaymentsDueYearTwo / USD,,,,,,,,,,,,,,,,,,,,,,,,,,,,,,,,,,31100000.0,31300000.0,31500000.0,27900000.0,,,,26700000.0,,,,34300000.0,,,,34600000.0,,,,37900000.0,,,,33800000.0,,,
LesseeOperatingLeaseLiabilityUndiscountedExcessAmount / USD,,,,,,,,,,,,,,,,,,,,,,,,,,,,,,,,,,19500000.0,17800000.0,14600000.0,80900000.0,,,,48600000.0,,,,44500000.0,,,,39300000.0,,,,36400000.0,,,,34100000.0,,,
LiabilitiesAndStockholdersEquity / USD,5943800000.0,5943800000.0,5943800000.0,5949600000.0,5949600000.0,5949600000.0,5949600000.0,5720000000.0,5720000000.0,5720000000.0,5967700000.0,5720000000.0,5924600000.0,5924600000.0,5924600000.0,5924600000.0,6099900000.0,6066900000.0,6075900000.0,6075900000.0,6755300000.0,6755300000.0,6755300000.0,6755300000.0,6948400000.0,6948400000.0,6755300000.0,6948400000.0,6948400000.0,6966700000.0,6966700000.0,6966700000.0,6966700000.0,7167700000.0,7167700000.0,7167700000.0,7167700000.0,7999400000.0,7999400000.0,7999400000.0,7999400000.0,9344700000.0,9344700000.0,9344700000.0,9344700000.0,13199400000.0,13199400000.0,13199400000.0,13199400000.0,13131500000.0,13131500000.0,13131500000.0,13131500000.0,13284600000.0,13284600000.0,13284600000.0,13284600000.0,14678400000.0,14678400000.0,14678400000.0
LiabilitiesCurrent / USD,1026900000.0,1026900000.0,1026900000.0,1341300000.0,1341300000.0,1341300000.0,1341300000.0,1168200000.0,1168200000.0,1168200000.0,1359400000.0,1168200000.0,1402600000.0,1402600000.0,1402600000.0,1402600000.0,1468000000.0,1468000000.0,1468000000.0,1468000000.0,1887300000.0,1887300000.0,1887300000.0,1887300000.0,2280700000.0,2280700000.0,1887300000.0,2280700000.0,2280700000.0,2522100000.0,2522100000.0,2522100000.0,2288300000.0,2803100000.0,2803100000.0,2803100000.0,2803100000.0,3491400000.0,3491400000.0,3491400000.0,3491400000.0,3898300000.0,3898300000.0,3898300000.0,3898300000.0,5096000000.0,5096000000.0,5096000000.0,5096000000.0,4947100000.0,4947100000.0,4947100000.0,4947100000.0,5442000000.0,5442000000.0,5442000000.0,5442000000.0,5474400000.0,5474400000.0,5474400000.0
LiabilitiesNoncurrent / USD,4960400000.0,4960400000.0,4960400000.0,4615600000.0,4615600000.0,4615600000.0,4615600000.0,4415300000.0,4415300000.0,4415300000.0,4615600000.0,4415300000.0,3810300000.0,3810300000.0,3810300000.0,3810300000.0,3695400000.0,3662400000.0,3671400000.0,3671400000.0,3772100000.0,3772100000.0,3772100000.0,3772100000.0,3622200000.0,3622200000.0,3772100000.0,3622200000.0,3622200000.0,3459000000.0,3459000000.0,3459000000.0,3459000000.0,3389400000.0,3389400000.0,3389400000.0,3389400000.0,3547700000.0,3547700000.0,3547700000.0,3547700000.0,4149300000.0,4149300000.0,4149300000.0,4149300000.0,7397700000.0,7397700000.0,7397700000.0,7397700000.0,6581100000.0,6581100000.0,6581100000.0,6581100000.0,5800100000.0,5800100000.0,5800100000.0,5800100000.0,6851300000.0,6851300000.0,6851300000.0
LongTermDebtCurrent / USD,,,,201000000.0,201000000.0,201000000.0,201000000.0,40000000.0,40000000.0,40000000.0,201000000.0,40000000.0,45400000.0,45400000.0,45400000.0,45400000.0,15400000.0,15400000.0,15400000.0,15400000.0,27200000.0,27200000.0,27200000.0,27200000.0,18500000.0,18500000.0,27200000.0,18500000.0,18500000.0,25500000.0,25500000.0,25500000.0,25500000.0,25300000.0,25300000.0,25300000.0,25300000.0,34100000.0,34100000.0,34100000.0,34100000.0,70900000.0,70900000.0,70900000.0,70900000.0,102700000.0,102700000.0,102700000.0,102700000.0,56300000.0,56300000.0,56300000.0,56300000.0,613100000.0,613100000.0,613100000.0,613100000.0,235800000.0,235800000.0,235800000.0
LongTermDebtMaturitiesRepaymentsOfPrincipalAfterYearFive / USD,,,,,,,1805000000.0,,,,1805000000.0,2756900000.0,,,,2673100000.0,,,,1700000000.0,,,,3108800000.0,,,3108800000.0,,3093600000.0,,,,1175000000.0,,,,2563800000.0,,,,2648800000.0,,,,2800000000.0,,,,2800000000.0,,,,1700000000.0,,,,2200000000.0,,,
LongTermDebtMaturitiesRepaymentsOfPrincipalInNextTwelveMonths / USD,,,,,,,,,,,,,,,,,,,,,,,,18400000.0,,,18400000.0,,25500000.0,,,,25300000.0,,,,34100000.0,,,,70900000.0,,,,102700000.0,,,,56300000.0,,,,613800000.0,,,,236000000.0,,,
LongTermDebtMaturitiesRepaymentsOfPrincipalInYearFive / USD,,,,,,,1512300000.0,,,,1512300000.0,340400000.0,,,,503900000.0,,,,1436500000.0,,,,65400000.0,,,65400000.0,,14900000.0,,,,1918600000.0,,,,589900000.0,,,,614900000.0,,,,2488100000.0,,,,0.0,,,,1100000000.0,,,,700000000.0,,,
LongTermDebtMaturitiesRepaymentsOfPrincipalInYearFour / USD,,,,,,,0.0,,,,0.0,77900000.0,,,,0.0,,,,15400000.0,,,,25300000.0,,,25300000.0,,70300000.0,,,,14900000.0,,,,14900000.0,,,,589900000.0,,,,693400000.0,,,,1857900000.0,,,,0.0,,,,1100700000.0,,,
LongTermDebtMaturitiesRepaymentsOfPrincipalInYearThree / USD,,,,,,,0.0,,,,0.0,15400000.0,,,,0.0,,,,15400000.0,,,,25100000.0,,,25100000.0,,25900000.0,,,,67200000.0,,,,65900000.0,,,,14900000.0,,,,689300000.0,,,,623300000.0,,,,1635600000.0,,,,1700000.0,,,
LongTermDebtMaturitiesRepaymentsOfPrincipalInYearTwo / USD,,,,,,,408700000.0,,,,408700000.0,15400000.0,,,,0.0,,,,92000000.0,,,,24800000.0,,,24800000.0,,25700000.0,,,,25500000.0,,,,69300000.0,,,,15000000.0,,,,131000000.0,,,,621500000.0,,,,623900000.0,,,,1637200000.0,,,
LongTermDebtNoncurrent / USD,,,,3865000000.0,3865000000.0,3865000000.0,3865000000.0,3731000000.0,3731000000.0,3731000000.0,3865000000.0,3731000000.0,3205800000.0,3205800000.0,3205800000.0,3205800000.0,3174600000.0,3141600000.0,3150600000.0,3150600000.0,3232500000.0,3232500000.0,3232500000.0,3232500000.0,3215900000.0,3215900000.0,3232500000.0,3215900000.0,3215900000.0,3210000000.0,3210000000.0,3210000000.0,3210000000.0,3183300000.0,3183300000.0,3183300000.0,3183300000.0,3283200000.0,3283200000.0,3283200000.0,3283200000.0,3856300000.0,3856300000.0,3856300000.0,3856300000.0,6755800000.0,6755800000.0,6755800000.0,6755800000.0,5866400000.0,5866400000.0,5866400000.0,5866400000.0,5031800000.0,5031800000.0,5031800000.0,5031800000.0,5607000000.0,5607000000.0,5607000000.0
NetCashProvidedByUsedInFinancingActivities / USD,-266200000.0,-302000000.0,-31900000.0,-88800000.0,-95700000.0,-144900000.0,-350100000.0,-278400000.0,-230100000.0,-249300000.0,-350100000.0,-95400000.0,-89500000.0,-44300000.0,-27400000.0,-338000000.0,-97000000.0,-94700000.0,-123700000.0,-168300000.0,-62700000.0,-83100000.0,-229900000.0,-112000000.0,-206600000.0,-192700000.0,-112000000.0,-370900000.0,-226500000.0,-362200000.0,-526700000.0,-547600000.0,-304600000.0,-131200000.0,-338200000.0,-435300000.0,-818700000.0,-80200000.0,-305200000.0,-568500000.0,-754800000.0,-130000000.0,394300000.0,531700000.0,-749800000.0,-643500000.0,-1042500000.0,-1431800000.0,138800000.0,-208100000.0,-374900000.0,-830400000.0,832800000.0,-348200000.0,-559500000.0,-739700000.0,-1102100000.0,-192600000.0,-449600000.0,-270700000.0
NetCashProvidedByUsedInInvestingActivities / USD,-55800000.0,-82900000.0,-82600000.0,-16200000.0,-26500000.0,-36200000.0,-125400000.0,-8300000.0,-15700000.0,-25400000.0,-125400000.0,-56000000.0,-8800000.0,-20000000.0,-30500000.0,-41700000.0,-30200000.0,-41900000.0,-56000000.0,-47100000.0,-10500000.0,-23400000.0,-308200000.0,-164800000.0,-11000000.0,-25700000.0,-164800000.0,-43500000.0,-354400000.0,-19600000.0,-36800000.0,-58600000.0,-65900000.0,-15900000.0,-33600000.0,-53400000.0,-81100000.0,-88100000.0,-118900000.0,-150000000.0,-86100000.0,-25400000.0,-100000000.0,-172100000.0,-331400000.0,-233600000.0,-214100000.0,-369900000.0,-201000000.0,-41300000.0,-91600000.0,-125200000.0,-2769600000.0,-54200000.0,-146800000.0,-195900000.0,-164500000.0,-29700000.0,-60600000.0,-305500000.0
NetCashProvidedByUsedInOperatingActivities / USD,260300000.0,363800000.0,107600000.0,141600000.0,129800000.0,171500000.0,423700000.0,223000000.0,304700000.0,367100000.0,423700000.0,214700000.0,208000000.0,207100000.0,370800000.0,317400000.0,246300000.0,175900000.0,350500000.0,366300000.0,177800000.0,99100000.0,294900000.0,435000000.0,427800000.0,313100000.0,435000000.0,499300000.0,277500000.0,369900000.0,376200000.0,439100000.0,604000000.0,222200000.0,332300000.0,602300000.0,777700000.0,252400000.0,414500000.0,682300000.0,905900000.0,223000000.0,515800000.0,738400000.0,1027200000.0,344600000.0,344900000.0,636700000.0,1314300000.0,380800000.0,761100000.0,1094000000.0,784600000.0,365400000.0,593600000.0,1062200000.0,1335900000.0,440000000.0,589900000.0,932000000.0
NetIncomeLoss / USD,-4800000.0,-5100000.0,-373400000.0,-4200000.0,-39000000.0,-1900000.0,-29200000.0,10900000.0,47700000.0,85700000.0,-29200000.0,17100000.0,28300000.0,75000000.0,72800000.0,119000000.0,50900000.0,137500000.0,193100000.0,132800000.0,54700000.0,162900000.0,313800000.0,244900000.0,77800000.0,195300000.0,244900000.0,321200000.0,403100000.0,58200000.0,199000000.0,328300000.0,425100000.0,127000000.0,300000000.0,483700000.0,523100000.0,152900000.0,349500000.0,551200000.0,643000000.0,167900000.0,357000000.0,550200000.0,736800000.0,232600000.0,506700000.0,773300000.0,788500000.0,250200000.0,529500000.0,827300000.0,988600000.0,230100000.0,492700000.0,808200000.0,1114500000.0,216100000.0,497200000.0,813600000.0
NumberOfReportableSegments / segment,,,,,,,,,,,,,,,,,,,,,,,,2.0,3.0,3.0,,3.0,3.0,3.0,3.0,3.0,3.0,3.0,3.0,3.0,3.0,3.0,3.0,3.0,3.0,3.0,3.0,3.0,3.0,3.0,3.0,3.0,3.0,3.0,3.0,3.0,3.0,3.0,3.0,3.0,3.0,3.0,3.0,3.0
OperatingIncomeLoss / USD,166900000.0,271500000.0,-31900000.0,91700000.0,219900000.0,359600000.0,352700000.0,103600000.0,240000000.0,379700000.0,352700000.0,470700000.0,120100000.0,273700000.0,366600000.0,510600000.0,135800000.0,324000000.0,508700000.0,508600000.0,151600000.0,357500000.0,562100000.0,673000000.0,161000000.0,384500000.0,673000000.0,622000000.0,742000000.0,170700000.0,401500000.0,645600000.0,820000000.0,204100000.0,469600000.0,744400000.0,866500000.0,228900000.0,529200000.0,849800000.0,987300000.0,245800000.0,529200000.0,847000000.0,1133600000.0,323400000.0,693300000.0,1079700000.0,1179200000.0,386900000.0,822200000.0,1288600000.0,1419000000.0,355300000.0,767500000.0,1245900000.0,1735200000.0,328000000.0,761100000.0,1242700000.0
OperatingLeaseExpense / USD,,,,,,,,,,,,,,,,,,,,,,,,,,,,,,,,,,,,,,,,,93000000.0,,,,93000000.0,,,,53000000.0,,,,50000000.0,,,,62000000.0,,,
OperatingLeaseLiability / USD,,,,,,,,,,,,,,,,,,,,,,,,,,,,,,,,,,170100000.0,158900000.0,112300000.0,161200000.0,,,,161200000.0,,,,194600000.0,,,,215900000.0,,,,207100000.0,,,,198000000.0,,,
OperatingLeaseLiabilityCurrent / USD,,,,,,,,,,,,,,,,,,,,,,,,,,,,,,,,,,77100000.0,72300000.0,30600000.0,30100000.0,,,,30100000.0,,,,25600000.0,,,,31700000.0,,,,31900000.0,,,,34000000.0,,,
OperatingLeaseLiabilityNoncurrent / USD,,,,,,,,,,,,,,,,,,,,,,,,,,,,,,,,,,0.0,86600000.0,81700000.0,131100000.0,131100000.0,131100000.0,131100000.0,131100000.0,169000000.0,169000000.0,169000000.0,169000000.0,184200000.0,184200000.0,184200000.0,184200000.0,175200000.0,175200000.0,175200000.0,175200000.0,164000000.0,164000000.0,164000000.0,164000000.0,149100000.0,149100000.0,149100000.0
OperatingLeasePayments / USD,,,,,,,,,,,,,,,,,,,,,,,,,,,,,,,,,,10200000.0,27400000.0,79500000.0,88000000.0,,,,88000000.0,,,,88000000.0,,,,35800000.0,,,,35900000.0,,,,42800000.0,,,
OperatingLeaseRightOfUseAsset / USD,,,,,,,,,,,,,,,,,,,,,,,,,,,,,,,,,,0.0,117300000.0,84200000.0,131800000.0,131800000.0,131800000.0,131800000.0,131800000.0,130800000.0,130800000.0,130800000.0,130800000.0,155600000.0,155600000.0,155600000.0,155600000.0,149200000.0,149200000.0,149200000.0,149200000.0,128800000.0,128800000.0,128800000.0,128800000.0,120200000.0,120200000.0,120200000.0
OperatingLeaseWeightedAverageDiscountRatePercent / pure,,,,,,,,,,,,,,,,,,,,,,,,,,,,,,,,,,0.0332,0.034,0.0453,0.0478,,,,0.0478,,,,0.0398,,,,0.0381,,,,0.0386,,,,0.0403,,,
OtherAccruedLiabilitiesCurrent / USD,87600000.0,87600000.0,87600000.0,92600000.0,92600000.0,92600000.0,92600000.0,95800000.0,95800000.0,95800000.0,,95800000.0,130300000.0,130300000.0,130300000.0,130300000.0,113700000.0,113700000.0,113700000.0,113900000.0,166200000.0,166200000.0,166200000.0,166200000.0,149800000.0,149800000.0,166200000.0,147200000.0,147200000.0,221800000.0,221800000.0,221800000.0,183200000.0,232000000.0,232000000.0,232000000.0,,491400000.0,491400000.0,491400000.0,,424800000.0,424800000.0,424800000.0,,454800000.0,454800000.0,454800000.0,,483200000.0,483200000.0,483200000.0,483200000.0,554300000.0,554300000.0,554300000.0,554300000.0,536000000.0,536000000.0,536000000.0
OtherAssetsNoncurrent / USD,2200000.0,2200000.0,2200000.0,3000000.0,3000000.0,3000000.0,3000000.0,1600000.0,1600000.0,1600000.0,3000000.0,1600000.0,1600000.0,1600000.0,1600000.0,1600000.0,3200000.0,3200000.0,12200000.0,12200000.0,12300000.0,12300000.0,12300000.0,12300000.0,36000000.0,36000000.0,12300000.0,36000000.0,36000000.0,32700000.0,32700000.0,32700000.0,35900000.0,39800000.0,39800000.0,39800000.0,39800000.0,23300000.0,23300000.0,23300000.0,23300000.0,43900000.0,43900000.0,43900000.0,43900000.0,358900000.0,358900000.0,358900000.0,358900000.0,396100000.0,396100000.0,396100000.0,396100000.0,472200000.0,472200000.0,472200000.0,,,,
OtherComprehensiveIncomeForeignCurrencyTransactionAndTranslationAdjustmentNetOfTaxPortionAttributableToParent / USD,,,,,3000000.0,-4100000.0,3900000.0,1900000.0,300000.0,3400000.0,3900000.0,-1800000.0,-2400000.0,-5700000.0,-3700000.0,2500000.0,-3900000.0,-200000.0,-5400000.0,-6700000.0,-11000000.0,-6300000.0,-28700000.0,-10300000.0,-7800000.0,-42900000.0,-10300000.0,-54700000.0,-44500000.0,6500000.0,25500000.0,39500000.0,-78700000.0,14200000.0,-14700000.0,-17900000.0,43700000.0,9900000.0,1900000.0,-12700000.0,-32700000.0,-42400000.0,-36100000.0,-16400000.0,22400000.0,6300000.0,11600000.0,-3400000.0,16600000.0,-9900000.0,-47900000.0,-97900000.0,-1100000.0,8400000.0,27600000.0,1700000.0,-61500000.0,-10600000.0,-12300000.0,21900000.0
OtherComprehensiveIncomeLossCashFlowHedgeGainLossBeforeReclassificationAfterTax / USD,,,,,,,,,,,,,,,,,,,,,,,,,,,,,,,,,,-8300000.0,-12400000.0,-12800000.0,-100000.0,-8300000.0,-12400000.0,-12800000.0,-5900000.0,-200000.0,-200000.0,-600000.0,-11300000.0,0.0,0.0,0.0,-600000.0,400000.0,1400000.0,2100000.0,0.0,0.0,0.0,1200000.0,-100000.0,1800000.0,1900000.0,-5700000.0
OtherComprehensiveIncomeLossCashFlowHedgeGainLossReclassificationAfterTax / USD,,,,,,,,,,,,,,,,,,,,,,,,,,,,,,,,,0.0,-1500000.0,-1700000.0,-2000000.0,-300000.0,-1500000.0,-1700000.0,-2000000.0,-3900000.0,-1100000.0,-2500000.0,-4100000.0,-1700000.0,-400000.0,-1000000.0,-1700000.0,-6000000.0,-800000.0,-1600000.0,-2600000.0,-2500000.0,,,0.0,-3600000.0,0.0,0.0,-100000.0
OtherComprehensiveIncomeLossNetOfTaxPortionAttributableToParent / USD,,,,,,,19100000.0,1900000.0,300000.0,3400000.0,19100000.0,100000.0,-2400000.0,-5700000.0,-3700000.0,2500000.0,-3900000.0,-200000.0,-5400000.0,-6700000.0,-11000000.0,-6300000.0,-28700000.0,-10300000.0,-7800000.0,-42900000.0,-10300000.0,-54700000.0,-44500000.0,6100000.0,23900000.0,38100000.0,-78700000.0,17400000.0,-9200000.0,-12300000.0,43900000.0,3100000.0,-8800000.0,-23500000.0,-34700000.0,-41500000.0,-33800000.0,-12900000.0,12800000.0,6700000.0,12600000.0,-1700000.0,22000000.0,-8700000.0,-44900000.0,-93200000.0,1400000.0,9600000.0,27600000.0,2900000.0,-58000000.0,-8800000.0,-10400000.0,16300000.0
OtherLiabilitiesNoncurrent / USD,40400000.0,40400000.0,40400000.0,58600000.0,58600000.0,58600000.0,45600000.0,52000000.0,52000000.0,52000000.0,45600000.0,60000000.0,41000000.0,41000000.0,41000000.0,41000000.0,45800000.0,45800000.0,45800000.0,45800000.0,70000000.0,70000000.0,70000000.0,70000000.0,37100000.0,37100000.0,70000000.0,37100000.0,37100000.0,52700000.0,52700000.0,52700000.0,52700000.0,64200000.0,64200000.0,64200000.0,64200000.0,71000000.0,71000000.0,71000000.0,71000000.0,68700000.0,68700000.0,68700000.0,68700000.0,235400000.0,235400000.0,235400000.0,235400000.0,336100000.0,336100000.0,336100000.0,336100000.0,432900000.0,432900000.0,432900000.0,,,,
OtherNonoperatingIncomeExpense / USD,100000.0,300000.0,2400000.0,500000.0,500000.0,1000000.0,200000.0,-200000.0,0.0,200000.0,200000.0,700000.0,400000.0,600000.0,400000.0,100000.0,500000.0,600000.0,1400000.0,1000000.0,4500000.0,8500000.0,-9500000.0,2700000.0,1000000.0,1900000.0,2700000.0,2300000.0,-9300000.0,900000.0,1300000.0,1900000.0,1800000.0,-700000.0,800000.0,1000000.0,-55300000.0,1000000.0,2400000.0,-15000000.0,1800000.0,3900000.0,5600000.0,-21900000.0,-24500000.0,1100000.0,37900000.0,38300000.0,-22000000.0,-500000.0,-900000.0,-5700000.0,29700000.0,-1300000.0,-1900000.0,-3100000.0,-11700000.0,-100000.0,-1200000.0,-800000.0
OtherOperatingActivitiesCashFlowStatement / USD,,,,,,,,,,,,,,,,1000000.0,,,,1700000.0,1300000.0,2400000.0,3100000.0,400000.0,,0.0,400000.0,500000.0,300000.0,2100000.0,3200000.0,3900000.0,4300000.0,1100000.0,5100000.0,8700000.0,62400000.0,2300000.0,4500000.0,23100000.0,10000000.0,1400000.0,6800000.0,38400000.0,28200000.0,2600000.0,-31000000.0,-33400000.0,42100000.0,4800000.0,9100000.0,13100000.0,-24100000.0,3400000.0,20800000.0,22900000.0,16200000.0,1500000.0,2900000.0,3300000.0
OtherReceivablesNetCurrent / USD,192800000.0,192800000.0,192800000.0,143600000.0,143600000.0,143600000.0,143600000.0,148500000.0,148500000.0,148500000.0,143600000.0,148500000.0,146300000.0,146300000.0,146300000.0,146300000.0,155600000.0,155600000.0,155600000.0,155600000.0,198400000.0,198400000.0,198400000.0,198400000.0,234900000.0,234900000.0,198400000.0,234900000.0,234900000.0,343000000.0,343000000.0,343000000.0,237500000.0,316400000.0,316400000.0,316400000.0,316400000.0,395100000.0,395100000.0,395100000.0,395100000.0,379500000.0,379500000.0,379500000.0,379500000.0,435500000.0,435500000.0,435500000.0,435500000.0,489100000.0,489100000.0,489100000.0,489100000.0,470500000.0,470500000.0,470500000.0,470500000.0,509900000.0,509900000.0,509900000.0
PaymentsForProceedsFromOtherInvestingActivities / USD,,,,,,,,,,,,,,,,,,,,,,,,,,,,,,,,,,,,,,,,,,,,,,,,,,,,0.0,0.0,,,5000000.0,0.0,,0.0,200000.0
PaymentsForRepurchaseOfCommonStock / USD,200000.0,200000.0,0.0,0.0,,,,,300000.0,400000.0,0.0,400000.0,100000.0,100000.0,100000.0,700000.0,,0.0,0.0,200000.0,0.0,91700000.0,193300000.0,0.0,118000000.0,223100000.0,0.0,355000000.0,241300000.0,175400000.0,359400000.0,534000000.0,367400000.0,109200000.0,176400000.0,232500000.0,534000000.0,177100000.0,332200000.0,493300000.0,522300000.0,140800000.0,140800000.0,140800000.0,657200000.0,358400000.0,735300000.0,1185300000.0,340600000.0,0.0,0.0,0.0,1500400000.0,200000000.0,396100000.0,450000000.0,0.0,52100000.0,254000000.0,354000000.0
PaymentsOfDebtExtinguishmentCosts / USD,,,,,,,,,,,,,,,,,,,,,,,,,,,,,,,,,1490400000.0,,,,2121300000.0,,,538100000.0,,0.0,0.0,622500000.0,539000000.0,56500000.0,56500000.0,56500000.0,622500000.0,,,,1469200000.0,,,0.0,0.0,,,778800000.0
PaymentsOfDebtIssuanceCosts / USD,,,,,,,,,,,,,,,,,,,,,,,,,,,,,,,,,,,,,,,,,,,,,,,,,,,,,,,,0.0,0.0,,,10400000.0
PaymentsOfDividendsCommonStock / USD,,,,,,,,,,,,0.0,0.0,0.0,0.0,0.0,7300000.0,14600000.0,21900000.0,7300000.0,11700000.0,23200000.0,34600000.0,33600000.0,18000000.0,35700000.0,33600000.0,53100000.0,52900000.0,25500000.0,50300000.0,74700000.0,78700000.0,32000000.0,63800000.0,95500000.0,106900000.0,43400000.0,86300000.0,128900000.0,139400000.0,54200000.0,108300000.0,162400000.0,183400000.0,56500000.0,112300000.0,167100000.0,219600000.0,67500000.0,135000000.0,202700000.0,234800000.0,79900000.0,159300000.0,238400000.0,282600000.0,83300000.0,166300000.0,249000000.0
PaymentsRelatedToTaxWithholdingForShareBasedCompensation / USD,,,,,,,,,,,,0.0,,23300000.0,24100000.0,0.0,,,,24100000.0,,,,,18000000.0,42000000.0,,0.0,600000.0,18300000.0,42000000.0,42000000.0,0.0,8700000.0,8700000.0,27100000.0,49600000.0,11600000.0,11600000.0,21300000.0,33900000.0,21900000.0,21900000.0,22100000.0,21400000.0,27800000.0,27800000.0,28400000.0,22500000.0,20400000.0,20600000.0,21900000.0,28500000.0,31600000.0,32800000.0,38600000.0,23100000.0,29900000.0,30700000.0,32800000.0
PaymentsToAcquireBusinessesNetOfCashAcquired / USD,,,,,,,,,,,,,,,,,,,0.0,0.0,,,263800000.0,0.0,,,0.0,,263800000.0,,,,,0.0,0.0,0.0,0.0,68700000.0,75000000.0,75000000.0,0.0,0.0,0.0,38500000.0,95100000.0,212900000.0,211600000.0,339700000.0,43000000.0,0.0,28000000.0,28000000.0,2705600000.0,22500000.0,75500000.0,76200000.0,36700000.0,200000.0,200000.0,200000.0
PaymentsToAcquirePropertyPlantAndEquipment / USD,,,,,,,,,,,,,,,,,,,34400000.0,47100000.0,10000000.0,22900000.0,43900000.0,55000000.0,11000000.0,25700000.0,55000000.0,41400000.0,90100000.0,19600000.0,36800000.0,58600000.0,63500000.0,15900000.0,33600000.0,53400000.0,81100000.0,19400000.0,43900000.0,75000000.0,86100000.0,25400000.0,100000000.0,133600000.0,236300000.0,20700000.0,38500000.0,66200000.0,158000000.0,41300000.0,63600000.0,97200000.0,100000000.0,31700000.0,71300000.0,114700000.0,127800000.0,29500000.0,60400000.0,94000000.0
PaymentsToAcquireShortTermInvestments / USD,,,,,,,,,,,,,,,,,,,,,,,,,,,,,,,,,,,,,,,,,,,,,,,,,,,,,,,,0.0,0.0,,,211100000.0
PreferredStockParOrStatedValuePerShare / USD/shares,,,,,,,,,0.01,0.01,,0.01,0.01,0.01,0.01,0.01,0.01,0.01,0.01,0.01,0.01,0.01,0.01,0.01,0.01,0.01,0.01,0.01,0.01,0.01,0.01,0.01,0.01,0.01,0.01,0.01,0.01,0.01,0.01,0.01,0.01,0.01,0.01,0.01,0.01,0.01,0.01,0.01,0.01,0.01,0.01,0.01,0.01,0.01,0.01,0.01,0.01,0.01,0.01,0.01
PreferredStockSharesAuthorized / shares,,,,,,,,,0.0,0.0,,0.0,100000000.0,100000000.0,100000000.0,100000000.0,100000000.0,100000000.0,100000000.0,100000000.0,100000000.0,100000000.0,100000000.0,100000000.0,100000000.0,100000000.0,100000000.0,100000000.0,100000000.0,100000000.0,100000000.0,100000000.0,100000000.0,100000000.0,100000000.0,100000000.0,100000000.0,100000000.0,100000000.0,100000000.0,100000000.0,100000000.0,100000000.0,100000000.0,100000000.0,100000000.0,100000000.0,100000000.0,100000000.0,100000000.0,100000000.0,100000000.0,100000000.0,100000000.0,100000000.0,100000000.0,100000000.0,100000000.0,100000000.0,100000000.0
PreferredStockSharesIssued / shares,,,,,,,,,0.0,0.0,,0.0,0.0,0.0,0.0,0.0,0.0,0.0,0.0,0.0,0.0,0.0,0.0,0.0,0.0,0.0,0.0,0.0,0.0,0.0,0.0,0.0,0.0,0.0,0.0,0.0,0.0,0.0,0.0,0.0,0.0,0.0,0.0,0.0,0.0,0.0,0.0,0.0,0.0,0.0,0.0,0.0,0.0,0.0,0.0,0.0,0.0,0.0,0.0,0.0
PreferredStockSharesOutstanding / shares,,,,,,,,,0.0,0.0,,0.0,0.0,0.0,0.0,0.0,0.0,0.0,0.0,0.0,0.0,0.0,0.0,0.0,0.0,0.0,0.0,0.0,0.0,0.0,0.0,0.0,0.0,0.0,0.0,0.0,0.0,0.0,0.0,0.0,0.0,0.0,0.0,0.0,0.0,0.0,0.0,0.0,0.0,0.0,0.0,0.0,0.0,0.0,0.0,0.0,0.0,0.0,0.0,0.0
PreferredStockValue / USD,,,,,,,,,0.0,0.0,,0.0,0.0,0.0,0.0,0.0,0.0,0.0,0.0,0.0,0.0,0.0,0.0,0.0,0.0,0.0,0.0,0.0,0.0,0.0,0.0,0.0,0.0,0.0,0.0,0.0,0.0,0.0,0.0,0.0,0.0,0.0,0.0,0.0,0.0,0.0,0.0,0.0,0.0,0.0,0.0,0.0,0.0,0.0,0.0,0.0,0.0,0.0,0.0,0.0
PrepaidExpenseAndOtherAssetsCurrent / USD,35800000.0,35800000.0,35800000.0,34700000.0,34700000.0,34700000.0,34700000.0,34600000.0,34600000.0,34600000.0,34700000.0,34600000.0,46100000.0,46100000.0,46100000.0,46100000.0,54700000.0,54700000.0,54700000.0,54700000.0,144300000.0,144300000.0,144300000.0,144300000.0,118900000.0,118900000.0,144300000.0,118900000.0,118900000.0,168300000.0,168300000.0,168300000.0,154200000.0,149100000.0,149100000.0,149100000.0,149100000.0,171600000.0,171600000.0,171600000.0,171600000.0,191200000.0,191200000.0,191200000.0,191200000.0,357500000.0,357500000.0,357500000.0,357500000.0,498200000.0,498200000.0,498200000.0,498200000.0,410200000.0,410200000.0,410200000.0,410200000.0,404400000.0,404400000.0,404400000.0
ProceedsFromIssuanceOfLongTermDebt / USD,1175000000.0,1175000000.0,0.0,0.0,1175000000.0,1175000000.0,500000000.0,135700000.0,135700000.0,135700000.0,500000000.0,1175000000.0,,1346600000.0,1535200000.0,135700000.0,0.0,0.0,600000000.0,1535200000.0,525000000.0,525000000.0,525000000.0,1175000000.0,0.0,0.0,1175000000.0,1483000000.0,525000000.0,2083000000.0,2083000000.0,2083000000.0,1483000000.0,,,0.0,2083000000.0,,0.0,600000000.0,0.0,,600000000.0,1300000000.0,600000000.0,,,,1300000000.0,,,,3917500000.0,,,0.0,0.0,,,1197800000.0
ProceedsFromLinesOfCredit / USD,249800000.0,400800000.0,0.0,307000000.0,755000000.0,990000000.0,770800000.0,148000000.0,256000000.0,256000000.0,770800000.0,1295000000.0,,63000000.0,63000000.0,289000000.0,,,0.0,63000000.0,0.0,0.0,105000000.0,0.0,63400000.0,105400000.0,0.0,332100000.0,314500000.0,44100000.0,67700000.0,1279100000.0,338800000.0,170000000.0,488100000.0,688900000.0,1560700000.0,88500000.0,891000000.0,1860500000.0,686700000.0,781000000.0,1024000000.0,1024000000.0,2445500000.0,56500000.0,56500000.0,548300000.0,1024000000.0,702300000.0,1479600000.0,1854600000.0,1619700000.0,,201300000.0,207600000.0,2301400000.0,0.0,0.0,0.0
ProceedsFromMaturitiesPrepaymentsAndCallsOfShorttermInvestments / USD,,,,,,,,,,,,,,,,,,,,,,,,,,,,,,,,,,,,,,,,,,,,,,,,,,,,,,,,,,,0.0,0.0
ProceedsFromPaymentsForOtherFinancingActivities / USD,,,,,,,,,,,,,,,,,,,,,0.0,0.0,0.0,0.0,-500000.0,-800000.0,0.0,-300000.0,0.0,-200000.0,-600000.0,-4700000.0,25900000.0,-2500000.0,14900000.0,21100000.0,9000000.0,5700000.0,12600000.0,4500000.0,8200000.0,-300000.0,14000000.0,-28900000.0,-23900000.0,-10500000.0,-4100000.0,19200000.0,8500000.0,1900000.0,8500000.0,14000000.0,32100000.0,3500000.0,11500000.0,17100000.0,22900000.0,3800000.0,12200000.0,18600000.0
ProceedsFromStockOptionsExercised / USD,,,,,,,,,,,,,0.0,0.0,0.0,0.0,100000.0,800000.0,1100000.0,0.0,500000.0,1000000.0,1700000.0,1300000.0,1200000.0,3800000.0,1300000.0,6000000.0,2400000.0,4400000.0,7400000.0,9100000.0,,,,,,,,,,7100000.0,0.0,26900000.0,34900000.0,37700000.0,41800000.0,60700000.0,49200000.0,8300000.0,15100000.0,20700000.0,69900000.0,12800000.0,20500000.0,32500000.0,30200000.0,28900000.0,35000000.0,41600000.0
PropertyPlantAndEquipmentDisposals / USD,,,,,,,11400000.0,,,,11400000.0,10500000.0,,,,12200000.0,,,,7900000.0,,,,32000000.0,,,32000000.0,,17000000.0,,,,50000000.0,,,,23000000.0,,,,25000000.0,,,,3000000.0,,,,54000000.0,,,,20000000.0,,,,7000000.0,,,
PropertyPlantAndEquipmentGross / USD,,,,,,,294300000.0,,,,294300000.0,302700000.0,,,,310100000.0,,,,309700000.0,,,,374400000.0,,,374400000.0,,348000000.0,,,,362900000.0,,,,371900000.0,,,,620200000.0,,,,419200000.0,,,,461400000.0,,,,498700000.0,,,,504200000.0,,,
PropertyPlantAndEquipmentNet / USD,158100000.0,158100000.0,158100000.0,154300000.0,154300000.0,154300000.0,154300000.0,142700000.0,142700000.0,142700000.0,154300000.0,142700000.0,131100000.0,131100000.0,131100000.0,131100000.0,137200000.0,137200000.0,137200000.0,137200000.0,175400000.0,175400000.0,175400000.0,175400000.0,163700000.0,163700000.0,175400000.0,163700000.0,163700000.0,161100000.0,161100000.0,161100000.0,161100000.0,156100000.0,156100000.0,156100000.0,156100000.0,363100000.0,363100000.0,363100000.0,363100000.0,175500000.0,175500000.0,175500000.0,175500000.0,195800000.0,195800000.0,195800000.0,195800000.0,188800000.0,188800000.0,188800000.0,188800000.0,195500000.0,195500000.0,195500000.0,195500000.0,192000000.0,192000000.0,192000000.0
PropertyPlantAndEquipmentOwnedAccumulatedDepreciation / USD,,,,,,,140000000.0,,,,140000000.0,160000000.0,,,,179000000.0,,,,172500000.0,,,,199000000.0,,,199000000.0,,184300000.0,,,,201800000.0,,,,215800000.0,,,,257100000.0,,,,243700000.0,,,,265600000.0,,,,309900000.0,,,,308700000.0,,,
ProvisionForDoubtfulAccounts / USD,-1300000.0,-1300000.0,-200000.0,0.0,900000.0,900000.0,-1300000.0,400000.0,,,-1300000.0,400000.0,,0.0,0.0,0.0,,300000.0,300000.0,,,,,,0.0,0.0,,0.0,,,,,,,,,,500000.0,1900000.0,2100000.0,900000.0,29200000.0,27100000.0,30400000.0,800000.0,-1300000.0,-6000000.0,-7300000.0,30900000.0,1700000.0,3700000.0,6600000.0,-5400000.0,6200000.0,8400000.0,12200000.0,8300000.0,4200000.0,9800000.0,17100000.0
RepaymentsOfLinesOfCredit / USD,486100000.0,701100000.0,0.0,318400000.0,783100000.0,1173100000.0,1074100000.0,148000000.0,256000000.0,256000000.0,1074100000.0,1483200000.0,,63000000.0,63000000.0,289000000.0,,,0.0,63000000.0,0.0,0.0,105000000.0,0.0,63400000.0,105400000.0,0.0,332100000.0,314500000.0,6100000.0,13700000.0,1087500000.0,338800000.0,170000000.0,474400000.0,681900000.0,1560700000.0,12500000.0,815000000.0,1834500000.0,686700000.0,619500000.0,1025000000.0,1075000000.0,2394500000.0,0.0,0.0,379600000.0,1075000000.0,895200000.0,1672500000.0,2047300000.0,1300500000.0,49100000.0,275700000.0,282000000.0,2531200000.0,0.0,0.0,0.0
RepaymentsOfLongTermDebt / USD,,16500000.0,11000000.0,0.0,1175000000.0,1175000000.0,518600000.0,136900000.0,136900000.0,136900000.0,518600000.0,1175000000.0,53100000.0,1352600000.0,1885900000.0,243200000.0,79500000.0,123800000.0,723900000.0,2047400000.0,525300000.0,525300000.0,525300000.0,1299000000.0,0.0,0.0,1299000000.0,1490400000.0,525300000.0,2121300000.0,2121300000.0,2121300000.0,1490400000.0,,,0.0,2121300000.0,,,,0.0,0.0,0.0,0.0,0.0,3700000.0,7500000.0,11200000.0,21400000.0,35500000.0,35500000.0,435500000.0,11200000.0,50000000.0,50000000.0,100000000.0,635500000.0,,0.0,0.0
RetainedEarningsAccumulatedDeficit / USD,-2208000000.0,-2208000000.0,-2208000000.0,-2191300000.0,-2191300000.0,-2191300000.0,-2191300000.0,-2073000000.0,-2073000000.0,-2073000000.0,-2191300000.0,-2073000000.0,-1971800000.0,-1971800000.0,-1971800000.0,-1971800000.0,-1760500000.0,-1760500000.0,-1760500000.0,-1760500000.0,-1651600000.0,-1651600000.0,-1651600000.0,-1651600000.0,-1673800000.0,-1673800000.0,-1651600000.0,-1673800000.0,-1673800000.0,-1831600000.0,-1831600000.0,-1831600000.0,-1831600000.0,-1892600000.0,-1892600000.0,-1892600000.0,-1892600000.0,-2018600000.0,-2018600000.0,-2018600000.0,-2018600000.0,-1813400000.0,-1813400000.0,-1813400000.0,-1813400000.0,-2570700000.0,-2570700000.0,-2570700000.0,-2570700000.0,-1763800000.0,-1763800000.0,-1763800000.0,-1763800000.0,-1525500000.0,-1525500000.0,-1525500000.0,-1525500000.0,-1322900000.0,-1322900000.0,-1322900000.0
RevenueFromContractWithCustomerExcludingAssessedTax / USD,,,,,,,,,,,,,,,,,,,,,,,,,,,,,,3256000000.0,7147600000.0,11080800000.0,13672700000.0,3606400000.0,7792500000.0,12165700000.0,14832900000.0,3957900000.0,8587800000.0,13495500000.0,16240500000.0,4389200000.0,8754900000.0,13511300000.0,18032400000.0,4837500000.0,9983900000.0,15283900000.0,18467500000.0,5949100000.0,12094900000.0,18310400000.0,20820800000.0,5103100000.0,10729200000.0,16357500000.0,23748700000.0,4872700000.0,10296100000.0,15812700000.0
RightOfUseAssetObtainedInExchangeForOperatingLeaseLiability / USD,,,,,,,,,,,,,,,,,,,,,,,,,,,,,,,,,,49000000.0,52600000.0,56000000.0,110200000.0,,,,110200000.0,,,,110200000.0,,,,26700000.0,,,,49800000.0,,,,43600000.0,,,
SalesAndExciseTaxPayableCurrent / USD,23200000.0,23200000.0,23200000.0,23100000.0,23100000.0,23100000.0,23100000.0,22600000.0,22600000.0,22600000.0,23100000.0,22600000.0,29200000.0,29200000.0,29200000.0,29200000.0,29100000.0,29100000.0,29100000.0,29100000.0,38100000.0,38100000.0,38100000.0,38100000.0,38000000.0,38000000.0,38100000.0,38000000.0,38000000.0,43800000.0,43800000.0,43800000.0,60000000.0,,,,55500000.0,,,,88600000.0,,,,104200000.0,,,,65900000.0,73500000.0,73500000.0,73500000.0,73500000.0,52400000.0,52400000.0,52400000.0,52400000.0,61600000.0,61600000.0,61600000.0
SegmentReportingOtherItemAmount / USD,,,,,,,,,,,,,,,,,,,,,,,,,,,,,,,,,,,,,,,,,,,,,,,,,,,,,,,,,2951400000.0,735300000.0,1485300000.0,2204400000.0
SellingGeneralAndAdministrativeExpense / USD,454000000.0,689700000.0,821100000.0,229300000.0,472700000.0,724700000.0,932100000.0,251600000.0,511100000.0,768100000.0,932100000.0,990100000.0,251500000.0,517900000.0,850300000.0,1029500000.0,260900000.0,534800000.0,820200000.0,1120900000.0,275500000.0,566100000.0,887500000.0,1110300000.0,329300000.0,674000000.0,1110300000.0,1009000000.0,1226000000.0,347400000.0,710900000.0,1062800000.0,1345400000.0,362700000.0,744100000.0,1134800000.0,1410000000.0,443200000.0,916700000.0,1412600000.0,1719600000.0,510700000.0,974500000.0,1482200000.0,1906300000.0,471800000.0,984700000.0,1513200000.0,2030900000.0,717200000.0,1450100000.0,2216900000.0,2149500000.0,734100000.0,1503400000.0,2252700000.0,2951400000.0,735300000.0,1485300000.0,2204400000.0
ShareBasedCompensationArrangementByShareBasedPaymentAwardOptionsExercisableNumber / shares,,,,,,,,,,,,393517.0,448464.0,483182.0,524824.0,576963.0,,,,1146008.0,,,,1729243.0,,,1729243.0,,2372046.0,,,,2423693.0,,,,2364405.0,,,,2192951.0,,,,1959076.0,,,,2256541.0,,,,2185919.0,,,,2225183.0,,,
ShareBasedCompensationArrangementByShareBasedPaymentAwardOptionsExercisableWeightedAverageExercisePrice / USD/shares,,,,,,,,,,,,17.0,17.0,17.0,17.0,17.0,,,,19.39,,,,22.82,,,22.82,,25.9,,,,32.67,,,,43.61,,,,56.63,,,,66.97,,,,79.3,,,,99.35,,,,117.2,,,
ShareBasedCompensationArrangementByShareBasedPaymentAwardOptionsExercisesInPeriodTotalIntrinsicValue / USD,,,,,,,,,,,,,100000.0,500000.0,800000.0,0.0,,,,0.0,,,,1000000.0,,,1000000.0,,2000000.0,,,,7000000.0,,,,17000000.0,,,,47000000.0,,,,83000000.0,,,,94000000.0,,,,117000000.0,,,,40000000.0,,,
ShareBasedCompensationArrangementByShareBasedPaymentAwardOptionsForfeituresAndExpirationsInPeriod / shares,,,,,,,,,,,,8143.0,0.0,0.0,9264.0,31209.0,,,,59554.0,,,,48166.0,,,48166.0,,59834.0,,,,63372.0,,,,63947.0,,,,44409.0,,,,58446.0,,,,62713.0,,,,54584.0,,,,28842.0,,,
ShareBasedCompensationArrangementByShareBasedPaymentAwardOptionsForfeituresAndExpirationsInPeriodWeightedAverageExercisePrice / USD/shares,,,,,,,,,,,,17.0,0.0,0.0,24.29,21.33,,,,29.49,,,,32.87,,,32.87,,45.76,,,,59.85,,,,74.56,,,,92.54,,,,109.68,,,,140.5,,,,179.15,,,,195.04,,,
ShareBasedCompensationArrangementByShareBasedPaymentAwardOptionsGrantsInPeriodGross / shares,,,,,,,,,1300000.0,1268986.0,,1288398.0,1223388.0,1232059.0,1244386.0,1245513.0,,,,936865.0,,,,956280.0,,,956280.0,,1213299.0,,,,1021398.0,,,,786601.0,,,,991431.0,,,,545359.0,,,,600567.0,,,,460767.0,,,,82881.0,,,
ShareBasedCompensationArrangementByShareBasedPaymentAwardOptionsOutstandingIntrinsicValue / USD,,,,,,,,,,,,8100000.0,17100000.0,27700000.0,25300000.0,34900000.0,,,,52600000.0,,,,85900000.0,,,85900000.0,,143000000.0,,,,153500000.0,,,,345300000.0,,,,230300000.0,,,,385900000.0,,,,260500000.0,,,,322000000.0,,,,132300000.0,,,
ShareBasedCompensationArrangementByShareBasedPaymentAwardOptionsOutstandingNumber / shares,,,,,,,,,,1288398.0,,0.0,1280255.0,2469995.0,1280255.0,1280255.0,,,,2421072.0,,,,3197221.0,,,3197221.0,,3781051.0,,,,4457996.0,,,,4480772.0,,,,4138242.0,,,,3965452.0,,,,3355266.0,,,,3499301.0,,,,3190946.0,,,
ShareBasedCompensationArrangementByShareBasedPaymentAwardOptionsOutstandingWeightedAverageExercisePrice / USD/shares,,,,,,,,,,,,0.0,17.0,17.0,17.0,17.0,,,,20.75,,,,25.58,,,25.58,,29.36,,,,37.41,,,,46.82,,,,59.39,,,,73.71,,,,89.76,,,,104.23,,,,126.4,,,
ShareBasedCompensationArrangementByShareBasedPaymentAwardOptionsVestedAndExpectedToVestOutstandingAggregateIntrinsicValue / USD,,,,,,,,,,,,5400000.0,12000000.0,19900000.0,17400000.0,34300000.0,,,,26300000.0,,,,34900000.0,,,34900000.0,,39200000.0,,,,35900000.0,,,,109500000.0,,,,64700000.0,,,,114600000.0,,,,36100000.0,,,,41900000.0,,,,600000.0,,,
ShareBasedCompensationArrangementByShareBasedPaymentAwardOptionsVestedAndExpectedToVestOutstandingNumber / shares,,,,,,,,,,,,852713.0,1973141.0,1923260.0,1874216.0,2378364.0,,,,2018385.0,,,,2025415.0,,,2025415.0,,2056814.0,,,,2031401.0,,,,1752687.0,,,,1745547.0,,,,1377326.0,,,,1226577.0,,,,993307.0,,,,541116.0,,,
ShareBasedCompensationArrangementByShareBasedPaymentAwardOptionsVestedAndExpectedToVestOutstandingWeightedAverageExercisePrice / USD/shares,,,,,,,,,,,,17.0,21.36,21.55,21.75,20.74,,,,29.02,,,,34.84,,,34.84,,50.44,,,,63.43,,,,80.34,,,,94.7,,,,121.56,,,,149.35,,,,185.15,,,,203.77,,,
ShareBasedCompensationArrangementsByShareBasedPaymentAwardOptionsExercisesInPeriodWeightedAverageExercisePrice / USD/shares,,,,,,,,,,,,0.0,17.0,17.0,17.0,17.0,,,,21.11,,,,22.9,,,22.9,,27.37,,,,30.59,,,,32.8,,,,44.05,,,,63.76,,,,76.63,,,,69.06,,,,98.11,,,
ShareBasedCompensationArrangementsByShareBasedPaymentAwardOptionsGrantsInPeriodWeightedAverageExercisePrice / USD/shares,,,,,,,,,,17.0,,17.0,24.29,24.32,24.39,24.4,,,,37.82,,,,39.99,,,39.99,,58.97,,,,73.85,,,,96.24,,,,100.8,,,,156.3,,,,170.79,,,,212.08,,,,245.62,,,
SharebasedCompensationArrangementBySharebasedPaymentAwardOptionsExercisableIntrinsicValue1 / USD,,,,,,,,,,,,2500000.0,4700000.0,7200000.0,7400000.0,10500000.0,,,,26000000.0,,,,50600000.0,,,50600000.0,,103400000.0,,,,117300000.0,,,,234600000.0,,,,164800000.0,,,,270000000.0,,,,224100000.0,,,,279700000.0,,,,131700000.0,,,
ShortTermInvestments / USD,,,,,,,,,,,,,,,,,,,,,,,,,,,,,,,,,,,,,,,,,,,,,,,,,,,,,,,,0.0,0.0,214200000.0,214200000.0,214200000.0
StockIssuedDuringPeriodSharesStockOptionsExercised / shares,,,,,,,,,,,,0.0,7807.0,42319.0,63432.0,73487.0,,,,101162.0,,,,324284.0,,,324284.0,,476520.0,,,,935250.0,,,,1065184.0,,,,1119812.0,,,,1097099.0,,,,393819.0,,,,714538.0,,,,478686.0,,,
StockIssuedDuringPeriodValueEmployeeStockPurchasePlan / USD,,,,,,,,,,,,,,2000000.0,3700000.0,5800000.0,1700000.0,4200000.0,6500000.0,5800000.0,1900000.0,4500000.0,6900000.0,5800000.0,2100000.0,4700000.0,5800000.0,7600000.0,8700000.0,2400000.0,5400000.0,8400000.0,9300000.0,2400000.0,5400000.0,8400000.0,10300000.0,3000000.0,7300000.0,11200000.0,11800000.0,3500000.0,8300000.0,12800000.0,14900000.0,3900000.0,10400000.0,15900000.0,16800000.0,4400000.0,11800000.0,18700000.0,20600000.0,5000000.0,14400000.0,21400000.0,25500000.0,4900000.0,14400000.0,21900000.0
StockIssuedDuringPeriodValueShareBasedCompensation / USD,,,,,,,,,,,,,,,,,,,,,,,,,,,,,,,,,,,,,,,,,,,,,,,,,,,,,,,,,,28900000.0,35000000.0,41600000.0
StockIssuedDuringPeriodValueStockOptionsExercised / USD,,,,,,,,,,,,,100000.0,800000.0,1100000.0,1300000.0,500000.0,1000000.0,1700000.0,1300000.0,1200000.0,3800000.0,6000000.0,1300000.0,4400000.0,7400000.0,1300000.0,9100000.0,2400000.0,7300000.0,19900000.0,24400000.0,7400000.0,7300000.0,19900000.0,24400000.0,13000000.0,13000000.0,19000000.0,27600000.0,28600000.0,7100000.0,19800000.0,26900000.0,34900000.0,37700000.0,41800000.0,60700000.0,49200000.0,8300000.0,15100000.0,20700000.0,69900000.0,12800000.0,20500000.0,32500000.0,30200000.0,,,
StockRepurchaseProgramAuthorizedAmount1 / USD,,,,,,,,,,,,,,,,500000000.0,,,,500000000.0,,,,,,,,,,,,,,,,,,,,,,,,,,,,,,,,,750000000.0,,,,750000000.0,,,
StockRepurchaseProgramRemainingAuthorizedRepurchaseAmount1 / USD,,,,,,,,,,,,,,,,,,,,,,,,642000000.0,,,642000000.0,,,,,,336000000.0,,,,679000000.0,,,,338000000.0,,,,88000000.0,,,,88000000.0,,,,338000000.0,,,,588000000.0,,,
StockRepurchasedAndRetiredDuringPeriodValue / USD,,,,,,,,,,,,,,,,,,91700000.0,193300000.0,241300000.0,118000000.0,223100000.0,355100000.0,241300000.0,175400000.0,359400000.0,241300000.0,534000000.0,241300000.0,109200000.0,176400000.0,232500000.0,367500000.0,109200000.0,176400000.0,232500000.0,534000000.0,177100000.0,332200000.0,493300000.0,522300000.0,140800000.0,140800000.0,140800000.0,657200000.0,358400000.0,735300000.0,1185300000.0,340600000.0,200000000.0,396100000.0,450000000.0,1500400000.0,200000000.0,396100000.0,450000000.0,500000000.0,52100000.0,254000000.0,354000000.0
StockholdersEquity / USD,-43500000.0,-43500000.0,262200000.0,-7300000.0,-7300000.0,-7300000.0,-44700000.0,136500000.0,136500000.0,136500000.0,-44700000.0,-43500000.0,711700000.0,711700000.0,711700000.0,-7300000.0,936500000.0,936500000.0,936500000.0,136500000.0,1095900000.0,1095900000.0,1095900000.0,711700000.0,1045500000.0,1045500000.0,711700000.0,1045500000.0,936500000.0,982900000.0,982900000.0,982900000.0,1097800000.0,985600000.0,985600000.0,985600000.0,1047900000.0,975200000.0,975200000.0,975200000.0,985600000.0,960300000.0,960300000.0,960300000.0,975200000.0,1297100000.0,1297100000.0,1297100000.0,960300000.0,705700000.0,705700000.0,705700000.0,1297100000.0,1603300000.0,1603300000.0,1603300000.0,705700000.0,2042500000.0,2042500000.0,2042500000.0
UnbilledReceivablesCurrent / USD,,,,,,,,,,,,,,,,,,,,,,,,,,,,,,,,,,,,,,,,,,,,,,,,,,,,,,,,,274900000.0,749400000.0,749400000.0,749400000.0
UnrecognizedTaxBenefits / USD,,,,,,,11300000.0,,,,11300000.0,0.0,,,,0.0,,,,,,,,,,,,,,,,,0.0,,,,0.0,,,,0.0,,,,15100000.0,,,,17700000.0,,,,18300000.0,,,,18400000.0,,,
UnrecognizedTaxBenefitsIncreasesResultingFromCurrentPeriodTaxPositions / USD,,,,,,,0.0,,,,0.0,,,,,,,,,,,,,,,,,,,,,,0.0,,,,0.0,,,,15100000.0,,,,2600000.0,,,,100000.0,,,,100000.0,,,,300000.0,,,
WeightedAverageNumberDilutedSharesOutstandingAdjustment / shares,,,,,,,,,800000.0,800000.0,0.0,100000.0,900000.0,1300000.0,1800000.0,700000.0,2700000.0,2600000.0,2500000.0,2100000.0,1400000.0,1400000.0,1400000.0,2200000.0,1600000.0,1700000.0,2200000.0,2100000.0,1500000.0,3400000.0,3200000.0,2900000.0,2400000.0,2600000.0,2500000.0,2500000.0,2800000.0,2200000.0,2400000.0,2500000.0,2700000.0,2200000.0,2100000.0,2100000.0,2700000.0,2000000.0,1800000.0,1900000.0,2200000.0,1800000.0,1700000.0,1800000.0,2000000.0,1700000.0,1600000.0,1600000.0,1800000.0,1600000.0,1500000.0,1500000.0
WeightedAverageNumberOfDilutedSharesOutstanding / shares,,,,,,,,,145800000.0,145800000.0,144400000.0,144900000.0,146100000.0,146500000.0,154300000.0,145800000.0,172300000.0,172500000.0,172700000.0,158700000.0,173500000.0,173000000.0,172300000.0,172800000.0,168900000.0,167800000.0,172800000.0,166900000.0,171800000.0,162800000.0,160900000.0,159200000.0,166000000.0,154800000.0,154400000.0,154100000.0,158200000.0,149200000.0,148700000.0,148200000.0,153600000.0,144900000.0,144600000.0,144700000.0,147800000.0,143100000.0,142400000.0,141400000.0,144800000.0,136700000.0,136800000.0,136900000.0,140500000.0,137300000.0,136700000.0,136400000.0,137000000.0,136000000.0,135800000.0,135500000.0
WeightedAverageNumberOfSharesOutstandingBasic / shares,,,,,,,,,145000000.0,145000000.0,144400000.0,144800000.0,145200000.0,145200000.0,152500000.0,145100000.0,169600000.0,169900000.0,170200000.0,156600000.0,172100000.0,171600000.0,170900000.0,170600000.0,167300000.0,166100000.0,170600000.0,164800000.0,170300000.0,159400000.0,157700000.0,156300000.0,163600000.0,152200000.0,151900000.0,151600000.0,155400000.0,147000000.0,146300000.0,145700000.0,150900000.0,142700000.0,142500000.0,142600000.0,145100000.0,141100000.0,140600000.0,139500000.0,142600000.0,134900000.0,135100000.0,135100000.0,138500000.0,135600000.0,135100000.0,134800000.0,135200000.0,134400000.0,134300000.0,134000000.0
