fact_unit,2011-05-03,2011-08-02,2011-11-01,2012-02-27,2012-05-08,2012-08-07,2012-11-06,2013-02-22,2013-05-07,2013-08-06,2013-11-05,2014-02-21,2014-04-30,2014-07-31,2014-10-31,2015-02-24,2015-05-01,2015-08-04,2015-10-29,2016-02-10,2016-04-28,2016-08-09,2016-11-03,2017-02-16,2017-05-02,2017-07-27,2017-10-26,2018-02-02,2018-04-27,2018-07-31,2018-10-26,2019-01-31,2019-04-30,2019-07-26,2019-10-25,2020-01-31,2020-05-01,2020-07-31,2020-10-30,2021-01-29,2021-04-30,2021-07-30,2021-10-29,2022-01-28,2022-04-29,2022-07-29,2022-10-28,2023-01-27,2023-04-28,2023-07-28,2023-10-27,2024-02-02,2024-04-26,2024-07-26,2024-11-01,2025-01-31,2025-04-25,2025-07-25,2025-10-31
AccountsPayableAndAccruedLiabilitiesCurrent / USD,1049000000.0,1087000000.0,1049000000.0,,1153000000.0,1153000000.0,1153000000.0,1157000000.0,1224000000.0,1224000000.0,1224000000.0,1224000000.0,1467000000.0,1467000000.0,1467000000.0,1467000000.0,1635000000.0,1635000000.0,1635000000.0,1635000000.0,1972000000.0,1972000000.0,1972000000.0,1972000000.0,7544000000.0,7544000000.0,7544000000.0,7544000000.0,9045000000.0,9045000000.0,9045000000.0,9045000000.0,8805000000.0,8805000000.0,8805000000.0,8805000000.0,8885000000.0,8885000000.0,8885000000.0,8885000000.0,8867000000.0,8867000000.0,8867000000.0,8867000000.0,9461000000.0,9461000000.0,9461000000.0,9461000000.0,10555000000.0,10555000000.0,10555000000.0,10555000000.0,11214000000.0,11214000000.0,11214000000.0,11214000000.0,11687000000.0,11687000000.0,11687000000.0
AccountsPayableTradeCurrent / USD,,168000000.0,168000000.0,,142000000.0,142000000.0,142000000.0,80000000.0,107000000.0,107000000.0,107000000.0,107000000.0,91000000.0,91000000.0,91000000.0,91000000.0,140000000.0,140000000.0,140000000.0,140000000.0,134000000.0,134000000.0,134000000.0,134000000.0,454000000.0,454000000.0,454000000.0,454000000.0,740000000.0,740000000.0,740000000.0,740000000.0,758000000.0,758000000.0,758000000.0,758000000.0,786000000.0,786000000.0,786000000.0,786000000.0,763000000.0,763000000.0,763000000.0,763000000.0,724000000.0,724000000.0,724000000.0,724000000.0,952000000.0,952000000.0,952000000.0,952000000.0,931000000.0,931000000.0,931000000.0,931000000.0,880000000.0,880000000.0,880000000.0
AccountsReceivableNetCurrent / USD,247000000.0,243000000.0,247000000.0,,272000000.0,272000000.0,272000000.0,268000000.0,234000000.0,234000000.0,234000000.0,234000000.0,234000000.0,234000000.0,234000000.0,234000000.0,285000000.0,285000000.0,285000000.0,285000000.0,279000000.0,279000000.0,279000000.0,279000000.0,1432000000.0,1432000000.0,1432000000.0,1432000000.0,1635000000.0,1635000000.0,1635000000.0,1635000000.0,1733000000.0,1733000000.0,1733000000.0,1733000000.0,2227000000.0,2227000000.0,2227000000.0,2227000000.0,2539000000.0,2539000000.0,2539000000.0,2539000000.0,2579000000.0,2579000000.0,2579000000.0,2579000000.0,2921000000.0,2921000000.0,2921000000.0,2921000000.0,2965000000.0,2965000000.0,2965000000.0,2965000000.0,3097000000.0,3097000000.0,3097000000.0
AccumulatedDepreciationDepletionAndAmortizationPropertyPlantAndEquipment / USD,,,,,,2364000000.0,2364000000.0,2364000000.0,3563000000.0,3563000000.0,3563000000.0,3563000000.0,4787000000.0,4787000000.0,4787000000.0,4787000000.0,5484000000.0,5484000000.0,5484000000.0,5484000000.0,6518000000.0,6518000000.0,6518000000.0,6518000000.0,11103000000.0,11103000000.0,11103000000.0,11103000000.0,18077000000.0,18077000000.0,18077000000.0,18077000000.0,23075000000.0,23075000000.0,23075000000.0,23075000000.0,27656000000.0,27656000000.0,27656000000.0,27656000000.0,31639000000.0,31639000000.0,31639000000.0,31639000000.0,34253000000.0,34253000000.0,34253000000.0,34253000000.0,36164000000.0,36164000000.0,36164000000.0,36164000000.0,37751000000.0,37751000000.0,37751000000.0,37751000000.0,39409000000.0,39409000000.0,39409000000.0
AdditionalPaidInCapitalCommonStock / USD,1776000000.0,1795000000.0,1776000000.0,,1556000000.0,1556000000.0,1556000000.0,1556000000.0,1616000000.0,1616000000.0,1616000000.0,1616000000.0,1760000000.0,1760000000.0,1760000000.0,1760000000.0,1930000000.0,1930000000.0,1930000000.0,1930000000.0,2028000000.0,2028000000.0,2028000000.0,2028000000.0,39413000000.0,39413000000.0,39413000000.0,39413000000.0,35253000000.0,35253000000.0,35253000000.0,35253000000.0,33507000000.0,33507000000.0,33507000000.0,33507000000.0,31405000000.0,31405000000.0,31405000000.0,31405000000.0,29000000000.0,29000000000.0,29000000000.0,29000000000.0,26725000000.0,26725000000.0,26725000000.0,26725000000.0,23940000000.0,23940000000.0,23940000000.0,23940000000.0,23346000000.0,23346000000.0,23346000000.0,23346000000.0,23337000000.0,23337000000.0,23337000000.0
AdjustmentsToAdditionalPaidInCapitalSharebasedCompensationRequisiteServicePeriodRecognitionValue / USD,,,,,,,,28000000.0,,,,36000000.0,,,,50000000.0,,,,48000000.0,,38000000.0,58000000.0,55000000.0,,,,78000000.0,,,,244000000.0,72000000.0,72000000.0,72000000.0,261000000.0,85000000.0,85000000.0,85000000.0,285000000.0,90000000.0,90000000.0,90000000.0,315000000.0,134000000.0,134000000.0,134000000.0,351000000.0,147000000.0,147000000.0,147000000.0,430000000.0,208000000.0,208000000.0,208000000.0,470000000.0,214000000.0,214000000.0,214000000.0
AllocatedShareBasedCompensationExpense / USD,,10000000.0,17000000.0,,7000000.0,16000000.0,26000000.0,26000000.0,11000000.0,24000000.0,37000000.0,36000000.0,11000000.0,26000000.0,37000000.0,50000000.0,12000000.0,27000000.0,41000000.0,48000000.0,19000000.0,38000000.0,58000000.0,55000000.0,69000000.0,87000000.0,168000000.0,78000000.0,69000000.0,134000000.0,198000000.0,244000000.0,72000000.0,142000000.0,213000000.0,261000000.0,85000000.0,167000000.0,238000000.0,285000000.0,90000000.0,180000000.0,263000000.0,315000000.0,134000000.0,234000000.0,332000000.0,351000000.0,147000000.0,251000000.0,360000000.0,430000000.0,208000000.0,376000000.0,540000000.0,470000000.0,214000000.0,367000000.0,513000000.0
AllowanceForDoubtfulAccountsReceivableCurrent / USD,17000000.0,17000000.0,17000000.0,,,16000000.0,16000000.0,16000000.0,14000000.0,14000000.0,14000000.0,14000000.0,19000000.0,19000000.0,19000000.0,19000000.0,22000000.0,22000000.0,22000000.0,22000000.0,21000000.0,21000000.0,21000000.0,21000000.0,124000000.0,124000000.0,124000000.0,124000000.0,113000000.0,113000000.0,113000000.0,113000000.0,129000000.0,129000000.0,129000000.0,129000000.0,151000000.0,151000000.0,151000000.0,151000000.0,217000000.0,217000000.0,217000000.0,217000000.0,157000000.0,157000000.0,157000000.0,180000000.0,219000000.0,219000000.0,219000000.0,217000000.0,268000000.0,268000000.0,268000000.0,157000000.0,204000000.0,204000000.0,204000000.0
AmortizationOfDebtDiscountPremium / USD,,,,,,,,,,,,,,,,,,,,,,15000000.0,21000000.0,37000000.0,7000000.0,-41000000.0,-148000000.0,28000000.0,-108000000.0,-196000000.0,-283000000.0,-256000000.0,-89000000.0,-177000000.0,-242000000.0,-370000000.0,-55000000.0,-72000000.0,-89000000.0,-307000000.0,-12000000.0,-21000000.0,-31000000.0,-106000000.0,-7000000.0,-15000000.0,-20000000.0,-41000000.0,-3000000.0,-7000000.0,-12000000.0,-23000000.0,-3000000.0,4000000.0,13000000.0,-17000000.0,8000000.0,16000000.0,25000000.0
AmortizationOfIntangibleAssets / USD,,,,,,159000000.0,238000000.0,337000000.0,74000000.0,148000000.0,222000000.0,315000000.0,68000000.0,137000000.0,219000000.0,293000000.0,76000000.0,152000000.0,227000000.0,299000000.0,69000000.0,138000000.0,205000000.0,299000000.0,60000000.0,464000000.0,1200000000.0,271000000.0,726000000.0,1400000000.0,2100000000.0,1900000000.0,645000000.0,1300000000.0,1800000000.0,2700000000.0,578000000.0,1100000000.0,1600000000.0,2400000000.0,508000000.0,986000000.0,1400000000.0,2200000000.0,,,,1900000000.0,,,,1600000000.0,,,,1300000000.0,,,
AntidilutiveSecuritiesExcludedFromComputationOfEarningsPerShareAmount / shares,,,,,,,,,,,,,,,,,,,1000000.0,,,,,,,,,,38000000.0,37000000.0,37000000.0,31000000.0,31000000.0,31000000.0,31000000.0,31000000.0,31000000.0,29000000.0,29000000.0,31000000.0,27000000.0,26000000.0,26000000.0,29000000.0,15000000.0,15000000.0,18000000.0,26000000.0,21000000.0,20000000.0,20000000.0,19000000.0,18000000.0,18000000.0,18000000.0,20000000.0,17000000.0,17000000.0,17000000.0
Assets / USD,15707000000.0,15809000000.0,15707000000.0,,15605000000.0,15605000000.0,15605000000.0,15601000000.0,15599000000.0,15596000000.0,15596000000.0,15596000000.0,17295000000.0,17295000000.0,17295000000.0,17295000000.0,24550000000.0,24550000000.0,24550000000.0,24388000000.0,39316000000.0,39316000000.0,39316000000.0,39316000000.0,149067000000.0,149067000000.0,149067000000.0,149067000000.0,146623000000.0,146623000000.0,146623000000.0,146623000000.0,146130000000.0,146130000000.0,146130000000.0,146130000000.0,148188000000.0,148188000000.0,148188000000.0,148188000000.0,144206000000.0,144206000000.0,144206000000.0,144206000000.0,142491000000.0,142491000000.0,142491000000.0,142491000000.0,144523000000.0,144523000000.0,144523000000.0,144523000000.0,147193000000.0,147193000000.0,147193000000.0,147193000000.0,150020000000.0,150020000000.0,150020000000.0
AssetsCurrent / USD,326000000.0,490000000.0,326000000.0,,370000000.0,370000000.0,370000000.0,357000000.0,333000000.0,330000000.0,330000000.0,330000000.0,322000000.0,322000000.0,322000000.0,322000000.0,371000000.0,371000000.0,371000000.0,345000000.0,345000000.0,345000000.0,345000000.0,345000000.0,3300000000.0,3300000000.0,3300000000.0,3300000000.0,2555000000.0,2555000000.0,2555000000.0,2555000000.0,2730000000.0,2730000000.0,2730000000.0,2730000000.0,6471000000.0,6471000000.0,6471000000.0,6471000000.0,3909000000.0,3909000000.0,3909000000.0,3909000000.0,3566000000.0,3566000000.0,3566000000.0,3566000000.0,4017000000.0,4017000000.0,4017000000.0,4017000000.0,4132000000.0,4132000000.0,4132000000.0,4132000000.0,4233000000.0,4233000000.0,4233000000.0
BusinessCombinationRecognizedIdentifiableAssetsAcquiredAndLiabilitiesAssumedNoncurrentLiabilitiesLongTermDebt / USD,,,,,,,,,,,,,,,,,,,,,,,,,,,,,,,,,,,,,,,,,,,,,,,,,,,,,,,,,,12600000000.0,12400000000.0
CapitalizedContractCostNet / USD,,,,,,,,,,,,,,,,,,,,,,,,,,,,,,,,,,,,,,,,,,,,,,,,496000000.0,,,,505000000.0,,,,616000000.0,,,
CashAndCashEquivalentsAtCarryingValue / USD,4000000.0,166000000.0,4000000.0,,2000000.0,2000000.0,2000000.0,709000000.0,2000000.0,2000000.0,2000000.0,4000000.0,7000000.0,7000000.0,7000000.0,2000000.0,21000000.0,21000000.0,21000000.0,7000000.0,3000000.0,3000000.0,3000000.0,21000000.0,5000000.0,5000000.0,5000000.0,3000000.0,1535000000.0,1535000000.0,621000000.0,621000000.0,551000000.0,551000000.0,551000000.0,551000000.0,3483000000.0,3483000000.0,3483000000.0,3483000000.0,1001000000.0,1001000000.0,1001000000.0,1001000000.0,601000000.0,601000000.0,601000000.0,601000000.0,645000000.0,645000000.0,645000000.0,645000000.0,709000000.0,709000000.0,709000000.0,709000000.0,459000000.0,459000000.0,459000000.0
CashCashEquivalentsRestrictedCashAndRestrictedCashEquivalents / USD,,,,,,,,,,,,,,,,,,,,,,,,,,,,,,,1535000000.0,22269000000.0,621000000.0,621000000.0,621000000.0,1535000000.0,765000000.0,765000000.0,765000000.0,621000000.0,3549000000.0,3549000000.0,3549000000.0,765000000.0,1001000000.0,1001000000.0,1001000000.0,3549000000.0,601000000.0,601000000.0,601000000.0,1001000000.0,645000000.0,645000000.0,645000000.0,601000000.0,709000000.0,709000000.0,709000000.0
CashCashEquivalentsRestrictedCashAndRestrictedCashEquivalentsPeriodIncreaseDecreaseIncludingExchangeRateEffect / USD,,,,,,,,,,,,,,,,,,,,,,,,,,,,,,,629000000.0,-20734000000.0,-45000000.0,152000000.0,39000000.0,-914000000.0,861000000.0,81000000.0,-168000000.0,144000000.0,-613000000.0,-1447000000.0,-2263000000.0,2784000000.0,-229000000.0,710000000.0,-535000000.0,-2548000000.0,1830000000.0,-118000000.0,-121000000.0,-400000000.0,-111000000.0,-167000000.0,-74000000.0,44000000.0,-48000000.0,-67000000.0,41000000.0
ContractWithCustomerLiabilityCurrent / USD,,,,,,,,,,,,,,,,,,,,,,,,,,,,,,,,,,,,,,,,,,,,,,,,461000000.0,,,,511000000.0,,,,509000000.0,,,
ContractWithCustomerReceivableAfterAllowanceForCreditLossCurrent / USD,,,,,,,,,,,,,,,,,,,,,,,,,,,,,,,,,,,,,,,,,,,,,,,,391000000.0,,,,577000000.0,,,,673000000.0,,,
ContractWithCustomerReceivableAfterAllowanceForCreditLossNoncurrent / USD,,,,,,,,,,,,,,,,,,,,,,,,,,,,,,,,,,,,,,,,,,,,,,,,189000000.0,,,,261000000.0,,,,687000000.0,,,
ContractualObligation / USD,,,,,,,,1294000000.0,,,,1668000000.0,,,,1283000000.0,,,,1163000000.0,,14400000000.0,15018000000.0,14821000000.0,,,,15302000000.0,,,172000000.0,18080000000.0,,,,12934000000.0,,,,15481000000.0,,,,12690000000.0,,,,13453000000.0,,,,12672000000.0,,,,10788000000.0,,,
ContractualObligationDueAfterFifthYear / USD,,,,,,,,14000000.0,,,,33000000.0,,,,25000000.0,,,,26000000.0,,10439000000.0,10610000000.0,9546000000.0,,,,9182000000.0,,,,8833000000.0,,,,6196000000.0,,,,7289000000.0,,,,6892000000.0,,,,6177000000.0,,,,5586000000.0,,,,4945000000.0,,,
ContractualObligationDueInFifthYear / USD,,,,,,,,101000000.0,,,,22000000.0,,,,26000000.0,,,,25000000.0,,610000000.0,797000000.0,647000000.0,,,,631000000.0,,,,675000000.0,,,,526000000.0,,,,580000000.0,,,,721000000.0,,,,739000000.0,,,,633000000.0,,,,655000000.0,,,
ContractualObligationDueInFourthYear / USD,,,,,,,,112000000.0,,,,258000000.0,,,,37000000.0,,,,40000000.0,,672000000.0,848000000.0,828000000.0,,,,818000000.0,,,,704000000.0,,,,377000000.0,,,,566000000.0,,,,736000000.0,,,,753000000.0,,,,969000000.0,,,,728000000.0,,,
ContractualObligationDueInNextTwelveMonths / USD,,,,,,,,685000000.0,,,,797000000.0,,,,605000000.0,,,,713000000.0,,,,1818000000.0,,,,2306000000.0,,,,2629000000.0,,,,2752000000.0,,,,5292000000.0,,,,2317000000.0,,,,2762000000.0,,,,3171000000.0,,,,1995000000.0,,,
ContractualObligationDueInSecondYear / USD,,,,,,,,240000000.0,,,,288000000.0,,,,311000000.0,,,,304000000.0,,1146000000.0,1314000000.0,1072000000.0,,,,1305000000.0,,,,2389000000.0,,,,2635000000.0,,,,942000000.0,,,,1167000000.0,,,,2202000000.0,,,,1221000000.0,,,,1344000000.0,,,
ContractualObligationDueInThirdYear / USD,,,,,,,,142000000.0,,,,270000000.0,,,,279000000.0,,,,55000000.0,,795000000.0,1018000000.0,910000000.0,,,,1060000000.0,,,,2850000000.0,,,,448000000.0,,,,812000000.0,,,,857000000.0,,,,820000000.0,,,,1092000000.0,,,,1121000000.0,,,
CostsAndExpenses / USD,1484000000.0,3001000000.0,4530000000.0,,1501000000.0,3022000000.0,4594000000.0,6035000000.0,1597000000.0,3212000000.0,4881000000.0,6163000000.0,1694000000.0,3430000000.0,5342000000.0,6589000000.0,1962000000.0,3985000000.0,6054000000.0,7246000000.0,2113000000.0,4274000000.0,6451000000.0,8137000000.0,2228000000.0,8219000000.0,17345000000.0,8640000000.0,9223000000.0,18528000000.0,28077000000.0,26547000000.0,9615000000.0,19109000000.0,28621000000.0,37475000000.0,9781000000.0,19587000000.0,29451000000.0,38413000000.0,9936000000.0,19663000000.0,29530000000.0,39253000000.0,10454000000.0,20681000000.0,30900000000.0,39692000000.0,10429000000.0,20800000000.0,31426000000.0,41156000000.0,10727000000.0,21146000000.0,31604000000.0,42060000000.0,10548000000.0,20970000000.0,31430000000.0
CurrentFederalTaxExpenseBenefit / USD,,,,,,,,0.0,,,,0.0,,,,0.0,,,,1000000.0,,,,1000000.0,,,,1000000.0,,,,4000000.0,,,,4000000.0,,,,23000000.0,,,,6000000.0,,,,-7000000.0,,,,12000000.0,,,,1178000000.0,,,
CurrentIncomeTaxExpenseBenefit / USD,,,,,,,,8000000.0,,,,9000000.0,,,,7000000.0,,,,8000000.0,,,,3000000.0,,,,5000000.0,,,,33000000.0,,,,29000000.0,,,,70000000.0,,,,119000000.0,,,,161000000.0,,,,242000000.0,,,,1526000000.0,,,
CurrentStateAndLocalTaxExpenseBenefit / USD,,8000000.0,,,,8000000.0,,8000000.0,,,,9000000.0,,,,7000000.0,,,,7000000.0,,,,2000000.0,,,,4000000.0,,,,29000000.0,,,,25000000.0,,,,47000000.0,,,,113000000.0,,,,168000000.0,,,,230000000.0,,,,348000000.0,,,
DebtInstrumentFaceAmount / USD,,12316000000.0,12316000000.0,12821000000.0,12821000000.0,12821000000.0,12821000000.0,12821000000.0,12937000000.0,12937000000.0,12937000000.0,12937000000.0,14248000000.0,14248000000.0,14248000000.0,14248000000.0,21092000000.0,21092000000.0,21092000000.0,21092000000.0,35902000000.0,35902000000.0,35902000000.0,35902000000.0,60036000000.0,60036000000.0,60036000000.0,60036000000.0,69003000000.0,69003000000.0,69003000000.0,69003000000.0,71961000000.0,71961000000.0,71961000000.0,71961000000.0,78416000000.0,78416000000.0,78416000000.0,78416000000.0,82143000000.0,82143000000.0,82143000000.0,82143000000.0,91198000000.0,91198000000.0,91198000000.0,91198000000.0,97368000000.0,97368000000.0,97368000000.0,97368000000.0,97588000000.0,97588000000.0,97588000000.0,97588000000.0,93779000000.0,93779000000.0,93779000000.0
DebtInstrumentRepurchasedFaceAmount / USD,,,,,,,,,,,,,,,,,,,,,,,,,,,,,,,,2900000000.0,,,,2800000000.0,,,,1350000000.0,,,,1350000000.0,,,,10700000000.0,,,,5100000000.0,,,,3000000000.0,,,
DebtWeightedAverageInterestRate / pure,,,,,,,,,,,,,,,,,,,,,,,,,,,,,,,,,,,,,,,,,,,,,,,,0.045,,,,0.051,,,,0.053,,,
DeferredFederalIncomeTaxExpenseBenefit / USD,,,,,,,,263000000.0,,,,258000000.0,,,,223000000.0,,,,101000000.0,,,,192000000.0,,,,-53000000.0,,,,-2549000000.0,,,,-9082000000.0,,,,204000000.0,,,,358000000.0,,,,536000000.0,,,,1049000000.0,,,,55000000.0,,,
DeferredIncomeTaxExpenseBenefit / USD,16000000.0,98000000.0,204000000.0,,77000000.0,155000000.0,225000000.0,287000000.0,70000000.0,136000000.0,203000000.0,290000000.0,2000000.0,56000000.0,112000000.0,250000000.0,62000000.0,124000000.0,177000000.0,112000000.0,34000000.0,66000000.0,-76000000.0,233000000.0,28000000.0,-3164000000.0,-3170000000.0,-65000000.0,16000000.0,42000000.0,53000000.0,-2958000000.0,28000000.0,57000000.0,137000000.0,-9116000000.0,81000000.0,137000000.0,233000000.0,110000000.0,-14000000.0,101000000.0,252000000.0,320000000.0,156000000.0,371000000.0,668000000.0,465000000.0,38000000.0,115000000.0,165000000.0,826000000.0,-23000000.0,-63000000.0,-46000000.0,87000000.0,21000000.0,-13000000.0,48000000.0
DeferredIncomeTaxLiabilities / USD,,,,,,,,2061000000.0,,,,2177000000.0,,,,2347000000.0,,,,2922000000.0,,,,3404000000.0,,,,30835000000.0,,,,20121000000.0,,,,20331000000.0,,,,20168000000.0,,,,20001000000.0,,,,19997000000.0,,,,19905000000.0,,,,20071000000.0,,,
DeferredIncomeTaxLiabilitiesNet / USD,,,,,,,,,,,,,,,,,,,,,,,,,,,,,,,,,,,,,17711000000.0,17711000000.0,17711000000.0,17711000000.0,18108000000.0,18108000000.0,18108000000.0,18108000000.0,19096000000.0,19096000000.0,19096000000.0,19096000000.0,19058000000.0,19058000000.0,19058000000.0,19058000000.0,18954000000.0,18954000000.0,18954000000.0,18954000000.0,18845000000.0,18845000000.0,18845000000.0
DeferredRevenueCurrent / USD,,,,,,,,73000000.0,81000000.0,81000000.0,81000000.0,81000000.0,90000000.0,90000000.0,90000000.0,90000000.0,85000000.0,85000000.0,85000000.0,85000000.0,96000000.0,96000000.0,96000000.0,96000000.0,352000000.0,352000000.0,352000000.0,352000000.0,395000000.0,395000000.0,395000000.0,395000000.0,494000000.0,494000000.0,494000000.0,494000000.0,460000000.0,460000000.0,460000000.0,460000000.0,436000000.0,436000000.0,436000000.0,436000000.0,461000000.0,461000000.0,461000000.0,461000000.0,511000000.0,511000000.0,511000000.0,511000000.0,509000000.0,509000000.0,509000000.0,509000000.0,456000000.0,456000000.0,456000000.0
DeferredStateAndLocalIncomeTaxExpenseBenefit / USD,,,,,,,,24000000.0,,,,32000000.0,,,,27000000.0,,,,11000000.0,,,,41000000.0,,,,-12000000.0,,,,-409000000.0,,,,-34000000.0,,,,-94000000.0,,,,-38000000.0,,,,-71000000.0,,,,-223000000.0,,,,32000000.0,,,
DeferredTaxAssetsGross / USD,,,,,,,,3824000000.0,,,,3725000000.0,,,,3893000000.0,,,,4423000000.0,,,,5000000000.0,,,,4370000000.0,,,,2944000000.0,,,,3031000000.0,,,,2503000000.0,,,,1925000000.0,,,,937000000.0,,,,887000000.0,,,,1142000000.0,,,
DeferredTaxAssetsNet / USD,,,,,,,,1237000000.0,,,,874000000.0,,,,932000000.0,,,,1274000000.0,,,,1814000000.0,,,,4170000000.0,,,,2807000000.0,,,,2942000000.0,,,,2457000000.0,,,,1893000000.0,,,,901000000.0,,,,847000000.0,,,,1117000000.0,,,
DeferredTaxAssetsOperatingLossCarryforwards / USD,,,,,,,,3069000000.0,,,,2943000000.0,,,,3170000000.0,,,,3595000000.0,,,,4247000000.0,,,,4127000000.0,,,,2657000000.0,,,,2453000000.0,,,,1839000000.0,,,,1344000000.0,,,,325000000.0,,,,375000000.0,,,,582000000.0,,,
DeferredTaxAssetsOther / USD,,,,,,,,114000000.0,,,,135000000.0,,,,112000000.0,,,,172000000.0,,,,227000000.0,,,,243000000.0,,,,287000000.0,,,,578000000.0,,,,664000000.0,,,,581000000.0,,,,612000000.0,,,,512000000.0,,,,560000000.0,,,
DeferredTaxAssetsValuationAllowance / USD,,,,,,,,2587000000.0,,,,2851000000.0,,,,2961000000.0,,,,3149000000.0,,15000000.0,15000000.0,3186000000.0,,,,200000000.0,,,,137000000.0,,,,89000000.0,,,,46000000.0,,,,32000000.0,,,,36000000.0,,,,40000000.0,,,,25000000.0,,,
DeferredTaxLiabilities / USD,,,,,,824000000.0,824000000.0,824000000.0,1100000000.0,1300000000.0,1300000000.0,1303000000.0,1400000000.0,1400000000.0,1400000000.0,1415000000.0,1600000000.0,1600000000.0,1600000000.0,1648000000.0,,,,1590000000.0,26665000000.0,26665000000.0,26665000000.0,26665000000.0,17314000000.0,17314000000.0,17314000000.0,17314000000.0,17389000000.0,17389000000.0,17389000000.0,17389000000.0,,,,17711000000.0,,,,18108000000.0,,,,19096000000.0,,,,19058000000.0,,,,18954000000.0,,,
DeferredTaxLiabilitiesInvestments / USD,,,,,,,,,,,,,,,,,,,,,,,,,,,,,,,,,,,,,,,,,,,,,,,,19986000000.0,,,,19899000000.0,,,,20061000000.0,,,
DeferredTaxLiabilitiesOther / USD,,,,,,,,,,,,,,,,,,,,,,,,0.0,,,,3000000.0,,,,14000000.0,,,,12000000.0,,,,9000000.0,,,,5000000.0,,,,11000000.0,,,,6000000.0,,,,10000000.0,,,
DefinedBenefitPlanAccumulatedBenefitObligation / USD,,,,,,,,,,,,,,,,,,,,,,3600000000.0,3600000000.0,3260000000.0,,,,3260000000.0,,,,3569000000.0,,,,3041000000.0,,,,3361000000.0,,,,3688000000.0,,,,3374000000.0,,,,2243000000.0,,,,2426000000.0,,,
DefinedBenefitPlanActualReturnOnPlanAssets / USD,,,,,,,,,,,,,,,,,,,,,,,,162000000.0,,,,162000000.0,,,,539000000.0,,,,-118000000.0,,,,559000000.0,,,,480000000.0,,,,219000000.0,,,,-675000000.0,,,,124000000.0,,,
DefinedBenefitPlanActuarialGainLoss / USD,,,,,,,,,,,,,,,,,,,,,,,,-149000000.0,,,,-149000000.0,,,,-406000000.0,,,,-438000000.0,,,,499000000.0,,,,436000000.0,,,,-183000000.0,,,,-1032000000.0,,,,222000000.0,,,
DefinedBenefitPlanAmortizationOfGainsLosses / USD,,,,,,,,,,,,,,,,,,,,,,,,195000000.0,,-157000000.0,-157000000.0,195000000.0,,,-30000000.0,195000000.0,,,187000000.0,-55000000.0,,,0.0,122000000.0,,0.0,-125000000.0,-104000000.0,,155000000.0,155000000.0,-112000000.0,,,189000000.0,237000000.0,,,,201000000.0,,,
DefinedBenefitPlanAssumptionsUsedCalculatingBenefitObligationDiscountRate / pure,,,,,,,,,,,,,,,,,,,,,,0.0399,0.0399,0.0399,,,,0.0399,,,,0.0399,,,,0.0437,,,,0.0348,,,,0.027,,,,0.0301,,,,0.0546,,,,0.0465,,,
DefinedBenefitPlanAssumptionsUsedCalculatingNetPeriodicBenefitCostDiscountRate / pure,,,,,,,,,,,,,,,,,,,,,,,,0.0399,,,0.042,0.0399,,,0.042,0.0399,,,0.0368,0.0388,,,,0.0424,,,,0.0437,,,,0.0348,,,,0.027,,,,0.0301,,,
DefinedBenefitPlanAssumptionsUsedCalculatingNetPeriodicBenefitCostExpectedLongTermReturnOnAssets / pure,,,,,,,,,,,,,,,,,,,,,,0.065,0.065,0.065,,,0.065,0.065,,,0.065,0.065,,,,0.065,,,,0.0575,,,,0.0575,,,,0.05,,,,0.05,,,,0.05,,,
DefinedBenefitPlanBenefitObligation / USD,,,,,,,,,,,,,,,,,,,,,,4000000000.0,4000000000.0,0.0,,,,0.0,,,,3260000000.0,,,,3569000000.0,,,,3041000000.0,,,,3361000000.0,,,,3688000000.0,,,,3374000000.0,,,,2243000000.0,,,
DefinedBenefitPlanBenefitObligationBenefitsPaid / USD,,,,,,,,,,,,,,,,,,,,,,,,,,,,,,,,45000000.0,,,,49000000.0,,,,51000000.0,,,,53000000.0,,,,55000000.0,,,,56000000.0,,,,59000000.0,,,
DefinedBenefitPlanContributionsByEmployer / USD,,,,,,,,,,,,,,,,,,,,,,,,5000000.0,,,,5000000.0,,,,18000000.0,,,,6000000.0,,,,4000000.0,,,,3000000.0,,,,4000000.0,,,,3000000.0,,,,2000000.0,,,
DefinedBenefitPlanExpectedFutureBenefitPaymentsFiveFiscalYearsThereafter / USD,,,,,,,,,,,,,,,,,,,,,,,,911000000.0,,,,944000000.0,,,,866000000.0,,,,929000000.0,,,,929000000.0,,,,843000000.0,,,,746000000.0,,,,753000000.0,,,,741000000.0,,,
DefinedBenefitPlanExpectedFutureBenefitPaymentsNextTwelveMonths / USD,,,,,,,,,,,,,,,,,,,,,,,,170000000.0,,,,186000000.0,,,,161000000.0,,,,183000000.0,,,,268000000.0,,,,227000000.0,,,,191000000.0,,,,194000000.0,,,,209000000.0,,,
DefinedBenefitPlanExpectedFutureBenefitPaymentsYearFive / USD,,,,,,,,,,,,,,,,,,,,,,,,182000000.0,,,,193000000.0,,,,174000000.0,,,,190000000.0,,,,211000000.0,,,,188000000.0,,,,162000000.0,,,,162000000.0,,,,163000000.0,,,
DefinedBenefitPlanExpectedFutureBenefitPaymentsYearFour / USD,,,,,,,,,,,,,,,,,,,,,,,,180000000.0,,,,192000000.0,,,,172000000.0,,,,190000000.0,,,,223000000.0,,,,196000000.0,,,,167000000.0,,,,169000000.0,,,,168000000.0,,,
DefinedBenefitPlanExpectedFutureBenefitPaymentsYearThree / USD,,,,,,,,,,,,,,,,,,,,,,,,177000000.0,,,,191000000.0,,,,170000000.0,,,,188000000.0,,,,236000000.0,,,,206000000.0,,,,173000000.0,,,,176000000.0,,,,176000000.0,,,
DefinedBenefitPlanExpectedFutureBenefitPaymentsYearTwo / USD,,,,,,,,,,,,,,,,,,,,,,,,174000000.0,,,,188000000.0,,,,166000000.0,,,,186000000.0,,,,249000000.0,,,,217000000.0,,,,180000000.0,,,,183000000.0,,,,185000000.0,,,
DefinedBenefitPlanExpectedReturnOnPlanAssets / USD,,,,,,,,,,,,,,,,,,,,,,23000000.0,70000000.0,116000000.0,47000000.0,23000000.0,70000000.0,116000000.0,47000000.0,94000000.0,140000000.0,116000000.0,52000000.0,104000000.0,156000000.0,189000000.0,41000000.0,82000000.0,123000000.0,198000000.0,38000000.0,77000000.0,116000000.0,164000000.0,,,,156000000.0,,,,165000000.0,,,,156000000.0,,,
DefinedBenefitPlanFairValueOfPlanAssets / USD,,,,,,,,,,,,,,,,,,,,,,2900000000.0,2900000000.0,0.0,,,,0.0,,,,2946000000.0,,,,3273000000.0,,,,2943000000.0,,,,3198000000.0,,,,3462000000.0,,,,3457000000.0,,,,2583000000.0,,,
DefinedBenefitPlanFundedStatusOfPlan / USD,,,,,,,,,,,,,,,,,,,,,,647000000.0,647000000.0,-314000000.0,,,,-314000000.0,,,,-296000000.0,,,,-98000000.0,,,,-163000000.0,,,,-226000000.0,,,,83000000.0,,,,340000000.0,,,,127000000.0,,,
DefinedBenefitPlanInterestCost / USD,,,,,,,,,,,,,,,,,,,,,,21000000.0,55000000.0,87000000.0,34000000.0,21000000.0,55000000.0,87000000.0,34000000.0,68000000.0,101000000.0,87000000.0,32000000.0,64000000.0,96000000.0,133000000.0,32000000.0,64000000.0,96000000.0,128000000.0,28000000.0,56000000.0,85000000.0,129000000.0,,,,110000000.0,,,,97000000.0,,,,103000000.0,,,
DefinedBenefitPlanNetPeriodicBenefitCost / USD,,,,,,,,,,,,,,,,,,,,,,-485000000.0,-447000000.0,-813000000.0,-13000000.0,-485000000.0,-447000000.0,-813000000.0,-13000000.0,-26000000.0,-9000000.0,-813000000.0,-20000000.0,-40000000.0,-247000000.0,-1000000.0,-9000000.0,-18000000.0,-27000000.0,-192000000.0,-10000000.0,-21000000.0,94000000.0,69000000.0,,,,66000000.0,,,,-305000000.0,,,,-254000000.0,,,-4000000.0
DefinedBenefitPlanPlanAssetsBenefitsPaid / USD,,,,,,,,,,,,,,,,,,,,,,,,,,,,,,,,45000000.0,,,,49000000.0,,,,51000000.0,,,,53000000.0,,,,55000000.0,,,,56000000.0,,,,59000000.0,,,
DefinedBenefitPlanSettlementsBenefitObligation / USD,,,,,,,,,,,,,,,,,,,,,,,,,,,,0.0,,,,185000000.0,,,,169000000.0,,,,257000000.0,,,,166000000.0,,,,173000000.0,,,,146000000.0,,,,97000000.0,,,
DefinedBenefitPlanSettlementsPlanAssets / USD,,,,,,,,,,,,,,,,,,,,,,,,,,,,0.0,,,,185000000.0,,,,169000000.0,,,,257000000.0,,,,166000000.0,,,,173000000.0,,,,146000000.0,,,,97000000.0,,,
DefinedContributionPlanEmployerDiscretionaryContributionAmount / USD,,,,,,,,7000000.0,,,,6000000.0,,,,8000000.0,,,,16000000.0,,,,,,,,,,,,,,,,,,,,,,,,,,,,493000000.0,,,,495000000.0,,,,506000000.0,,,
Depreciation / USD,,,,,,,,1200000000.0,,,,1300000000.0,,,,1400000000.0,,,,1600000000.0,,904000000.0,1400000000.0,1800000000.0,,,,1900000000.0,,,,5000000000.0,,,,7800000000.0,,,,7900000000.0,,,,7800000000.0,,,,7800000000.0,,,,7700000000.0,,,,7600000000.0,,,
DepreciationAmortizationAndAccretionNet / USD,369000000.0,749000000.0,1134000000.0,,383000000.0,776000000.0,1181000000.0,1524000000.0,408000000.0,823000000.0,1247000000.0,1592000000.0,425000000.0,861000000.0,1354000000.0,1713000000.0,505000000.0,1033000000.0,1568000000.0,1854000000.0,514000000.0,1042000000.0,1580000000.0,2102000000.0,539000000.0,1975000000.0,4412000000.0,2125000000.0,2550000000.0,5145000000.0,7846000000.0,6907000000.0,2710000000.0,5302000000.0,7784000000.0,10588000000.0,2550000000.0,5050000000.0,7465000000.0,10318000000.0,2497000000.0,4925000000.0,7295000000.0,9926000000.0,2441000000.0,4795000000.0,7065000000.0,9704000000.0,2294000000.0,4534000000.0,6711000000.0,9345000000.0,2206000000.0,4378000000.0,6508000000.0,8903000000.0,2190000000.0,4360000000.0,6505000000.0
EarningsPerShareBasic / USD/shares,0.21,,,,,,,,,,,0.38,,,,0.38,,,0.48,-0.73,,-2.01,-1.48,-1.88,-1.86,20.21,16.52,-2.68,0.58,1.11,1.31,17.05,0.71,1.87,3.99,38.55,1.13,2.54,4.3,5.29,1.91,5.62,9.62,7.6,4.22,9.69,16.33,15.85,7.05,15.98,23.51,25.34,6.74,14.89,23.3,31.3,7.66,16.24,25.23
EarningsPerShareDiluted / USD/shares,0.21,,,,,,,,,,,0.35,,,,0.35,,,0.48,-0.73,,-2.01,-1.48,-1.88,-1.86,19.0,15.23,-2.68,0.57,1.09,1.29,15.94,0.7,1.84,3.93,34.09,1.11,2.5,4.23,5.22,1.86,5.48,9.35,7.45,4.11,9.37,15.78,15.4,6.9,15.66,23.06,24.47,6.65,14.69,22.94,30.74,7.55,16.03,24.86
EffectiveIncomeTaxRateReconciliationAtFederalStatutoryIncomeTaxRate / pure,,,,,,,,0.35,,,,0.35,,,,0.35,,,,0.35,,,,0.35,,,,0.35,,,,0.35,,,,0.35,,,,0.21,,,,0.21,,,,0.21,,,,0.21,,,,0.21,,,
EmployeeRelatedLiabilitiesCurrent / USD,,124000000.0,124000000.0,,123000000.0,123000000.0,123000000.0,123000000.0,145000000.0,145000000.0,145000000.0,145000000.0,156000000.0,156000000.0,156000000.0,156000000.0,169000000.0,169000000.0,169000000.0,169000000.0,186000000.0,186000000.0,191000000.0,191000000.0,1111000000.0,1111000000.0,1111000000.0,1111000000.0,1109000000.0,1109000000.0,1109000000.0,1109000000.0,1052000000.0,1052000000.0,1052000000.0,1052000000.0,1028000000.0,1028000000.0,1028000000.0,1028000000.0,1374000000.0,1374000000.0,1374000000.0,1374000000.0,1304000000.0,1304000000.0,1304000000.0,1304000000.0,1314000000.0,1314000000.0,1314000000.0,1314000000.0,1283000000.0,1283000000.0,1283000000.0,1283000000.0,1365000000.0,1365000000.0,1365000000.0
EntityPublicFloat / USD,1300000000.0,1300000000.0,1300000000.0,2600000000.0,,2600000000.0,2600000000.0,2800000000.0,2800000000.0,2800000000.0,2800000000.0,8800000000.0,8800000000.0,8800000000.0,8800000000.0,12300000000.0,12300000000.0,12300000000.0,12300000000.0,13900000000.0,13900000000.0,13900000000.0,,49100000000.0,49100000000.0,49100000000.0,49100000000.0,68000000000.0,68000000000.0,68000000000.0,68000000000.0,51500000000.0,,,,65300000000.0,,,,75800000000.0,,,,90200000000.0,,,,50800000000.0,,,,36900000000.0,,,,28300000000.0,,,
EquityMethodInvestmentDifferenceBetweenCarryingAmountAndUnderlyingEquity / USD,,,,,,,,,,,,,,,,,,,,,,,,436000000.0,,,,436000000.0,,,,407000000.0,,,,396000000.0,,,,203000000.0,,,,186000000.0,,,,40000000.0,,,,432000000.0,,,,340000000.0,,,
EquityMethodInvestments / USD,,,,,,,,,,,,,,,,,,,,,,,,53000000.0,,,,519000000.0,,,,482000000.0,,,,454000000.0,,,,309000000.0,,,,294000000.0,,979000000.0,981000000.0,112000000.0,,,,991000000.0,,,,684000000.0,,,
FiniteLivedIntangibleAssetsAccumulatedAmortization / USD,,365000000.0,365000000.0,,680000000.0,680000000.0,680000000.0,680000000.0,973000000.0,973000000.0,973000000.0,973000000.0,1272000000.0,1272000000.0,1272000000.0,1272000000.0,1571000000.0,1571000000.0,1571000000.0,1571000000.0,1842000000.0,1842000000.0,1842000000.0,1842000000.0,3746000000.0,3746000000.0,3746000000.0,3746000000.0,6479000000.0,6479000000.0,6479000000.0,6479000000.0,8756000000.0,8756000000.0,8756000000.0,8756000000.0,10899000000.0,10899000000.0,10899000000.0,10899000000.0,12774000000.0,12774000000.0,12774000000.0,12774000000.0,14180000000.0,14180000000.0,14180000000.0,14376000000.0,15478000000.0,15478000000.0,15478000000.0,15714000000.0,16523000000.0,16523000000.0,16523000000.0,16801000000.0,17319000000.0,17319000000.0,17319000000.0
FiniteLivedIntangibleAssetsAmortizationExpenseAfterYearFive / USD,,,,,,577000000.0,580000000.0,421000000.0,424000000.0,426000000.0,483000000.0,323000000.0,324000000.0,325000000.0,326000000.0,199000000.0,201000000.0,202000000.0,204000000.0,109000000.0,110000000.0,5838000000.0,5845000000.0,4225000000.0,4231000000.0,4250000000.0,4256000000.0,2944000000.0,2899000000.0,2904000000.0,2923000000.0,1861000000.0,1860000000.0,1860000000.0,1861000000.0,1041000000.0,1041000000.0,1040000000.0,1041000000.0,468000000.0,468000000.0,469000000.0,470000000.0,151000000.0,,,,60000000.0,,,,49000000.0,,,,42000000.0,,,
FiniteLivedIntangibleAssetsAmortizationExpenseNextTwelveMonths / USD,,,,,,145000000.0,,269000000.0,,,,298000000.0,,,,267000000.0,,,,237000000.0,,,,2743000000.0,,,,2478000000.0,,,,2152000000.0,,,,1874000000.0,,,,1602000000.0,1332000000.0,1332000000.0,1332000000.0,1336000000.0,,,,1083000000.0,,,,836000000.0,,,,592000000.0,,,
FiniteLivedIntangibleAssetsAmortizationExpenseYearFive / USD,,,,,,187000000.0,188000000.0,163000000.0,164000000.0,165000000.0,197000000.0,162000000.0,163000000.0,163000000.0,164000000.0,131000000.0,132000000.0,133000000.0,133000000.0,95000000.0,96000000.0,1904000000.0,1906000000.0,1602000000.0,1604000000.0,1609000000.0,1611000000.0,1342000000.0,1319000000.0,1320000000.0,1326000000.0,1070000000.0,1070000000.0,1070000000.0,1072000000.0,821000000.0,821000000.0,821000000.0,821000000.0,575000000.0,,,,321000000.0,,,,96000000.0,,,,17000000.0,,,,18000000.0,,,
FiniteLivedIntangibleAssetsAmortizationExpenseYearFour / USD,,,,,,214000000.0,215000000.0,189000000.0,191000000.0,192000000.0,230000000.0,197000000.0,198000000.0,198000000.0,199000000.0,165000000.0,168000000.0,168000000.0,168000000.0,133000000.0,134000000.0,2198000000.0,2201000000.0,1886000000.0,1887000000.0,1894000000.0,1895000000.0,1619000000.0,1589000000.0,1591000000.0,1596000000.0,1327000000.0,1327000000.0,1327000000.0,1329000000.0,1072000000.0,1072000000.0,1072000000.0,1072000000.0,824000000.0,575000000.0,576000000.0,576000000.0,579000000.0,,,,324000000.0,,,,99000000.0,,,,20000000.0,,,
FiniteLivedIntangibleAssetsAmortizationExpenseYearThree / USD,,,,,,240000000.0,241000000.0,216000000.0,217000000.0,218000000.0,264000000.0,231000000.0,231000000.0,232000000.0,232000000.0,200000000.0,202000000.0,203000000.0,203000000.0,169000000.0,169000000.0,2485000000.0,2488000000.0,2178000000.0,2179000000.0,2185000000.0,2187000000.0,1903000000.0,1864000000.0,1866000000.0,1871000000.0,1597000000.0,1597000000.0,1597000000.0,1599000000.0,1329000000.0,1329000000.0,1329000000.0,1329000000.0,1075000000.0,824000000.0,824000000.0,824000000.0,828000000.0,,,,582000000.0,,,,329000000.0,,,,102000000.0,,,
FiniteLivedIntangibleAssetsAmortizationExpenseYearTwo / USD,,,,,,267000000.0,267000000.0,242000000.0,244000000.0,244000000.0,297000000.0,264000000.0,265000000.0,265000000.0,266000000.0,234000000.0,236000000.0,237000000.0,237000000.0,204000000.0,204000000.0,2770000000.0,2773000000.0,2461000000.0,2462000000.0,2468000000.0,2470000000.0,2195000000.0,2146000000.0,2148000000.0,2153000000.0,1875000000.0,1873000000.0,1873000000.0,1875000000.0,1599000000.0,1599000000.0,1599000000.0,1599000000.0,1332000000.0,1075000000.0,1075000000.0,1075000000.0,1079000000.0,,,,831000000.0,,,,587000000.0,,,,334000000.0,,,
FiniteLivedIntangibleAssetsGross / USD,,2411000000.0,2411000000.0,,2447000000.0,2447000000.0,2447000000.0,2447000000.0,2473000000.0,2473000000.0,2473000000.0,2473000000.0,2747000000.0,2747000000.0,2747000000.0,2747000000.0,2767000000.0,2767000000.0,2767000000.0,2767000000.0,2789000000.0,2789000000.0,2789000000.0,2789000000.0,18841000000.0,18841000000.0,18841000000.0,18841000000.0,18960000000.0,18960000000.0,18960000000.0,18960000000.0,18638000000.0,18638000000.0,18638000000.0,18638000000.0,18635000000.0,18635000000.0,18635000000.0,18635000000.0,18650000000.0,18650000000.0,18650000000.0,18650000000.0,,,,18670000000.0,,,,18690000000.0,,,,18718000000.0,,,
FiniteLivedIntangibleAssetsNet / USD,,2046000000.0,2046000000.0,,1767000000.0,1767000000.0,1767000000.0,1767000000.0,1500000000.0,1500000000.0,1500000000.0,1500000000.0,1475000000.0,1475000000.0,1475000000.0,1475000000.0,1196000000.0,1196000000.0,1196000000.0,1196000000.0,947000000.0,947000000.0,947000000.0,947000000.0,15095000000.0,15095000000.0,15095000000.0,15095000000.0,12481000000.0,12481000000.0,12481000000.0,12481000000.0,9882000000.0,9882000000.0,9882000000.0,9882000000.0,7736000000.0,7736000000.0,7736000000.0,7736000000.0,5876000000.0,5876000000.0,5876000000.0,5876000000.0,,,,4294000000.0,,,,2976000000.0,,,,1917000000.0,,,
ForeignCurrencyTransactionGainLossRealized / USD,,,,,,,,,,,,,,,,,,,,,,0.0,0.0,0.0,0.0,147000000.0,196000000.0,0.0,-28000000.0,-91000000.0,-141000000.0,279000000.0,-65000000.0,41000000.0,63000000.0,-157000000.0,-40000000.0,4000000.0,56000000.0,102000000.0,108000000.0,111000000.0,45000000.0,-67000000.0,-15000000.0,-21000000.0,26000000.0,-55000000.0,50000000.0,175000000.0,304000000.0,20000000.0,-32000000.0,-78000000.0,-14000000.0,185000000.0,16000000.0,11000000.0,-81000000.0
GainLossOnDerivativeInstrumentsNetPretax / USD,,,,,,,,,0.0,,,,,,,,,,,,,,,,,,,,,-32000000.0,-15000000.0,89000000.0,63000000.0,-12000000.0,0.0,69000000.0,37000000.0,-82000000.0,-116000000.0,-110000000.0,-318000000.0,-254000000.0,-185000000.0,-54000000.0,48000000.0,-43000000.0,-107000000.0,-15000000.0,14000000.0,15000000.0,-178000000.0,-86000000.0,-27000000.0,-30000000.0,40000000.0,-95000000.0,-4000000.0,-18000000.0,-97000000.0
GainLossOnDispositionOfAssets1 / USD,,,,,,,,,,13000000.0,12000000.0,4000000.0,-1000000.0,-1000000.0,-6000000.0,5000000.0,-3000000.0,-2000000.0,-3000000.0,-8000000.0,-3000000.0,-6000000.0,-5000000.0,-10000000.0,0.0,7000000.0,9000000.0,-4000000.0,3000000.0,3000000.0,5000000.0,2000000.0,7000000.0,13000000.0,9000000.0,-16000000.0,1000000.0,-38000000.0,-33000000.0,-85000000.0,9000000.0,13000000.0,27000000.0,-42000000.0,-47000000.0,-44000000.0,-42000000.0,32000000.0,-2000000.0,-3000000.0,-6000000.0,-80000000.0,0.0,6000000.0,-4000000.0,-8000000.0,51000000.0,48000000.0,33000000.0
GainLossOnDispositionOfIntangibleAssets / USD,,,,,,,,,,,,,,,,,,,,,,,,,,,,,,,,,,,,,,,,,,,,,,,,,,,,262000000.0,,,,262000000.0,,,
GainLossOnForeignCurrencyDerivativeInstrumentsNotDesignatedAsHedgingInstruments / USD,,,,,,,,,,,,,,,,,,,,,,0.0,0.0,0.0,0.0,-185000000.0,-168000000.0,0.0,65000000.0,58000000.0,126000000.0,-179000000.0,128000000.0,-53000000.0,-63000000.0,226000000.0,77000000.0,-86000000.0,-172000000.0,-212000000.0,-426000000.0,-365000000.0,-230000000.0,13000000.0,63000000.0,-22000000.0,-133000000.0,40000000.0,-36000000.0,-160000000.0,-482000000.0,-106000000.0,5000000.0,48000000.0,54000000.0,-280000000.0,-20000000.0,-29000000.0,-16000000.0
GainLossOnSaleOfPropertyPlantEquipment / USD,,,,,,,,,,,,,,,,,,,,,,,,,,,,,,,,,,,,,,,,,,,,,,,,,,,,,67000000.0,67000000.0,67000000.0,,67000000.0,67000000.0,67000000.0
GainsLossesOnExtinguishmentOfDebt / USD,-1000000.0,-32000000.0,-38000000.0,,-67000000.0,-120000000.0,-124000000.0,-1000000.0,-15000000.0,-15000000.0,-15000000.0,-67000000.0,-42000000.0,-42000000.0,-42000000.0,-55000000.0,,0.0,0.0,-123000000.0,,-128000000.0,-128000000.0,0.0,0.0,-110000000.0,-110000000.0,-128000000.0,-34000000.0,-35000000.0,-35000000.0,-111000000.0,,,,-40000000.0,0.0,0.0,0.0,0.0,-27000000.0,-63000000.0,-121000000.0,-25000000.0,-29000000.0,-75000000.0,-144000000.0,-143000000.0,,-3000000.0,-3000000.0,-144000000.0,,0.0,0.0,-3000000.0,,9000000.0,9000000.0
Goodwill / USD,951000000.0,951000000.0,951000000.0,,954000000.0,954000000.0,954000000.0,954000000.0,953000000.0,953000000.0,953000000.0,953000000.0,1177000000.0,1177000000.0,1177000000.0,1177000000.0,1168000000.0,1168000000.0,1168000000.0,1168000000.0,1168000000.0,1168000000.0,1168000000.0,1168000000.0,29509000000.0,29509000000.0,29509000000.0,29509000000.0,29554000000.0,29554000000.0,29554000000.0,29554000000.0,29554000000.0,29554000000.0,29554000000.0,29554000000.0,29554000000.0,29554000000.0,29554000000.0,29554000000.0,29554000000.0,29554000000.0,29554000000.0,29554000000.0,29562000000.0,29562000000.0,29562000000.0,29562000000.0,29563000000.0,29563000000.0,29563000000.0,29563000000.0,29668000000.0,29668000000.0,29668000000.0,29668000000.0,29674000000.0,29674000000.0,29674000000.0
GovernmentAssistanceOperatingIncome / USD,,,,,,,,,,,,,,,,,,,,,,,,,,,,,,,,,,,,,,,,,,,,,,,,,,,,,,,,107000000.0,,,
GuaranteeObligationsCurrentCarryingValue / USD,,,,,,,,,,,,,,,,,,,,,,,,,,,,,,,,,,,,,,,,,,,,,,,,346000000.0,,,,296000000.0,,,,416000000.0,,,
ImpairmentOfIntangibleAssetsFinitelived / USD,,,,,,,,,,,,,,,,,,,,,,,,,,,,,,,,,,,,,,,,,,,,,,,,,,,,,,,,,90000000.0,90000000.0,90000000.0
ImpairmentOfLongLivedAssetsHeldForUse / USD,,,,0.0,,,,0.0,,,,0.0,,,,0.0,,,,0.0,,,,0.0,,,,0.0,,,,0.0,,41000000.0,41000000.0,0.0,,41000000.0,41000000.0,0.0,,,,0.0,,,,0.0,,,,0.0,,,,0.0,,,
IncomeLossFromContinuingOperationsBeforeIncomeTaxesExtraordinaryItemsNoncontrollingInterest / USD,,,,,-31000000.0,-57000000.0,-70000000.0,58000000.0,-23000000.0,-38000000.0,-56000000.0,-70000000.0,-33000000.0,-71000000.0,-84000000.0,-47000000.0,27000000.0,47000000.0,53000000.0,-49000000.0,-46000000.0,-133000000.0,-221000000.0,53000000.0,-160000000.0,-225000000.0,41000000.0,-331000000.0,236000000.0,479000000.0,597000000.0,820000000.0,251000000.0,631000000.0,1324000000.0,1028000000.0,436000000.0,906000000.0,1499000000.0,1686000000.0,496000000.0,1538000000.0,2647000000.0,2431000000.0,1137000000.0,2576000000.0,4330000000.0,4302000000.0,1734000000.0,3931000000.0,5658000000.0,6388000000.0,1557000000.0,3414000000.0,5219000000.0,7462000000.0,1726000000.0,3576000000.0,5456000000.0
IncomeLossFromEquityMethodInvestments / USD,,0.0,,,0.0,0.0,0.0,0.0,0.0,0.0,0.0,0.0,0.0,0.0,0.0,0.0,0.0,0.0,0.0,0.0,0.0,-5000000.0,-3000000.0,7000000.0,,,,7000000.0,,,,-14000000.0,,,,-18000000.0,,,,-77000000.0,,,-13000000.0,-135000000.0,15000000.0,-153000000.0,-162000000.0,-31000000.0,-8000000.0,56000000.0,5000000.0,-176000000.0,-79000000.0,-162000000.0,-249000000.0,-100000000.0,-86000000.0,-167000000.0,-234000000.0
IncomeTaxExpenseBenefit / USD,19000000.0,102000000.0,211000000.0,,79000000.0,160000000.0,232000000.0,295000000.0,71000000.0,139000000.0,208000000.0,299000000.0,9000000.0,67000000.0,124000000.0,257000000.0,64000000.0,129000000.0,188000000.0,120000000.0,35000000.0,70000000.0,-72000000.0,236000000.0,28000000.0,-3151000000.0,-3135000000.0,-60000000.0,25000000.0,73000000.0,99000000.0,-2925000000.0,28000000.0,69000000.0,178000000.0,-9087000000.0,119000000.0,203000000.0,329000000.0,180000000.0,29000000.0,195000000.0,372000000.0,439000000.0,216000000.0,497000000.0,844000000.0,626000000.0,345000000.0,834000000.0,1194000000.0,1068000000.0,374000000.0,818000000.0,1187000000.0,1613000000.0,446000000.0,873000000.0,1279000000.0
IncomeTaxReconciliationChangeInEnactedTaxRate / USD,,,,,,,,,,,,0.0,,,,0.0,,,,-4000000.0,,,44000000.0,3000000.0,,,,-4000000.0,,,,-65000000.0,,,,-9293000000.0,,,,-107000000.0,,,,-15000000.0,,,,-33000000.0,,,,-191000000.0,,,,-47000000.0,,,
IncomeTaxReconciliationIncomeTaxExpenseBenefitAtFederalStatutoryIncomeTaxRate / USD,,,,,,,,20000000.0,,,,-24000000.0,,,,-17000000.0,,,,-17000000.0,,,,18000000.0,,,,-116000000.0,,,,288000000.0,,,,360000000.0,,,,354000000.0,,,,510000000.0,,,,903000000.0,,,,1341000000.0,,,,1567000000.0,,,
IncomeTaxReconciliationMinorityInterestIncomeExpense / USD,,,,,,,,,,,,,,,,,,,,,,,,0.0,,,,0.0,,,,78000000.0,,,,84000000.0,,,,68000000.0,,,,80000000.0,,,,112000000.0,,,,163000000.0,,,,195000000.0,,,
IncomeTaxReconciliationNondeductibleExpense / USD,,,,,,,,4000000.0,,,,5000000.0,,,,6000000.0,,,,3000000.0,,,,10000000.0,,,,12000000.0,,,,62000000.0,,,,21000000.0,,,,25000000.0,,,,24000000.0,,,,,,,,27000000.0,,,,42000000.0,,,
IncomeTaxReconciliationNondeductibleExpenseShareBasedCompensationCost / USD,,,,,,,,,,,,,,,,,,,,,,,,,,,,0.0,,,,0.0,,,,-88000000.0,,,,-34000000.0,,,,-63000000.0,,,,-290000000.0,,,,-163000000.0,,,,-59000000.0,,,
IncomeTaxReconciliationOtherReconcilingItems / USD,,,,,,,,-8000000.0,,,,-3000000.0,,,,-3000000.0,,,,4000000.0,,,,0.0,,,,-1000000.0,,,,19000000.0,,,,-13000000.0,,,,9000000.0,,,,-12000000.0,,,,-1000000.0,,,,-9000000.0,,,,-39000000.0,,,
IncomeTaxReconciliationStateAndLocalIncomeTaxes / USD,,,,,,,,8000000.0,,,,9000000.0,,,,7000000.0,,,,7000000.0,,,,2000000.0,,,,4000000.0,,,,36000000.0,,,,34000000.0,,,,54000000.0,,,,57000000.0,,,,122000000.0,,,,193000000.0,,,,257000000.0,,,
IncomeTaxReconciliationTaxCredits / USD,,,,,,,,,,,,,,,,,,,,0.0,,,,0.0,,,,18000000.0,,,,16000000.0,,,,21000000.0,,,,77000000.0,,,,46000000.0,,,,35000000.0,,,,46000000.0,,,,76000000.0,,,
IncomeTaxesPaid / USD,,,,,,,,,,,,,,,,,,,,,,,,13000000.0,0.0,4000000.0,48000000.0,3000000.0,1000000.0,33000000.0,38000000.0,63000000.0,1000000.0,22000000.0,27000000.0,41000000.0,4000000.0,43000000.0,55000000.0,45000000.0,19000000.0,50000000.0,84000000.0,71000000.0,20000000.0,69000000.0,99000000.0,123000000.0,29000000.0,470000000.0,882000000.0,157000000.0,61000000.0,906000000.0,1149000000.0,1321000000.0,78000000.0,647000000.0,1120000000.0
IncreaseDecreaseInAccountsPayableAndAccruedLiabilities / USD,71000000.0,101000000.0,105000000.0,,-4000000.0,38000000.0,40000000.0,142000000.0,-2000000.0,27000000.0,67000000.0,37000000.0,76000000.0,59000000.0,92000000.0,46000000.0,19000000.0,106000000.0,101000000.0,114000000.0,30000000.0,19000000.0,194000000.0,158000000.0,3000000.0,530000000.0,531000000.0,319000000.0,-54000000.0,133000000.0,271000000.0,1029000000.0,-300000000.0,-69000000.0,-80000000.0,449000000.0,-199000000.0,-240000000.0,-75000000.0,125000000.0,-155000000.0,-127000000.0,61000000.0,-103000000.0,149000000.0,319000000.0,436000000.0,291000000.0,-61000000.0,-123000000.0,-79000000.0,362000000.0,-86000000.0,-540000000.0,-136000000.0,148000000.0,-111000000.0,-175000000.0,74000000.0
IncreaseDecreaseInAccountsReceivable / USD,25000000.0,-1000000.0,-7000000.0,,-24000000.0,-5000000.0,5000000.0,-1000000.0,-40000000.0,-16000000.0,-18000000.0,24000000.0,-26000000.0,-11000000.0,-10000000.0,-34000000.0,-18000000.0,18000000.0,36000000.0,-10000000.0,-21000000.0,37000000.0,7000000.0,51000000.0,-24000000.0,100000000.0,2000000.0,-5000000.0,-236000000.0,-61000000.0,101000000.0,160000000.0,-226000000.0,-16000000.0,101000000.0,84000000.0,-155000000.0,337000000.0,564000000.0,98000000.0,-99000000.0,-170000000.0,-75000000.0,706000000.0,-144000000.0,44000000.0,106000000.0,67000000.0,-49000000.0,200000000.0,262000000.0,35000000.0,-70000000.0,-57000000.0,11000000.0,342000000.0,39000000.0,33000000.0,99000000.0
IncreaseDecreaseInPrepaidDeferredExpenseAndOtherAssets / USD,0.0,12000000.0,-15000000.0,,9000000.0,6000000.0,4000000.0,-22000000.0,8000000.0,11000000.0,12000000.0,-1000000.0,16000000.0,6000000.0,13000000.0,8000000.0,17000000.0,11000000.0,21000000.0,0.0,26000000.0,20000000.0,19000000.0,9000000.0,21000000.0,-11000000.0,-85000000.0,3000000.0,83000000.0,23000000.0,-37000000.0,-111000000.0,131000000.0,91000000.0,97000000.0,-76000000.0,300000000.0,176000000.0,225000000.0,270000000.0,67000000.0,101000000.0,156000000.0,196000000.0,182000000.0,113000000.0,127000000.0,31000000.0,185000000.0,133000000.0,96000000.0,167000000.0,336000000.0,361000000.0,534000000.0,202000000.0,366000000.0,265000000.0,537000000.0
IncrementalCommonSharesAttributableToShareBasedPaymentArrangements / shares,,,,,,,,,,,,,,,,,,,1411772.0,,,1751850.0,1276524.0,3088871.0,4194692.0,1751850.0,2736562.0,3088871.0,4194692.0,4031884.0,4288999.0,3088871.0,3658427.0,3254421.0,3184094.0,4012145.0,2965243.0,3384729.0,3519905.0,3168561.0,4979308.0,5353847.0,5931045.0,4279645.0,5134509.0,5098205.0,5158105.0,5956764.0,3812345.0,3390927.0,3162074.0,5052041.0,2099988.0,1966134.0,2325998.0,2932241.0,2132882.0,1822324.0,2110329.0
IndefiniteLivedFranchiseRights / USD,5257000000.0,5257000000.0,5257000000.0,,5288000000.0,5288000000.0,5288000000.0,5288000000.0,5287000000.0,5287000000.0,5287000000.0,5287000000.0,6009000000.0,6009000000.0,6009000000.0,6009000000.0,6006000000.0,6006000000.0,6006000000.0,6006000000.0,6006000000.0,6006000000.0,6006000000.0,6006000000.0,67316000000.0,67316000000.0,67316000000.0,67316000000.0,67319000000.0,67319000000.0,67319000000.0,67319000000.0,67319000000.0,67319000000.0,67319000000.0,67319000000.0,67322000000.0,67322000000.0,67322000000.0,67322000000.0,67322000000.0,67322000000.0,67322000000.0,67322000000.0,67346000000.0,67346000000.0,67346000000.0,67346000000.0,67363000000.0,67363000000.0,67363000000.0,67363000000.0,67396000000.0,67396000000.0,67396000000.0,67396000000.0,67462000000.0,67462000000.0,67462000000.0
InterestIncomeExpenseNonoperatingNet / USD,,,,,,,,,,,,,,,,,,,,,,,,,,,,,,,,,,,,,,,,,,,,,,,,,,,,,,,-3869000000.0,-4556000000.0,-1316000000.0,-2644000000.0,-3955000000.0
InterestPaidNet / USD,152000000.0,337000000.0,561000000.0,,202000000.0,402000000.0,649000000.0,735000000.0,216000000.0,448000000.0,647000000.0,899000000.0,120000000.0,370000000.0,584000000.0,904000000.0,225000000.0,401000000.0,624000000.0,763000000.0,255000000.0,545000000.0,747000000.0,851000000.0,470000000.0,1014000000.0,1964000000.0,1064000000.0,892000000.0,1653000000.0,2544000000.0,2685000000.0,1007000000.0,1889000000.0,2920000000.0,3421000000.0,966000000.0,2017000000.0,3065000000.0,3865000000.0,1050000000.0,1985000000.0,3023000000.0,3963000000.0,1017000000.0,1996000000.0,3038000000.0,3866000000.0,982000000.0,2150000000.0,3251000000.0,4043000000.0,1189000000.0,2432000000.0,3666000000.0,4509000000.0,1236000000.0,2598000000.0,3812000000.0
InterestPayableCurrent / USD,,162000000.0,162000000.0,,191000000.0,191000000.0,191000000.0,191000000.0,155000000.0,155000000.0,155000000.0,155000000.0,195000000.0,195000000.0,195000000.0,195000000.0,212000000.0,212000000.0,212000000.0,212000000.0,445000000.0,445000000.0,445000000.0,445000000.0,958000000.0,958000000.0,958000000.0,958000000.0,1054000000.0,1054000000.0,1054000000.0,1054000000.0,1045000000.0,1045000000.0,1045000000.0,1045000000.0,1052000000.0,1052000000.0,1052000000.0,1052000000.0,1083000000.0,1083000000.0,1083000000.0,1083000000.0,1099000000.0,1099000000.0,1099000000.0,1099000000.0,1165000000.0,1165000000.0,1165000000.0,1165000000.0,1328000000.0,1328000000.0,1328000000.0,1328000000.0,1208000000.0,1208000000.0,1208000000.0
Investments / USD,,,,,,,,,,,,,,,,,,,,,,,,55000000.0,,,,530000000.0,,,,497000000.0,,,,476000000.0,,,,330000000.0,,,,313000000.0,,,,203000000.0,,,,1155000000.0,,,,833000000.0,,,
LesseeOperatingLeaseLiabilityPaymentsDueAfterYearFive / USD,,,,,,,,,,,,,,,,,,,,,,,,,,,,,,,,,440000000.0,440000000.0,526000000.0,406000000.0,412000000.0,441000000.0,462000000.0,368000000.0,386000000.0,421000000.0,443000000.0,349000000.0,,,,290000000.0,,,,274000000.0,,,,293000000.0,,,
LesseeOperatingLeaseLiabilityPaymentsDueNextTwelveMonths / USD,,,,,,,,,,,,,,,,,,,,,,,,,,,,,,,,,,,,265000000.0,,,,304000000.0,297000000.0,320000000.0,327000000.0,336000000.0,,,,365000000.0,,,,374000000.0,,,,371000000.0,,,
LesseeOperatingLeaseLiabilityPaymentsDueYearFive / USD,,,,,,,,,,,,,,,,,,,,,,,,,,,,,,,,,143000000.0,143000000.0,182000000.0,155000000.0,164000000.0,178000000.0,194000000.0,164000000.0,,,,157000000.0,,,,149000000.0,,,,172000000.0,,,,175000000.0,,,
LesseeOperatingLeaseLiabilityPaymentsDueYearFour / USD,,,,,,,,,,,,,,,,,,,,,,,,,,,,,,,,,170000000.0,170000000.0,210000000.0,193000000.0,201000000.0,216000000.0,233000000.0,211000000.0,182000000.0,199000000.0,209000000.0,227000000.0,,,,191000000.0,,,,218000000.0,,,,230000000.0,,,
LesseeOperatingLeaseLiabilityPaymentsDueYearThree / USD,,,,,,,,,,,,,,,,,,,,,,,,,,,,,,,,,207000000.0,207000000.0,247000000.0,221000000.0,229000000.0,245000000.0,262000000.0,250000000.0,230000000.0,250000000.0,261000000.0,280000000.0,,,,266000000.0,,,,272000000.0,,,,282000000.0,,,
LesseeOperatingLeaseLiabilityPaymentsDueYearTwo / USD,,,,,,,,,,,,,,,,,,,,,,,,,,,,,,,,,254000000.0,254000000.0,280000000.0,259000000.0,267000000.0,282000000.0,298000000.0,275000000.0,273000000.0,299000000.0,310000000.0,329000000.0,,,,324000000.0,,,,341000000.0,,,,323000000.0,,,
LesseeOperatingLeaseLiabilityUndiscountedExcessAmount / USD,,,,,,,,,,,,,,,,,,,,,,,,,,,,,,,,,1500000000.0,1500000000.0,1516000000.0,1499000000.0,1468000000.0,1511000000.0,1527000000.0,1572000000.0,1605000000.0,1654000000.0,1633000000.0,1678000000.0,,,,1585000000.0,,,,1651000000.0,,,,1674000000.0,,,
LettersOfCreditOutstandingAmount / USD,,,,64000000.0,,,,67000000.0,,,,73000000.0,,,,85000000.0,,,,67000000.0,,329000000.0,325000000.0,278000000.0,,,,291000000.0,,,,358000000.0,,,,363000000.0,,,,367000000.0,,,,351000000.0,,,,484000000.0,,,,530000000.0,,,,425000000.0,,,
LiabilitiesAndStockholdersEquity / USD,15707000000.0,15809000000.0,15707000000.0,,15605000000.0,15605000000.0,15605000000.0,15601000000.0,15599000000.0,15596000000.0,15596000000.0,15596000000.0,17295000000.0,17295000000.0,17295000000.0,17295000000.0,24550000000.0,24550000000.0,24550000000.0,24388000000.0,39316000000.0,39316000000.0,39316000000.0,39316000000.0,149067000000.0,149067000000.0,149067000000.0,149067000000.0,146623000000.0,146623000000.0,146623000000.0,146623000000.0,146130000000.0,146130000000.0,146130000000.0,146130000000.0,148188000000.0,148188000000.0,148188000000.0,148188000000.0,144206000000.0,144206000000.0,144206000000.0,144206000000.0,142491000000.0,142491000000.0,142491000000.0,142491000000.0,144523000000.0,144523000000.0,144523000000.0,144523000000.0,147193000000.0,147193000000.0,147193000000.0,147193000000.0,150020000000.0,150020000000.0,150020000000.0
LiabilitiesCurrent / USD,1049000000.0,1087000000.0,1049000000.0,,1153000000.0,1153000000.0,1153000000.0,1157000000.0,1224000000.0,1224000000.0,1224000000.0,1224000000.0,1467000000.0,1467000000.0,1467000000.0,1467000000.0,1635000000.0,1635000000.0,1635000000.0,1635000000.0,1972000000.0,1972000000.0,1972000000.0,1972000000.0,9572000000.0,9572000000.0,9572000000.0,9572000000.0,11090000000.0,11090000000.0,11090000000.0,11090000000.0,12095000000.0,12095000000.0,12095000000.0,12095000000.0,12385000000.0,12385000000.0,12385000000.0,12385000000.0,9875000000.0,9875000000.0,9875000000.0,9875000000.0,12458000000.0,12458000000.0,12458000000.0,12458000000.0,12065000000.0,12065000000.0,12065000000.0,12065000000.0,13214000000.0,13214000000.0,13214000000.0,13214000000.0,13486000000.0,13486000000.0,13486000000.0
LongTermDebt / USD,,12306000000.0,,,,,,,,,,,,,,,21023000000.0,21023000000.0,21023000000.0,20887000000.0,35723000000.0,35723000000.0,35723000000.0,35723000000.0,61747000000.0,61747000000.0,61747000000.0,61747000000.0,70231000000.0,70231000000.0,70231000000.0,70231000000.0,72827000000.0,72827000000.0,72827000000.0,72827000000.0,79078000000.0,79078000000.0,79078000000.0,79078000000.0,82752000000.0,82752000000.0,82752000000.0,82752000000.0,91561000000.0,91561000000.0,91561000000.0,91561000000.0,97603000000.0,97603000000.0,97603000000.0,97603000000.0,97777000000.0,97777000000.0,97777000000.0,97777000000.0,93933000000.0,93933000000.0,93933000000.0
LongTermDebtCurrent / USD,,,,,,,,,,,,,,,,,0.0,,,,,0.0,0.0,0.0,2028000000.0,2028000000.0,2028000000.0,2028000000.0,2045000000.0,2045000000.0,2045000000.0,2045000000.0,3290000000.0,3290000000.0,3290000000.0,3290000000.0,3500000000.0,3500000000.0,3500000000.0,3500000000.0,1008000000.0,1008000000.0,1008000000.0,1008000000.0,2997000000.0,2997000000.0,2997000000.0,2997000000.0,1510000000.0,1510000000.0,1510000000.0,1510000000.0,2000000000.0,2000000000.0,2000000000.0,2000000000.0,1799000000.0,1799000000.0,1799000000.0
LongTermDebtFairValue / USD,,,,,,,,,,,,,,,,,,,,,,,,,,,,,,,,,,,,,,,,,,,,,99641000000.0,99641000000.0,99641000000.0,99641000000.0,82798000000.0,82798000000.0,82798000000.0,82798000000.0,87729000000.0,87729000000.0,87729000000.0,87729000000.0,82856000000.0,82856000000.0,82856000000.0
LongTermDebtMaturitiesRepaymentsOfPrincipalAfterYearFive / USD,,,,6425000000.0,,,,8957000000.0,,,,11901000000.0,,,,17308000000.0,,,,29930000000.0,,47010000000.0,46963000000.0,41752000000.0,,,,52768000000.0,,,,50543000000.0,,,,59434000000.0,,,,63568000000.0,,,,72262000000.0,,,,71854000000.0,,,,71432000000.0,,,,73294000000.0,,,
LongTermDebtMaturitiesRepaymentsOfPrincipalInNextTwelveMonths / USD,,,,531000000.0,,,,260000000.0,,,,414000000.0,,,,91000000.0,,,,121000000.0,,,,2197000000.0,,,,2207000000.0,,,,3457000000.0,,,,3777000000.0,,,,1277000000.0,,,,3277000000.0,,,,1890000000.0,,,,2390000000.0,,,,2105000000.0,,,
LongTermDebtMaturitiesRepaymentsOfPrincipalInYearFive / USD,,,,4341000000.0,,,,1655000000.0,,,,673000000.0,,,,1462000000.0,,,,4202000000.0,,5216000000.0,5216000000.0,5128000000.0,,,,4457000000.0,,,,7390000000.0,,,,4115000000.0,,,,9820000000.0,,,,788000000.0,,,,12957000000.0,,,,5140000000.0,,,,7279000000.0,,,
LongTermDebtMaturitiesRepaymentsOfPrincipalInYearFour / USD,,,,490000000.0,,,,1556000000.0,,,,1102000000.0,,,,967000000.0,,,,665000000.0,,3546000000.0,3546000000.0,5216000000.0,,,,2407000000.0,,,,4457000000.0,,,,4586000000.0,,,,2265000000.0,,,,10670000000.0,,,,1116000000.0,,,,11189000000.0,,,,5392000000.0,,,
LongTermDebtMaturitiesRepaymentsOfPrincipalInYearThree / USD,,,,791000000.0,,,,98000000.0,,,,93000000.0,,,,1137000000.0,,,,844000000.0,,2197000000.0,2197000000.0,3546000000.0,,,,3707000000.0,,,,2407000000.0,,,,4527000000.0,,,,1936000000.0,,,,2265000000.0,,,,7161000000.0,,,,2237000000.0,,,,3554000000.0,,,
LongTermDebtMaturitiesRepaymentsOfPrincipalInYearTwo / USD,,,,243000000.0,,,,411000000.0,,,,65000000.0,,,,127000000.0,,,,140000000.0,,2197000000.0,2197000000.0,2197000000.0,,,,3457000000.0,,,,3707000000.0,,,,1977000000.0,,,,3277000000.0,,,,1936000000.0,,,,2390000000.0,,,,5200000000.0,,,,2155000000.0,,,
LongTermDebtNoncurrent / USD,12306000000.0,12620000000.0,12306000000.0,,12856000000.0,12856000000.0,12856000000.0,12856000000.0,12808000000.0,12808000000.0,12808000000.0,12808000000.0,14181000000.0,14181000000.0,14181000000.0,14181000000.0,21023000000.0,21023000000.0,21023000000.0,20887000000.0,35723000000.0,35723000000.0,35723000000.0,35723000000.0,59719000000.0,59719000000.0,59719000000.0,59719000000.0,68186000000.0,68186000000.0,68186000000.0,68186000000.0,69537000000.0,69537000000.0,69537000000.0,69537000000.0,75578000000.0,75578000000.0,75578000000.0,75578000000.0,81744000000.0,81744000000.0,81744000000.0,81744000000.0,88564000000.0,88564000000.0,88564000000.0,88564000000.0,96093000000.0,96093000000.0,96093000000.0,96093000000.0,95777000000.0,95777000000.0,95777000000.0,95777000000.0,92134000000.0,92134000000.0,92134000000.0
MarketingAndAdvertisingExpense / USD,,,,,,,,,,219000000.0,324000000.0,387000000.0,110000000.0,228000000.0,359000000.0,431000000.0,133000000.0,268000000.0,404000000.0,557000000.0,151000000.0,311000000.0,474000000.0,617000000.0,165000000.0,547000000.0,1143000000.0,629000000.0,765000000.0,1525000000.0,2286000000.0,2136000000.0,751000000.0,1520000000.0,2310000000.0,3036000000.0,735000000.0,1503000000.0,2296000000.0,3042000000.0,766000000.0,1485000000.0,2273000000.0,3044000000.0,751000000.0,1492000000.0,2280000000.0,3031000000.0,880000000.0,1744000000.0,2669000000.0,3256000000.0,946000000.0,1841000000.0,2753000000.0,3585000000.0,,,
MinorityInterest / USD,,0.0,0.0,,0.0,0.0,0.0,0.0,0.0,0.0,0.0,0.0,0.0,0.0,0.0,0.0,0.0,0.0,0.0,0.0,,0.0,0.0,0.0,10227000000.0,10227000000.0,10227000000.0,10227000000.0,8447000000.0,8447000000.0,8447000000.0,8447000000.0,7987000000.0,7987000000.0,7987000000.0,7987000000.0,7366000000.0,7366000000.0,7366000000.0,7366000000.0,6476000000.0,6476000000.0,6476000000.0,6476000000.0,4106000000.0,4106000000.0,4106000000.0,4106000000.0,3430000000.0,3430000000.0,3430000000.0,3430000000.0,3632000000.0,3632000000.0,3632000000.0,3632000000.0,4120000000.0,4120000000.0,4120000000.0
MinorityInterestDecreaseFromDistributionsToNoncontrollingInterestHolders / USD,,,,,,,,,,,,,,,,,,,,,,18000000.0,55000000.0,96000000.0,,,,96000000.0,,,,96000000.0,39000000.0,39000000.0,39000000.0,153000000.0,39000000.0,39000000.0,39000000.0,153000000.0,39000000.0,39000000.0,39000000.0,154000000.0,39000000.0,39000000.0,39000000.0,154000000.0,2000000.0,2000000.0,2000000.0,75000000.0,3000000.0,3000000.0,3000000.0,111000000.0,3000000.0,3000000.0,3000000.0
MinorityInterestDecreaseFromRedemptions / USD,,,,,,,,,,,,,,,,,,,,,,,,206000000.0,,,,206000000.0,,,,206000000.0,118000000.0,118000000.0,118000000.0,1482000000.0,89000000.0,89000000.0,89000000.0,622000000.0,344000000.0,344000000.0,344000000.0,805000000.0,429000000.0,429000000.0,429000000.0,1262000000.0,353000000.0,353000000.0,353000000.0,1885000000.0,108000000.0,108000000.0,108000000.0,1381000000.0,86000000.0,86000000.0,86000000.0
NetCashProvidedByUsedInFinancingActivities / USD,-700000000.0,-1015000000.0,-532000000.0,,-44000000.0,-51000000.0,-208000000.0,-1463000000.0,-87000000.0,-135000000.0,754000000.0,-373000000.0,-51000000.0,-142000000.0,397000000.0,-134000000.0,-95000000.0,-155000000.0,3425000000.0,299000000.0,-70000000.0,-7274000000.0,12114000000.0,6927000000.0,1385000000.0,6639000000.0,6250000000.0,14675000000.0,254000000.0,-3074000000.0,-2184000000.0,4779000000.0,-6000000.0,-536000000.0,-1130000000.0,-4770000000.0,255000000.0,-1620000000.0,-3081000000.0,-1887000000.0,-1983000000.0,-4595000000.0,-7089000000.0,-1633000000.0,-2024000000.0,-3068000000.0,-6786000000.0,-8953000000.0,-30000000.0,-3417000000.0,-4913000000.0,-8885000000.0,-695000000.0,-1212000000.0,-2169000000.0,-5767000000.0,-353000000.0,-1496000000.0,-2854000000.0
NetCashProvidedByUsedInInvestingActivities / USD,-330000000.0,-653000000.0,-962000000.0,,-381000000.0,-694000000.0,-1104000000.0,-1170000000.0,-365000000.0,-785000000.0,-1279000000.0,-1366000000.0,-432000000.0,-846000000.0,-1926000000.0,-1737000000.0,-499000000.0,-1066000000.0,-5165000000.0,-2443000000.0,-441000000.0,6242000000.0,-13865000000.0,-9304000000.0,-536000000.0,-8103000000.0,-9905000000.0,-17032000000.0,-1712000000.0,-3555000000.0,-5883000000.0,-33554000000.0,-2738000000.0,-5107000000.0,-7430000000.0,-8098000000.0,-2080000000.0,-3746000000.0,-5477000000.0,-9736000000.0,-1850000000.0,-3601000000.0,-5587000000.0,-7331000000.0,-1956000000.0,-3972000000.0,-5762000000.0,-8157000000.0,-1787000000.0,-4082000000.0,-6346000000.0,-7754000000.0,-2739000000.0,-5589000000.0,-8483000000.0,-9114000000.0,-2907000000.0,-5636000000.0,-8075000000.0
NetCashProvidedByUsedInOperatingActivities / USD,530000000.0,981000000.0,1422000000.0,,447000000.0,907000000.0,1312000000.0,1928000000.0,454000000.0,923000000.0,1391000000.0,1737000000.0,541000000.0,1025000000.0,1563000000.0,1876000000.0,577000000.0,1209000000.0,1729000000.0,2158000000.0,528000000.0,1059000000.0,1748000000.0,2359000000.0,424000000.0,2014000000.0,4815000000.0,2359000000.0,2843000000.0,5788000000.0,8696000000.0,8041000000.0,2699000000.0,5795000000.0,8599000000.0,11954000000.0,2686000000.0,5447000000.0,8390000000.0,11767000000.0,3220000000.0,6749000000.0,10413000000.0,11748000000.0,3751000000.0,7750000000.0,12013000000.0,14562000000.0,3647000000.0,7381000000.0,11138000000.0,16239000000.0,3323000000.0,6634000000.0,10578000000.0,14925000000.0,3212000000.0,7065000000.0,10970000000.0
NetIncomeLoss / USD,,-57000000.0,-152000000.0,,-110000000.0,-217000000.0,-302000000.0,-237000000.0,-94000000.0,-177000000.0,-264000000.0,-369000000.0,-42000000.0,-138000000.0,-208000000.0,-304000000.0,-37000000.0,-82000000.0,-135000000.0,-169000000.0,-81000000.0,-203000000.0,-149000000.0,-183000000.0,-188000000.0,2879000000.0,3068000000.0,-271000000.0,155000000.0,294000000.0,342000000.0,3522000000.0,168000000.0,441000000.0,934000000.0,9895000000.0,253000000.0,567000000.0,954000000.0,1230000000.0,396000000.0,1162000000.0,1976000000.0,1668000000.0,807000000.0,1827000000.0,3044000000.0,3222000000.0,1203000000.0,2674000000.0,3859000000.0,4654000000.0,1021000000.0,2244000000.0,3499000000.0,5055000000.0,1106000000.0,2337000000.0,3617000000.0
NetIncomeLossAttributableToNoncontrollingInterest / USD,,0.0,0.0,,0.0,0.0,0.0,0.0,0.0,0.0,0.0,0.0,0.0,0.0,0.0,0.0,0.0,0.0,0.0,0.0,0.0,0.0,0.0,0.0,0.0,47000000.0,108000000.0,0.0,56000000.0,112000000.0,156000000.0,223000000.0,55000000.0,121000000.0,212000000.0,220000000.0,64000000.0,136000000.0,216000000.0,276000000.0,71000000.0,181000000.0,299000000.0,324000000.0,114000000.0,252000000.0,442000000.0,454000000.0,186000000.0,423000000.0,605000000.0,666000000.0,162000000.0,352000000.0,533000000.0,794000000.0,174000000.0,366000000.0,560000000.0
NetPeriodicDefinedBenefitsExpenseReversalOfExpenseExcludingServiceCostComponent / USD,,,,,,,,,,,,,,,,,,,,,,,,,,,,,,,-9000000.0,-899000000.0,-20000000.0,-40000000.0,-247000000.0,-1000000.0,-9000000.0,-18000000.0,-27000000.0,-192000000.0,-10000000.0,-21000000.0,94000000.0,69000000.0,-18000000.0,-191000000.0,-176000000.0,66000000.0,-17000000.0,-34000000.0,-241000000.0,-305000000.0,-2000000.0,-3000000.0,-5000000.0,-254000000.0,-1000000.0,-2000000.0,
NonoperatingIncomeExpense / USD,-208000000.0,-460000000.0,-686000000.0,,-300000000.0,-596000000.0,-846000000.0,-966000000.0,-253000000.0,-537000000.0,-766000000.0,-1111000000.0,-256000000.0,-530000000.0,-749000000.0,-962000000.0,-213000000.0,-429000000.0,-641000000.0,-958000000.0,-295000000.0,-651000000.0,-1012000000.0,-918000000.0,-462000000.0,-697000000.0,-1342000000.0,-1445000000.0,-705000000.0,-1514000000.0,-2305000000.0,-1636000000.0,-791000000.0,-1771000000.0,-2458000000.0,-3078000000.0,-989000000.0,-2060000000.0,-3053000000.0,-3535000000.0,-326000000.0,-296000000.0,-413000000.0,-283000000.0,52000000.0,-80000000.0,-237000000.0,-255000000.0,23000000.0,102000000.0,65000000.0,-101000000.0,-104000000.0,-189000000.0,-204000000.0,56000000.0,-89000000.0,-174000000.0,-318000000.0
NumberOfReportableSegments / pure,,,,,,,,,,,,,,,,,,,,,,1.0,1.0,1.0,1.0,1.0,1.0,1.0,1.0,1.0,1.0,1.0,1.0,1.0,1.0,1.0,1.0,1.0,1.0,1.0,1.0,1.0,1.0,1.0,1.0,1.0,1.0,1.0,1.0,1.0,1.0,1.0,1.0,1.0,1.0,1.0,1.0,1.0,1.0
OperatingExpenses / USD,,,,,,,,4486000000.0,1186000000.0,2390000000.0,3632000000.0,4564000000.0,1258000000.0,2553000000.0,3950000000.0,4860000000.0,1447000000.0,2926000000.0,4444000000.0,5345000000.0,1581000000.0,3182000000.0,4802000000.0,5973000000.0,1671000000.0,5675000000.0,12157000000.0,6426000000.0,6579000000.0,13154000000.0,19857000000.0,18655000000.0,6836000000.0,13709000000.0,20721000000.0,26541000000.0,7236000000.0,14480000000.0,21915000000.0,27860000000.0,7432000000.0,14729000000.0,22212000000.0,29224000000.0,7711000000.0,15593000000.0,23551000000.0,29930000000.0,8134000000.0,16327000000.0,24574000000.0,31482000000.0,8511000000.0,16816000000.0,25115000000.0,32876000000.0,8396000000.0,16569000000.0,24863000000.0
OperatingIncomeLoss / USD,251000000.0,505000000.0,745000000.0,,269000000.0,539000000.0,776000000.0,1024000000.0,230000000.0,499000000.0,710000000.0,1041000000.0,223000000.0,459000000.0,665000000.0,915000000.0,240000000.0,476000000.0,694000000.0,909000000.0,249000000.0,518000000.0,791000000.0,971000000.0,302000000.0,472000000.0,1383000000.0,1114000000.0,941000000.0,1993000000.0,2902000000.0,2456000000.0,1042000000.0,2402000000.0,3782000000.0,4106000000.0,1425000000.0,2966000000.0,4552000000.0,5221000000.0,1802000000.0,3771000000.0,5943000000.0,6511000000.0,2068000000.0,4643000000.0,7570000000.0,8405000000.0,2771000000.0,5998000000.0,8922000000.0,10526000000.0,2926000000.0,6166000000.0,9292000000.0,11962000000.0,3131000000.0,6394000000.0,9729000000.0
OperatingLeaseCost / USD,,,,,,,,,,,,,,,,,,,,,,,,,,,,,,,,,,,321000000.0,428000000.0,107000000.0,216000000.0,321000000.0,428000000.0,108000000.0,216000000.0,326000000.0,428000000.0,,,,439000000.0,,,,463000000.0,,,,482000000.0,,,
OperatingLeaseLiability / USD,,,,,,,,,,,,,,,,,,,,,,,,,,,,,,,,,1186000000.0,1260000000.0,1201000000.0,1193000000.0,1193000000.0,1193000000.0,1193000000.0,1193000000.0,1345000000.0,1345000000.0,1345000000.0,1345000000.0,,,,1451000000.0,,,,1378000000.0,,,,1418000000.0,,,
OperatingLeaseLiabilityCurrent / USD,,,,,,,,,,,,,,,,,,,,,,,,,,,,,,,,,0.0,0.0,0.0,214000000.0,214000000.0,214000000.0,214000000.0,214000000.0,235000000.0,235000000.0,235000000.0,235000000.0,269000000.0,269000000.0,269000000.0,269000000.0,295000000.0,295000000.0,295000000.0,295000000.0,,,,290000000.0,,,
OperatingLeaseLiabilityNoncurrent / USD,,,,,,,,,,,,,,,,,,,,,,,,,,,,,,,,,0.0,0.0,0.0,979000000.0,979000000.0,979000000.0,979000000.0,979000000.0,1110000000.0,1110000000.0,1110000000.0,1110000000.0,,,,1182000000.0,,,,1083000000.0,,,,1128000000.0,,,
OperatingLeasePayments / USD,,,,,,,,,,,,,,,,,,,,,,,,,,,,,,,,,,,219000000.0,288000000.0,71000000.0,147000000.0,219000000.0,288000000.0,73000000.0,147000000.0,221000000.0,300000000.0,,,,300000000.0,,,,327000000.0,,,,345000000.0,,,
OperatingLeaseRightOfUseAsset / USD,,,,,,,,,,,,,,,,,,,,,,,,,,,,,,,,,0.0,0.0,0.0,1092000000.0,1092000000.0,1092000000.0,1092000000.0,1092000000.0,1214000000.0,1214000000.0,1214000000.0,1214000000.0,,,,1306000000.0,,,,1235000000.0,,,,1270000000.0,,,
OperatingLeaseWeightedAverageDiscountRatePercent / pure,,,,,,,,,,,,,,,,,,,,,,,,,,,,,,,,,0.045,0.045,0.045,0.044,0.044,0.044,0.044,0.044,0.039,0.039,0.039,0.039,,,,0.034,,,,0.037,,,,0.045,,,
OtherAccruedLiabilitiesCurrent / USD,,206000000.0,206000000.0,,201000000.0,201000000.0,201000000.0,203000000.0,205000000.0,205000000.0,205000000.0,205000000.0,259000000.0,259000000.0,259000000.0,259000000.0,266000000.0,266000000.0,266000000.0,266000000.0,299000000.0,299000000.0,294000000.0,157000000.0,847000000.0,847000000.0,847000000.0,847000000.0,941000000.0,941000000.0,941000000.0,941000000.0,990000000.0,990000000.0,990000000.0,990000000.0,867000000.0,867000000.0,867000000.0,867000000.0,792000000.0,792000000.0,792000000.0,792000000.0,1205000000.0,1205000000.0,1205000000.0,1205000000.0,1440000000.0,1440000000.0,1440000000.0,2240000000.0,2802000000.0,2802000000.0,2802000000.0,2377000000.0,1889000000.0,1889000000.0,1889000000.0
OtherAssetsNoncurrent / USD,354000000.0,386000000.0,354000000.0,,392000000.0,392000000.0,392000000.0,401000000.0,396000000.0,396000000.0,396000000.0,396000000.0,417000000.0,417000000.0,417000000.0,417000000.0,416000000.0,416000000.0,416000000.0,280000000.0,332000000.0,332000000.0,332000000.0,332000000.0,1371000000.0,1371000000.0,1371000000.0,1371000000.0,1356000000.0,1356000000.0,1356000000.0,1356000000.0,1622000000.0,1622000000.0,1622000000.0,1622000000.0,2731000000.0,2731000000.0,2731000000.0,2731000000.0,3449000000.0,3449000000.0,3449000000.0,3449000000.0,3647000000.0,3647000000.0,3647000000.0,3647000000.0,4769000000.0,4769000000.0,4769000000.0,4769000000.0,4732000000.0,4732000000.0,4732000000.0,4732000000.0,4763000000.0,4763000000.0,4763000000.0
OtherCostAndExpenseOperating / USD,12000000.0,19000000.0,19000000.0,,5000000.0,6000000.0,,,,349000000.0,541000000.0,678000000.0,168000000.0,350000000.0,546000000.0,687000000.0,201000000.0,410000000.0,635000000.0,668000000.0,213000000.0,433000000.0,665000000.0,776000000.0,249000000.0,762000000.0,1681000000.0,732000000.0,911000000.0,1784000000.0,2681000000.0,2711000000.0,938000000.0,1862000000.0,2812000000.0,3610000000.0,993000000.0,2001000000.0,3010000000.0,3811000000.0,1001000000.0,1957000000.0,2955000000.0,4001000000.0,996000000.0,2078000000.0,3125000000.0,4078000000.0,1210000000.0,2385000000.0,3568000000.0,4482000000.0,1343000000.0,2577000000.0,3842000000.0,4310000000.0,1151000000.0,2271000000.0,3395000000.0
OtherInvestments / USD,,,,,,,,,,,,,,,,,,,,,,,,2000000.0,,,,11000000.0,,,,15000000.0,,,,22000000.0,,,,21000000.0,,,,19000000.0,,,,91000000.0,,,,164000000.0,,,,149000000.0,,,
OtherLiabilitiesNoncurrent / USD,874000000.0,1038000000.0,874000000.0,,340000000.0,340000000.0,340000000.0,332000000.0,296000000.0,94000000.0,94000000.0,94000000.0,65000000.0,65000000.0,65000000.0,65000000.0,72000000.0,72000000.0,72000000.0,72000000.0,77000000.0,77000000.0,77000000.0,77000000.0,2745000000.0,2745000000.0,2745000000.0,2745000000.0,2502000000.0,2502000000.0,2502000000.0,2502000000.0,2837000000.0,2837000000.0,2837000000.0,2837000000.0,3703000000.0,3703000000.0,3703000000.0,3703000000.0,4198000000.0,4198000000.0,4198000000.0,4198000000.0,4217000000.0,4217000000.0,4217000000.0,4217000000.0,4758000000.0,4758000000.0,4758000000.0,4758000000.0,4530000000.0,4530000000.0,4530000000.0,4530000000.0,4776000000.0,4776000000.0,4776000000.0
OtherNoncashIncomeExpense / USD,,,,,,,-26000000.0,-34000000.0,-11000000.0,-11000000.0,-25000000.0,-33000000.0,-12000000.0,-53000000.0,-69000000.0,-45000000.0,-15000000.0,-29000000.0,-43000000.0,-82000000.0,-22000000.0,-6000000.0,-8000000.0,-10000000.0,-3000000.0,0.0,0.0,-11000000.0,7000000.0,18000000.0,-93000000.0,-8000000.0,-38000000.0,-76000000.0,-81000000.0,-16000000.0,-98000000.0,-151000000.0,-148000000.0,-180000000.0,-315000000.0,-279000000.0,-379000000.0,-306000000.0,5000000.0,-124000000.0,-279000000.0,-214000000.0,21000000.0,153000000.0,113000000.0,-181000000.0,-104000000.0,-187000000.0,-212000000.0,-29000000.0,-15000000.0,-105000000.0,-264000000.0
OtherNonrecurringIncomeExpense / USD,,,,,,,,,,,,,,,,,,,,,,,,,,,,15000000.0,2000000.0,6000000.0,86000000.0,17000000.0,76000000.0,111000000.0,125000000.0,-21000000.0,-4000000.0,19000000.0,38000000.0,150000000.0,16000000.0,22000000.0,50000000.0,61000000.0,255000000.0,249000000.0,242000000.0,90000000.0,-1000000.0,-64000000.0,135000000.0,249000000.0,10000000.0,-42000000.0,-23000000.0,273000000.0,13000000.0,89000000.0,95000000.0
OtherOperatingIncomeExpenseNet / USD,,19000000.0,19000000.0,,-5000000.0,-6000000.0,-7000000.0,-25000000.0,-3000000.0,1000000.0,-2000000.0,-7000000.0,-11000000.0,-16000000.0,-38000000.0,-16000000.0,-10000000.0,-26000000.0,-42000000.0,-47000000.0,-18000000.0,-50000000.0,-69000000.0,-62000000.0,-18000000.0,-569000000.0,-776000000.0,-89000000.0,-94000000.0,-229000000.0,-374000000.0,-985000000.0,-69000000.0,-98000000.0,-116000000.0,-346000000.0,5000000.0,-57000000.0,-71000000.0,-235000000.0,-7000000.0,-9000000.0,-23000000.0,-103000000.0,-302000000.0,-293000000.0,-284000000.0,-58000000.0,-1000000.0,61000000.0,-141000000.0,-329000000.0,-10000000.0,48000000.0,19000000.0,-281000000.0,38000000.0,-41000000.0,-62000000.0
OtherShortTermBorrowings / USD,,,,,,,,,,,,,,,,,,,,,,,,,,,,,,,,,,,,,,,,,,,,,,,,,,,,,,,,425000000.0,758000000.0,758000000.0,758000000.0
PaymentsForProceedsFromOtherInvestingActivities / USD,5000000.0,4000000.0,7000000.0,,6000000.0,14000000.0,20000000.0,-31000000.0,13000000.0,-10000000.0,18000000.0,24000000.0,9000000.0,14000000.0,15000000.0,24000000.0,-4000000.0,1000000.0,5000000.0,18000000.0,13000000.0,69000000.0,69000000.0,16000000.0,2000000.0,6000000.0,8000000.0,67000000.0,7000000.0,49000000.0,63000000.0,22000000.0,-10000000.0,67000000.0,103000000.0,132000000.0,0.0,-8000000.0,-10000000.0,120000000.0,-37000000.0,8000000.0,43000000.0,43000000.0,60000000.0,145000000.0,148000000.0,201000000.0,-60000000.0,160000000.0,174000000.0,199000000.0,80000000.0,287000000.0,334000000.0,291000000.0,53000000.0,225000000.0,378000000.0
PaymentsForRepurchaseOfCommonStock / USD,0.0,0.0,0.0,,207000000.0,207000000.0,323000000.0,6000000.0,3000000.0,4000000.0,4000000.0,733000000.0,5000000.0,10000000.0,11000000.0,11000000.0,11000000.0,17000000.0,18000000.0,15000000.0,16000000.0,23000000.0,24000000.0,19000000.0,16000000.0,99000000.0,448000000.0,38000000.0,895000000.0,4223000000.0,7748000000.0,1562000000.0,617000000.0,2281000000.0,3214000000.0,11715000000.0,940000000.0,1801000000.0,4568000000.0,4399000000.0,2352000000.0,3507000000.0,6868000000.0,6873000000.0,3652000000.0,7168000000.0,10834000000.0,11217000000.0,3333000000.0,7020000000.0,9245000000.0,15431000000.0,912000000.0,1238000000.0,2021000000.0,10277000000.0,516000000.0,877000000.0,1099000000.0
PaymentsForRepurchaseOfRedeemableNoncontrollingInterest / USD,,,,,,,,,,,,,,,,,,,,,,,,0.0,0.0,0.0,0.0,0.0,27000000.0,429000000.0,922000000.0,218000000.0,127000000.0,328000000.0,473000000.0,1665000000.0,93000000.0,254000000.0,593000000.0,656000000.0,393000000.0,518000000.0,884000000.0,885000000.0,507000000.0,1090000000.0,1500000000.0,1462000000.0,416000000.0,994000000.0,1379000000.0,2234000000.0,122000000.0,176000000.0,254000000.0,1602000000.0,95000000.0,141000000.0,185000000.0
PaymentsOfDebtIssuanceCosts / USD,31000000.0,59000000.0,76000000.0,,22000000.0,43000000.0,43000000.0,76000000.0,10000000.0,24000000.0,41000000.0,62000000.0,12000000.0,32000000.0,50000000.0,53000000.0,,0.0,4000000.0,50000000.0,0.0,25000000.0,35000000.0,6000000.0,17000000.0,283000000.0,283000000.0,36000000.0,21000000.0,42000000.0,83000000.0,284000000.0,0.0,17000000.0,29000000.0,111000000.0,25000000.0,32000000.0,48000000.0,29000000.0,41000000.0,62000000.0,91000000.0,103000000.0,22000000.0,58000000.0,76000000.0,125000000.0,37000000.0,57000000.0,71000000.0,102000000.0,18000000.0,18000000.0,18000000.0,71000000.0,2000000.0,27000000.0,27000000.0
PaymentsOfDividendsMinorityInterest / USD,,,,,,,,,,,,,,,,,,,,,,0.0,0.0,0.0,0.0,18000000.0,55000000.0,0.0,38000000.0,75000000.0,115000000.0,96000000.0,39000000.0,76000000.0,114000000.0,153000000.0,39000000.0,78000000.0,116000000.0,153000000.0,39000000.0,77000000.0,114000000.0,154000000.0,39000000.0,71000000.0,71000000.0,154000000.0,2000000.0,7000000.0,56000000.0,75000000.0,3000000.0,83000000.0,118000000.0,111000000.0,3000000.0,64000000.0,108000000.0
PaymentsToAcquirePropertyPlantAndEquipment / USD,310000000.0,649000000.0,948000000.0,,356000000.0,680000000.0,984000000.0,1209000000.0,340000000.0,808000000.0,1296000000.0,1311000000.0,412000000.0,834000000.0,1259000000.0,1745000000.0,539000000.0,1109000000.0,1678000000.0,1825000000.0,351000000.0,783000000.0,1292000000.0,2221000000.0,429000000.0,1689000000.0,3437000000.0,1840000000.0,1555000000.0,3703000000.0,6096000000.0,5325000000.0,2183000000.0,4574000000.0,6692000000.0,8681000000.0,1665000000.0,3262000000.0,4913000000.0,9125000000.0,1461000000.0,3338000000.0,5352000000.0,7195000000.0,1821000000.0,3702000000.0,5563000000.0,7415000000.0,1857000000.0,4050000000.0,6456000000.0,7635000000.0,2464000000.0,5298000000.0,8259000000.0,9376000000.0,2791000000.0,5644000000.0,8207000000.0
PreferredStockParOrStatedValuePerShare / USD/shares,0.001,0.001,0.001,,,0.001,0.001,0.001,0.001,0.001,0.001,0.001,0.001,0.001,0.001,0.001,0.001,0.001,0.001,0.001,0.001,0.001,0.001,0.001,0.001,0.001,0.001,0.001,0.001,0.001,0.001,0.001,0.001,0.001,0.001,0.001,0.001,0.001,0.001,0.001,0.001,0.001,0.001,0.001,0.001,0.001,0.001,0.001,0.001,0.001,0.001,0.001,0.001,0.001,0.001,0.001,0.001,0.001,0.001
PreferredStockSharesAuthorized / shares,250000000.0,250000000.0,250000000.0,,,250000000.0,250000000.0,250000000.0,250000000.0,250000000.0,250000000.0,250000000.0,250000000.0,250000000.0,250000000.0,250000000.0,250000000.0,250000000.0,250000000.0,250000000.0,250000000.0,250000000.0,250000000.0,250000000.0,250000000.0,250000000.0,250000000.0,250000000.0,250000000.0,250000000.0,250000000.0,250000000.0,250000000.0,250000000.0,250000000.0,250000000.0,250000000.0,250000000.0,250000000.0,250000000.0,250000000.0,250000000.0,250000000.0,250000000.0,250000000.0,250000000.0,250000000.0,250000000.0,250000000.0,250000000.0,250000000.0,250000000.0,250000000.0,250000000.0,250000000.0,250000000.0,250000000.0,250000000.0,250000000.0
PreferredStockSharesIssued / shares,0.0,5500000.0,5500000.0,5500000.0,,0.0,0.0,5500000.0,0.0,0.0,0.0,0.0,0.0,0.0,0.0,0.0,0.0,0.0,0.0,0.0,0.0,0.0,0.0,0.0,0.0,0.0,0.0,0.0,0.0,0.0,0.0,0.0,0.0,0.0,0.0,0.0,0.0,0.0,0.0,0.0,0.0,0.0,0.0,0.0,0.0,0.0,0.0,0.0,0.0,0.0,0.0,0.0,0.0,0.0,0.0,0.0,0.0,0.0,0.0
PreferredStockSharesOutstanding / shares,0.0,0.0,0.0,,,0.0,0.0,0.0,0.0,0.0,0.0,0.0,0.0,0.0,0.0,0.0,0.0,0.0,0.0,0.0,0.0,0.0,0.0,0.0,0.0,0.0,0.0,0.0,0.0,0.0,0.0,0.0,0.0,0.0,0.0,0.0,0.0,0.0,0.0,0.0,0.0,0.0,0.0,0.0,0.0,0.0,0.0,0.0,0.0,0.0,0.0,0.0,0.0,0.0,0.0,0.0,0.0,0.0,0.0
PreferredStockValue / USD,0.0,0.0,0.0,,0.0,0.0,0.0,0.0,0.0,0.0,0.0,0.0,0.0,0.0,0.0,0.0,0.0,0.0,0.0,0.0,0.0,0.0,0.0,0.0,0.0,0.0,0.0,0.0,0.0,0.0,0.0,0.0,0.0,0.0,0.0,0.0,0.0,0.0,0.0,0.0,0.0,0.0,0.0,0.0,0.0,0.0,0.0,0.0,0.0,0.0,0.0,0.0,0.0,0.0,0.0,0.0,0.0,0.0,0.0
PrepaidExpenseAndOtherAssetsCurrent / USD,,47000000.0,47000000.0,,69000000.0,69000000.0,69000000.0,60000000.0,65000000.0,62000000.0,62000000.0,62000000.0,67000000.0,67000000.0,67000000.0,67000000.0,83000000.0,83000000.0,83000000.0,57000000.0,61000000.0,61000000.0,61000000.0,61000000.0,333000000.0,333000000.0,333000000.0,333000000.0,299000000.0,299000000.0,299000000.0,299000000.0,446000000.0,446000000.0,446000000.0,446000000.0,761000000.0,761000000.0,761000000.0,761000000.0,369000000.0,369000000.0,369000000.0,369000000.0,386000000.0,386000000.0,386000000.0,386000000.0,451000000.0,451000000.0,451000000.0,451000000.0,458000000.0,458000000.0,458000000.0,458000000.0,677000000.0,677000000.0,677000000.0
ProceedsFromIssuanceOfLongTermDebt / USD,0.0,1625000000.0,2757000000.0,,1846000000.0,3561000000.0,3801000000.0,3115000000.0,1469000000.0,2817000000.0,4353000000.0,5489000000.0,1315000000.0,4710000000.0,6569000000.0,5830000000.0,293000000.0,630000000.0,4914000000.0,6782000000.0,332000000.0,3313000000.0,23062000000.0,8806000000.0,2139000000.0,5997000000.0,5997000000.0,26045000000.0,4640000000.0,7146000000.0,12115000000.0,12344000000.0,2929000000.0,5628000000.0,11552000000.0,25276000000.0,6884000000.0,10714000000.0,13157000000.0,13820000000.0,4339000000.0,7322000000.0,10352000000.0,19685000000.0,5289000000.0,10958000000.0,15263000000.0,15754000000.0,6713000000.0,16631000000.0,21528000000.0,20976000000.0,7104000000.0,11048000000.0,14591000000.0,25643000000.0,5921000000.0,14743000000.0,17388000000.0
ProceedsFromPaymentsForOtherFinancingActivities / USD,-2000000.0,-3000000.0,-5000000.0,,5000000.0,4000000.0,2000000.0,-6000000.0,-4000000.0,-5000000.0,-13000000.0,0.0,1000000.0,0.0,-1000000.0,-14000000.0,5000000.0,4000000.0,4000000.0,-2000000.0,0.0,0.0,0.0,3000000.0,1000000.0,0.0,0.0,0.0,-2000000.0,-8000000.0,-8000000.0,1000000.0,-3000000.0,-5000000.0,-7000000.0,-11000000.0,-4000000.0,-127000000.0,-133000000.0,-112000000.0,-24000000.0,-25000000.0,-26000000.0,-112000000.0,62000000.0,94000000.0,40000000.0,138000000.0,-2000000.0,-28000000.0,-36000000.0,83000000.0,-6000000.0,-15000000.0,15000000.0,-43000000.0,56000000.0,-224000000.0,47000000.0
ProceedsFromStockOptionsExercised / USD,,,,,,,,,,,,,,,,15000000.0,,,,30000000.0,6000000.0,6000000.0,22000000.0,123000000.0,5000000.0,24000000.0,71000000.0,30000000.0,72000000.0,86000000.0,111000000.0,86000000.0,36000000.0,43000000.0,56000000.0,116000000.0,44000000.0,81000000.0,106000000.0,69000000.0,93000000.0,121000000.0,171000000.0,118000000.0,9000000.0,26000000.0,43000000.0,184000000.0,1000000.0,5000000.0,5000000.0,44000000.0,2000000.0,5000000.0,21000000.0,5000000.0,2000000.0,2000000.0,29000000.0
ProfitLoss / USD,24000000.0,-57000000.0,-152000000.0,,-110000000.0,-217000000.0,-302000000.0,-237000000.0,-94000000.0,-177000000.0,-264000000.0,-369000000.0,-42000000.0,-138000000.0,-208000000.0,-304000000.0,-37000000.0,-82000000.0,-135000000.0,-169000000.0,-81000000.0,-203000000.0,-149000000.0,-183000000.0,-188000000.0,2926000000.0,3176000000.0,-271000000.0,211000000.0,406000000.0,498000000.0,3745000000.0,223000000.0,223000000.0,223000000.0,10115000000.0,317000000.0,317000000.0,317000000.0,1506000000.0,467000000.0,467000000.0,467000000.0,1992000000.0,921000000.0,921000000.0,921000000.0,3676000000.0,1389000000.0,1389000000.0,1389000000.0,5320000000.0,1183000000.0,1183000000.0,1183000000.0,5849000000.0,1280000000.0,1280000000.0,1280000000.0
ProgramRightsObligationsCurrent / USD,,,,,,,,,,323000000.0,323000000.0,323000000.0,379000000.0,379000000.0,379000000.0,379000000.0,430000000.0,430000000.0,430000000.0,430000000.0,451000000.0,451000000.0,451000000.0,451000000.0,1783000000.0,1783000000.0,1783000000.0,1783000000.0,1907000000.0,1907000000.0,1907000000.0,1907000000.0,2044000000.0,2044000000.0,2044000000.0,2044000000.0,2042000000.0,2042000000.0,2042000000.0,2042000000.0,1940000000.0,1940000000.0,1940000000.0,1940000000.0,2036000000.0,2036000000.0,2036000000.0,2036000000.0,1914000000.0,1914000000.0,1914000000.0,1914000000.0,1736000000.0,1736000000.0,1736000000.0,1736000000.0,1576000000.0,1576000000.0,1576000000.0
PropertyPlantAndEquipmentGross / USD,,,,,,,,9261000000.0,,,,10769000000.0,,,,12768000000.0,,,,13857000000.0,,14863000000.0,14863000000.0,14863000000.0,,,,44066000000.0,,,,51965000000.0,,,,58201000000.0,,,,62247000000.0,,,,65996000000.0,,,,68563000000.0,,,,72203000000.0,,,,77271000000.0,,,
PropertyPlantAndEquipmentNet / USD,6819000000.0,6879000000.0,6819000000.0,,6897000000.0,6897000000.0,6897000000.0,6897000000.0,7206000000.0,7206000000.0,7206000000.0,7206000000.0,7981000000.0,7981000000.0,7981000000.0,7981000000.0,8373000000.0,8373000000.0,8373000000.0,8373000000.0,8345000000.0,8345000000.0,8345000000.0,8345000000.0,32963000000.0,32963000000.0,32963000000.0,32963000000.0,33888000000.0,33888000000.0,33888000000.0,33888000000.0,35126000000.0,35126000000.0,35126000000.0,35126000000.0,34591000000.0,34591000000.0,34591000000.0,34591000000.0,34357000000.0,34357000000.0,34357000000.0,34357000000.0,34310000000.0,34310000000.0,34310000000.0,34310000000.0,36039000000.0,36039000000.0,36039000000.0,36039000000.0,39520000000.0,39520000000.0,39520000000.0,39520000000.0,42913000000.0,42913000000.0,42913000000.0
RepaymentsOfLongTermDebt / USD,667000000.0,2440000000.0,3070000000.0,,1666000000.0,3366000000.0,3645000000.0,4352000000.0,1539000000.0,2919000000.0,3554000000.0,5072000000.0,1355000000.0,4825000000.0,6177000000.0,5901000000.0,388000000.0,801000000.0,1514000000.0,6520000000.0,392000000.0,10545000000.0,10911000000.0,1980000000.0,727000000.0,4070000000.0,4120000000.0,11326000000.0,3475000000.0,5529000000.0,5534000000.0,10521000000.0,2185000000.0,3500000000.0,8964000000.0,16507000000.0,5572000000.0,10123000000.0,10886000000.0,10769000000.0,3589000000.0,7892000000.0,9711000000.0,13309000000.0,3164000000.0,5759000000.0,9651000000.0,12094000000.0,2954000000.0,11947000000.0,15659000000.0,12146000000.0,6740000000.0,10735000000.0,14385000000.0,19311000000.0,5716000000.0,15784000000.0,19899000000.0
RestrictedCash / USD,,,,,,,,,,,,,,,,,,,,,,,,,,,,,,,,,,,,,,,,,,,,,,,,,,,,,,40000000.0,29000000.0,47000000.0,47000000.0,40000000.0,29000000.0
RetainedEarningsAccumulatedDeficit / USD,-235000000.0,-452000000.0,-235000000.0,,-1082000000.0,-1082000000.0,-1082000000.0,-1082000000.0,-1392000000.0,-1392000000.0,-1392000000.0,-1392000000.0,-1568000000.0,-1568000000.0,-1568000000.0,-1568000000.0,-1762000000.0,-1762000000.0,-1762000000.0,-1762000000.0,-2061000000.0,-2061000000.0,-2061000000.0,-2061000000.0,733000000.0,733000000.0,733000000.0,733000000.0,3832000000.0,3832000000.0,3832000000.0,3832000000.0,2780000000.0,2780000000.0,2780000000.0,2780000000.0,40000000.0,40000000.0,40000000.0,40000000.0,-5195000000.0,-5195000000.0,-5195000000.0,-5195000000.0,-12675000000.0,-12675000000.0,-12675000000.0,-12675000000.0,-14821000000.0,-14821000000.0,-14821000000.0,-14821000000.0,-12260000000.0,-12260000000.0,-12260000000.0,-12260000000.0,-7750000000.0,-7750000000.0,-7750000000.0
RevenueFromContractWithCustomerIncludingAssessedTax / USD,,,,,,,,,,,,,,,,,,,,,,,,,,,,,,,,,,,,,,,,,,,,,,,,1100000000.0,,,,1100000000.0,,,,1100000000.0,,,
Revenues / USD,1735000000.0,3506000000.0,5275000000.0,,1770000000.0,3561000000.0,5370000000.0,7059000000.0,1827000000.0,3711000000.0,5591000000.0,7204000000.0,1917000000.0,3889000000.0,6007000000.0,7504000000.0,2202000000.0,4461000000.0,6748000000.0,8155000000.0,2362000000.0,4792000000.0,7242000000.0,9108000000.0,2530000000.0,8691000000.0,18728000000.0,9754000000.0,10164000000.0,20521000000.0,30979000000.0,29003000000.0,10657000000.0,21511000000.0,32403000000.0,41581000000.0,11206000000.0,22553000000.0,34003000000.0,43634000000.0,11738000000.0,23434000000.0,35473000000.0,45764000000.0,12522000000.0,25324000000.0,38470000000.0,48097000000.0,13200000000.0,26798000000.0,40348000000.0,51682000000.0,13653000000.0,27312000000.0,40896000000.0,54022000000.0,13679000000.0,27364000000.0,41159000000.0
RightOfUseAssetObtainedInExchangeForOperatingLeaseLiability / USD,,,,,,,,,,,,,,,,,,,,,,,,,,,,,,,,,56000000.0,161000000.0,209000000.0,257000000.0,56000000.0,161000000.0,209000000.0,257000000.0,65000000.0,164000000.0,253000000.0,378000000.0,,,,378000000.0,,,,368000000.0,,,,221000000.0,,,
SellingAndMarketingExpense / USD,,,,,,,,,,,,,,,,,,,,,,,,,,,,,,,,,,,,,,,,,,,,,,,,,,,,,,,,,881000000.0,1763000000.0,2689000000.0
ShareBasedCompensation / USD,,,,,,,,26000000.0,,,,,,,,,,,,,,38000000.0,58000000.0,55000000.0,24000000.0,87000000.0,168000000.0,78000000.0,69000000.0,134000000.0,198000000.0,244000000.0,72000000.0,142000000.0,213000000.0,261000000.0,85000000.0,167000000.0,238000000.0,285000000.0,90000000.0,180000000.0,263000000.0,315000000.0,134000000.0,234000000.0,332000000.0,351000000.0,147000000.0,251000000.0,360000000.0,430000000.0,208000000.0,376000000.0,540000000.0,470000000.0,214000000.0,367000000.0,513000000.0
ShareBasedCompensationArrangementByShareBasedPaymentAwardFairValueAssumptionsExpectedVolatilityRate / pure,,,,,,,,,,,,,,,,,,,,,,,,0.369,,,,0.347,,,,0.254,,,,0.25,,,,0.25,,,,0.27,,,,0.27,,,,0.28,,,,0.28,,,
ShareBasedCompensationArrangementByShareBasedPaymentAwardFairValueAssumptionsRiskFreeInterestRate / pure,,,,,,,,0.025,,,,0.025,,,,0.015,,,,0.015,,,,0.02,,,,0.015,,,,0.017,,,,0.018,,,,0.024,,,,0.025,,,,0.014,,,,0.007,,,,0.017,,,
ShareBasedCompensationArrangementByShareBasedPaymentAwardNumberOfSharesAuthorized / shares,,,,,,,,8000000.0,,,,14000000.0,,,,14000000.0,,,,14000000.0,,,,,,,,,,,,,,,,,,,,,,,,,,,,16000000.0,,,,16000000.0,,,,23000000.0,,,
ShareBasedCompensationArrangementByShareBasedPaymentAwardOptionsExercisableNumber / shares,,,,,,,,,,,,,,,,,,,,,,,,1193000.0,,,,1224000.0,,,,1665000.0,,,,1734000.0,,,,2194000.0,,,,3119000.0,,,,2940000.0,,,,4102000.0,,,,5320000.0,,,
ShareBasedCompensationArrangementByShareBasedPaymentAwardOptionsExercisableWeightedAverageExercisePrice / USD/shares,,,,,,,,,,,,,,,,,,,,,,,,61.76,,,,61.88,,,,71.71,,,,90.56,,,,122.19,,,,161.13,,,,220.78,,,,237.45,,,,266.78,,,
ShareBasedCompensationArrangementByShareBasedPaymentAwardOptionsExercisesInPeriodTotalIntrinsicValue / USD,,,,,,,,,,,,,,,,,,,,,,,,55000000.0,,,,68000000.0,,,,146000000.0,,,,219000000.0,,,,114000000.0,,,,247000000.0,,,,1176000000.0,,,,606000000.0,,,,133000000.0,,,
ShareBasedCompensationArrangementByShareBasedPaymentAwardOptionsForfeituresAndExpirationsInPeriod / shares,,,,,,,,,,,,,,,,,,,,,,,,42000.0,,,,65000.0,,,,154000.0,,,,74000.0,,,,169000.0,,,,437000.0,,,,219000.0,,,,136000.0,,,,170000.0,,,
ShareBasedCompensationArrangementByShareBasedPaymentAwardOptionsForfeituresAndExpirationsInPeriodWeightedAverageExercisePrice / USD/shares,,,,,,,,,,,,,,,,,,,,,,,,115.65,,,,155.23,,,,173.98,,,,251.63,,,,300.46,,,,270.94,,,,312.94,,,,476.9,,,,570.44,,,
ShareBasedCompensationArrangementByShareBasedPaymentAwardOptionsGrantsInPeriodGross / shares,,,,,,,,,,,,,,,,,,,,,,,,1116000.0,,,,1176000.0,,,,5999000.0,,,,1175000.0,,,,1507000.0,,,,1847000.0,,,,1672000.0,,,,1295000.0,,,,1469000.0,,,
ShareBasedCompensationArrangementByShareBasedPaymentAwardOptionsGrantsInPeriodWeightedAverageGrantDateFairValue / USD/shares,,,,,,,,,,,,,,,,,,,,,,,,60.92,,,,66.2,,,,47.42,,,,73.67,,,,94.7,,,,84.39,,,,148.02,,,,171.21,,,,172.24,,,
ShareBasedCompensationArrangementByShareBasedPaymentAwardOptionsOutstandingIntrinsicValue / USD,,,,,,,,,,,,,,,,,,,,,,,,1022000000.0,,,,1295000000.0,,,,732000000.0,,,,2573000000.0,,,,3082000000.0,,,,2447000000.0,,,,468000000.0,,,,638000000.0,,,,387000000.0,,,
ShareBasedCompensationArrangementByShareBasedPaymentAwardOptionsOutstandingNumber / shares,,,,,,,,,,,,,,,,,,,,,,,,2841000.0,,,,3336000.0,,,,3923000.0,,,,9592000.0,,,,9649000.0,,,,10410000.0,,,,10549000.0,,,,8842000.0,,,,8433000.0,,,
ShareBasedCompensationArrangementByShareBasedPaymentAwardOptionsOutstandingWeightedAverageExercisePrice / USD/shares,,,,,,,,,,,,,,,,,,,,,,,,66.2,,,,95.42,,,,122.03,,,,181.39,,,,201.83,,,,225.53,,,,241.14,,,,312.95,,,,362.26,,,
ShareBasedCompensationArrangementByShareBasedPaymentAwardOptionsVestedAndExpectedToVestExercisableNumber / shares,,,,,,,,,,,,,,,,,,,,,,,,7686000.0,,,,7915000.0,,,,8216000.0,,,,7430000.0,,,,5902000.0,,,,4331000.0,,,,3860000.0,,,,6607000.0,,,,6608000.0,,,
ShareBasedCompensationArrangementByShareBasedPaymentAwardOptionsVestedAndExpectedToVestExercisableWeightedAverageExercisePrice / USD/shares,,,,,,,,,,,,,,,,,,,,,,,,205.49,,,,226.2,,,,253.12,,,,274.74,,,,358.86,,,,480.47,,,,576.23,,,,465.11,,,,417.23,,,
ShareBasedCompensationArrangementByShareBasedPaymentAwardOptionsVestedAndExpectedToVestOutstandingAggregateIntrinsicValue / USD,,,,,,,,,,,,,,,,,,,,,,,,634000000.0,,,,869000000.0,,,,374000000.0,,,,1563000000.0,,,,1787000000.0,,,,746000000.0,,,,0.0,,,,20000000.0,,,,2000000.0,,,
ShareBasedCompensationArrangementsByShareBasedPaymentAwardOptionsExercisesInPeriodWeightedAverageExercisePrice / USD/shares,,,,,,,,,,,,,,,,,,,,,,,,58.07,,,,72.27,,,,96.33,,,,124.32,,,,133.35,,,,186.9,,,,191.43,,,,295.46,,,,295.51,,,
ShareBasedCompensationArrangementsByShareBasedPaymentAwardOptionsGrantsInPeriodWeightedAverageExercisePrice / USD/shares,,,,,,,,,,,,,,,,,,,,,,,,151.24,,,,177.14,,,,218.91,,,,302.87,,,,350.4,,,,298.84,,,,536.27,,,,629.57,,,,577.64,,,
SharebasedCompensationArrangementBySharebasedPaymentAwardOptionsExercisableIntrinsicValue1 / USD,,,,,,,,,,,,,,,,,,,,,,,,360000000.0,,,,425000000.0,,,,358000000.0,,,,1011000000.0,,,,1296000000.0,,,,1700000000.0,,,,467000000.0,,,,618000000.0,,,,385000000.0,,,
StockIssuedDuringPeriodSharesStockOptionsExercised / shares,,,,,,,,,,,,,,,,,,,,,,,,579000.0,,,,524000.0,,,,1015000.0,,,,1044000.0,,,,577000.0,,,,1271000.0,,,,3160000.0,,,,1568000.0,,,,552000.0,,,
StockIssuedDuringPeriodValueShareBasedCompensation / USD,,,,,,,,,,,,,,,,104000000.0,,,,104000000.0,,6000000.0,22000000.0,123000000.0,,,,30000000.0,,,,86000000.0,36000000.0,36000000.0,36000000.0,116000000.0,44000000.0,44000000.0,44000000.0,,93000000.0,93000000.0,93000000.0,,9000000.0,9000000.0,9000000.0,,1000000.0,1000000.0,1000000.0,,2000000.0,2000000.0,2000000.0,,2000000.0,2000000.0,2000000.0
StockIssuedDuringPeriodValueStockOptionsExercised / USD,,,,,,,,,,,,5000000.0,,,,15000000.0,,,,,,,,,,,,,,,,,,,,,,,,69000000.0,,,,118000000.0,,,,184000000.0,,,,44000000.0,,,,5000000.0,,,
StockRepurchaseProgramRemainingAuthorizedRepurchaseAmount1 / USD,,,,,,,,,,,,,,,,,,,,,,,,1700000000.0,1900000000.0,,5200000000.0,1100000000.0,554000000.0,786000000.0,788000000.0,480000000.0,461000000.0,769000000.0,1400000000.0,1400000000.0,286000000.0,837000000.0,1600000000.0,1500000000.0,1200000000.0,1700000000.0,1500000000.0,1900000000.0,1200000000.0,673000000.0,680000000.0,414000000.0,305000000.0,482000000.0,672000000.0,170000000.0,263000000.0,406000000.0,599000000.0,961000000.0,2700000000.0,1300000000.0,252000000.0
StockRepurchasedAndRetiredDuringPeriodValue / USD,,,,,,,,,,,,,,,,,,,,,,,,,,,,38000000.0,,,,1562000000.0,,,,11715000000.0,,,,4399000000.0,,,,6873000000.0,,,,11217000000.0,,,,15431000000.0,,,,10277000000.0,,,
StockholdersEquity / USD,,1478000000.0,1478000000.0,,409000000.0,409000000.0,409000000.0,409000000.0,149000000.0,149000000.0,149000000.0,149000000.0,151000000.0,151000000.0,151000000.0,151000000.0,146000000.0,146000000.0,146000000.0,146000000.0,,-46000000.0,-46000000.0,-46000000.0,40139000000.0,40139000000.0,40139000000.0,40139000000.0,39084000000.0,39084000000.0,39084000000.0,39084000000.0,36285000000.0,36285000000.0,36285000000.0,36285000000.0,31445000000.0,31445000000.0,31445000000.0,31445000000.0,23805000000.0,23805000000.0,23805000000.0,23805000000.0,14050000000.0,14050000000.0,14050000000.0,14050000000.0,9119000000.0,9119000000.0,9119000000.0,9119000000.0,11086000000.0,11086000000.0,11086000000.0,11086000000.0,15587000000.0,15587000000.0,15587000000.0
StockholdersEquityIncludingPortionAttributableToNoncontrollingInterest / USD,1478000000.0,1064000000.0,1478000000.0,,409000000.0,409000000.0,409000000.0,1916000000.0,149000000.0,149000000.0,149000000.0,1478000000.0,151000000.0,151000000.0,151000000.0,409000000.0,146000000.0,146000000.0,146000000.0,149000000.0,-46000000.0,146000000.0,146000000.0,151000000.0,50366000000.0,50366000000.0,50366000000.0,146000000.0,47531000000.0,47531000000.0,47531000000.0,-46000000.0,47531000000.0,47531000000.0,47531000000.0,50366000000.0,44272000000.0,44272000000.0,44272000000.0,47531000000.0,38811000000.0,38811000000.0,38811000000.0,44272000000.0,30281000000.0,30281000000.0,30281000000.0,38811000000.0,18156000000.0,18156000000.0,18156000000.0,30281000000.0,12549000000.0,12549000000.0,12549000000.0,18156000000.0,14718000000.0,14718000000.0,14718000000.0
SupplierFinanceProgramObligationCurrent / USD,,,,,,,,,,,,,,,,,,,,,,,,,,,,,,,,,,,,,,,,,,,,,,,,,,,,,,,,0.0,576000000.0,576000000.0,576000000.0
SupplierFinanceProgramObligationDecreaseSettlement / USD,,,,,,,,,,,,,,,,,,,,,,,,,,,,,,,,,,,,,,,,,,,,,,,,,,,,,,,,878000000.0,,,
SupplierFinanceProgramObligationIncrease / USD,,,,,,,,,,,,,,,,,,,,,,,,,,,,,,,,,,,,,,,,,,,,,,,,,,,,,,,,1454000000.0,,,
TreasuryStockCommonShares / shares,,,,,,,,,,,,,,,,,,,,,,,,,,,,,,,,,,,,,,,,,,,,,,,,,0.0,0.0,0.0,,0.0,0.0,0.0,,0.0,0.0,0.0
TreasuryStockSharesAcquired / shares,,4500000.0,4500000.0,,,,,,,,,,,,,,,,,,,,,,,471864.0,1824839.0,222237.0,2808761.0,12851249.0,22406923.0,6029225.0,1770755.0,7506399.0,10574233.0,33868356.0,2924551.0,5326206.0,12343135.0,14357707.0,5029955.0,7494763.0,13328430.0,17386100.0,6150696.0,11667008.0,16627760.0,20219461.0,5739096.0,13109385.0,18174839.0,23227642.0,2472915.0,3445355.0,5388655.0,21240774.0,1557554.0,2889207.0,3650218.0
TreasuryStockValue / USD,6000000.0,213000000.0,6000000.0,,0.0,0.0,0.0,,0.0,0.0,0.0,,0.0,0.0,0.0,,0.0,0.0,0.0,,0.0,0.0,0.0,,0.0,0.0,0.0,,0.0,0.0,0.0,,0.0,0.0,0.0,,0.0,0.0,0.0,,0.0,0.0,0.0,,0.0,0.0,0.0,,0.0,0.0,0.0,,0.0,0.0,0.0,,0.0,0.0,0.0
TreasuryStockValueAcquiredCostMethod / USD,,207000000.0,207000000.0,,,,,6000000.0,,,,733000000.0,,,,11000000.0,,,,15000000.0,,23000000.0,24000000.0,19000000.0,,99000000.0,448000000.0,,895000000.0,4223000000.0,7748000000.0,1562000000.0,617000000.0,617000000.0,617000000.0,11715000000.0,940000000.0,940000000.0,940000000.0,4399000000.0,2352000000.0,2352000000.0,2352000000.0,6873000000.0,3652000000.0,3652000000.0,3652000000.0,11217000000.0,3333000000.0,3333000000.0,3333000000.0,15431000000.0,920000000.0,920000000.0,920000000.0,10277000000.0,516000000.0,516000000.0,516000000.0
UnrecognizedTaxBenefits / USD,,,,,,,,224000000.0,202000000.0,202000000.0,202000000.0,228000000.0,,,,,,,,5000000.0,5000000.0,,,0.0,172000000.0,172000000.0,172000000.0,5000000.0,164000000.0,164000000.0,164000000.0,172000000.0,180000000.0,180000000.0,180000000.0,164000000.0,230000000.0,230000000.0,230000000.0,180000000.0,298000000.0,298000000.0,298000000.0,230000000.0,,,,298000000.0,,,,377000000.0,,,,515000000.0,,,
UnrecognizedTaxBenefitsIncreasesResultingFromCurrentPeriodTaxPositions / USD,,,,,,,,,,,,,,,,,,,,,,,,5000000.0,,,,7000000.0,,,,12000000.0,,,,25000000.0,,,,44000000.0,,,,51000000.0,,,,94000000.0,,,,166000000.0,,,,154000000.0,,,
UnrecognizedTaxBenefitsIncreasesResultingFromPriorPeriodTaxPositions / USD,,,,228000000.0,,,,64000000.0,,,,1000000.0,,,,,,,,,,,,1000000.0,,,,1000000.0,,,,1000000.0,,,,7000000.0,,,,15000000.0,,,,28000000.0,,,,,,,,13000000.0,,,,13000000.0,,,
UnrecognizedTaxBenefitsThatWouldImpactEffectiveTaxRate / USD,,,,,,,,,,,,,,,,,,,,,,143000000.0,156000000.0,154000000.0,,,,171000000.0,,,,191000000.0,,,,242000000.0,,,,302000000.0,,,,318000000.0,,,,430000000.0,,,,538000000.0,,,,604000000.0,,,
WeightedAverageNumberOfDilutedSharesOutstanding / shares,114883134.0,,,,,,,,,,,111415982.0,,,,111415982.0,,,113339885.0,111655617.0,,101017146.0,101080587.0,97991915.0,101552093.0,153959234.0,208460148.0,101152647.0,273199509.0,270249433.0,266363602.0,234791439.0,241420722.0,239246727.0,237343924.0,296703956.0,227595365.0,226889745.0,225337984.0,235525226.0,212810613.0,212158218.0,211399781.0,223786380.0,205872536.0,202458265.0,197316667.0,209273247.0,174500472.0,170741462.0,167351777.0,193042948.0,153538359.0,152727540.0,152495273.0,164433596.0,146643199.0,145742397.0,145489370.0
WeightedAverageNumberOfSharesOutstandingBasic / shares,113020967.0,,,,,,,,,,,103836535.0,,,,103836535.0,,,111928113.0,111655617.0,,101017146.0,101080587.0,97991915.0,101552093.0,142457435.0,185706106.0,101152647.0,269004817.0,266217549.0,262074603.0,206539100.0,237762295.0,235992306.0,234159830.0,256720715.0,224630122.0,223505016.0,221818079.0,232356665.0,207831305.0,206804371.0,205468736.0,219506735.0,191404527.0,188645356.0,186380681.0,203316483.0,170688127.0,167350535.0,164189703.0,183669369.0,151438371.0,150761406.0,150169275.0,161501355.0,144510317.0,143920073.0,143379041.0
