fact_unit,2010-07-27,2010-10-22,2011-02-17,2011-04-21,2011-07-21,2011-10-21,2012-02-10,2012-04-20,2012-07-20,2012-10-19,2013-02-08,2013-04-19,2013-07-19,2013-10-18,2014-02-05,2014-04-17,2014-07-22,2014-10-21,2015-02-04,2015-04-22,2015-07-22,2015-10-21,2016-02-05,2016-04-27,2016-07-22,2016-10-26,2017-02-07,2017-04-26,2017-07-26,2017-10-25,2018-02-08,2018-04-26,2018-07-27,2018-10-26,2019-02-08,2019-04-25,2019-07-24,2019-10-23,2020-02-05,2020-04-29,2020-07-29,2020-10-28,2021-02-10,2021-04-29,2021-07-23,2021-10-27,2022-02-11,2022-04-28,2022-07-27,2022-10-26,2023-02-09,2023-04-27,2023-07-28,2023-10-27,2024-02-08,2024-04-25,2024-07-25,2024-10-30,2025-02-05,2025-04-24,2025-07-24,2025-10-30
AccountsAndFinancingReceivableAllowanceForCreditLoss / USD,,,,,,,,,,,,,,,,,,,,,,,,,,,,,,,,,,,,,,,,,,,,,,,,,,,1950000.0,,,,1180000.0,,,,2742000.0,,,
AccountsPayableCurrent / USD,25230000.0,25230000.0,25230000.0,33705000.0,33705000.0,33705000.0,33705000.0,46382000.0,46382000.0,46382000.0,46382000.0,58700000.0,58700000.0,58700000.0,58700000.0,59022000.0,59022000.0,59022000.0,59022000.0,69613000.0,69613000.0,69613000.0,69613000.0,85709000.0,85709000.0,85709000.0,85709000.0,78363000.0,78363000.0,78363000.0,78363000.0,82028000.0,82028000.0,82028000.0,82028000.0,113071000.0,113071000.0,113071000.0,113071000.0,115816000.0,115816000.0,115816000.0,115816000.0,121990000.0,121990000.0,121990000.0,121990000.0,163161000.0,163161000.0,163161000.0,163161000.0,184566000.0,184566000.0,184566000.0,184566000.0,197646000.0,197646000.0,197646000.0,197646000.0,210695000.0,210695000.0,210695000.0
AccountsReceivableNetCurrent / USD,4763000.0,4763000.0,4763000.0,5658000.0,5658000.0,5658000.0,5658000.0,8389000.0,8389000.0,8389000.0,,16800000.0,16800000.0,16800000.0,16800000.0,24016000.0,24016000.0,24016000.0,24016000.0,34839000.0,34839000.0,34839000.0,34839000.0,38283000.0,38283000.0,38283000.0,38283000.0,40451000.0,40451000.0,40451000.0,40451000.0,40453000.0,40453000.0,40453000.0,40453000.0,62312000.0,62312000.0,62312000.0,62312000.0,80545000.0,80545000.0,80545000.0,80545000.0,104500000.0,104500000.0,104500000.0,104500000.0,99599000.0,99599000.0,99599000.0,99599000.0,106880000.0,106880000.0,106880000.0,106880000.0,115535000.0,115535000.0,115535000.0,115535000.0,143963000.0,143963000.0,143963000.0
AccruedLiabilitiesCurrent / USD,31216000.0,31216000.0,31216000.0,38892000.0,38892000.0,38892000.0,38892000.0,46456000.0,46456000.0,46456000.0,46456000.0,56421000.0,56421000.0,56421000.0,56421000.0,73011000.0,73011000.0,73011000.0,73011000.0,102203000.0,102203000.0,102203000.0,102203000.0,129275000.0,129275000.0,129275000.0,129275000.0,127129000.0,127129000.0,127129000.0,127129000.0,159324000.0,159324000.0,159324000.0,95679000.0,147849000.0,147849000.0,147849000.0,147849000.0,155843000.0,155843000.0,155843000.0,155843000.0,164649000.0,164649000.0,164649000.0,164649000.0,173052000.0,173052000.0,173052000.0,173052000.0,147539000.0,147539000.0,147539000.0,147539000.0,147688000.0,147688000.0,147688000.0,147688000.0,179747000.0,179747000.0,179747000.0
AccruedSalariesCurrent / USD,,,,,,,,,,,,,,,,,,,,,,,,,,,13780000.0,,,,22338000.0,,,,19666000.0,,,,35622000.0,,,,31188000.0,,,,79702000.0,,,,107799000.0,,,,118638000.0,,,,170251000.0,,,
AccumulatedDepreciationDepletionAndAmortizationPropertyPlantAndEquipment / USD,,,,,,,305228000.0,,,,370169000.0,,,,444917000.0,,,,527397000.0,,,,613676000.0,,,,720875000.0,,,,845469000.0,,,,978924000.0,,,,1083507000.0,,,,1201439000.0,,,,1379710000.0,,,,1536323000.0,,,,1734587000.0,,,,1982022000.0,,,
AccumulatedOtherComprehensiveIncomeLossNetOfTax / USD,,,,,,,,,,,,,,,,,,,,,,,-429000.0,-8273000.0,-8273000.0,-8273000.0,-8273000.0,-8162000.0,-8162000.0,-8162000.0,-8162000.0,-3659000.0,-3659000.0,-3659000.0,-3659000.0,-6236000.0,-6236000.0,-6236000.0,-6236000.0,-5363000.0,-5363000.0,-5363000.0,-5363000.0,-4229000.0,-4229000.0,-4229000.0,-4229000.0,-5354000.0,-5354000.0,-5354000.0,-5354000.0,-7888000.0,-7888000.0,-7888000.0,-7888000.0,-6657000.0,-6657000.0,-6657000.0,-6657000.0,-10282000.0,-10282000.0,-10282000.0
AdditionalPaidInCapitalCommonStock / USD,539880000.0,539880000.0,539880000.0,594331000.0,594331000.0,594331000.0,594331000.0,676652000.0,676652000.0,676652000.0,676652000.0,816612000.0,816612000.0,816612000.0,816612000.0,919840000.0,919840000.0,919840000.0,919840000.0,1038932000.0,1038932000.0,1038932000.0,1038932000.0,1172628000.0,1172628000.0,1172628000.0,1172628000.0,1238875000.0,1238875000.0,1238875000.0,1238875000.0,1305090000.0,1305090000.0,1305090000.0,1305090000.0,1374154000.0,1374154000.0,1374154000.0,1374154000.0,1465697000.0,1465697000.0,1465697000.0,1465697000.0,1549909000.0,1549909000.0,1549909000.0,1549909000.0,1729312000.0,1729312000.0,1729312000.0,1729312000.0,1829304000.0,1829304000.0,1829304000.0,1829304000.0,1956160000.0,1937794000.0,1937794000.0,1937794000.0,2078010000.0,2078010000.0,2078010000.0
AdjustmentsToAdditionalPaidInCapitalSharebasedCompensationRequisiteServicePeriodRecognitionValue / USD,,,11976000.0,,,,15665000.0,,,,22280000.0,,,,42965000.0,,,,66274000.0,,,,64781000.0,,,,97618000.0,,,,59465000.0,,,,65112000.0,12376000.0,12376000.0,12376000.0,66396000.0,19342000.0,19342000.0,19342000.0,69947000.0,17708000.0,17708000.0,17708000.0,92062000.0,55960000.0,55960000.0,55960000.0,84463000.0,24077000.0,24077000.0,24077000.0,178703000.0,20670000.0,20670000.0,20670000.0,99821000.0,36681000.0,36681000.0,36681000.0
AllocatedShareBasedCompensationExpenseNetOfTax / USD,,,,,7487000.0,11374000.0,9663000.0,5739000.0,13932000.0,20614000.0,13713000.0,12659000.0,23663000.0,32834000.0,26166000.0,9534000.0,21225000.0,31280000.0,40361000.0,17012000.0,38178000.0,51116000.0,39465000.0,10213000.0,23365000.0,36150000.0,60084000.0,6632000.0,18463000.0,29056000.0,36666000.0,10350000.0,22924000.0,33760000.0,35974000.0,8931000.0,17676000.0,35792000.0,40370000.0,14402000.0,30091000.0,49042000.0,51544000.0,14505000.0,34512000.0,51030000.0,73866000.0,50465000.0,93187000.0,125714000.0,69904000.0,20550000.0,45474000.0,67541000.0,159972000.0,16696000.0,43901000.0,74966000.0,84928000.0,31286000.0,70218000.0,69160000.0
AntidilutiveSecuritiesExcludedFromComputationOfEarningsPerShareAmount / shares,,,,,678000.0,453000.0,532000.0,219000.0,307000.0,320000.0,340000.0,257000.0,311000.0,345000.0,240000.0,678000.0,781000.0,523000.0,360000.0,326000.0,431000.0,298000.0,393000.0,131000.0,241000.0,267000.0,232000.0,1367000.0,1438000.0,1312000.0,289000.0,1459000.0,1482000.0,1567000.0,1316000.0,2226000.0,2144000.0,1817000.0,1695000.0,343000.0,259000.0,178000.0,1741000.0,103000.0,110000.0,74000.0,139000.0,48000.0,62000.0,42000.0,57000.0,142000.0,163000.0,164000.0,34000.0,153000.0,5495000.0,4674000.0,8149000.0,2458000.0,2413000.0,2390000.0
Assets / USD,961505000.0,961505000.0,961505000.0,1121605000.0,1121605000.0,1121605000.0,1121605000.0,1425308000.0,1425308000.0,1425308000.0,1425308000.0,1668667000.0,1668667000.0,1668667000.0,1668667000.0,2009280000.0,2009280000.0,2009280000.0,2009280000.0,2546285000.0,2546285000.0,2546285000.0,2527317000.0,2725066000.0,2725066000.0,2725066000.0,2725066000.0,2026103000.0,2026103000.0,2026103000.0,2026103000.0,2045692000.0,2045692000.0,2045692000.0,2045692000.0,2265518000.0,2265518000.0,2265518000.0,2265518000.0,5104604000.0,5104604000.0,5104604000.0,5104604000.0,5982896000.0,5982896000.0,5982896000.0,5982896000.0,6652958000.0,6652958000.0,6652958000.0,6652958000.0,6927504000.0,6927504000.0,6927504000.0,6927504000.0,8044362000.0,8044362000.0,8044362000.0,8044362000.0,9204374000.0,9204374000.0,9204374000.0
AssetsCurrent / USD,297454000.0,297454000.0,297454000.0,406221000.0,406221000.0,406221000.0,406221000.0,501192000.0,501192000.0,501192000.0,501192000.0,546607000.0,546607000.0,546607000.0,546607000.0,666307000.0,666307000.0,666307000.0,666307000.0,878479000.0,878479000.0,878479000.0,859511000.0,814647000.0,814647000.0,814647000.0,814647000.0,522374000.0,522374000.0,522374000.0,522374000.0,629535000.0,629535000.0,629535000.0,629535000.0,814794000.0,814794000.0,814794000.0,814794000.0,1072204000.0,1072204000.0,1072204000.0,1072204000.0,1420237000.0,1420237000.0,1420237000.0,1420237000.0,1381564000.0,1381564000.0,1381564000.0,1381564000.0,1175837000.0,1175837000.0,1175837000.0,1175837000.0,1620713000.0,1620713000.0,1620713000.0,1620713000.0,1780587000.0,1780587000.0,1780587000.0
CapitalExpendituresIncurredButNotYetPaid / USD,694000.0,5435000.0,-375000.0,-791000.0,-345000.0,5525000.0,95000.0,-286000.0,180000.0,8569000.0,1480000.0,149000.0,4687000.0,10331000.0,3249000.0,2813000.0,-1432000.0,,,,,,,,,,,,,,,,,,,,,,,,,,,,,,,,,,,,,58127000.0,63802000.0,63745000.0,55904000.0,81724000.0,72021000.0,64207000.0,76304000.0,78798000.0
CashAndCashEquivalentsAtCarryingValue / USD,88044000.0,88044000.0,151176000.0,219566000.0,219566000.0,219566000.0,88044000.0,224838000.0,224838000.0,224838000.0,219566000.0,401243000.0,401243000.0,401243000.0,224838000.0,322553000.0,322553000.0,322553000.0,401243000.0,323203000.0,323203000.0,323203000.0,322553000.0,419465000.0,419465000.0,419465000.0,323203000.0,248005000.0,248005000.0,248005000.0,419465000.0,184569000.0,184569000.0,184569000.0,184569000.0,249953000.0,249953000.0,249953000.0,249953000.0,480626000.0,480626000.0,480626000.0,480626000.0,607987000.0,607987000.0,607987000.0,607987000.0,815374000.0,815374000.0,815374000.0,815374000.0,384000000.0,384000000.0,384000000.0,384000000.0,560609000.0,560609000.0,560609000.0,560609000.0,748537000.0,748537000.0,748537000.0
CashCashEquivalentsRestrictedCashAndRestrictedCashEquivalents / USD,,,,,,,,,,,,,,,,,,,,,,,,,,,,,,,,116370000.0,116370000.0,116370000.0,270577000.0,214170000.0,214170000.0,214170000.0,116370000.0,280152000.0,280152000.0,280152000.0,214170000.0,508481000.0,508481000.0,508481000.0,280152000.0,635836000.0,635836000.0,635836000.0,508481000.0,846230000.0,846230000.0,846230000.0,635836000.0,408966000.0,408966000.0,408966000.0,846230000.0,586163000.0,586163000.0,586163000.0
CashCashEquivalentsRestrictedCashAndRestrictedCashEquivalentsPeriodIncreaseDecreaseIncludingExchangeRateEffect / USD,,,,,,,,,,,,,,,,,,,,,,,,,,,,,,,,34544000.0,87303000.0,26073000.0,-154207000.0,47171000.0,41048000.0,158438000.0,97800000.0,25891000.0,48304000.0,135110000.0,65982000.0,19790000.0,125120000.0,181511000.0,228329000.0,86803000.0,60310000.0,113164000.0,127355000.0,-199495000.0,-294402000.0,-448633000.0,210394000.0,25894000.0,121006000.0,218656000.0,-437264000.0,167369000.0,248029000.0,140353000.0
CommonStockParOrStatedValuePerShare / USD/shares,0.01,0.01,0.01,0.01,0.01,0.01,0.01,0.01,0.01,0.01,0.01,0.01,0.01,0.01,0.01,0.01,0.01,0.01,0.01,0.01,0.01,0.01,0.01,0.01,0.01,0.01,0.01,0.01,0.01,0.01,0.01,0.01,0.01,0.01,0.01,0.01,0.01,0.01,0.01,0.01,0.01,0.01,0.01,0.01,0.01,0.01,0.01,0.01,0.01,0.01,0.01,0.01,0.01,0.01,0.01,0.01,0.01,0.01,0.01,0.01,0.01,0.01
CommonStockSharesAuthorized / shares,230000.0,230000.0,230000000.0,230000000.0,230000000.0,230000000.0,230000000.0,230000000.0,230000000.0,230000000.0,230000000.0,230000000.0,230000000.0,230000000.0,230000000.0,230000000.0,230000000.0,230000000.0,230000000.0,230000000.0,230000000.0,230000000.0,230000000.0,230000000.0,230000000.0,230000000.0,230000000.0,230000000.0,230000000.0,230000000.0,230000000.0,230000000.0,230000000.0,230000000.0,230000000.0,230000000.0,230000000.0,230000000.0,230000000.0,230000000.0,230000000.0,230000000.0,230000000.0,230000000.0,230000000.0,230000000.0,230000000.0,230000000.0,230000000.0,230000000.0,230000000.0,230000000.0,230000000.0,230000000.0,230000000.0,230000000.0,11500000000.0,11500000000.0,11500000000.0,11500000000.0,11500000000.0,11500000000.0
CommonStockSharesIssued / shares,33473.0,33473.0,33473000.0,33959000.0,33959000.0,33959000.0,33959000.0,34357000.0,34357000.0,34357000.0,34357000.0,34912000.0,34912000.0,34912000.0,34912000.0,35245000.0,35245000.0,35245000.0,35245000.0,35394000.0,35394000.0,35394000.0,35394000.0,35790000.0,35790000.0,35790000.0,35790000.0,35833000.0,35833000.0,35833000.0,35833000.0,35852000.0,35852000.0,35852000.0,35852000.0,35852000.0,35852000.0,35852000.0,35852000.0,36323000.0,36323000.0,36323000.0,36323000.0,36704000.0,36704000.0,36704000.0,36704000.0,37132000.0,37132000.0,37132000.0,37132000.0,37320000.0,37320000.0,37320000.0,37320000.0,37483000.0,1874139000.0,1874139000.0,1874139000.0,1358751000.0,1358751000.0,1358751000.0
CommonStockValue / USD,335000.0,335000.0,335000.0,340000.0,340000.0,340000.0,340000.0,344000.0,344000.0,344000.0,344000.0,349000.0,349000.0,349000.0,349000.0,352000.0,352000.0,352000.0,352000.0,354000.0,354000.0,354000.0,354000.0,358000.0,358000.0,358000.0,358000.0,358000.0,358000.0,358000.0,358000.0,359000.0,359000.0,359000.0,359000.0,360000.0,360000.0,360000.0,360000.0,363000.0,363000.0,363000.0,363000.0,367000.0,367000.0,367000.0,367000.0,371000.0,371000.0,371000.0,371000.0,373000.0,373000.0,373000.0,373000.0,375000.0,18741000.0,18741000.0,18741000.0,13586000.0,13586000.0,13586000.0
ComprehensiveIncomeNetOfTax / USD,,,78009000.0,,84199000.0,133371000.0,127067000.0,47000000.0,97764000.0,157556000.0,179558000.0,63347000.0,143972000.0,217232000.0,214536000.0,75480000.0,163300000.0,248190000.0,278827000.0,82938000.0,193687000.0,323099000.0,328034000.0,117929000.0,259864000.0,403029000.0,443325000.0,-22610000.0,2730000.0,9790000.0,467758000.0,46613000.0,115421000.0,136977000.0,23049000.0,59477000.0,104863000.0,143338000.0,180756000.0,88510000.0,180135000.0,278091000.0,173976000.0,74547000.0,83777000.0,164726000.0,351031000.0,126838000.0,315117000.0,518595000.0,356900000.0,158489000.0,416951000.0,671832000.0,651859000.0,292101000.0,634370000.0,946459000.0,896567000.0,357994000.0,813101000.0,1201563000.0
ContractWithCustomerLiabilityCurrent / USD,,,,,,,,,,,,,,,,,,,,,,,,,,,,,,,,63645000.0,63645000.0,63645000.0,,70474000.0,,,,,,,,,,,,,,,,,,,,209680000.0,209680000.0,209680000.0,209680000.0,238577000.0,238577000.0,238577000.0
CostDirectLabor / USD,,,,,,,,,,,,,,,,,,,,,,,,,,,,,,,,,,900564000.0,1105001000.0,318863000.0,660705000.0,993570000.0,1205992000.0,348842000.0,716895000.0,1090540000.0,1326079000.0,393565000.0,778831000.0,1184649000.0,1472060000.0,433669000.0,898175000.0,1400932000.0,1593013000.0,531940000.0,1081866000.0,1639044000.0,1917761000.0,583794000.0,1195472000.0,1811754000.0,2197958000.0,659450000.0,1376077000.0,2072924000.0
CostDirectMaterial / USD,,,,,,,,,,,,,,,,,,,,,,,,,,,,,,,,,,1155514000.0,1365580000.0,371915000.0,785011000.0,1194224000.0,1535428000.0,421367000.0,904651000.0,1371147000.0,1600760000.0,462299000.0,917055000.0,1434316000.0,1847916000.0,522671000.0,1097149000.0,1688481000.0,1932766000.0,626926000.0,1300854000.0,1963394000.0,2308631000.0,692559000.0,1431223000.0,2165409000.0,2602245000.0,779076000.0,1652749000.0,2508264000.0
CostsAndExpenses / USD,644781000.0,977553000.0,1207929000.0,348390000.0,740272000.0,1139562000.0,1314712000.0,434563000.0,922261000.0,1416105000.0,1548091000.0,538379000.0,1095521000.0,1678386000.0,1918986000.0,606707000.0,1277075000.0,1966828000.0,2275359000.0,768513000.0,1638744000.0,2515530000.0,2681871000.0,891242000.0,1861609000.0,2843740000.0,3397469000.0,881063000.0,1838551000.0,2865807000.0,3737634000.0,995656000.0,2058340000.0,3155547000.0,3869817000.0,1055589000.0,2254152000.0,3421168000.0,4205618000.0,1198056000.0,2512267000.0,3800343000.0,4606617000.0,1339651000.0,2709328000.0,4203646000.0,5142411000.0,1580133000.0,3227146000.0,4939781000.0,5694470000.0,1830318000.0,3706059000.0,5589981000.0,6742118000.0,2000974000.0,4083965000.0,6160963000.0,7474249000.0,2260556000.0,4647621000.0,6967942000.0
CurrentFederalTaxExpenseBenefit / USD,,,,,,,56945000.0,,,,83850000.0,,,,100983000.0,,,,166386000.0,,,,165731000.0,,,,248219000.0,,,,244470000.0,,,,20765000.0,,,,98208000.0,,,,-58878000.0,,,,57020000.0,,,,-204063000.0,,,,156447000.0,,,,246210000.0,,,
CurrentForeignTaxExpenseBenefit / USD,,,,,,,-139000.0,,,,6000.0,,,,-6000.0,,,,125000.0,,,,63000.0,,,,156000.0,,,,172000.0,,,,556000.0,,,,669000.0,,,,-637000.0,,,,646000.0,,,,1044000.0,,,,338000.0,,,,374000.0,,,
CurrentIncomeTaxExpenseBenefit / USD,,,,,,,68957000.0,,,,99601000.0,,,,122825000.0,,,,197742000.0,,,,204930000.0,,,,289600000.0,,,,282599000.0,,,,30008000.0,,,,117516000.0,,,,-81295000.0,,,,78165000.0,,,,-170335000.0,,,,172136000.0,,,,325625000.0,,,
CurrentStateAndLocalTaxExpenseBenefit / USD,,,,,,,12151000.0,,,,15745000.0,,,,21848000.0,,,,31231000.0,,,,39136000.0,,,,41225000.0,,,,37957000.0,,,,8687000.0,,,,18639000.0,,,,-21780000.0,,,,20499000.0,,,,32684000.0,,,,15351000.0,,,,79041000.0,,,
DeferredCompensationLiabilityCurrentAndNoncurrent / USD,,,,,,,5115000.0,6370000.0,6802000.0,6802000.0,,,,,,,,,,,,,,,,,,,,,,,,,,,,,,,,,,,,,19330000.0,,,,21140000.0,,,,27178000.0,,,,36509000.0,,,
DeferredFederalIncomeTaxExpenseBenefit / USD,,,,,,,9677000.0,,,,10058000.0,,,,12080000.0,,,,-16024000.0,,,,5238000.0,,,,-13890000.0,,,,11000000.0,,,,-11596000.0,,,,-16201000.0,,,,-10541000.0,,,,27231000.0,,,,120066000.0,,,,-33004000.0,,,,-23502000.0,,,
DeferredForeignIncomeTaxExpenseBenefit / USD,,,,,,,-2000.0,,,,-711000.0,,,,-711000.0,,,,-1578000.0,,,,-1330000.0,,,,-3075000.0,,,,-2288000.0,,,,-2470000.0,,,,-496000.0,,,,2261000.0,,,,-2685000.0,,,,-7158000.0,,,,-7229000.0,,,,3771000.0,,,
DeferredIncomeTaxExpenseBenefit / USD,8312000.0,10381000.0,13165000.0,-3271000.0,-7367000.0,-3039000.0,8282000.0,2703000.0,8701000.0,11470000.0,10479000.0,1803000.0,-1659000.0,-5792000.0,11935000.0,-1923000.0,7301000.0,6585000.0,-18057000.0,1551000.0,-6124000.0,-19045000.0,2103000.0,-5551000.0,-13032000.0,-12542000.0,-20671000.0,2259000.0,3789000.0,380000.0,11666000.0,-3107000.0,-5939000.0,-11323000.0,-14207000.0,5683000.0,16948000.0,26424000.0,-18026000.0,1772000.0,-6349000.0,-15146000.0,10585000.0,27343000.0,55122000.0,53857000.0,29962000.0,-13482000.0,-15884000.0,-1024000.0,108350000.0,-14024000.0,-15537000.0,-8567000.0,-12357000.0,-486000.0,7827000.0,12465000.0,-43195000.0,-4890000.0,-5826000.0,-9599000.0
DeferredIncomeTaxLiabilities / USD,,,,,,,,,,,,,,,,,,,,,,,,,,,,,,,212508000.0,,,,147438000.0,,,,149705000.0,,,,851451000.0,,,,1052367000.0,,,,1132744000.0,,,,1166256000.0,,,,1246595000.0,,,
DeferredIncomeTaxLiabilitiesNet / USD,,,,,,,,,,,,,,,,,,,,,,,,,,,,,,,,,,,,,,,11566000.0,37814000.0,37814000.0,37814000.0,37814000.0,149422000.0,149422000.0,149422000.0,149422000.0,141765000.0,141765000.0,141765000.0,141765000.0,98623000.0,98623000.0,98623000.0,98623000.0,89109000.0,89109000.0,89109000.0,89109000.0,46208000.0,46208000.0,46208000.0
DeferredStateAndLocalIncomeTaxExpenseBenefit / USD,,,,,,,-1393000.0,,,,6000.0,,,,-50000.0,,,,-2013000.0,,,,-3105000.0,,,,-6740000.0,,,,699000.0,,,,-2546000.0,,,,-1559000.0,,,,-479000.0,,,,2740000.0,,,,-11507000.0,,,,20404000.0,,,,-19940000.0,,,
DeferredTaxAssetsNet / USD,,,,,,,,,,,,,,,,,,,,,,,,,,,,,,,,,,,,,,,138139000.0,,,,813637000.0,,,,902945000.0,,,,990979000.0,,,,1067633000.0,,,,1157486000.0,,,
DeferredTaxAssetsOperatingLossCarryforwardsForeign / USD,,,,,,,617000.0,,,,1397000.0,,,,2992000.0,,,,5598000.0,,,,8618000.0,,,,11407000.0,,,,9580000.0,,,,11376000.0,,,,11871000.0,,,,13796000.0,,,,21598000.0,,,,27446000.0,,,,24799000.0,,,,32252000.0,,,
DeferredTaxAssetsOperatingLossCarryforwardsStateAndLocal / USD,,,,,,,,,,,,,,,,,,,,,,,,,,,,,,,,,,,,,,,,,,,22482000.0,,,,22482000.0,,,,1568000.0,,,,4832000.0,,,,4332000.0,,,
DeferredTaxAssetsStateTaxes / USD,,,,,,,,,,,,,,,1300000.0,,,,1300000.0,,,,4281000.0,,,,4783000.0,,,,4595000.0,,,,5589000.0,,,,5230000.0,,,,4170000.0,,,,4452000.0,,,,3595000.0,,,,3151000.0,,,,1838000.0,,,
DeferredTaxAssetsTaxDeferredExpenseCompensationAndBenefitsShareBasedCompensationCost / USD,,,,,,,15548000.0,,,,28079000.0,,,,46515000.0,,,,53622000.0,,,,87713000.0,,,,83058000.0,,,,101628000.0,,,,80447000.0,,,,65651000.0,,,,41270000.0,,,,34709000.0,,,,45261000.0,,,,45129000.0,,,,50954000.0,,,
DeferredTaxAssetsTaxDeferredExpenseReservesAndAccrualsOther / USD,,,,,,,5912000.0,,,,8094000.0,,,,10433000.0,,,,11973000.0,,,,14656000.0,,,,18577000.0,,,,19359000.0,,,,13719000.0,,,,13355000.0,,,,22973000.0,,,,25981000.0,,,,24179000.0,,,,15688000.0,,,,12870000.0,,,
DeferredTaxAssetsValuationAllowance / USD,,,,,,,,,,,,,,,,,,,,,,,,,,,,,,,,,,,,,,,13524000.0,,,,16200000.0,,,,23149000.0,,,,30621000.0,,,,27097000.0,,,,34722000.0,,,
DeferredTaxLiabilities / USD,,,,,,,,,,,,,,,,,,,,,,,,,,,,,,,,,,,814000.0,,,,11566000.0,,,,37814000.0,,,,149422000.0,,,,141765000.0,,,,98623000.0,,,,89109000.0,,,
DeferredTaxLiabilitiesGoodwillAndIntangibleAssets / USD,,,,,,,815000.0,,,,990000.0,,,,1166000.0,,,,1346000.0,,,,1519000.0,,,,1696000.0,,,,1856000.0,,,,1339000.0,,,,1438000.0,,,,1537000.0,,,,1628000.0,,,,1728000.0,,,,1754000.0,,,,1743000.0,,,
DeferredTaxLiabilitiesPropertyPlantAndEquipment / USD,,,,,,,96399000.0,,,,127706000.0,,,,136040000.0,,,,156746000.0,,,,175808000.0,,,,192125000.0,,,,204640000.0,,,,140908000.0,,,,144113000.0,,,,162291000.0,,,,298225000.0,,,,279586000.0,,,,263444000.0,,,,272017000.0,,,
DepreciationDepletionAndAmortization / USD,29917000.0,45368000.0,52770000.0,16734000.0,33787000.0,51106000.0,61308000.0,18494000.0,36999000.0,55740000.0,68921000.0,20084000.0,40627000.0,61989000.0,74938000.0,22936000.0,46533000.0,71151000.0,84130000.0,25754000.0,52763000.0,80724000.0,96054000.0,30643000.0,63083000.0,96228000.0,110474000.0,34788000.0,70862000.0,108296000.0,130368000.0,39279000.0,80360000.0,121906000.0,146368000.0,46915000.0,96108000.0,148762000.0,163348000.0,53781000.0,105423000.0,157629000.0,201979000.0,58374000.0,118398000.0,178578000.0,212778000.0,63122000.0,125204000.0,188395000.0,238534000.0,71665000.0,141398000.0,212814000.0,254657000.0,76585000.0,155356000.0,233902000.0,286826000.0,83243000.0,166805000.0,251154000.0
EarningsPerShareBasic / USD/shares,1.9,2.99,2.39,1.2,2.68,4.24,3.99,1.49,3.12,5.05,5.73,2.0,4.57,6.86,6.89,2.47,5.31,8.01,8.82,2.67,6.23,10.44,10.58,3.95,8.47,13.1,14.35,-0.88,-0.03,0.24,15.3,1.6,3.93,4.63,0.78,2.13,3.82,5.19,6.19,3.18,6.47,10.02,6.35,2.75,3.04,5.91,12.62,4.52,11.2,18.46,12.74,5.64,14.95,24.2,23.21,10.56,0.46,0.69,0.65,0.26,0.59,0.88
EarningsPerShareDiluted / USD/shares,1.88,2.96,2.36,1.19,2.65,4.18,3.95,1.46,3.06,4.96,5.64,1.97,4.53,6.8,6.76,2.45,5.27,7.93,8.75,2.64,6.14,10.29,10.47,3.88,8.34,12.92,14.13,-0.88,-0.03,0.23,15.1,1.6,3.92,4.62,0.77,2.13,3.81,5.17,6.17,3.13,6.35,9.83,6.31,2.7,2.99,5.81,12.38,4.45,11.04,18.22,12.52,5.59,14.83,24.02,22.9,10.5,0.46,0.68,0.64,0.26,0.59,0.87
EffectOfExchangeRateOnCashCashEquivalentsRestrictedCashAndRestrictedCashEquivalents / USD,,,,,,,,,,,,,,,,,,,,,,,,,,,,,,,,173000.0,1130000.0,1931000.0,110000.0,-24000.0,-715000.0,-665000.0,2056000.0,178000.0,494000.0,397000.0,-1457000.0,-819000.0,-104000.0,377000.0,406000.0,-407000.0,-216000.0,-788000.0,1076000.0,147000.0,-490000.0,-1170000.0,-1039000.0,290000.0,265000.0,4000.0,-1007000.0,-752000.0,-1121000.0,-1495000.0
EffectiveIncomeTaxRateContinuingOperations / pure,,,,,,,0.379,,,,0.381,,,,0.385,,,,0.393,,,,0.387,,,,0.376,,,,0.382,0.38,0.38,0.382,0.408,0.369,0.354,0.358,0.361,0.222,,,0.342,0.034,-0.216,0.064,0.236,0.202,0.223,0.195,-0.211,0.167,0.223,0.231,0.197,0.225,0.232,0.235,0.239,0.22,0.237,0.235
EffectiveIncomeTaxRateReconciliationAtFederalStatutoryIncomeTaxRate / pure,,,,,,,0.35,,,,0.35,,,,0.35,,,,0.35,,,,0.35,,,,0.35,,,,0.35,0.35,0.35,0.35,0.35,,,,0.35,,,,0.35,,,,0.35,,,,0.21,,,,0.21,,,,0.21,,,
EffectiveIncomeTaxRateReconciliationChangeInDeferredTaxAssetsValuationAllowance / pure,,,,,,,,,,,,,,,0.001,,,,,,,,,,,,0.004,,,,0.003,,,,0.06,,,,0.001,,,,0.007,,,,0.005,,,,0.016,,,,0.003,,,,0.002,,,
EffectiveIncomeTaxRateReconciliationNondeductibleExpenseOther / pure,,,,,,,,,,,,,,,,,,,,,,,,,,,,,,,,0.0,0.001,0.001,0.0,,,,0.0,,,,0.014,,,,0.02,,,,0.029,,,,0.029,,,,0.008,,,
EffectiveIncomeTaxRateReconciliationOtherAdjustments / pure,,,,,,,-0.005,,,,0.002,,,,,,,,0.002,,,,-0.005,,,,0.001,,,,0.0,0.003,-0.002,-0.012,0.062,,,,0.015,,,,0.035,,,,0.008,,,,0.018,,,,0.0,,,,0.006,,,
EffectiveIncomeTaxRateReconciliationPriorYearIncomeTaxes / pure,,,,,,,,,,,,,,,0.001,,,,,,,,,,,,-0.01,,,,-0.001,-0.01,-0.008,,-0.072,,,,-0.009,,,,0.011,,,,0.001,,,,0.021,,,,0.001,,,,-0.001,,,
EffectiveIncomeTaxRateReconciliationShareBasedCompensationExcessTaxBenefitPercent / pure,,,,,,,,,,,,,,,,,,,,,,,,,,,,,,,,,,-0.003,0.0,,,,0.0,,,,0.02,,,,-0.033,,,,-0.135,,,,-0.047,,,,-0.017,,,
EffectiveIncomeTaxRateReconciliationStateAndLocalIncomeTaxes / pure,,,,,,,0.034,,,,0.035,,,,0.041,,,,0.041,,,,0.042,,,,0.037,,,,0.036,0.04,0.043,0.045,0.133,,,,0.044,,,,0.066,,,,0.041,,,,0.042,,,,0.035,,,,0.038,,,
EffectiveIncomeTaxRateReconciliationTaxCreditsOther / pure,,,,,,,,,,,-0.004,0.027,,,-0.008,,,,,,,,,,,,-0.005,,,,0.004,0.01,0.011,0.009,0.101,,,,0.015,,,,0.021,,,,0.017,,,,0.035,,,,0.016,,,,0.01,,,
EmployeeBenefitsAndShareBasedCompensationNoncash / USD,,,,,,,,,,,,,,,,,,,,,,,,,,,,,,,,,,,,,,,,,,,,,,,,,,,,,,,,,,-27863000.0,-27863000.0,,,
EmployeeRelatedLiabilitiesCurrent / USD,41404000.0,41404000.0,41404000.0,50336000.0,50336000.0,50336000.0,50336000.0,60241000.0,60241000.0,60241000.0,60241000.0,71731000.0,71731000.0,71731000.0,71731000.0,67195000.0,67195000.0,67195000.0,67195000.0,73894000.0,73894000.0,73894000.0,73894000.0,64958000.0,64958000.0,64958000.0,64958000.0,76301000.0,76301000.0,76301000.0,76301000.0,82541000.0,82541000.0,82541000.0,82541000.0,113467000.0,113467000.0,113467000.0,113467000.0,126600000.0,126600000.0,126600000.0,126600000.0,203054000.0,203054000.0,203054000.0,203054000.0,162405000.0,162405000.0,162405000.0,162405000.0,170456000.0,170456000.0,170456000.0,170456000.0,227537000.0,227537000.0,227537000.0,227537000.0,261913000.0,261913000.0,261913000.0
EmployeeServiceShareBasedCompensationAllocationOfRecognizedPeriodCostsCapitalizedAmount / USD,,,,,,,,,,,,,,,,,,,,,,,1124000.0,425000.0,835000.0,1163000.0,1178000.0,342000.0,683000.0,968000.0,1554000.0,237000.0,630000.0,949000.0,946000.0,279000.0,391000.0,577000.0,1141000.0,188000.0,343000.0,513000.0,783000.0,313000.0,622000.0,933000.0,666000.0,570000.0,950000.0,1582000.0,1837000.0,487000.0,998000.0,1435000.0,2311000.0,586000.0,1381000.0,2194000.0,1791000.0,678000.0,1598000.0,2200000.0
EntityCommonStockSharesOutstanding / shares,31107821.0,30945412.0,31037621.0,31119198.0,31345733.0,31296440.0,31262463.0,31703449.0,31683308.0,31496062.0,31031972.0,30910619.0,30869464.0,30944400.0,31024168.0,31083011.0,31015621.0,31012663.0,31022319.0,31046847.0,31141775.0,31187503.0,30044250.0,29201412.0,29115783.0,28949162.0,28772830.0,28663031.0,28511853.0,28232923.0,27930272.0,27793354.0,27804105.0,27787300.0,27659270.0,27713556.0,27722812.0,27795204.0,27767965.0,27890741.0,27967625.0,27980349.0,28144065.0,28150479.0,28094868.0,28135406.0,28031948.0,27962.0,27764647.0,27721112.0,27621847.0,27589840.0,27587613.0,27444660.0,27421169.0,27467000.0,1369476000.0,1362593000.0,1355337000.0,1347364000.0,1340885000.0,1322278000.0
EntityPublicFloat / USD,,,2630000000.0,,,,5950000000.0,,,,6010000000.0,,,,7100000000.0,,,,11400000000.0,,,,11200000000.0,,,,6600000000.0,,,,7075000000.0,,,,8726000000.0,,,,14301000000.0,,,,20941000000.0,,,,35159000000.0,,,,29362000000.0,,,,46885000000.0,,,,72256000000.0,,,
EquityMethodInvestments / USD,,,,,,,,,,,,,,,,,,,,,,,,,,,,,,,,,,,,,,,,,,,,,,,,,,,9251000.0,11697000.0,11697000.0,11697000.0,11697000.0,8896000.0,8896000.0,8896000.0,8896000.0,28097000.0,28097000.0,28097000.0
GainLossOnSalesOfAssetsAndAssetImpairmentCharges / USD,,,,,,,,,-3038000.0,-4316000.0,-6296000.0,-1250000.0,-2725000.0,-4124000.0,-5806000.0,-1340000.0,-2739000.0,-5144000.0,-5027000.0,-1559000.0,-3161000.0,-4767000.0,-6751000.0,-4200000.0,-5588000.0,-7744000.0,-6976000.0,-2216000.0,-5403000.0,-22040000.0,-13194000.0,-3650000.0,-3266000.0,-10013000.0,-23877000.0,-4859000.0,-50181000.0,-56635000.0,-13345000.0,-6942000.0,-11429000.0,-17356000.0,-66639000.0,-9336000.0,-14722000.0,-22713000.0,-23094000.0,-5668000.0,-9934000.0,-14592000.0,-30577000.0,-4310000.0,-8991000.0,-15354000.0,-19291000.0,-8361000.0,-24601000.0,-31842000.0,-21139000.0,-5479000.0,-11241000.0,-26417000.0
GeneralAndAdministrativeExpense / USD,49516000.0,74071000.0,89155000.0,26194000.0,56335000.0,89857000.0,99149000.0,32216000.0,74184000.0,111438000.0,118590000.0,49334000.0,91629000.0,140235000.0,149426000.0,44211000.0,95163000.0,147889000.0,183409000.0,66917000.0,141796000.0,212968000.0,203733000.0,63061000.0,133273000.0,203339000.0,273897000.0,62010000.0,132766000.0,211171000.0,250214000.0,69441000.0,139516000.0,238698000.0,276240000.0,77063000.0,162216000.0,271740000.0,296388000.0,102671000.0,224066000.0,339136000.0,375460000.0,106470000.0,209117000.0,342267000.0,451552000.0,155103000.0,301147000.0,447077000.0,466291000.0,147402000.0,288222000.0,429118000.0,606854000.0,148340000.0,304836000.0,464337000.0,564191000.0,204625000.0,379653000.0,506267000.0
Goodwill / USD,21939000.0,21939000.0,21939000.0,21939000.0,21939000.0,21939000.0,21939000.0,21939000.0,21939000.0,21939000.0,21939000.0,21939000.0,21939000.0,21939000.0,21939000.0,21939000.0,21939000.0,21939000.0,21939000.0,21939000.0,21939000.0,21939000.0,21939000.0,21939000.0,21939000.0,21939000.0,21939000.0,21939000.0,21939000.0,21939000.0,21939000.0,21939000.0,21939000.0,21939000.0,21939000.0,21939000.0,21939000.0,21939000.0,21939000.0,21939000.0,21939000.0,21939000.0,21939000.0,21939000.0,21939000.0,21939000.0,21939000.0,21939000.0,21939000.0,21939000.0,21939000.0,21939000.0,21939000.0,21939000.0,21939000.0,21939000.0,21939000.0,21939000.0,21939000.0,21939000.0,21939000.0,21939000.0
HeldToMaturitySecuritiesAccumulatedUnrecognizedHoldingGain / USD,,,,,,,,,,,,,,,,,,,,,,,,,,,,,,,,,,,,,,,,2857000.0,1374000.0,402000.0,,,,,,,,,,285000.0,285000.0,285000.0,285000.0,5654000.0,5654000.0,5654000.0,5654000.0,5208000.0,5208000.0,5208000.0
HeldToMaturitySecuritiesAccumulatedUnrecognizedHoldingLoss / USD,,,,,,,,,,,,,,,,,,,,,,,,,,,,,,,,,,,,,,,,,,,,,,117000.0,,,,,,15055000.0,15055000.0,15055000.0,15055000.0,4258000.0,4258000.0,4258000.0,4258000.0,693000.0,693000.0,693000.0
HeldToMaturitySecuritiesCurrent / USD,,,50000000.0,124766000.0,124766000.0,124766000.0,124766000.0,55005000.0,55005000.0,55005000.0,55005000.0,150306000.0,150306000.0,150306000.0,150306000.0,254971000.0,254971000.0,254971000.0,254971000.0,338592000.0,338592000.0,338592000.0,,,,,,,,,,,,,,,,,,,,,,,,,,,,,,515136000.0,515136000.0,515136000.0,515136000.0,734838000.0,734838000.0,734838000.0,734838000.0,674378000.0,674378000.0,674378000.0
HeldToMaturitySecuritiesNoncurrent / USD,,,,0.0,0.0,0.0,128241000.0,128241000.0,128241000.0,128241000.0,128241000.0,190868000.0,190868000.0,190868000.0,190868000.0,313863000.0,313863000.0,313863000.0,313863000.0,496106000.0,496106000.0,496106000.0,,,,,,,,,,,,,,,,,,,,,,,,,,,,,,355200000.0,355200000.0,355200000.0,355200000.0,518624000.0,518624000.0,518624000.0,518624000.0,799023000.0,799023000.0,799023000.0
IncomeLossFromContinuingOperationsBeforeIncomeTaxesDomestic / USD,,,,,,,,,,,,,,,,,,,,,,,,,,,,,,,,,,,,,,,,,,,279955000.0,,,,465253000.0,,,,311021000.0,,,,818057000.0,,,,1192004000.0,,,
IncomeLossFromContinuingOperationsBeforeIncomeTaxesExtraordinaryItemsNoncontrollingInterest / USD,,,,,,,204225000.0,75108000.0,156965000.0,255423000.0,289061000.0,102658000.0,236825000.0,355035000.0,349705000.0,120310000.0,267058000.0,404977000.0,457685000.0,136339000.0,317325000.0,525546000.0,534471000.0,199024000.0,428182000.0,664459000.0,714303000.0,-44478000.0,-2797000.0,7601000.0,769867000.0,74361000.0,182135000.0,214277000.0,38739000.0,94202000.0,164482000.0,224966000.0,275743000.0,113290000.0,237257000.0,357289000.0,268436000.0,73864000.0,69548000.0,176049000.0,458285000.0,159274000.0,405650000.0,645204000.0,293781000.0,190008000.0,538178000.0,878143000.0,812763000.0,376555000.0,824811000.0,1238153000.0,1181531000.0,460656000.0,1068570000.0,1571133000.0
IncomeLossFromContinuingOperationsBeforeIncomeTaxesForeign / USD,,,,,,,,,,,,,,,,,,,,,,,,,,,,,,,,,,,,,,,,,,,-11519000.0,,,,-6968000.0,,,,-17240000.0,,,,-5294000.0,,,,-10473000.0,,,
IncomeLossFromContinuingOperationsIncludingPortionAttributableToNoncontrollingInterest / USD,,,,,,,,,,,,,,,,,,,,,,,,,,,,,,,,,,,,,,,,,,,,,,,458285000.0,,,,293781000.0,,,,812763000.0,,,,1181531000.0,,,
IncomeTaxExpenseBenefit / USD,37958000.0,58361000.0,49004000.0,23645000.0,52485000.0,82222000.0,77380000.0,28726000.0,59926000.0,97951000.0,110080000.0,39994000.0,92478000.0,138388000.0,134760000.0,43726000.0,102621000.0,157161000.0,179685000.0,53270000.0,123986000.0,201406000.0,207033000.0,76383000.0,165337000.0,256731000.0,268929000.0,-18046000.0,-1961000.0,638000.0,294265000.0,28241000.0,69285000.0,81817000.0,15801000.0,34756000.0,58152000.0,80432000.0,99490000.0,25158000.0,58097000.0,79547000.0,-91883000.0,-2524000.0,-15015000.0,11242000.0,108127000.0,32173000.0,90575000.0,125695000.0,-61985000.0,31714000.0,119942000.0,202769000.0,159779000.0,84911000.0,191377000.0,291502000.0,282430000.0,101369000.0,253612000.0,368787000.0
IncomeTaxesPaidNet / USD,,,,,,,,,,,112150000.0,,,,56270000.0,,,,138385000.0,,,,160973000.0,,,,280687000.0,,,,248547000.0,,,,23862000.0,,64184000.0,66091000.0,119787000.0,,,,,,,,,,,,,2291000.0,139177000.0,227452000.0,275796000.0,-245000.0,33252000.0,54615000.0,275796000.0,7859000.0,277427000.0,408553000.0
IncomeTaxesReceivable / USD,,0.0,23528000.0,23528000.0,23528000.0,23528000.0,23528000.0,0.0,34446000.0,26198000.0,9612000.0,9612000.0,9612000.0,9612000.0,9612000.0,3657000.0,3657000.0,3657000.0,3657000.0,16488000.0,16488000.0,16488000.0,16488000.0,58152000.0,58152000.0,58152000.0,58152000.0,5108000.0,5108000.0,5108000.0,5108000.0,9353000.0,9353000.0,9353000.0,9353000.0,,,0.0,0.0,27705000.0,27705000.0,27705000.0,27705000.0,282783000.0,282783000.0,282783000.0,282783000.0,94064000.0,94064000.0,94064000.0,94064000.0,47741000.0,47741000.0,47741000.0,47741000.0,52960000.0,52960000.0,52960000.0,52960000.0,67229000.0,67229000.0,67229000.0
IncreaseDecreaseInAccountsPayable / USD,82000.0,3230000.0,3635000.0,1700000.0,5326000.0,4883000.0,1435000.0,2501000.0,6369000.0,6738000.0,6989000.0,2909000.0,4899000.0,8368000.0,9432000.0,773000.0,6078000.0,3389000.0,7849000.0,8006000.0,17696000.0,14706000.0,2052000.0,14831000.0,14111000.0,7101000.0,2168000.0,-8852000.0,-13675000.0,-11938000.0,19525000.0,708000.0,8271000.0,14771000.0,-6734000.0,17242000.0,14451000.0,18183000.0,10908000.0,-4256000.0,-10319000.0,-4162000.0,32080000.0,20245000.0,40530000.0,5776000.0,-973000.0,19446000.0,12525000.0,28712000.0,-3859000.0,15702000.0,-2972000.0,10774000.0,21440000.0,-2732000.0,-10783000.0,4886000.0,18208000.0,12588000.0,7802000.0,22290000.0
IncreaseDecreaseInAccountsReceivable / USD,671000.0,755000.0,-1290000.0,-1385000.0,-1048000.0,-545000.0,875000.0,1968000.0,524000.0,136000.0,,710000.0,2147000.0,7059000.0,2970000.0,-1309000.0,-1795000.0,-2200000.0,9438000.0,-7439000.0,-3754000.0,-5250000.0,7238000.0,-13300000.0,-9093000.0,-10637000.0,10966000.0,-14642000.0,-15201000.0,-16084000.0,3504000.0,-18693000.0,-15372000.0,-16477000.0,1923000.0,-13767000.0,-16621000.0,-13442000.0,140000.0,-15946000.0,-18275000.0,-19039000.0,8298000.0,-25967000.0,-22598000.0,-29233000.0,2630000.0,-32175000.0,-37286000.0,-21882000.0,-3010000.0,-10394000.0,-12353000.0,-22891000.0,1687000.0,-39659000.0,-44027000.0,-33666000.0,14026000.0,-26146000.0,-18331000.0,-22069000.0
IncreaseDecreaseInAccruedLiabilities / USD,3375000.0,1676000.0,-529000.0,-19658000.0,-5749000.0,-4948000.0,19804000.0,-25941000.0,-12203000.0,-12893000.0,16607000.0,-31435000.0,-12705000.0,-12626000.0,17451000.0,-33893000.0,-12551000.0,-19966000.0,21307000.0,-15159000.0,15781000.0,11462000.0,12020000.0,-21367000.0,5083000.0,-7434000.0,35019000.0,10397000.0,31973000.0,36245000.0,-7440000.0,-3693000.0,-21856000.0,35514000.0,13692000.0,6407000.0,7100000.0,13463000.0,28179000.0,-4773000.0,7659000.0,25552000.0,14831000.0,-9389000.0,-8120000.0,1965000.0,36543000.0,-17869000.0,-20102000.0,-7407000.0,5596000.0,-31151000.0,-22293000.0,-16562000.0,10997000.0,17009000.0,-66000.0,1882000.0,-27964000.0,25322000.0,17056000.0,23488000.0
IncreaseDecreaseInContractWithCustomerLiability / USD,,,,,,,,,,,,,,,,,,,,,,,,,,,,,,,,,,,8383000.0,-15276000.0,-18516000.0,-20517000.0,4207000.0,-13386000.0,-8681000.0,-8665000.0,6829000.0,-15924000.0,-4027000.0,-593000.0,30400000.0,-15606000.0,-11487000.0,-2978000.0,36958000.0,-21604000.0,-20062000.0,-18141000.0,34387000.0,-22653000.0,-19894000.0,-21190000.0,33374000.0,-19358000.0,-22260000.0,-22745000.0
IncreaseDecreaseInEmployeeRelatedLiabilities / USD,,,,,,,,,,,,,,,,,,,,,,,,,,,,,,,,,,,11416000.0,27700000.0,15400000.0,45146000.0,6188000.0,5853000.0,-16526000.0,30471000.0,29568000.0,5839000.0,3264000.0,68514000.0,11759000.0,18188000.0,21068000.0,-13193000.0,76683000.0,10438000.0,-583000.0,-32861000.0,-44555000.0,-53428000.0,7597000.0,-14902000.0,9864000.0,-85289000.0,-4438000.0,-42774000.0
IncreaseDecreaseInIncomeTaxesPayableNetOfIncomeTaxesReceivable / USD,,,,,,,,,,,,,,,,,17688000.0,28531000.0,59357000.0,48088000.0,21041000.0,41274000.0,44334000.0,75314000.0,66694000.0,77858000.0,8831000.0,23796000.0,34919000.0,36026000.0,32756000.0,29751000.0,8480000.0,-7810000.0,54340000.0,18012000.0,-23003000.0,-12366000.0,-4173000.0,16054000.0,-4593000.0,-8985000.0,14439000.0,-29179000.0,-70119000.0,-32677000.0,-32083000.0,38640000.0,-1851000.0,-35850000.0,-255251000.0,43367000.0,-3832000.0,-18070000.0,193379000.0,85400000.0,146177000.0,220427000.0,46262000.0,97960000.0,-18565000.0,-29100000.0
IncreaseDecreaseInInventories / USD,-926000.0,-1069000.0,457000.0,700000.0,744000.0,1560000.0,825000.0,1639000.0,1347000.0,1670000.0,1481000.0,1102000.0,1593000.0,1047000.0,1816000.0,340000.0,181000.0,1415000.0,2180000.0,2160000.0,2476000.0,2851000.0,1950000.0,737000.0,1205000.0,2212000.0,2307000.0,1833000.0,1921000.0,3442000.0,-262000.0,3737000.0,4530000.0,7023000.0,91000.0,-2451000.0,1007000.0,-1562000.0,5250000.0,-2781000.0,-421000.0,2312000.0,1722000.0,-2734000.0,-2029000.0,-614000.0,4530000.0,-2148000.0,-1309000.0,1996000.0,394000.0,-2970000.0,-3320000.0,1056000.0,6392000.0,-1086000.0,313000.0,4508000.0,3011000.0,-1331000.0,-3763000.0,10540000.0
IncreaseDecreaseInOperatingLeaseLiability / USD,,,,,,,,,,,,,,,,,,,,,,,,,,,,,,,,,,,,,,,,,,,,,,,,,,,,,,-153200000.0,-207164000.0,-51584000.0,-100794000.0,-156180000.0,-207186000.0,-51537000.0,-101348000.0,-155770000.0
IncreaseDecreaseInOtherOperatingAssets / USD,-397000.0,-637000.0,2673000.0,513000.0,534000.0,903000.0,-374000.0,-456000.0,-64000.0,-9000.0,8956000.0,9946000.0,10213000.0,10867000.0,7350000.0,1588000.0,3365000.0,3428000.0,20539000.0,2365000.0,3574000.0,3723000.0,1354000.0,3825000.0,4483000.0,3967000.0,-1071000.0,-1468000.0,-1832000.0,-1509000.0,5619000.0,401000.0,938000.0,909000.0,-1063000.0,-3855000.0,-3776000.0,-1500000.0,1476000.0,-242000.0,-2907000.0,-2864000.0,2005000.0,5133000.0,8574000.0,21754000.0,-2818000.0,186000.0,-117000.0,-1901000.0,26577000.0,1132000.0,3014000.0,1537000.0,-3993000.0,-3277000.0,-3455000.0,6939000.0,346000.0,-1561000.0,-1769000.0,17990000.0
IncreaseDecreaseInOtherOperatingLiabilities / USD,1134000.0,1770000.0,1788000.0,1514000.0,1719000.0,2523000.0,1994000.0,1516000.0,2067000.0,1943000.0,2974000.0,2269000.0,2660000.0,3523000.0,2609000.0,2123000.0,2698000.0,3718000.0,4062000.0,2798000.0,3360000.0,3941000.0,3857000.0,2755000.0,3883000.0,3808000.0,4845000.0,-613000.0,-143000.0,576000.0,4826000.0,745000.0,2052000.0,3060000.0,1287000.0,-2349000.0,-3459000.0,-2728000.0,6316000.0,358000.0,901000.0,472000.0,869000.0,104000.0,587000.0,1351000.0,1862000.0,453000.0,955000.0,474000.0,1782000.0,595000.0,958000.0,2968000.0,-3984000.0,767000.0,5521000.0,5910000.0,3853000.0,1147000.0,2020000.0,149000.0
IncreaseDecreaseInPrepaidDeferredExpenseAndOtherAssets / USD,,,,,4025000.0,4553000.0,2613000.0,4297000.0,15260000.0,6669000.0,1632000.0,4738000.0,6893000.0,3243000.0,5399000.0,4376000.0,7596000.0,7304000.0,5954000.0,4014000.0,2744000.0,-547000.0,6806000.0,2516000.0,4915000.0,3028000.0,658000.0,8337000.0,12267000.0,5362000.0,5259000.0,2928000.0,6143000.0,4890000.0,4259000.0,4793000.0,19490000.0,5041000.0,6710000.0,3712000.0,13617000.0,17514000.0,3811000.0,4158000.0,6250000.0,6015000.0,23066000.0,8756000.0,18186000.0,19343000.0,11442000.0,-5920000.0,-948000.0,3169000.0,26826000.0,14569000.0,21365000.0,23494000.0,14660000.0,-16291000.0,-20348000.0,-21944000.0
IncrementalCommonSharesAttributableToShareBasedPaymentArrangements / shares,,,,,380000.0,453000.0,247000.0,635000.0,615000.0,577000.0,422000.0,436000.0,346000.0,298000.0,558000.0,217000.0,246000.0,297000.0,270000.0,425000.0,425000.0,459000.0,324000.0,556000.0,481000.0,441000.0,474000.0,0.0,0.0,405000.0,402000.0,100000.0,126000.0,92000.0,505000.0,39000.0,77000.0,123000.0,70000.0,422000.0,501000.0,538000.0,139000.0,531000.0,477000.0,478000.0,555000.0,457000.0,412000.0,383000.0,499000.0,258000.0,222000.0,209000.0,379000.0,164000.0,7675000.0,7294000.0,10534000.0,8987000.0,8859000.0,8428000.0
InventoryNet / USD,5614000.0,5614000.0,5614000.0,7098000.0,7098000.0,7098000.0,7098000.0,8913000.0,8913000.0,8913000.0,8913000.0,11096000.0,11096000.0,11096000.0,11096000.0,13044000.0,13044000.0,13044000.0,13044000.0,15332000.0,15332000.0,15332000.0,15332000.0,15043000.0,15043000.0,15043000.0,15043000.0,15019000.0,15019000.0,15019000.0,15019000.0,19860000.0,19860000.0,19860000.0,19860000.0,21555000.0,21555000.0,21555000.0,21555000.0,26096000.0,26096000.0,26096000.0,26096000.0,26445000.0,26445000.0,26445000.0,26445000.0,32826000.0,32826000.0,32826000.0,32826000.0,35668000.0,35668000.0,35668000.0,35668000.0,39309000.0,39309000.0,39309000.0,39309000.0,48942000.0,48942000.0,48942000.0
LeaseCost / USD,,,,,,,,,,,,,,,,,,,,,,,,,,,,,,,,,,,,85880000.0,169685000.0,256448000.0,345267000.0,85880000.0,169685000.0,256448000.0,345267000.0,,,,345267000.0,,,,368186000.0,,,,451785000.0,,,,494937000.0,,,
LesseeOperatingLeaseLiabilityPaymentsDue / USD,,,,,,,,,,,,,,,,,,,,,,,,,,,,,,,,,,,,3950378000.0,3950378000.0,3970725000.0,4004233000.0,,,,4315844000.0,,,,4776296000.0,,,,5161131000.0,,,,5743452000.0,,,,6557871000.0,,,
LesseeOperatingLeaseLiabilityPaymentsDueAfterYearFive / USD,,,,,,,,,,,,,,,,,,,,,,,,,,,,,,,,,,,,2478397000.0,2478397000.0,,2483595000.0,,,,2660361000.0,,,,2973135000.0,,,,3212975000.0,,,,3576738000.0,,,,4133853000.0,,,
LesseeOperatingLeaseLiabilityPaymentsDueNextTwelveMonths / USD,,,,,,,,,,,,,,,,,,,,,,,,,,,,,,,,,,,,294191000.0,294191000.0,308232000.0,286807000.0,,,,318990000.0,,,,347399000.0,,,,375174000.0,,,,413064000.0,,,,464795000.0,,,
LesseeOperatingLeaseLiabilityPaymentsDueYearFive / USD,,,,,,,,,,,,,,,,,,,,,,,,,,,,,,,,,,,,290980000.0,290980000.0,,297457000.0,,,,321444000.0,,,,351393000.0,,,,382790000.0,,,,422776000.0,,,,467981000.0,,,
LesseeOperatingLeaseLiabilityPaymentsDueYearFour / USD,,,,,,,,,,,,,,,,,,,,,,,,,,,,,,,,,,,,295290000.0,295290000.0,303227000.0,309068000.0,,,,329819000.0,,,,359687000.0,,,,389276000.0,,,,436937000.0,,,,484473000.0,,,
LesseeOperatingLeaseLiabilityPaymentsDueYearThree / USD,,,,,,,,,,,,,,,,,,,,,,,,,,,,,,,,,,,,294941000.0,294941000.0,307757000.0,313577000.0,,,,340328000.0,,,,367618000.0,,,,396777000.0,,,,443845000.0,,,,499428000.0,,,
LesseeOperatingLeaseLiabilityPaymentsDueYearTwo / USD,,,,,,,,,,,,,,,,,,,,,,,,,,,,,,,,,,,,296579000.0,296579000.0,307929000.0,313729000.0,,,,344902000.0,,,,377064000.0,,,,404139000.0,,,,450092000.0,,,,507341000.0,,,
LesseeOperatingLeaseLiabilityUndiscountedExcessAmount / USD,,,,,,,,,,,,,,,,,,,,,,,,,,,,,,,,,,,,1134449000.0,1133890000.0,1161186000.0,1152720000.0,,,,1158792000.0,,,,1255982000.0,,,,1429721000.0,,,,1691827000.0,,,,2017253000.0,,,
Liabilities / USD,258044000.0,258044000.0,258044000.0,310732000.0,310732000.0,310732000.0,310732000.0,381082000.0,381082000.0,381082000.0,381082000.0,422741000.0,422741000.0,422741000.0,422741000.0,470992000.0,470992000.0,470992000.0,470992000.0,533916000.0,533916000.0,533916000.0,514948000.0,597092000.0,597092000.0,597092000.0,597092000.0,623610000.0,623610000.0,623610000.0,623610000.0,681247000.0,681247000.0,681247000.0,681247000.0,824179000.0,824179000.0,824179000.0,824179000.0,3421578000.0,3421578000.0,3421578000.0,3421578000.0,3962761000.0,3962761000.0,3962761000.0,3962761000.0,4355584000.0,4355584000.0,4355584000.0,4355584000.0,4559481000.0,4559481000.0,4559481000.0,4559481000.0,4982155000.0,4982155000.0,4982155000.0,4982155000.0,5548828000.0,5548828000.0,5548828000.0
LiabilitiesAndStockholdersEquity / USD,961505000.0,961505000.0,961505000.0,1121605000.0,1121605000.0,1121605000.0,1121605000.0,1425308000.0,1425308000.0,1425308000.0,1425308000.0,1668667000.0,1668667000.0,1668667000.0,1668667000.0,2009280000.0,2009280000.0,2009280000.0,2009280000.0,2546285000.0,2546285000.0,2546285000.0,2527317000.0,2725066000.0,2725066000.0,2725066000.0,2725066000.0,2026103000.0,2026103000.0,2026103000.0,2026103000.0,2045692000.0,2045692000.0,2045692000.0,2045692000.0,2265518000.0,2265518000.0,2265518000.0,2265518000.0,5104604000.0,5104604000.0,5104604000.0,5104604000.0,5982896000.0,5982896000.0,5982896000.0,5982896000.0,6652958000.0,6652958000.0,6652958000.0,6652958000.0,6927504000.0,6927504000.0,6927504000.0,6927504000.0,8044362000.0,8044362000.0,8044362000.0,8044362000.0,9204374000.0,9204374000.0,9204374000.0
LiabilitiesCurrent / USD,102153000.0,102153000.0,102153000.0,123054000.0,123054000.0,123054000.0,123054000.0,157453000.0,157453000.0,157453000.0,157453000.0,186852000.0,186852000.0,186852000.0,186852000.0,199228000.0,199228000.0,199228000.0,199228000.0,245710000.0,245710000.0,245710000.0,245710000.0,279942000.0,279942000.0,279942000.0,279942000.0,281793000.0,281793000.0,281793000.0,281793000.0,323893000.0,323893000.0,323893000.0,323893000.0,449990000.0,449990000.0,449990000.0,449990000.0,666593000.0,666593000.0,666593000.0,666593000.0,822199000.0,822199000.0,822199000.0,822199000.0,873682000.0,873682000.0,873682000.0,873682000.0,921880000.0,921880000.0,921880000.0,921880000.0,1030625000.0,1030625000.0,1030625000.0,1030625000.0,1168768000.0,1168768000.0,1168768000.0
LongTermDebt / USD,,,,,,,,,,,,,,,,,,,,,,,,,,,,,,,,,,,,,,,0.0,,,,0.0,,,,0.0,,,,0.0,,,,0.0,,,,0.0,,,
LongTermInvestments / USD,,,,,,,,,,,,,,,,,,,,,,,,,,,,,,,,,,,,,,,,,,,,,,,102328000.0,274311000.0,274311000.0,274311000.0,274311000.0,388055000.0,388055000.0,388055000.0,388055000.0,564488000.0,564488000.0,564488000.0,564488000.0,868025000.0,868025000.0,868025000.0
LossContingencyAccrualAtCarryingValue / USD,,,,,,,,,,,,,,,,,,,,,,,,,,,,,,,,,,,,,29333000.0,37293000.0,45721000.0,45552000.0,31385000.0,46000000.0,53242000.0,29082000.0,29517000.0,33081000.0,48098000.0,25375000.0,31125000.0,20229000.0,15227000.0,15227000.0,15227000.0,15227000.0,15227000.0,7640000.0,7640000.0,7640000.0,7640000.0,19465000.0,19465000.0,19465000.0
LossContingencyNewClaimsFiledNumber / legalAction,,,,,,,,,,,,,,,,,,,,,,,,,,,,,,,,,,,,,,,,,,,,,,,,,,,,,,,,,,,,2.0,2.0,2.0
MarketableSecuritiesCurrent / USD,,,,,,,,,,,,,,,,,,,,,,,338592000.0,415199000.0,415199000.0,415199000.0,415199000.0,329836000.0,329836000.0,329836000.0,329836000.0,324382000.0,324382000.0,324382000.0,324382000.0,426845000.0,426845000.0,426845000.0,426845000.0,400156000.0,400156000.0,400156000.0,400156000.0,343616000.0,343616000.0,343616000.0,343616000.0,260945000.0,260945000.0,260945000.0,260945000.0,515136000.0,515136000.0,515136000.0,515136000.0,734838000.0,734838000.0,734838000.0,734838000.0,674378000.0,674378000.0,674378000.0
MarketingAndAdvertisingExpense / USD,,,,,,,20997000.0,,,,26190000.0,,,,31902000.0,,,,34999000.0,,,,44389000.0,,,,57290000.0,,,,69257000.0,,,,102969000.0,,,,106345000.0,,,,111695000.0,,,,168881000.0,,,,222820000.0,,,,222091000.0,,,,250673000.0,,,
NetCashProvidedByUsedInFinancingActivities / USD,-42588000.0,-48399000.0,-29548000.0,-11728000.0,-49827000.0,-94366000.0,-61943000.0,-4480000.0,7588000.0,-2881000.0,-94522000.0,41429000.0,34157000.0,-7835000.0,-24268000.0,-48976000.0,,,,,,,,,,,,,,,,-59131000.0,-103818000.0,-209575000.0,-836283000.0,-72648000.0,-101856000.0,-121178000.0,-285894000.0,-63531000.0,-122450000.0,-162706000.0,-166535000.0,-102100000.0,-104203000.0,-104242000.0,-201735000.0,-102260000.0,-264219000.0,-366567000.0,-104851000.0,-349478000.0,-614403000.0,-722735000.0,-548606000.0,-193883000.0,-289113000.0,-505372000.0,-929404000.0,-100074000.0,-245408000.0,-734964000.0
NetCashProvidedByUsedInInvestingActivities / USD,48181000.0,19708000.0,-232091000.0,-74703000.0,-96653000.0,-111179000.0,-67208000.0,-6124000.0,-57962000.0,-103148000.0,-189881000.0,-102246000.0,-201202000.0,-266375000.0,-210218000.0,-51593000.0,,,,,,,,,,,,,,,,-57088000.0,-53637000.0,-145590000.0,326806000.0,-81273000.0,-151799000.0,-212216000.0,-86578000.0,-93337000.0,-130255000.0,-237624000.0,-387578000.0,-59362000.0,-75506000.0,-263347000.0,-291974000.0,-116503000.0,-238113000.0,-363142000.0,-432717000.0,-133066000.0,-249197000.0,-646334000.0,-522042000.0,-235549000.0,-627692000.0,-793994000.0,-830032000.0,-301039000.0,-637254000.0,-701494000.0
NetCashProvidedByUsedInOperatingActivities / USD,114662000.0,179093000.0,198507000.0,59867000.0,128956000.0,196196000.0,260673000.0,68305000.0,174716000.0,290869000.0,289191000.0,29376000.0,170875000.0,293937000.0,411096000.0,125250000.0,,,,,,,,,,,,,,,,150590000.0,243628000.0,379307000.0,355160000.0,201116000.0,295418000.0,492497000.0,468216000.0,182581000.0,300515000.0,535043000.0,621552000.0,182071000.0,304933000.0,548723000.0,721632000.0,305973000.0,562858000.0,843661000.0,663847000.0,282902000.0,569688000.0,921606000.0,1282081000.0,455036000.0,1037546000.0,1518018000.0,1323179000.0,569234000.0,1131812000.0,1578306000.0
NetIncomeLoss / USD,60785000.0,95249000.0,78202000.0,37847000.0,84308000.0,132536000.0,126845000.0,46382000.0,97039000.0,157472000.0,178981000.0,62664000.0,144347000.0,216647000.0,214945000.0,76584000.0,164437000.0,247816000.0,278000000.0,83069000.0,193339000.0,324140000.0,327438000.0,122641000.0,262845000.0,407728000.0,445374000.0,-26432000.0,-836000.0,6963000.0,475602000.0,46120000.0,112850000.0,132460000.0,22938000.0,59446000.0,59446000.0,59446000.0,176253000.0,88132000.0,88132000.0,88132000.0,176553000.0,76388000.0,76388000.0,76388000.0,350158000.0,127101000.0,127101000.0,127101000.0,355766000.0,158294000.0,158294000.0,158294000.0,652984000.0,291644000.0,291644000.0,291644000.0,899101000.0,359287000.0,359287000.0,359287000.0
NumberOfOperatingSegments / segment,,,,,,,,,,,,,,,,,,,,,,,,,,,,,,,,,,,,,,,,,,,,,,,,,,,,,,,,,,,10.0,,,
NumberOfReportableSegments / segment,,,,,,,,,,,1.0,1.0,1.0,1.0,1.0,1.0,1.0,1.0,1.0,1.0,1.0,1.0,1.0,1.0,1.0,1.0,1.0,1.0,1.0,1.0,1.0,1.0,1.0,1.0,1.0,1.0,1.0,1.0,1.0,1.0,1.0,1.0,1.0,1.0,1.0,1.0,1.0,1.0,1.0,1.0,1.0,1.0,1.0,1.0,1.0,1.0,1.0,1.0,1.0,1.0,1.0,1.0
NumberOfRestaurants / restaurant,,,,,,,,,,,,,,,,,,,,,,,,,,,,,,,,,,,,,,,,,,,,,,,,,,,,,,,,3479.0,3530.0,3615.0,3726.0,3781.0,3839.0,3916.0
OccupancyNet / USD,55124000.0,83801000.0,98071000.0,31088000.0,62860000.0,94956000.0,114218000.0,35315000.0,71510000.0,108627000.0,128933000.0,40509000.0,82267000.0,126044000.0,147274000.0,47620000.0,96184000.0,146312000.0,171435000.0,54846000.0,111100000.0,169938000.0,199107000.0,63185000.0,127878000.0,194269000.0,230868000.0,70592000.0,142946000.0,217147000.0,262412000.0,78962000.0,159283000.0,242482000.0,293636000.0,85256000.0,172028000.0,258719000.0,327132000.0,88770000.0,178693000.0,270102000.0,347123000.0,95279000.0,190855000.0,288549000.0,363072000.0,101769000.0,205199000.0,309422000.0,387762000.0,112032000.0,225951000.0,341777000.0,416606000.0,121931000.0,245828000.0,372097000.0,460425000.0,135699000.0,274362000.0,416932000.0
OperatingIncomeLoss / USD,98511000.0,153320000.0,124039000.0,61296000.0,136255000.0,213839000.0,203705000.0,74821000.0,158684000.0,256694000.0,287831000.0,102224000.0,236014000.0,353677000.0,350562000.0,120044000.0,266462000.0,403616000.0,455865000.0,135650000.0,315492000.0,522928000.0,532720000.0,197801000.0,425217000.0,659976000.0,710800000.0,-46604000.0,-5709000.0,4017000.0,763589000.0,73173000.0,179898000.0,210765000.0,34567000.0,92808000.0,160765000.0,218756000.0,270794000.0,110161000.0,230181000.0,345802000.0,258368000.0,71121000.0,66182000.0,173278000.0,443958000.0,161442000.0,406967000.0,646647000.0,290164000.0,190221000.0,527819000.0,864072000.0,804943000.0,367606000.0,799416000.0,1194366000.0,1160403000.0,441292000.0,1027345000.0,1500601000.0
OperatingLeaseImpairmentLoss / USD,,,,,,,,,,,,,,,,,,,,,,,,,,,,,,,,,,,,,,13985000.0,17740000.0,10050000.0,13859000.0,13985000.0,17740000.0,2007000.0,14417000.0,16194000.0,17740000.0,1547000.0,1979000.0,2020000.0,20242000.0,6297000.0,6473000.0,12585000.0,5765000.0,1223000.0,5159000.0,6391000.0,14718000.0,1425000.0,1425000.0,1535000.0
OperatingLeaseLiability / USD,,,,,,,,,,,,,,,,,,,,,,,,,,,,,,,,,716000.0,1416000.0,1416000.0,2671566000.0,2696022000.0,2809539000.0,2851513000.0,,,,3157052000.0,,,,3520314000.0,,,,3731410000.0,,,,4051625000.0,,,,4540618000.0,,,
OperatingLeaseLiabilityCurrent / USD,,,,,,,,,,,,,,,,,,,,,,,,,,,,,,,,,,,,0.0,0.0,0.0,0.0,173139000.0,173139000.0,173139000.0,173139000.0,204756000.0,204756000.0,204756000.0,204756000.0,218713000.0,218713000.0,218713000.0,218713000.0,236248000.0,236248000.0,236248000.0,236248000.0,248074000.0,248074000.0,248074000.0,248074000.0,277836000.0,277836000.0,277836000.0
OperatingLeaseLiabilityNoncurrent / USD,,,,,,,,,,,,,,,,,,,,,,,,,,,,,,,,,,,,0.0,0.0,0.0,0.0,2678374000.0,2678374000.0,2678374000.0,2678374000.0,2952296000.0,2952296000.0,2952296000.0,2952296000.0,3301601000.0,3301601000.0,3301601000.0,3301601000.0,3495162000.0,3495162000.0,3495162000.0,3495162000.0,3803551000.0,3803551000.0,3803551000.0,3803551000.0,4262782000.0,4262782000.0,4262782000.0
OperatingLeasePayments / USD,,,,,,,,,,,,,,,,,,,,,,,,,,,,,,,,,,,,71832000.0,145404000.0,219924000.0,295113000.0,71832000.0,145404000.0,219924000.0,295113000.0,77889000.0,144484000.0,228492000.0,295113000.0,88808000.0,177942000.0,268038000.0,316249000.0,94550000.0,189421000.0,287048000.0,359391000.0,102487000.0,206798000.0,312214000.0,386238000.0,113496000.0,227301000.0,344725000.0
OperatingLeaseRightOfUseAsset / USD,,,,,,,,,,,,,,,,,,,,,,,,,,,,,,,,,,,,0.0,0.0,0.0,0.0,2505466000.0,2505466000.0,2505466000.0,2505466000.0,2767185000.0,2767185000.0,2767185000.0,2767185000.0,3118294000.0,3118294000.0,3118294000.0,3118294000.0,3302402000.0,3302402000.0,3302402000.0,3302402000.0,3578548000.0,3578548000.0,3578548000.0,3578548000.0,4000127000.0,4000127000.0,4000127000.0
OperatingLeaseWeightedAverageDiscountRatePercent / pure,,,,,,,,,,,,,,,,,,,,,,,,,,,,,,,,,,,,0.0527,0.0531,0.0524,0.0519,,,,0.0519,,,,0.0492,,,,0.0456,,,,0.0477,,,,0.051,,,
OtherAccruedLiabilitiesCurrent / USD,,,,,,,,,,,,,,,20186000.0,,,,23962000.0,,,,31169000.0,,,,37408000.0,,,,47256000.0,,,,46759000.0,,,,92137000.0,,,,83638000.0,,,,87016000.0,,,,92950000.0,,,,82428000.0,,,,75448000.0,,,
OtherAssetsCurrent / USD,,,,,,,,,,,,,,,,,,,,,,,,,,,,,,,,,,,,,,,,,,,,,,,,,,,,,,,17245000.0,,,,19792000.0,,,
OtherAssetsNoncurrent / USD,5701000.0,5701000.0,5701000.0,16564000.0,16564000.0,16564000.0,16564000.0,21985000.0,21985000.0,21985000.0,21985000.0,42550000.0,42550000.0,42550000.0,42550000.0,43933000.0,43933000.0,43933000.0,43933000.0,42777000.0,42777000.0,42777000.0,42777000.0,48321000.0,48321000.0,48321000.0,48321000.0,53177000.0,53177000.0,53177000.0,53177000.0,55852000.0,55852000.0,26251000.0,26251000.0,19332000.0,19332000.0,19332000.0,19332000.0,18450000.0,18450000.0,18450000.0,18450000.0,59047000.0,59047000.0,59047000.0,59047000.0,56716000.0,56716000.0,56716000.0,56716000.0,63158000.0,63158000.0,63158000.0,63158000.0,63082000.0,63082000.0,63082000.0,63082000.0,113728000.0,113728000.0,113728000.0
OtherComprehensiveIncomeForeignCurrencyTransactionAndTranslationAdjustmentNetOfTaxPortionAttributableToParent / USD,,,,,,,,,,,,,,,,,,,,,,,596000.0,-4712000.0,-2981000.0,-4699000.0,-2049000.0,1929000.0,1164000.0,961000.0,-6322000.0,675000.0,2811000.0,4589000.0,-1291000.0,132000.0,-1448000.0,-1199000.0,4689000.0,278000.0,833000.0,202000.0,-2736000.0,-1841000.0,-1841000.0,-1841000.0,726000.0,-263000.0,42000.0,-914000.0,1134000.0,195000.0,-1285000.0,-3542000.0,-1125000.0,457000.0,936000.0,-192000.0,-2534000.0,-1293000.0,-1857000.0,-783000.0
OtherComprehensiveIncomeLossNetOfTaxPortionAttributableToParent / USD,,,,,,,,,,,,,,,,,,,,,,,596000.0,-4712000.0,-2981000.0,-4699000.0,-2049000.0,3822000.0,3566000.0,2827000.0,-7844000.0,493000.0,2571000.0,4517000.0,111000.0,31000.0,31000.0,31000.0,4503000.0,378000.0,378000.0,378000.0,-2577000.0,,,,873000.0,-263000.0,-263000.0,-263000.0,1134000.0,195000.0,195000.0,195000.0,-1125000.0,457000.0,457000.0,457000.0,-2534000.0,-1293000.0,-1293000.0,-1293000.0
OtherCostAndExpenseOperating / USD,84508000.0,128626000.0,164018000.0,43678000.0,96646000.0,148623000.0,174581000.0,57385000.0,119606000.0,182773000.0,202904000.0,66179000.0,132532000.0,206260000.0,251208000.0,76656000.0,162952000.0,252012000.0,286610000.0,95137000.0,210555000.0,321512000.0,347401000.0,113541000.0,243900000.0,378779000.0,434244000.0,155189000.0,307345000.0,473390000.0,514963000.0,150609000.0,314294000.0,476606000.0,641953000.0,148069000.0,323240000.0,490728000.0,651644000.0,174743000.0,368052000.0,548311000.0,680031000.0,210762000.0,473140000.0,741556000.0,760831000.0,294710000.0,581952000.0,876602000.0,1030012000.0,330695000.0,648176000.0,970261000.0,1197054000.0,363206000.0,712913000.0,1058281000.0,1311905000.0,385773000.0,770528000.0,1156992000.0
OtherEmployeeRelatedLiabilitiesCurrent / USD,,,,,,,,,,,,,,,,,,,,,,,,,,,24770000.0,,,,20925000.0,,,,28244000.0,,,,46967000.0,,,,65575000.0,,,,24910000.0,,,,27150000.0,,,,24287000.0,,,,26766000.0,,,
OtherInvestments / USD,,,,,,,,,,,,,,,,,,,,,,,,,,,,,,,,,,,,,,,,,,,,,,,,,,,15968000.0,32855000.0,32855000.0,32855000.0,32855000.0,45864000.0,45864000.0,45864000.0,45864000.0,69002000.0,69002000.0,69002000.0
OtherLiabilitiesNoncurrent / USD,6851000.0,6851000.0,6851000.0,9825000.0,9825000.0,9825000.0,9825000.0,12435000.0,12435000.0,12435000.0,12435000.0,19885000.0,19885000.0,19885000.0,19885000.0,23591000.0,23591000.0,23591000.0,23591000.0,28263000.0,28263000.0,28263000.0,28263000.0,32883000.0,32883000.0,32883000.0,32883000.0,33946000.0,33946000.0,33946000.0,33946000.0,40042000.0,40042000.0,40042000.0,40042000.0,31638000.0,31638000.0,31638000.0,31638000.0,38797000.0,38797000.0,38797000.0,38797000.0,38844000.0,38844000.0,38844000.0,38844000.0,38536000.0,38536000.0,38536000.0,38536000.0,43816000.0,43816000.0,43816000.0,43816000.0,58870000.0,58870000.0,58870000.0,58870000.0,71070000.0,71070000.0,71070000.0
OtherNoncashIncomeExpense / USD,,,,,,,,,,,,,,,,,,,,,,,,,,,,-174000.0,352000.0,224000.0,-582000.0,8000.0,107000.0,126000.0,1924000.0,320000.0,1228000.0,1933000.0,218000.0,1269000.0,2588000.0,3044000.0,2918000.0,-707000.0,-1670000.0,-2450000.0,10592000.0,-2180000.0,-2467000.0,-2534000.0,-3643000.0,998000.0,11909000.0,13045000.0,4599000.0,2810000.0,9237000.0,17272000.0,16202000.0,-835000.0,-4511000.0,-2459000.0
OtherNonoperatingIncomeExpense / USD,,,,,,,,287000.0,-1719000.0,-1271000.0,1230000.0,434000.0,811000.0,1358000.0,-857000.0,266000.0,596000.0,1361000.0,1820000.0,689000.0,1833000.0,2618000.0,1751000.0,1223000.0,2965000.0,4483000.0,3503000.0,2126000.0,2912000.0,3584000.0,6278000.0,1188000.0,2237000.0,3512000.0,4172000.0,1394000.0,3717000.0,6210000.0,4949000.0,3129000.0,7076000.0,11487000.0,10068000.0,2743000.0,3366000.0,2771000.0,14327000.0,-2168000.0,-1317000.0,-1443000.0,3617000.0,-213000.0,10359000.0,14071000.0,7820000.0,8949000.0,25395000.0,43787000.0,21128000.0,19364000.0,41225000.0,70532000.0
PaymentsForRepurchaseOfCommonStock / USD,57517000.0,70001000.0,30227000.0,17798000.0,58583000.0,111480000.0,84089000.0,13523000.0,22484000.0,41810000.0,126602000.0,27011000.0,39597000.0,82561000.0,63508000.0,50965000.0,81065000.0,97655000.0,217092000.0,12736000.0,50292000.0,63405000.0,138903000.0,23249000.0,116322000.0,147122000.0,88338000.0,583802000.0,700036000.0,771354000.0,460675000.0,59137000.0,103827000.0,208959000.0,836760000.0,68638000.0,97528000.0,116401000.0,285218000.0,52886000.0,111542000.0,151621000.0,160937000.0,54401000.0,54401000.0,54401000.0,190617000.0,57229000.0,203151000.0,300733000.0,54401000.0,263308000.0,521910000.0,629775000.0,466462000.0,126709000.0,221754000.0,437305000.0,830140000.0,27005000.0,172368000.0,662605000.0
PaymentsRelatedToTaxWithholdingForShareBasedCompensation / USD,,,,,,,,,,,,,,,,,,,,,,,,,,,,,,,,,,,,,,,,,,,,,,,,,,,,,,92374000.0,79870000.0,67185000.0,67474000.0,68613000.0,98970000.0,72654000.0,73011000.0,73349000.0
PaymentsToAcquireMarketableSecurities / USD,,,,,,,,,,,,,,,,,,,,,,,387639000.0,139114000.0,273907000.0,433829000.0,521004000.0,,0.0,0.0,559372000.0,0.0,19922000.0,120084000.0,0.0,168749000.0,208294000.0,297217000.0,199801000.0,89111000.0,208253000.0,328107000.0,485188000.0,80746000.0,101104000.0,325069000.0,448754000.0,90477000.0,190920000.0,288899000.0,468418000.0,118827000.0,195242000.0,513813000.0,429350000.0,214819000.0,590656000.0,845981000.0,614416000.0,366798000.0,738434000.0,828846000.0
PaymentsToAcquirePropertyPlantAndEquipment / USD,51809000.0,80282000.0,152101000.0,19703000.0,41653000.0,71179000.0,117198000.0,26438000.0,57681000.0,92867000.0,113215000.0,41864000.0,90332000.0,137505000.0,151147000.0,36495000.0,80130000.0,136665000.0,197037000.0,47230000.0,102840000.0,160400000.0,199926000.0,59363000.0,114395000.0,181840000.0,252590000.0,62921000.0,126712000.0,192252000.0,257418000.0,57088000.0,113715000.0,165506000.0,258842000.0,57524000.0,128505000.0,209999000.0,216777000.0,64226000.0,142002000.0,237965000.0,287390000.0,77653000.0,165455000.0,246758000.0,333912000.0,86619000.0,212123000.0,320569000.0,373352000.0,96162000.0,196495000.0,335518000.0,442475000.0,120369000.0,257601000.0,388801000.0,479164000.0,132703000.0,273193000.0,420718000.0
PreOpeningCosts / USD,3461000.0,5996000.0,11624000.0,1502000.0,3226000.0,5169000.0,8401000.0,1296000.0,2902000.0,5350000.0,7767000.0,2448000.0,5754000.0,8526000.0,8495000.0,2886000.0,6132000.0,10736000.0,11909000.0,4300000.0,7692000.0,11521000.0,15511000.0,3435000.0,7103000.0,11470000.0,15609000.0,4421000.0,8554000.0,13044000.0,16922000.0,4069000.0,6972000.0,9764000.0,17162000.0,2649000.0,4663000.0,6790000.0,12341000.0,940000.0,3058000.0,6122000.0,8546000.0,3566000.0,7210000.0,11018000.0,11108000.0,3421000.0,8386000.0,14280000.0,15515000.0,5348000.0,10601000.0,18219000.0,21264000.0,6198000.0,13736000.0,23341000.0,29560000.0,7211000.0,16206000.0,28992000.0
PreferredStockParOrStatedValuePerShare / USD/shares,0.01,0.01,0.01,0.01,0.01,0.01,0.01,0.01,0.01,0.01,0.01,0.01,0.01,0.01,0.01,0.01,0.01,0.01,0.01,0.01,0.01,0.01,0.01,0.01,0.01,0.01,0.01,0.01,0.01,0.01,0.01,0.01,0.01,0.01,0.01,0.01,0.01,0.01,0.01,0.01,0.01,0.01,0.01,0.01,0.01,0.01,0.01,0.01,0.01,0.01,0.01,0.01,0.01,0.01,0.01,0.01,0.01,0.01,0.01,0.01,0.01,0.01
PreferredStockSharesAuthorized / shares,600000.0,600000.0,600000000.0,600000000.0,600000000.0,600000000.0,600000000.0,600000000.0,600000000.0,600000000.0,600000000.0,600000000.0,600000000.0,600000000.0,600000000.0,600000000.0,600000000.0,600000000.0,600000000.0,600000000.0,600000000.0,600000000.0,600000000.0,600000000.0,600000000.0,600000000.0,600000000.0,600000000.0,600000000.0,600000000.0,600000000.0,600000000.0,600000000.0,600000000.0,600000000.0,600000000.0,600000000.0,600000000.0,600000000.0,600000000.0,600000000.0,600000000.0,600000000.0,600000000.0,600000000.0,600000000.0,600000000.0,600000000.0,600000000.0,600000000.0,600000000.0,600000000.0,600000000.0,600000000.0,600000000.0,600000000.0,600000000.0,600000000.0,600000000.0,600000000.0,600000000.0,600000000.0
PreferredStockSharesIssued / shares,,,,,0.0,0.0,0.0,0.0,0.0,0.0,0.0,0.0,0.0,0.0,0.0,0.0,0.0,0.0,0.0,0.0,0.0,0.0,0.0,0.0,0.0,0.0,0.0,0.0,0.0,0.0,0.0,0.0,0.0,0.0,0.0,0.0,0.0,0.0,0.0,0.0,0.0,0.0,0.0,0.0,0.0,0.0,0.0,0.0,0.0,0.0,0.0,0.0,0.0,0.0,0.0,0.0,0.0,0.0,0.0,0.0,0.0,0.0
PreferredStockValue / USD,0.0,0.0,,0.0,0.0,0.0,,0.0,,,,,,,,,,,,,,,0.0,0.0,0.0,0.0,0.0,0.0,0.0,0.0,0.0,0.0,0.0,0.0,0.0,0.0,0.0,0.0,0.0,0.0,0.0,0.0,0.0,0.0,0.0,0.0,0.0,0.0,0.0,0.0,0.0,0.0,0.0,0.0,0.0,0.0,0.0,0.0,0.0,0.0,0.0,0.0
PrepaidExpenseAndOtherAssetsCurrent / USD,,,,,16016000.0,16016000.0,16016000.0,21404000.0,21404000.0,21404000.0,21404000.0,27378000.0,27378000.0,27378000.0,27378000.0,34204000.0,34204000.0,34204000.0,34204000.0,34795000.0,34795000.0,34795000.0,34795000.0,39965000.0,39965000.0,39965000.0,39965000.0,44080000.0,44080000.0,44080000.0,44080000.0,50918000.0,50918000.0,50918000.0,50918000.0,54129000.0,54129000.0,54129000.0,54129000.0,57076000.0,57076000.0,57076000.0,57076000.0,54906000.0,54906000.0,54906000.0,54906000.0,78756000.0,78756000.0,78756000.0,78756000.0,86412000.0,86412000.0,86412000.0,86412000.0,117462000.0,117462000.0,117462000.0,117462000.0,97538000.0,97538000.0,97538000.0
PrepaidExpenseCurrent / USD,14377000.0,14377000.0,14377000.0,16016000.0,,,,,,,,,,,,,,,,,,,,,,,,,,,,,,,,,,,,,,,,,,,,,,,,,,,69167000.0,,,,97670000.0,,,
ProceedsFromPaymentsForOtherFinancingActivities / USD,,,,,,,,,,,,-33000.0,-65000.0,-99000.0,-120000.0,120000.0,191000.0,185000.0,348000.0,-56000.0,-55000.0,-69000.0,173000.0,-119000.0,-175000.0,-225000.0,-66000.0,-10000.0,12000.0,23000.0,-207000.0,6000.0,9000.0,10000.0,1372000.0,-22000.0,-55000.0,-150000.0,26000.0,-277000.0,-510000.0,-665000.0,-187000.0,-69000.0,-1855000.0,-1865000.0,-698000.0,-221000.0,-2208000.0,-2342000.0,-1895000.0,-359000.0,-588000.0,-586000.0,-2274000.0,11000.0,115000.0,546000.0,-294000.0,-415000.0,-29000.0,990000.0
ProceedsFromSaleAndMaturityOfMarketableSecurities / USD,,,,,,,,,,,,,,,,,,,,,,,159250000.0,95000000.0,216000000.0,287450000.0,254750000.0,45000000.0,45000000.0,45000000.0,352650000.0,145000000.0,80000000.0,140000000.0,45000000.0,145000000.0,185000000.0,295000000.0,330000000.0,60000000.0,220000000.0,328448000.0,385000000.0,99037000.0,198578000.0,318505000.0,476723000.0,60593000.0,162045000.0,243441000.0,419078000.0,81923000.0,142540000.0,202997000.0,345748000.0,99639000.0,220565000.0,440788000.0,263548000.0,198462000.0,374373000.0,548070000.0
ProceedsFromSaleOfMachineryAndEquipment / USD,,,,,,,,,,,,,,,,,,,,,,,,,,,,,,,,,,,,,,,0.0,,,,13969000.0,,0.0,0.0,13969000.0,,2885000.0,2885000.0,0.0,,,,4035000.0,,,,0.0,,,
PropertyPlantAndEquipmentGross / USD,,,,,,,982109000.0,,,,1122120000.0,,,,1311620000.0,,,,1490635000.0,,,,1720660000.0,,,,1938095000.0,,,,2149027000.0,,,,2317290000.0,,,,2462761000.0,,,,2660129000.0,,,,2964021000.0,,,,3305601000.0,,,,3685734000.0,,,,4152060000.0,,,
PropertyPlantAndEquipmentNet / USD,636411000.0,636411000.0,636411000.0,676881000.0,676881000.0,676881000.0,676881000.0,751951000.0,751951000.0,751951000.0,751951000.0,866703000.0,866703000.0,866703000.0,866703000.0,963238000.0,963238000.0,963238000.0,963238000.0,1106984000.0,1106984000.0,1106984000.0,1106984000.0,1217220000.0,1217220000.0,1217220000.0,1217220000.0,1303558000.0,1303558000.0,1303558000.0,1303558000.0,1338366000.0,1338366000.0,1338366000.0,1338366000.0,1379254000.0,1379254000.0,1379254000.0,1379254000.0,1458690000.0,1458690000.0,1458690000.0,1458690000.0,1584311000.0,1584311000.0,1584311000.0,1584311000.0,1769278000.0,1769278000.0,1769278000.0,1769278000.0,1951147000.0,1951147000.0,1951147000.0,1951147000.0,2170038000.0,2170038000.0,2170038000.0,2170038000.0,2390126000.0,2390126000.0,2390126000.0
ProvisionForDoubtfulAccounts / USD,-245000.0,-245000.0,440000.0,-136000.0,-72000.0,-228000.0,-245000.0,3000.0,3000.0,29000.0,-151000.0,12000.0,185000.0,906000.0,239000.0,9000.0,39000.0,24000.0,1046000.0,-20000.0,-18000.0,-10000.0,19000.0,-27000.0,-27000.0,-27000.0,9000.0,-40000.0,-120000.0,99000.0,-23000.0,180000.0,181000.0,181000.0,-262000.0,0.0,106000.0,116000.0,214000.0,206000.0,85000.0,85000.0,125000.0,-90000.0,82000.0,-143000.0,33000.0,-275000.0,-220000.0,733000.0,164000.0,-918000.0,-876000.0,-969000.0,493000.0,500000.0,312000.0,565000.0,-760000.0,-412000.0,-155000.0,-289000.0
RestrictedCashNoncurrent / USD,,,,,,,,,,,,,,,,,,,,,,,,,,,,,,,,,,29601000.0,29601000.0,30199000.0,30199000.0,30199000.0,30199000.0,27855000.0,27855000.0,27855000.0,27855000.0,27849000.0,27849000.0,27849000.0,27849000.0,30856000.0,30856000.0,30856000.0,30856000.0,24966000.0,24966000.0,24966000.0,24966000.0,25554000.0,25554000.0,25554000.0,25554000.0,29842000.0,29842000.0,29842000.0
RetainedEarningsAccumulatedDeficit / USD,277533000.0,277533000.0,277533000.0,456514000.0,456514000.0,456514000.0,456514000.0,671459000.0,671459000.0,671459000.0,671459000.0,949459000.0,949459000.0,949459000.0,949459000.0,1276897000.0,1276897000.0,1276897000.0,1276897000.0,1722271000.0,1722271000.0,1722271000.0,1722271000.0,2197873000.0,2197873000.0,2197873000.0,2197873000.0,2220811000.0,2220811000.0,2220811000.0,2220811000.0,2397064000.0,2397064000.0,2397064000.0,2397064000.0,2573617000.0,2573617000.0,2573617000.0,2573617000.0,2921448000.0,2921448000.0,2921448000.0,2921448000.0,3276163000.0,3276163000.0,3276163000.0,3276163000.0,3929147000.0,3929147000.0,3929147000.0,3929147000.0,4828248000.0,4828248000.0,4828248000.0,4828248000.0,6056985000.0,6056985000.0,6056985000.0,6056985000.0,1574232000.0,1574232000.0,1574232000.0
Revenues / USD,,,,,,,,,,,,,,,,,,,,,,,,,,,,,,,,,,3366312000.0,3904384000.0,1148397000.0,2414917000.0,3639924000.0,4476412000.0,1308217000.0,2742448000.0,4146145000.0,4864985000.0,1410772000.0,2775510000.0,4376924000.0,5586369000.0,1741575000.0,3634113000.0,5586428000.0,5984634000.0,2020539000.0,4233878000.0,6454053000.0,7547061000.0,2368580000.0,4883381000.0,7355329000.0,8634652000.0,2701848000.0,5674966000.0,8468543000.0
RightOfUseAssetObtainedInExchangeForOperatingLeaseLiability / USD,,,,,,,,,,,,,,,,,,,,,,,,,,,,,,,,,,,,,,,,,,,,,,,,,,,,,,373971000.0,577273000.0,90654000.0,252991000.0,438510000.0,425243000.0,157806000.0,322798000.0,570775000.0
SalesAndExciseTaxPayableCurrent / USD,,,,,,,10280000.0,,,,12121000.0,,,,13499000.0,,,,17541000.0,,,,22929000.0,,,,15634000.0,,,,20435000.0,,,,18920000.0,,,,21762000.0,,,,26484000.0,,,,26419000.0,,,,32004000.0,,,,35567000.0,,,,42071000.0,,,
ShareBasedCompensation / USD,7711000.0,11479000.0,11374000.0,4687000.0,11689000.0,17846000.0,14992000.0,8923000.0,21978000.0,32621000.0,21381000.0,20240000.0,37677000.0,52252000.0,41382000.0,15387000.0,34333000.0,50622000.0,64276000.0,27359000.0,61401000.0,82156000.0,63657000.0,16986000.0,38729000.0,59725000.0,96440000.0,10505000.0,30038000.0,48389000.0,57911000.0,16456000.0,36846000.0,54596000.0,64166000.0,12097000.0,23645000.0,48219000.0,65255000.0,19154000.0,40321000.0,65657000.0,69164000.0,17395000.0,40762000.0,60579000.0,91396000.0,55390000.0,102680000.0,138741000.0,82626000.0,23590000.0,52221000.0,77371000.0,176392000.0,20084000.0,50756000.0,86557000.0,98030000.0,36003000.0,81243000.0,85903000.0
ShareBasedCompensationArrangementByShareBasedPaymentAwardFairValueAssumptionsExpectedDividendRate / pure,,,,,,,0.0,,,,0.0,,,,0.0,,,,0.0,,,,,,,,,,,,0.0,,,,0.0,,,,0.0,,,,0.0,,,,0.0,,,,0.0,,,,0.0,,,,0.0,,,
ShareBasedCompensationArrangementByShareBasedPaymentAwardFairValueAssumptionsRiskFreeInterestRate / pure,,,,,,,0.015,,,,0.015,,,,0.016,,,,0.004,,,,,,,,,,,,0.011,,,,0.01,,,,0.016,,,,0.024,,,,0.024,,,,0.013,,,,0.003,,,,0.021,,,
ShareBasedCompensationArrangementByShareBasedPaymentAwardFairValueAssumptionsWeightedAverageVolatilityRate / pure,,,,,,,0.42,,,,0.511,,,,0.51,,,,0.391,,,,,,,,,,,,0.308,,,,0.322,,,,0.299,,,,0.322,,,,0.347,,,,0.324,,,,0.352,,,,0.36,,,
ShareBasedCompensationArrangementByShareBasedPaymentAwardOptionsGrantsInPeriodWeightedAverageGrantDateFairValue / USD/shares,,,,,101.91,101.91,18.85,104.95,104.95,104.95,39.52,82.03,82.03,82.03,101.91,135.98,135.98,136.12,104.97,158.19,156.96,156.97,,115.19,117.75,117.48,,,,,,,,,,,,,,,,,,,,,176.79,,,,231.52,,,,403.01,,,,9.13,,,
SharebasedCompensationArrangementBySharebasedPaymentAwardCompensationCost1 / USD,,,,,,,,,,,,,,,,,,51465000.0,66274000.0,27657000.0,61997000.0,83021000.0,64781000.0,16561000.0,37894000.0,58562000.0,97618000.0,10847000.0,30721000.0,49357000.0,59465000.0,16693000.0,37476000.0,55545000.0,65112000.0,12376000.0,24036000.0,48796000.0,66396000.0,19342000.0,40664000.0,66170000.0,69947000.0,17708000.0,41384000.0,61512000.0,92062000.0,55960000.0,103630000.0,140323000.0,84463000.0,24077000.0,53219000.0,78806000.0,178703000.0,20670000.0,52137000.0,88751000.0,99821000.0,36681000.0,82841000.0,88103000.0
SignificantChangeInUnrecognizedTaxBenefitsIsReasonablyPossibleAmountOfUnrecordedBenefit / USD,,,,,,,,,,,,,,,,,,,,,,,,,,,,,,,,,,,,,,,,,,,,,,,,,,,,,,,,,,,3035000.0,,,
StockIssuedDuringPeriodSharesEmployeeStockPurchasePlans / shares,,,,,,,,,,,1000.0,,,,1000.0,,,,1000.0,,,,1000.0,,,,1000.0,,,,1000.0,,,,1000.0,,,,,,,,,,,,,,,,,,,,,,,,32000.0,,,
StockIssuedDuringPeriodValueOther / USD,,,,,,,,,,,17650000.0,,,,574000.0,,,,481000.0,,,,100000.0,,,,-191000.0,,,,-207000.0,,,,,-228000.0,-228000.0,-228000.0,-180000.0,-211000.0,-211000.0,-211000.0,-882000.0,-179000.0,-179000.0,-179000.0,-516000.0,634000.0,634000.0,634000.0,-247000.0,-59000.0,-59000.0,-59000.0,704000.0,-290000.0,-290000.0,-290000.0,173000.0,2110000.0,2110000.0,2110000.0
StockRepurchaseProgramRemainingAuthorizedRepurchaseAmount1 / USD,,,,,,,,,,,,,,,,,,126800000.0,102210000.0,178963000.0,85906000.0,155107000.0,116394000.0,139807000.0,139504000.0,69207000.0,102568000.0,144613000.0,197927000.0,95425000.0,118274000.0,50243000.0,121868000.0,102984000.0,57551000.0,105068000.0,46589000.0,107662000.0,,115018000.0,115018000.0,115018000.0,,153792000.0,208498000.0,209792000.0,,280766000.0,319668000.0,412806000.0,,282315000.0,294694000.0,368369000.0,424107000.0,399098000.0,647741000.0,1059595000.0,1028342000.0,874655000.0,838761000.0,652254000.0
StockRepurchasedAndRetiredDuringPeriodValue / USD,,,,,,,,,,,,,,,,,,,,,,,,,,,,,,,,,,,,,,,,,,,,,,,,,,,,,,,,,,,,591521000.0,591521000.0,591521000.0
StockRepurchasedDuringPeriodValue / USD,,,,,252685000.0,,,,,,,,,,,,,,,,,,,,,,,,,,,,,,,,,,,,,,,,,,,,,,,,,,,,,492772000.0,,,,
StockholdersEquity / USD,703461000.0,703461000.0,562110000.0,810873000.0,810873000.0,810873000.0,622590000.0,1044226000.0,1044226000.0,1044226000.0,703461000.0,1245926000.0,1245926000.0,1245926000.0,810873000.0,1538288000.0,1538288000.0,1538288000.0,1044226000.0,2012369000.0,2012369000.0,2012369000.0,1245926000.0,2127974000.0,2127974000.0,2127974000.0,1538288000.0,1402493000.0,1402493000.0,1402493000.0,2012369000.0,1364445000.0,1364445000.0,1364445000.0,2127974000.0,1364445000.0,1364445000.0,1364445000.0,1402493000.0,1441339000.0,1441339000.0,1441339000.0,1364445000.0,1683026000.0,1683026000.0,1683026000.0,1441339000.0,2020135000.0,2020135000.0,2020135000.0,1683026000.0,2297374000.0,2297374000.0,2297374000.0,2020135000.0,2368023000.0,2368023000.0,2368023000.0,2297374000.0,3062207000.0,3062207000.0,3062207000.0
StockholdersEquityNoteStockSplitConversionRatio1 / pure,,,,,,,,,,,,,,,,,,,,,,,,,,,,,,,,,,,,,,,,,,,,,,,,,,,,,,,,,50.0,50.0,50.0,50.0,,
TaxesPayableCurrent / USD,4207000.0,4207000.0,4207000.0,,,0.0,4241000.0,4241000.0,4241000.0,4241000.0,4241000.0,31240000.0,3825000.0,1225000.0,,35478000.0,7867000.0,24648000.0,,47993000.0,,,,,,,,0.0,0.0,,,0.0,,,5129000.0,5129000.0,5129000.0,5129000.0,5129000.0,,,,,,,,,,,,,0.0,0.0,0.0,,0.0,,,,0.0,,
TreasuryStockCommonShares / shares,,,,,,,,,,,,,,,,,,,,,,,,,,,,,,,,,,,,,,,,,,,,,,,,,,,,,,9693000.0,9693000.0,10057000.0,502843000.0,502843000.0,502843000.0,,,
TreasuryStockCommonValue / USD,,,,,,,,,,,,,,,,,,,,,,,,,,,,,,,,,,,,,,,,,,,,,,,,,,,,,,,,4944656000.0,4944656000.0,4944656000.0,4944656000.0,,,
TreasuryStockRetiredCostMethodAmount / USD,,,,,,,,,,,,,,,,,,,,,,,,,,,,,,,,,,,,,,,,,,,,,,,,,,,,,,,,,0.0,0.0,0.0,,0.0,0.0
TreasuryStockValueAcquiredCostMethod / USD,,,30227000.0,,,272012000.0,84089000.0,310023000.0,322609000.0,365572000.0,126602000.0,551068000.0,580715000.0,597305000.0,63508000.0,622826000.0,660381000.0,673495000.0,217092000.0,721335000.0,814396000.0,845196000.0,138903000.0,1760552000.0,1860862000.0,1931164000.0,88338000.0,2055767000.0,2102457000.0,2204968000.0,485853000.0,,,,814777000.0,72025000.0,72025000.0,72025000.0,285020000.0,62854000.0,62854000.0,62854000.0,166147000.0,102031000.0,102031000.0,102031000.0,198563000.0,106036000.0,106036000.0,106036000.0,102956000.0,345921000.0,345921000.0,345921000.0,554027000.0,198819000.0,198819000.0,198819000.0,925912000.0,97663000.0,97663000.0,97663000.0
UnrecognizedTaxBenefits / USD,,,,,,,,,,,,,,,,,,,0.0,,,,0.0,,,,0.0,,,,1342000.0,,,,3776000.0,,,,4211000.0,,,,8937000.0,,,,9360000.0,,,,15028000.0,,,,10859000.0,,,,5262000.0,,,
UnrecognizedTaxBenefitsDecreasesResultingFromPriorPeriodTaxPositions / USD,,,,,,,,,,,,,,,,,,,,,,,,,,,,,,,,,,,,,,,,,,,2853000.0,,,,2853000.0,,,,2853000.0,,,,331000.0,,,,0.0,,,
UnrecognizedTaxBenefitsDecreasesResultingFromSettlementsWithTaxingAuthorities / USD,,,,,,,,,,,,,,,,,,,,,,,,,,,,,,,,,,,,,,,0.0,,,,0.0,,,,736000.0,,,,0.0,,,,0.0,,,,0.0,,,
UnrecognizedTaxBenefitsIncreasesResultingFromCurrentPeriodTaxPositions / USD,,,,,,,,,,,,,,,,,,,,,,,0.0,,,,1342000.0,,,,2032000.0,,,,435000.0,,,,4726000.0,,,,751000.0,,,,758000.0,,,,1870000.0,,,,1387000.0,,,,312000.0,,,
UnrecognizedTaxBenefitsIncreasesResultingFromPriorPeriodTaxPositions / USD,,,,,,,,,,,,,,,,,,,,,,,0.0,,,,0.0,,,,402000.0,,,,,,,,0.0,,,,0.0,,,,5855000.0,,,,3937000.0,,,,180000.0,,,,3937000.0,,,
UnrecognizedTaxBenefitsInterestOnIncomeTaxesAccrued / USD,,,,,,,,,,,,,,,,,,,,,,,,,,,430000.0,,,,430000.0,,,,794000.0,,,,1329000.0,,,,3054000.0,,,,2185000.0,,,,356000.0,,,,589000.0,,,,2026000.0,,,
UnrecognizedTaxBenefitsInterestOnIncomeTaxesExpense / USD,,,,,,,,,,,,,,,,,,,,,,,,,,,,,,,0.0,,,,430000.0,,,,364000.0,,,,536000.0,,,,1853000.0,,,,554000.0,,,,180000.0,,,,384000.0,,,
UnrecognizedTaxBenefitsReductionsResultingFromLapseOfApplicableStatuteOfLimitations / USD,,,,,,,,,,,,,,,,,,,,,,,,,,,,,,,,,,,0.0,,,,0.0,,,,328000.0,,,,209000.0,,,,3186000.0,,,,6833000.0,,,,609000.0,,,
ValuationAllowanceDeferredTaxAssetChangeInAmount / USD,,,,,,,-141000.0,,,,-415000.0,,,,-616000.0,,,,-1558000.0,,,,-1300000.0,,,,-3034000.0,,,,-2255000.0,,,,-2405000.0,,,,-230000.0,,,,1829000.0,,,,-2676000.0,,,,-6949000.0,,,,-7472000.0,,,,3524000.0,,,
WeightedAverageNumberOfDilutedSharesOutstanding / shares,32278000.0,32168000.0,33146000.0,31814000.0,31808000.0,31731000.0,32102000.0,31717000.0,31740000.0,31772000.0,31735000.0,31846000.0,31899000.0,31881000.0,31775000.0,31229000.0,31202000.0,31234000.0,31783000.0,31486000.0,31480000.0,31502000.0,31281000.0,31592000.0,31525000.0,31556000.0,31512000.0,29893000.0,29550000.0,29792000.0,31494000.0,28850000.0,28825000.0,28696000.0,29770000.0,27950000.0,27942000.0,27967000.0,28561000.0,28118000.0,28209000.0,28268000.0,27962000.0,28323000.0,28328000.0,28370000.0,28295000.0,28582000.0,28542000.0,28520000.0,28416000.0,28301000.0,28196000.0,28116000.0,28511000.0,27788000.0,1388386000.0,1386934000.0,1403077000.0,1381162000.0,1381347000.0,1379099000.0
WeightedAverageNumberOfSharesOutstandingBasic / shares,31929000.0,31827000.0,32766000.0,31483000.0,31428000.0,31278000.0,31766000.0,31082000.0,31125000.0,31195000.0,31234000.0,31410000.0,31553000.0,31583000.0,31217000.0,31012000.0,30956000.0,30937000.0,31513000.0,31061000.0,31055000.0,31043000.0,30957000.0,31036000.0,31044000.0,31115000.0,31038000.0,29893000.0,29550000.0,29387000.0,31092000.0,28750000.0,28699000.0,28604000.0,29265000.0,27911000.0,27865000.0,27844000.0,28491000.0,27696000.0,27708000.0,27730000.0,27823000.0,27792000.0,27851000.0,27892000.0,27740000.0,28125000.0,28130000.0,28137000.0,27917000.0,28043000.0,27974000.0,27907000.0,28132000.0,27624000.0,1380711000.0,1379640000.0,1392543000.0,1372175000.0,1372488000.0,1370671000.0
WorkersCompensationLiabilityCurrent / USD,,,,,,,,,,,,,,,,,,,,,,,,,,,26408000.0,,,,33038000.0,,,,34631000.0,,,,30878000.0,,,,29837000.0,,,,27630000.0,,,,27456000.0,,,,27531000.0,,,,30520000.0,,,
