fact_unit,2010-10-08,2011-01-07,2011-04-08,2011-07-29,2011-10-07,2012-01-09,2012-04-09,2012-07-30,2012-10-10,2013-01-09,2013-04-09,2013-07-30,2013-10-10,2014-01-09,2014-04-09,2014-07-30,2014-10-10,2015-01-09,2015-04-02,2015-07-30,2015-10-09,2016-01-08,2016-04-08,2016-07-29,2016-10-11,2017-01-06,2017-04-07,2017-07-31,2017-10-06,2018-01-05,2018-04-06,2018-07-27,2018-10-05,2019-01-08,2019-04-05,2019-07-26,2019-10-08,2020-01-09,2020-03-31,2020-07-29,2020-10-09,2021-01-08,2021-04-06,2021-07-28,2021-10-07,2022-01-06,2022-04-07,2022-07-27,2022-10-06,2023-01-06,2023-04-06,2023-07-27,2023-10-05,2024-01-08,2024-04-05,2024-07-25,2024-10-04,2025-01-08,2025-04-03,2025-07-28,2025-10-08
AccountsPayableAndAccruedLiabilitiesNoncurrent / USD,116021000.0,116021000.0,116021000.0,116021000.0,134041000.0,134041000.0,134041000.0,134041000.0,87133000.0,87133000.0,87133000.0,87133000.0,76422000.0,76422000.0,76422000.0,76422000.0,92942000.0,92942000.0,92942000.0,92942000.0,112009000.0,112009000.0,112009000.0,112009000.0,136704000.0,136704000.0,136704000.0,136704000.0,170460000.0,170460000.0,170460000.0,170460000.0,277941000.0,277941000.0,277941000.0,277941000.0,330522000.0,330522000.0,330522000.0,330522000.0,498509000.0,498509000.0,498509000.0,498509000.0,454637000.0,454637000.0,454637000.0,454637000.0,319397000.0,319397000.0,319397000.0,319397000.0,329269000.0,329269000.0,329269000.0,329269000.0,375656000.0,375656000.0,375656000.0,375656000.0,420781000.0
AccountsPayableCurrent / USD,71747000.0,71747000.0,71747000.0,71747000.0,110279000.0,110279000.0,110279000.0,110279000.0,94840000.0,94840000.0,94840000.0,94840000.0,121029000.0,121029000.0,121029000.0,121029000.0,150070000.0,150070000.0,150070000.0,150070000.0,109607000.0,109607000.0,109607000.0,109607000.0,114514000.0,114514000.0,114514000.0,110940000.0,177051000.0,177051000.0,177051000.0,177051000.0,215074000.0,215074000.0,215074000.0,215074000.0,226020000.0,226020000.0,226020000.0,226020000.0,230995000.0,230995000.0,230995000.0,230995000.0,230786000.0,230786000.0,230786000.0,230786000.0,251504000.0,251504000.0,251504000.0,251504000.0,302292000.0,302292000.0,302292000.0,302292000.0,339166000.0,339166000.0,339166000.0,339166000.0,485109000.0
AccountsReceivableNetCurrent / USD,366301000.0,366301000.0,366301000.0,362219000.0,429131000.0,429131000.0,429131000.0,429131000.0,450861000.0,450861000.0,450861000.0,450861000.0,496049000.0,496049000.0,496049000.0,496049000.0,508427000.0,508427000.0,508427000.0,508427000.0,496130000.0,496130000.0,496130000.0,496130000.0,563178000.0,563178000.0,563178000.0,546488000.0,736008000.0,736008000.0,736008000.0,736008000.0,804583000.0,804583000.0,804583000.0,804583000.0,910120000.0,910120000.0,910120000.0,910120000.0,870369000.0,870369000.0,870369000.0,870369000.0,901710000.0,901710000.0,901710000.0,901710000.0,1006220000.0,1006220000.0,1006220000.0,1006220000.0,1152993000.0,1152993000.0,1152993000.0,1152993000.0,1244182000.0,1244182000.0,1244182000.0,1244182000.0,1417381000.0
AccruedIncomeTaxesCurrent / USD,10828000.0,,,,14261000.0,,,,0.0,,,,0.0,0.0,0.0,0.0,5960000.0,5960000.0,5960000.0,5960000.0,0.0,0.0,0.0,,0.0,,,,0.0,,,,,,,,0.0,,,0.0,27099000.0,27099000.0,27099000.0,27099000.0,,,,,0.0,,,0.0,12470000.0,12470000.0,12470000.0,12470000.0,18618000.0,18618000.0,18618000.0,18618000.0,4034000.0
AccruedInsuranceCurrent / USD,,,,,,,,58892000.0,,,,82611000.0,,,,96930000.0,,,,106083000.0,,,,113714000.0,,,,128759000.0,,,,153743000.0,,,,163400000.0,,,,165667000.0,,,,165427000.0,,,,156447000.0,,,,163958000.0,,,,155046000.0,,,,176758000.0,
AccruedLiabilitiesCurrent / USD,244402000.0,244402000.0,244402000.0,244402000.0,242691000.0,242691000.0,242691000.0,242691000.0,256642000.0,256642000.0,256642000.0,261442000.0,271821000.0,271821000.0,271821000.0,271821000.0,299727000.0,299727000.0,299727000.0,299727000.0,309935000.0,309935000.0,309935000.0,309935000.0,349065000.0,349065000.0,349065000.0,343266000.0,429809000.0,429809000.0,429809000.0,429809000.0,420129000.0,420129000.0,420129000.0,420129000.0,433940000.0,433940000.0,433940000.0,433940000.0,456653000.0,456653000.0,456653000.0,456653000.0,518910000.0,518910000.0,518910000.0,518910000.0,588948000.0,588948000.0,588948000.0,588948000.0,632504000.0,632504000.0,632504000.0,632504000.0,761283000.0,761283000.0,761283000.0,761283000.0,875077000.0
AccumulatedDepreciationDepletionAndAmortizationPropertyPlantAndEquipment / USD,,,,,,,,1096178000.0,,,,1218980000.0,,,,1355544000.0,,,,1287961000.0,,,,1322857000.0,,,,1417954000.0,,,,1516377000.0,,,,1663710000.0,,,,1761679000.0,,,,1910795000.0,,,,2055221000.0,,,,2211919000.0,,,,2362269000.0,,,,2582076000.0,
AccumulatedOtherComprehensiveIncomeLossNetOfTax / USD,36133000.0,36133000.0,36133000.0,,58807000.0,58807000.0,58807000.0,,36663000.0,36663000.0,36663000.0,,38123000.0,38123000.0,38123000.0,38123000.0,38123000.0,38123000.0,38123000.0,28428000.0,28428000.0,28428000.0,28428000.0,-8471000.0,-8471000.0,-8471000.0,-8471000.0,-24874000.0,-3029000.0,-3029000.0,-3029000.0,-3029000.0,16343000.0,16343000.0,16343000.0,16343000.0,-39152000.0,-39152000.0,-39152000.0,-39152000.0,-153380000.0,-153380000.0,-153380000.0,-153380000.0,30888000.0,30888000.0,30888000.0,30888000.0,107917000.0,107917000.0,107917000.0,107917000.0,77778000.0,77778000.0,77778000.0,77778000.0,91201000.0,91201000.0,91201000.0,91201000.0,84389000.0
AdjustmentForAmortization / USD,10356000.0,20568000.0,30606000.0,42534000.0,10429000.0,21182000.0,32166000.0,41082000.0,10233000.0,20104000.0,29520000.0,42581000.0,6100000.0,11973000.0,17884000.0,38334000.0,5823000.0,11741000.0,17524000.0,23713000.0,4206000.0,7702000.0,11090000.0,22642000.0,3603000.0,7764000.0,12136000.0,14458000.0,3489000.0,7460000.0,11221000.0,15588000.0,14941000.0,31261000.0,47583000.0,25030000.0,33550000.0,67559000.0,101949000.0,63940000.0,35268000.0,70963000.0,107232000.0,136462000.0,35605000.0,71558000.0,107689000.0,143148000.0,36994000.0,74365000.0,112859000.0,144115000.0,36989000.0,74693000.0,113281000.0,150325000.0,39199000.0,79235000.0,119815000.0,152121000.0,46554000.0
AdjustmentsRelatedToTaxWithholdingForShareBasedCompensation / USD,,,,,,,,,,,,,,,,,,,,,,,,,,,,,,,,,,,,,,,,,,65700000.0,68400000.0,62900000.0,69000000.0,71400000.0,72533000.0,68837000.0,78015000.0,83506000.0,102966000.0,74465000.0,109583000.0,133248000.0,155483000.0,121224000.0,73276000.0,102862000.0,147880000.0,180577000.0,141185000.0
AdjustmentsToAdditionalPaidInCapitalSharebasedCompensationRequisiteServicePeriodRecognitionValue / USD,,,,11953000.0,,,,15349000.0,,,,15203000.0,,,,20312000.0,,,,23310000.0,,,,44746000.0,,,,47002000.0,,,,79293000.0,,,28630000.0,88868000.0,46172000.0,46172000.0,46172000.0,112835000.0,40395000.0,40395000.0,40395000.0,139210000.0,29055000.0,29055000.0,29055000.0,115435000.0,36496000.0,36496000.0,36496000.0,112035000.0,26282000.0,26282000.0,26282000.0,109308000.0,30242000.0,30242000.0,30242000.0,103621000.0,33367000.0
AllowanceForDoubtfulAccountsReceivableCurrent / USD,,,,14297000.0,,,,17057000.0,,,,17017000.0,,,,15855000.0,,,,14906000.0,,,,15674000.0,,,,19103000.0,,,,20525000.0,,,,33510000.0,,,,37809000.0,,,,35433000.0,,,,12097000.0,,,,12918000.0,,,,14926000.0,,,,17914000.0,
AmortizationOfIntangibleAssets / USD,,,,,,,,,,,,,,,,,5100000.0,10400000.0,15600000.0,,3500000.0,7000000.0,10300000.0,,3600000.0,7800000.0,12100000.0,,3200000.0,6400000.0,9600000.0,,14100000.0,29800000.0,45500000.0,22800000.0,33000000.0,66200000.0,99900000.0,61200000.0,34600000.0,69900000.0,105600000.0,134000000.0,35100000.0,70500000.0,106000000.0,140800000.0,36500000.0,73400000.0,111400000.0,141900000.0,36400000.0,73700000.0,111500000.0,148400000.0,38500000.0,77900000.0,117900000.0,150000000.0,40700000.0
AntidilutiveSecuritiesExcludedFromComputationOfEarningsPerShareAmount / shares,,,,,5000000.0,3900000.0,3600000.0,4500000.0,2500000.0,2600000.0,2100000.0,3900000.0,800000.0,700000.0,800000.0,2000000.0,600000.0,700000.0,600000.0,700000.0,600000.0,600000.0,700000.0,700000.0,500000.0,400000.0,300000.0,600000.0,700000.0,600000.0,500000.0,500000.0,600000.0,600000.0,800000.0,600000.0,300000.0,400000.0,500000.0,800000.0,200000.0,300000.0,200000.0,500000.0,200000.0,200000.0,200000.0,200000.0,100000.0,100000.0,500000.0,200000.0,800000.0,900000.0,1000000.0,500000.0,600000.0,1300000.0,1500000.0,4000000.0,300000.0
Assets / USD,3969736000.0,3969736000.0,3969736000.0,3969736000.0,3890904000.0,3928295000.0,3972070000.0,3969736000.0,4127892000.0,4215312000.0,4253167000.0,4351940000.0,4157035000.0,4222682000.0,4226099000.0,4165706000.0,4311177000.0,4365398000.0,4400441000.0,4345632000.0,4556270000.0,4697571000.0,4266346000.0,4462452000.0,4116465000.0,4444610000.0,4231210000.0,4185674000.0,4167145000.0,4214579000.0,4271164000.0,4098815000.0,6851606000.0,6978801000.0,6928593000.0,6844057000.0,7287204000.0,7405083000.0,7433673000.0,6958214000.0,7661900000.0,7887337000.0,7901980000.0,7436662000.0,8043381000.0,8454753000.0,8347497000.0,7669885000.0,7857750000.0,8017410000.0,8168600000.0,8236823000.0,8261026000.0,8427007000.0,8466001000.0,8147256000.0,8719681000.0,8813869000.0,8978875000.0,8546356000.0,9068707000.0
AssetsCurrent / USD,1524944000.0,1524944000.0,1524944000.0,1520862000.0,1700777000.0,1700777000.0,1700777000.0,1700777000.0,1541568000.0,1541568000.0,1541568000.0,1538086000.0,1624826000.0,1624826000.0,1624826000.0,1624826000.0,1805681000.0,1805681000.0,1805681000.0,1805681000.0,1735807000.0,1735807000.0,1735807000.0,1735807000.0,1590035000.0,1590035000.0,1590035000.0,1590579000.0,1954478000.0,1954478000.0,1954478000.0,1954478000.0,1977932000.0,1977932000.0,1977932000.0,1977932000.0,2236280000.0,2236280000.0,2236280000.0,2236280000.0,2309699000.0,2309699000.0,2309699000.0,2309699000.0,2843309000.0,2843309000.0,2843309000.0,2843309000.0,2631983000.0,2631983000.0,2631983000.0,2631983000.0,2938459000.0,2938459000.0,2938459000.0,2938459000.0,3185207000.0,3185207000.0,3185207000.0,3185207000.0,3436169000.0
CapitalizedContractCostAmortization / USD,,,,,,,,,,,,,,,,,,,,,,,,,,,,,,,,,17100000.0,34700000.0,52700000.0,71100000.0,17100000.0,34700000.0,52700000.0,71100000.0,18800000.0,38000000.0,57700000.0,71100000.0,20400000.0,41100000.0,62000000.0,77800000.0,21400000.0,43100000.0,65100000.0,83100000.0,22400000.0,45800000.0,69800000.0,87400000.0,24400000.0,49600000.0,75300000.0,94800000.0,25900000.0
CapitalizedContractCostNetCurrent / USD,,,,,,,,,,,,,,,,,,,,,,,,,,,,,,,,,65300000.0,67000000.0,68400000.0,69600000.0,69600000.0,69600000.0,69600000.0,69600000.0,76200000.0,76200000.0,76200000.0,76200000.0,79400000.0,79400000.0,79400000.0,79400000.0,83700000.0,83700000.0,83700000.0,83700000.0,92500000.0,92500000.0,92500000.0,92500000.0,94600000.0,94600000.0,94600000.0,94600000.0,96500000.0
CapitalizedContractCostNetNoncurrent / USD,,,,,,,,,,,,,,,,,,,,,,,,,,,,,,,,,194400000.0,199700000.0,203300000.0,206000000.0,206000000.0,206000000.0,206000000.0,206000000.0,227100000.0,227100000.0,227100000.0,227100000.0,227100000.0,227100000.0,227100000.0,227100000.0,232200000.0,232200000.0,232200000.0,232200000.0,251600000.0,251600000.0,251600000.0,251600000.0,262500000.0,262500000.0,262500000.0,262500000.0,275300000.0
CashAndCashEquivalentsAtCarryingValue / USD,129745000.0,129745000.0,129745000.0,66224000.0,411281000.0,411281000.0,411281000.0,129745000.0,438106000.0,438106000.0,438106000.0,411281000.0,339825000.0,339825000.0,339825000.0,438106000.0,352273000.0,352273000.0,352273000.0,339825000.0,513288000.0,513288000.0,513288000.0,417073000.0,417073000.0,417073000.0,417073000.0,513288000.0,139357000.0,139357000.0,139357000.0,417073000.0,169266000.0,169266000.0,169266000.0,138724000.0,96645000.0,96645000.0,96645000.0,96645000.0,145402000.0,145402000.0,145402000.0,145402000.0,493640000.0,493640000.0,493640000.0,493640000.0,90471000.0,90471000.0,90471000.0,90471000.0,124149000.0,124149000.0,124149000.0,124149000.0,342015000.0,342015000.0,342015000.0,342015000.0,263973000.0
CashCashEquivalentsRestrictedCashAndRestrictedCashEquivalents / USD,,,,,,,,,,,,,,,,,,,,,,,,,,,,,,,,,,,,139357000.0,138724000.0,138724000.0,138724000.0,169266000.0,96645000.0,96645000.0,96645000.0,138724000.0,145402000.0,145402000.0,145402000.0,96645000.0,493640000.0,493640000.0,493640000.0,145402000.0,90471000.0,90471000.0,90471000.0,493640000.0,124149000.0,124149000.0,124149000.0,90471000.0,342015000.0
CashCashEquivalentsRestrictedCashAndRestrictedCashEquivalentsPeriodIncreaseDecreaseIncludingExchangeRateEffect / USD,,,,,,,,,,,,,,,,,,,,,,,,,,,,,,,,,,,,29909000.0,-20368000.0,-50245000.0,-57865000.0,-30542000.0,5486000.0,129890000.0,137796000.0,-42079000.0,276140000.0,557773000.0,408209000.0,48757000.0,-413891000.0,-380470000.0,-409504000.0,348238000.0,-15913000.0,-672000.0,-1908000.0,-403169000.0,-36023000.0,-38593000.0,4334000.0,33678000.0,-240642000.0
CommonStockDividendsPerShareDeclared / USD/shares,,,,,,0.49,0.49,0.48,,0.54,0.54,0.49,,0.64,0.64,0.54,,0.77,0.77,0.64,,1.7,1.7,0.77,,1.05,1.05,1.7,,1.33,1.33,1.05,,1.62,1.62,1.33,,2.05,2.05,1.62,,2.55,2.55,2.05,0.0,3.51,4.26,2.55,0.95,1.9,2.85,5.01,1.15,2.3,3.45,3.8,0.3375,0.675,1.0125,1.15,0.39
CommonStockSharesAuthorized / shares,425000000.0,425000000.0,425000000.0,425000000.0,425000000.0,425000000.0,425000000.0,425000000.0,425000000.0,425000000.0,425000000.0,425000000.0,425000000.0,425000000.0,425000000.0,425000000.0,425000000.0,425000000.0,425000000.0,425000000.0,425000000.0,425000000.0,425000000.0,425000000.0,425000000.0,425000000.0,425000000.0,425000000.0,425000000.0,425000000.0,425000000.0,425000000.0,425000000.0,425000000.0,425000000.0,425000000.0,425000000.0,425000000.0,425000000.0,425000000.0,425000000.0,425000000.0,425000000.0,425000000.0,425000000.0,425000000.0,425000000.0,425000000.0,425000000.0,425000000.0,425000000.0,425000000.0,425000000.0,425000000.0,425000000.0,425000000.0,1700000000.0,1700000000.0,1700000000.0,1700000000.0,1700000000.0
CommonStockSharesIssued / shares,173207493.0,173207493.0,173207493.0,173207493.0,173346180.0,173346180.0,173346180.0,173346180.0,173745913.0,173745913.0,173745913.0,173745913.0,174786010.0,174786010.0,174786010.0,174786010.0,176378412.0,176378412.0,176378412.0,176378412.0,178117334.0,178117334.0,178117334.0,178117334.0,179598516.0,179598516.0,179598516.0,179598516.0,180992605.0,180992605.0,180992605.0,180992605.0,182723471.0,182723471.0,182723471.0,182723471.0,184790626.0,184790626.0,184790626.0,184790626.0,186793207.0,186793207.0,186793207.0,186793207.0,189071185.0,189071185.0,189071185.0,189071185.0,190837921.0,190837921.0,190837921.0,190837921.0,192198938.0,192198938.0,192198938.0,192198938.0,773097000.0,773097000.0,773097000.0,773097000.0,776936000.0
CommonStockSharesOutstanding / shares,152869848.0,152869848.0,152869848.0,152869848.0,137583884.0,137583884.0,137583884.0,137583884.0,126519758.0,126519758.0,126519758.0,126519758.0,122281507.0,122281507.0,122281507.0,122281507.0,117037784.0,117037784.0,117037784.0,117037784.0,111702949.0,111702949.0,111702949.0,111702949.0,104213479.0,104213479.0,104213479.0,105400629.0,105400629.0,105400629.0,105400629.0,105400629.0,106326383.0,106326383.0,106326383.0,106326383.0,103284401.0,103284401.0,103284401.0,103284401.0,103415368.0,103415368.0,103415368.0,103415368.0,104061391.0,104061391.0,104061391.0,104061391.0,101711215.0,101711215.0,101711215.0,101711215.0,101732148.0,101732148.0,101732148.0,101732148.0,405008000.0,405008000.0,405008000.0,405008000.0,402948000.0
CommonStockValue / USD,132058000.0,132058000.0,132058000.0,132058000.0,135401000.0,135401000.0,135401000.0,135401000.0,148255000.0,148255000.0,148255000.0,148255000.0,186332000.0,186332000.0,186332000.0,186332000.0,251753000.0,251753000.0,251753000.0,251753000.0,329248000.0,329248000.0,329248000.0,329248000.0,,,,409682000.0,,,,485068000.0,,,,618464000.0,,,,840328000.0,,,,1102689000.0,,,,1516202000.0,,,,1771917000.0,2031542000.0,2031542000.0,2031542000.0,2031542000.0,2305301000.0,2305301000.0,2305301000.0,2305301000.0,2593479000.0
ComprehensiveIncomeNetOfTax / USD,,,,,64239000.0,130303000.0,204875000.0,,69404000.0,123402000.0,211292000.0,269663000.0,84085000.0,164265000.0,231250000.0,275493000.0,77582000.0,164779000.0,244647000.0,316902000.0,108498000.0,219602000.0,292712000.0,364747000.0,88648000.0,436072000.0,537419000.0,393719000.0,126553000.0,286056000.0,409406000.0,677117000.0,252243000.0,377786000.0,681961000.0,502553000.0,206033000.0,443050000.0,642931000.0,861958000.0,227338000.0,497274000.0,673815000.0,829486000.0,337435000.0,640835000.0,983658000.0,759834000.0,270025000.0,567702000.0,922555000.0,1295236000.0,331896000.0,652161000.0,969996000.0,1312786000.0,394476000.0,775259000.0,1165822000.0,1317871000.0,444210000.0
CostOfRevenue / USD,,,,,,,,,,,,,,,,,,,,,,,,,,,,,,,,,,,,,,,,,,,,,,,,,,,,,,,,,,,,4642401000.0,1249456000.0
CurrentFederalTaxExpenseBenefit / USD,,,,,,,,106389000.0,,,,70811000.0,,,,139251000.0,,,,109739000.0,,,,139102000.0,,,,199360000.0,,,,272663000.0,,,,184130000.0,,,,124861000.0,,,,134174000.0,,,,153736000.0,,,,164104000.0,,,,162269000.0,,,,248413000.0,
CurrentForeignTaxExpenseBenefit / USD,,,,,,,,,,,,,,,,,,,,,,,,,,,,,,,,6471000.0,,,,6996000.0,,,,15103000.0,,,,9882000.0,,,,6985000.0,,,,12417000.0,,,,16676000.0,,,,13205000.0,
CurrentIncomeTaxExpenseBenefit / USD,,,,,,,,119298000.0,,,,85874000.0,,,,157031000.0,,,,122192000.0,,,,157388000.0,,,,224093000.0,,,,304562000.0,,,,221327000.0,,,,172286000.0,,,,185005000.0,,,,195223000.0,,,,218861000.0,,,,211376000.0,,,,318207000.0,
CurrentStateAndLocalTaxExpenseBenefit / USD,,,,,,,,12909000.0,,,,15063000.0,,,,17780000.0,,,,12453000.0,,,,18286000.0,,,,24733000.0,,,,25428000.0,,,,30201000.0,,,,32322000.0,,,,40949000.0,,,,34502000.0,,,,42340000.0,,,,32431000.0,,,,56589000.0,
DebtInstrumentFairValue / USD,,,,,,,,,,,,,,,,,,,,,,,,,,,,,,,,,,,,,2998700000.0,2998700000.0,2998700000.0,,2804200000.0,2804200000.0,2804200000.0,,2788800000.0,2788800000.0,2788800000.0,,2862200000.0,2862200000.0,2862200000.0,,2443800000.0,2443800000.0,2443800000.0,,2392800000.0,2392800000.0,2392800000.0,,2404700000.0
DebtLongtermAndShorttermCombinedAmount / USD,,,,,,,,,,,,,,,,,,,,,,,,,,,,,,,,,,,,,2866200000.0,2866200000.0,2866200000.0,,2550000000.0,2550000000.0,2550000000.0,,2550000000.0,2550000000.0,2550000000.0,,2811200000.0,2811200000.0,2811200000.0,,2500000000.0,2500000000.0,2500000000.0,,2486600000.0,2486600000.0,2486600000.0,,2436600000.0
DebtWeightedAverageInterestRate / pure,,,,,,,,,,,,,,,,,,,,,,,,,,,,0.038,,,,0.038,,,,0.037,,,,0.038,,,,0.038,,,,0.037,,,,0.04,,,,0.04,,,,0.041,
DeferredFinanceCostsCurrentNet / USD,,,,,,,,,,,,,,,,,,,,,,,,,,,,0.0,100000.0,100000.0,100000.0,100000.0,,,,0.0,236000.0,236000.0,236000.0,236000.0,0.0,0.0,0.0,0.0,930000.0,930000.0,930000.0,930000.0,6000.0,6000.0,6000.0,6000.0,,,,0.0,699000.0,699000.0,699000.0,699000.0,
DeferredFinanceCostsNoncurrentNet / USD,,,,,,,,,,,,,,,,,,,,,,,,,,,,5578000.0,22075000.0,22075000.0,22075000.0,22075000.0,19119000.0,19119000.0,19119000.0,19119000.0,16150000.0,16150000.0,16150000.0,16150000.0,13182000.0,13182000.0,13182000.0,13182000.0,9283000.0,9283000.0,9283000.0,9283000.0,17033000.0,17033000.0,17033000.0,17033000.0,14225000.0,14225000.0,14225000.0,14225000.0,10616000.0,10616000.0,10616000.0,10616000.0,11551000.0
DeferredIncomeTaxExpenseBenefit / USD,-412000.0,4777000.0,11945000.0,-1174000.0,-2538000.0,-6277000.0,22524000.0,8974000.0,,,,59806000.0,,,,16276000.0,,,,61897000.0,,,,41967000.0,,,,13910000.0,,,,-47852000.0,,,,8791000.0,,,,-115217000.0,,,,34759000.0,,,,-13292000.0,,,,-42080000.0,,,,51635000.0,,,,26931000.0,
DeferredIncomeTaxLiabilities / USD,,,,,,,,,,,,,,,,,,,,439686000.0,,,,442344000.0,,,,390021000.0,,,,666264000.0,,,,517972000.0,,,,636496000.0,,,,697085000.0,,,,705302000.0,,,,756479000.0,,,,780875000.0,,,,787993000.0,
DeferredIncomeTaxLiabilitiesNet / USD,,,,,,,,,,,,,,,,,,,,,,,,,,,,,,469328000.0,469328000.0,,352581000.0,352581000.0,352581000.0,352581000.0,438179000.0,438179000.0,438179000.0,438179000.0,388579000.0,388579000.0,388579000.0,388579000.0,386647000.0,386647000.0,386647000.0,386647000.0,473777000.0,473777000.0,473777000.0,473777000.0,498356000.0,498356000.0,498356000.0,498356000.0,475512000.0,475512000.0,475512000.0,475512000.0,471740000.0
DeferredTaxAssetsGross / USD,,,,,,,,63605000.0,,,,89316000.0,,,,102486000.0,,,,118155000.0,,,,117707000.0,,,,147593000.0,,,,215024000.0,,,,176693000.0,,,,205625000.0,,,,314917000.0,,,,320692000.0,,,,282702000.0,,,,282519000.0,,,,314610000.0,
DeferredTaxAssetsNet / USD,,,,,,,,63605000.0,,,,80262000.0,,,,89697000.0,,,,104797000.0,,,,103017000.0,,,,130546000.0,,,,196936000.0,,,,165391000.0,,,,198317000.0,,,,308506000.0,,,,318655000.0,,,,,,,,282519000.0,,,,312481000.0,
DeferredTaxAssetsOperatingLossCarryforwardsForeign / USD,,,,,,,,,,,,,,,,,,,,,,,,,,,,,,,,,,,,,,,,,,,,,,,,,,,,,,,,0.0,,,,2169000.0,
DeferredTaxAssetsTaxDeferredExpenseCompensationAndBenefits / USD,,,,,,,,12585000.0,,,,16017000.0,,,,17513000.0,,,,23890000.0,,,,29910000.0,,,,45720000.0,,,,73027000.0,,,,64376000.0,,,,77697000.0,,,,78802000.0,,,,74898000.0,,,,62522000.0,,,,63186000.0,,,,71146000.0,
DeferredTaxAssetsTaxDeferredExpenseReservesAndAccrualsAllowanceForDoubtfulAccounts / USD,,,,,,,,5630000.0,,,,5577000.0,,,,5322000.0,,,,4835000.0,,,,4857000.0,,,,7416000.0,,,,7707000.0,,,,8209000.0,,,,9495000.0,,,,14718000.0,,,,10292000.0,,,,10928000.0,,,,12562000.0,,,,13478000.0,
DeferredTaxAssetsTaxDeferredExpenseReservesAndAccrualsOther / USD,,,,,,,,15065000.0,,,,9421000.0,,,,20030000.0,,,,15663000.0,,,,9461000.0,,,,8100000.0,,,,25891000.0,,,,37319000.0,,,,48922000.0,,,,73562000.0,,,,114553000.0,,,,92250000.0,,,,92538000.0,,,,114786000.0,
DeferredTaxAssetsValuationAllowance / USD,,,,,,,,0.0,,,,9054000.0,,,,9054000.0,,,,12789000.0,,,,13358000.0,,,,14690000.0,,,,17047000.0,,,,18088000.0,,,,11302000.0,,,,7308000.0,,,,6411000.0,,,,,,,,0.0,,,,2129000.0,
DeferredTaxLiabilities / USD,,,,,,,,214113000.0,,,,287402000.0,,,,377349000.0,,,,334889000.0,,,,339327000.0,,,,259475000.0,,,,469328000.0,,,,352581000.0,,,,438179000.0,,,,388579000.0,,,,386647000.0,,,,473777000.0,,,,498356000.0,,,,475512000.0,
DeferredTaxLiabilitiesGoodwillAndIntangibleAssetsIntangibleAssets / USD,,,,,,,,,,,,,,,,99267000.0,,,,81215000.0,,,,84218000.0,,,,104585000.0,,,,290049000.0,,,,215455000.0,,,,210531000.0,,,,207610000.0,,,,207834000.0,,,,199256000.0,,,,190299000.0,,,,178583000.0,
DeferredTaxLiabilitiesPropertyPlantAndEquipment / USD,,,,,,,,118413000.0,,,,122675000.0,,,,123904000.0,,,,90155000.0,,,,77871000.0,,,,93784000.0,,,,126872000.0,,,,126273000.0,,,,159186000.0,,,,177664000.0,,,,167622000.0,,,,171819000.0,,,,171971000.0,,,,175214000.0,
DefinedBenefitPlanBenefitObligation / USD,,,,,,,,,,,,,,,,,,,,,,,,,,,,0.0,,,,0.0,,,,87387000.0,,,,86341000.0,,,,91935000.0,,,,105357000.0,,,,99728000.0,,,,84546000.0,,,,64300000.0,
DefinedBenefitPlanFairValueOfPlanAssets / USD,,,,,,,,,,,,,,,,,,,,,,,,,,,,0.0,,,,0.0,,,,59396000.0,,,,58781000.0,,,,62267000.0,,,,68341000.0,,,,78244000.0,,,,66723000.0,,,,48272000.0,
Depreciation / USD,38549000.0,75899000.0,113834000.0,157572000.0,37362000.0,74563000.0,112126000.0,152059000.0,38277000.0,76922000.0,115566000.0,150886000.0,40342000.0,81321000.0,123242000.0,155831000.0,42571000.0,85180000.0,127761000.0,165664000.0,35448000.0,70451000.0,104950000.0,168220000.0,36165000.0,73130000.0,110535000.0,140624000.0,39679000.0,79590000.0,120493000.0,149691000.0,53568000.0,107578000.0,157319000.0,171565000.0,52745000.0,107112000.0,164380000.0,215476000.0,56726000.0,115367000.0,175261000.0,223631000.0,60574000.0,121096000.0,182132000.0,235905000.0,60955000.0,122274000.0,184464000.0,243836000.0,63057000.0,126561000.0,190801000.0,249376000.0,67613000.0,136803000.0,207637000.0,267223000.0,73838000.0
DepreciationDepletionAndAmortization / USD,,,,,,,,193141000.0,,,,193467000.0,,,,194165000.0,,,,179909000.0,,,,147289000.0,,,,152595000.0,,,,165279000.0,,,,196595000.0,,,,279416000.0,,,,360093000.0,,,,379053000.0,,,,387951000.0,,,,399701000.0,,,,409162000.0,120392000.0
DerivativeNotionalAmount / USD,,,,,,,,,,,,,,,,,,,,,,,,,,,,,,,,,,,,,,,,,,,,,,,,1200000000.0,500000000.0,500000000.0,500000000.0,500000000.0,500000000.0,500000000.0,500000000.0,500000000.0,500000000.0,500000000.0,500000000.0,500000000.0,500000000.0
DividendsCommonStockCash / USD,,,,72207000.0,,,,73960000.0,,,,71812000.0,,,,70820000.0,,,,79744000.0,,,,93320000.0,,,,201891000.0,,,,115273000.0,,,1000.0,142433000.0,-1000.0,-1000.0,-1000.0,175589000.0,,268050000.0,268050000.0,220764000.0,98826000.0,371827000.0,371827000.0,267956000.0,98826000.0,98826000.0,98826000.0,530462000.0,117461000.0,117461000.0,117461000.0,393609000.0,138272000.0,138272000.0,138272000.0,469858000.0,157955000.0
DividendsPayableCurrent / USD,,,,,,,,,,,,,,,,,,,,,,,,,,,,,,,,,,,,,,,,,,,,0.0,,,,79135000.0,,,,97525000.0,,,,117565000.0,,,,137609000.0,
EarningsPerShareBasic / USD/shares,0.35,0.72,1.04,1.48,0.4,0.78,1.19,1.4,0.52,1.09,1.67,1.68,0.61,1.24,1.84,2.27,0.63,1.34,2.04,2.53,0.94,1.96,2.77,3.08,0.89,4.0,5.08,3.68,1.29,2.61,3.71,6.3,2.02,3.28,6.07,4.49,1.96,4.21,6.12,7.78,2.4,4.75,6.98,8.25,2.86,5.55,7.99,8.36,3.19,6.02,9.05,10.52,3.45,6.63,9.82,11.92,0.94,1.86,2.83,3.3,1.12
EarningsPerShareDiluted / USD/shares,0.35,0.72,1.04,1.48,0.4,0.78,1.19,1.4,0.52,1.09,1.67,1.68,0.6,1.23,1.83,2.27,0.63,1.33,2.02,2.52,0.93,1.93,2.73,3.05,0.88,3.94,5.0,3.63,1.26,2.55,3.62,6.21,1.96,3.19,5.9,4.38,1.89,4.07,5.93,7.56,2.32,4.6,6.76,7.99,2.78,5.4,7.78,8.11,3.11,5.87,8.84,10.24,3.39,6.51,9.65,11.65,0.93,1.83,2.79,3.25,1.1
EffectOfExchangeRateOnCashCashEquivalentsRestrictedCashAndRestrictedCashEquivalents / USD,,,,,,,,,,,,,,,,,,,,,,,,,,,,,,,,,,,,-2131000.0,-60000.0,-793000.0,-270000.0,5136000.0,331000.0,204000.0,19000.0,-998000.0,1547000.0,1590000.0,2153000.0,-2121000.0,-1627000.0,-2781000.0,-1674000.0,4581000.0,-1275000.0,-2029000.0,-2895000.0,-216000.0,-757000.0,-219000.0,341000.0,-4186000.0,-250000.0
EffectiveIncomeTaxRateContinuingOperations / pure,,,,,,,,,,,,,,,,,,,,,,,,,,,,,0.282,0.315,0.325,,0.265,0.298,0.009,,0.12,0.189,0.193,,0.101,0.154,0.165,,0.078,0.105,0.118,,0.11,0.145,0.158,,0.148,0.184,0.197,,0.192,0.201,0.2,,0.158
EmployeeRelatedLiabilitiesCurrent / USD,66924000.0,66924000.0,66924000.0,66924000.0,79834000.0,79834000.0,79834000.0,79834000.0,91214000.0,91214000.0,91214000.0,91214000.0,78050000.0,78050000.0,78050000.0,78050000.0,85026000.0,85026000.0,85026000.0,85026000.0,88423000.0,88423000.0,88423000.0,88423000.0,101976000.0,101976000.0,101976000.0,101391000.0,149635000.0,149635000.0,149635000.0,149635000.0,140654000.0,140654000.0,140654000.0,140654000.0,155509000.0,155509000.0,155509000.0,155509000.0,127417000.0,127417000.0,127417000.0,127417000.0,241469000.0,241469000.0,241469000.0,241469000.0,236992000.0,236992000.0,236992000.0,236992000.0,239086000.0,239086000.0,239086000.0,239086000.0,214130000.0,214130000.0,214130000.0,214130000.0,229538000.0
EmployeeServiceShareBasedCompensationNonvestedAwardsTotalCompensationCostNotYetRecognized / USD,,,,,,,,,,,,,,,,,,,,105000000.0,,,,149400000.0,,,,204500000.0,,,,258600000.0,,,,253800000.0,,,,199300000.0,,,,224000000.0,,,,221800000.0,,,,251800000.0,,,,310400000.0,,,,315600000.0,
EntityCommonStockSharesOutstanding / shares,145298073.0,145301073.0,145303323.0,131204758.0,129723256.0,129732772.0,129795443.0,126529863.0,124902787.0,123286223.0,122520572.0,122320408.0,119889137.0,119850031.0,120192562.0,116403688.0,116979108.0,117327890.0,114394731.0,110211359.0,107959511.0,108130453.0,107003201.0,104207491.0,104935651.0,105039128.0,105322553.0,105435865.0,106304385.0,106488799.0,106720902.0,106279307.0,106895291.0,104543895.0,104570866.0,102487039.0,103499651.0,103750798.0,104050202.0,103499012.0,104625384.0,105029963.0,105053197.0,102967245.0,103407624.0,103732576.0,102324911.0,101188086.0,101545323.0,101620479.0,101701804.0,101741564.0,101854118.0,101371435.0,101463249.0,100768931.0,403298633.0,403543932.0,403786963.0,402977926.0,401866678.0
EntityPublicFloat / USD,,,,3886803703.0,,,,3943854259.0,,,,5106600519.0,,,,6649843722.0,,,,8579254230.0,,,,9901161464.0,,,,12034116433.0,,,,16762648293.0,,,,19698043866.0,,,,26657809636.0,,,,37301430580.0,,,,43766089501.0,,,,46917324557.0,,,,56070561360.0,,,,91105318714.0,
FiniteLivedIntangibleAssetsAmortizationExpenseAfterYearFive / USD,,,,,,,,,,,,,,,,,,,,,,,,,,,,,,248300000.0,,,,,,264500000.0,,,,231063000.0,,,,192794000.0,,,,172245000.0,,,,147866000.0,,,,145164000.0,,,,143456000.0,
FiniteLivedIntangibleAssetsAmortizationExpenseNextTwelveMonths / USD,,,,,,,,,,,23500000.0,22100000.0,22400000.0,22800000.0,22900000.0,15700000.0,13400000.0,14000000.0,14000000.0,,14600000.0,14600000.0,15600000.0,,14700000.0,14700000.0,14400000.0,,61400000.0,61300000.0,,,,,,131900000.0,,,,134140000.0,,,,137142000.0,,,,139037000.0,131835000.0,136963000.0,142394000.0,147939000.0,138387000.0,142842000.0,149298000.0,153196000.0,136350000.0,143358000.0,149722000.0,155449000.0,136681000.0
FiniteLivedIntangibleAssetsAmortizationExpenseRemainderOfFiscalYear / USD,,,,,,,,,,,,,,,,,,,,,,,,,,,,,,,,,,,,,,,,,,,,,,,,,107424000.0,73459000.0,37864000.0,,114023000.0,77591000.0,40005000.0,,116518000.0,79222000.0,39536000.0,,117671000.0
FiniteLivedIntangibleAssetsAmortizationExpenseYearFive / USD,,,,,,,,,,,8500000.0,7700000.0,7900000.0,8400000.0,8500000.0,5400000.0,4600000.0,4700000.0,4700000.0,,9200000.0,9200000.0,11100000.0,,9700000.0,10200000.0,10400000.0,,51700000.0,51800000.0,,,,,,74600000.0,,,,78605000.0,,,,74815000.0,,,,75033000.0,,,,67930000.0,,,,68698000.0,,,,71778000.0,
FiniteLivedIntangibleAssetsAmortizationExpenseYearFour / USD,,,,,,,,,,,13600000.0,8900000.0,9100000.0,9600000.0,9700000.0,5700000.0,4900000.0,5000000.0,5000000.0,,9600000.0,9600000.0,11600000.0,,11600000.0,12100000.0,12300000.0,,53700000.0,53800000.0,,,,,,86300000.0,,,,91428000.0,,,,91948000.0,,,,93662000.0,79275000.0,83351000.0,87552000.0,91492000.0,71829000.0,75019000.0,80283000.0,82940000.0,72046000.0,78073000.0,83431000.0,88016000.0,75521000.0
FiniteLivedIntangibleAssetsAmortizationExpenseYearThree / USD,,,,,,,,,,,18700000.0,14000000.0,14300000.0,14800000.0,14900000.0,6700000.0,5900000.0,6000000.0,6000000.0,,10300000.0,10200000.0,12200000.0,,12100000.0,12500000.0,12700000.0,,59500000.0,59600000.0,,,,,,104700000.0,,,,103100000.0,,,,105362000.0,,,,112032000.0,97896000.0,102222000.0,107040000.0,112114000.0,95398000.0,98902000.0,104762000.0,108356000.0,86291000.0,92310000.0,97663000.0,103845000.0,91760000.0
FiniteLivedIntangibleAssetsAmortizationExpenseYearTwo / USD,,,,,,,,,,,21600000.0,19200000.0,19600000.0,20000000.0,20100000.0,11300000.0,10000000.0,10200000.0,10200000.0,,11200000.0,11200000.0,13000000.0,,12600000.0,13100000.0,13300000.0,,60900000.0,61000000.0,,,,,,116900000.0,,,,122271000.0,,,,117803000.0,,,,126603000.0,117265000.0,122398000.0,127831000.0,133368000.0,117129000.0,121587000.0,128040000.0,131944000.0,112757000.0,120038000.0,126934000.0,131863000.0,108662000.0
FiniteLivedIntangibleAssetsNet / USD,103445000.0,103445000.0,103445000.0,103445000.0,,,,103445000.0,76822000.0,76822000.0,76822000.0,102312000.0,92153000.0,92153000.0,92153000.0,76822000.0,55675000.0,55675000.0,55675000.0,92153000.0,42434000.0,42434000.0,42434000.0,55675000.0,83715000.0,83715000.0,83715000.0,35650000.0,586988000.0,586988000.0,586988000.0,78194000.0,545768000.0,545768000.0,545768000.0,586988000.0,494595000.0,494595000.0,494595000.0,760607000.0,451529000.0,451529000.0,451529000.0,719864000.0,408445000.0,408445000.0,408445000.0,718612000.0,715317000.0,710157000.0,706155000.0,700709000.0,700054000.0,692704000.0,703304000.0,690298000.0,682732000.0,699212000.0,692449000.0,694407000.0,689049000.0
GainLossOnSaleOfPropertyPlantEquipment / USD,,,,,,,,,,,,,,,,,,,,,,,,,,,,,,,,,,,,,,,,,,,,3200000.0,,,,0.0,,,,22030000.0,,,,12129000.0,,0.0,0.0,0.0,
Goodwill / USD,1356925000.0,1356925000.0,1356925000.0,1356925000.0,1487882000.0,1487882000.0,1487882000.0,1356925000.0,1485375000.0,1485375000.0,1485375000.0,1487882000.0,1517560000.0,1517560000.0,1517560000.0,1485375000.0,1267411000.0,1267411000.0,1267411000.0,1517560000.0,1195612000.0,1195612000.0,1195612000.0,1267411000.0,1291593000.0,1291593000.0,1291593000.0,1180094000.0,2782335000.0,2782335000.0,2782335000.0,1276076000.0,2846888000.0,2846888000.0,2846888000.0,2782335000.0,2842441000.0,2842441000.0,2842441000.0,2846888000.0,2870020000.0,2870020000.0,2870020000.0,2842441000.0,2913069000.0,2913069000.0,2913069000.0,2870020000.0,3042976000.0,3042976000.0,3042976000.0,2913069000.0,3056201000.0,3056201000.0,3056201000.0,3042976000.0,3212424000.0,3212424000.0,3212424000.0,3056201000.0,3400227000.0
GoodwillAcquiredDuringPeriod / USD,,,,,182000.0,-175000.0,1113000.0,124872000.0,2225000.0,34720000.0,34220000.0,2629000.0,13069000.0,13703000.0,13674000.0,32140000.0,693000.0,909000.0,7386000.0,13716000.0,77684000.0,79302000.0,90573000.0,8648000.0,6823000.0,10802000.0,12044000.0,97097000.0,24909000.0,27606000.0,35464000.0,1507554000.0,4964000.0,5107000.0,5366000.0,61461000.0,3186000.0,5788000.0,29165000.0,6637000.0,2001000.0,4295000.0,4772000.0,32382000.0,24553000.0,34426000.0,133554000.0,7274000.0,4419000.0,10230000.0,20768000.0,143269000.0,47497000.0,64060000.0,156303000.0,32031000.0,8507000.0,117124000.0,155363000.0,157239000.0,10572000.0
GoodwillForeignCurrencyTranslationGainLoss / USD,,,,,,,,,,,,,,,,,,,,,,,,4787000.0,-41000.0,-1004000.0,-599000.0,1115000.0,3260000.0,1855000.0,2068000.0,-1295000.0,-1770000.0,-6751000.0,-4471000.0,3092000.0,3986000.0,4572000.0,2390000.0,-11084000.0,14027000.0,15439000.0,20459000.0,-4803000.0,-12629000.0,-16188000.0,-13885000.0,35775000.0,-10117000.0,-15700000.0,-20166000.0,-13362000.0,1257000.0,245000.0,-72000.0,-18806000.0,2597000.0,-6505000.0,-14234000.0,-1016000.0,-70000.0
GrossProfit / USD,,,,,,,,1497817000.0,,,,1609287000.0,,,,1738608000.0,,,,1753309000.0,,,,1749759000.0,,,,1892923000.0,,,,2101340000.0,,,,2380295000.0,,,,2908523000.0,,,,3128588000.0,,,,3233748000.0,,,,3314651000.0,,,,3632246000.0,,,,4173368000.0,1252131000.0
IncomeLossFromContinuingOperationsBeforeIncomeTaxesDomestic / USD,,,,,,,,315717000.0,,,,377922000.0,,,,454811000.0,,,,482679000.0,,,,519386000.0,,,,622502000.0,,,,685167000.0,,,,673055000.0,,,,798215000.0,,,,1061505000.0,,,,1035902000.0,,,,1221690000.0,,,,1445719000.0,,,,1632391000.0,
IncomeLossFromContinuingOperationsBeforeIncomeTaxesExtraordinaryItemsNoncontrollingInterest / USD,,,,,,,,,,,,,,,,,,,,500675000.0,,,,537127000.0,,,,640556000.0,,,,705315000.0,,,,687404000.0,,,,841001000.0,,,,1102399000.0,325220000.0,653753000.0,955756000.0,1058291000.0,372303000.0,731685000.0,1117316000.0,1287749000.0,412555000.0,828913000.0,1247279000.0,1498768000.0,476434000.0,950296000.0,1446496000.0,1693148000.0,536662000.0
IncomeLossFromContinuingOperationsBeforeIncomeTaxesForeign / USD,,,,,,,,28175000.0,,,,14747000.0,,,,16133000.0,,,,17996000.0,,,,17741000.0,,,,18054000.0,,,,20148000.0,,,,14349000.0,,,,42786000.0,,,,40894000.0,,,,22389000.0,,,,66059000.0,,,,53049000.0,,,,60757000.0,
IncomeTaxExpenseBenefit / USD,33228000.0,70176000.0,94052000.0,135236000.0,27273000.0,61984000.0,99550000.0,128272000.0,42967000.0,83977000.0,128632000.0,145680000.0,46040000.0,90891000.0,133039000.0,173307000.0,45759000.0,97113000.0,146016000.0,184089000.0,62792000.0,124764000.0,181892000.0,199355000.0,63016000.0,131852000.0,191697000.0,238003000.0,53622000.0,118892000.0,180244000.0,256710000.0,57971000.0,126607000.0,5325000.0,230118000.0,28873000.0,106403000.0,157035000.0,57069000.0,28175000.0,90302000.0,144838000.0,219764000.0,25215000.0,68891000.0,112510000.0,181931000.0,41124000.0,105837000.0,176020000.0,176781000.0,60866000.0,152931000.0,245470000.0,263011000.0,91349000.0,190598000.0,289219000.0,345138000.0,84629000.0
IncomeTaxReconciliationIncomeTaxExpenseBenefitAtFederalStatutoryIncomeTaxRate / USD,,,,,,,,120362000.0,,,,137434000.0,,,,164830000.0,,,,175237000.0,,,,187375000.0,,,,224360000.0,,,,246881000.0,,,,240677000.0,,,,245322000.0,,,,231503000.0,,,,222258000.0,,,,270427000.0,,,,314741000.0,,,,355561000.0,
IncomeTaxReconciliationOtherReconcilingItems / USD,,,,,,,,-721000.0,,,,-3738000.0,,,,-3399000.0,,,,-3359000.0,,,,-5954000.0,,,,-2665000.0,,,,-6510000.0,,,,-355000.0,,,,-4451000.0,,,,6506000.0,,,,1454000.0,,,,-5008000.0,,,,136000.0,,,,2834000.0,
IncomeTaxReconciliationStateAndLocalIncomeTaxes / USD,,,,,,,,8631000.0,,,,11984000.0,,,,11876000.0,,,,12211000.0,,,,17934000.0,,,,16308000.0,,,,16339000.0,,,,19210000.0,,,,24783000.0,,,,31687000.0,,,,25294000.0,,,,27304000.0,,,,33547000.0,,,,46245000.0,
IncomeTaxesPaidNet / USD,,,,,,,,103800000.0,,,,105800000.0,,,,160800000.0,,,,122200000.0,,,,172500000.0,,,,236700000.0,,,,452600000.0,,,,269600000.0,,,,175300000.0,,,,173200000.0,,,,160300000.0,,,,245500000.0,,,,208500000.0,,,,291900000.0,
IncomeTaxesReceivable / USD,15691000.0,15691000.0,15691000.0,15691000.0,33542000.0,33542000.0,33542000.0,33542000.0,22188000.0,22188000.0,22188000.0,22188000.0,9102000.0,9102000.0,9102000.0,9102000.0,0.0,0.0,0.0,0.0,936000.0,936000.0,936000.0,936000.0,1712000.0,1712000.0,1712000.0,1712000.0,44320000.0,44320000.0,44320000.0,44320000.0,19634000.0,19634000.0,19634000.0,19634000.0,7475000.0,7475000.0,7475000.0,7475000.0,,0.0,0.0,0.0,22282000.0,22282000.0,22282000.0,22282000.0,21708000.0,21708000.0,21708000.0,21708000.0,,,,,,0.0,0.0,,
IncreaseDecreaseInAccountsPayable / USD,3481000.0,6914000.0,15167000.0,-24560000.0,8420000.0,19765000.0,26974000.0,8939000.0,-9329000.0,1843000.0,6372000.0,29215000.0,16278000.0,23019000.0,13475000.0,-12557000.0,2915000.0,-19215000.0,-7037000.0,25023000.0,-1325000.0,27982000.0,-33615000.0,30446000.0,15531000.0,19368000.0,37370000.0,-33445000.0,17480000.0,15451000.0,15538000.0,-564000.0,17684000.0,-8706000.0,-580000.0,13726000.0,-329000.0,-1955000.0,79000.0,35275000.0,13357000.0,28055000.0,14271000.0,12276000.0,20358000.0,42228000.0,5113000.0,2629000.0,-26272000.0,11400000.0,6168000.0,-2604000.0,41681000.0,61421000.0,32851000.0,22697000.0,12443000.0,14981000.0,5771000.0,53369000.0,56698000.0
IncreaseDecreaseInAccountsReceivable / USD,1425000.0,12843000.0,-10785000.0,-71149000.0,13747000.0,27774000.0,32844000.0,-5222000.0,10142000.0,20850000.0,11760000.0,48986000.0,7128000.0,24528000.0,41402000.0,24261000.0,14903000.0,23755000.0,34024000.0,42704000.0,-8222000.0,12747000.0,3168000.0,56231000.0,19255000.0,39418000.0,41523000.0,1443000.0,22946000.0,44920000.0,28646000.0,52762000.0,-8955000.0,24800000.0,40046000.0,93557000.0,15051000.0,85748000.0,61102000.0,66267000.0,6636000.0,37940000.0,31135000.0,94918000.0,-7118000.0,39892000.0,63178000.0,-39681000.0,27742000.0,77343000.0,99223000.0,32576000.0,79397000.0,133897000.0,132473000.0,100392000.0,43892000.0,120881000.0,109040000.0,151771000.0,49129000.0
IncreaseDecreaseInAccruedLiabilities / USD,,25246000.0,11507000.0,,-32926000.0,-10066000.0,-40663000.0,47528000.0,-10201000.0,26306000.0,9327000.0,-2167000.0,-27400000.0,-4570000.0,-3788000.0,-20371000.0,-27215000.0,11387000.0,5025000.0,31873000.0,10384000.0,24780000.0,1841000.0,54237000.0,-26253000.0,1041000.0,-18301000.0,33066000.0,-23676000.0,-4866000.0,-6079000.0,22714000.0,-16218000.0,-1940000.0,10997000.0,-501000.0,-27556000.0,-15322000.0,3614000.0,42468000.0,-24082000.0,-17883000.0,3426000.0,30910000.0,-14297000.0,21570000.0,-1357000.0,49906000.0,-24342000.0,-10519000.0,-17717000.0,-6735000.0,-49105000.0,-33352000.0,17856000.0,-9241000.0,-48952000.0,-30453000.0,52945000.0,41314000.0,-44268000.0
IncreaseDecreaseInDeferredIncomeTaxes / USD,,,,,,,,-13295000.0,7808000.0,11767000.0,995000.0,-47908000.0,-9716000.0,-23351000.0,-31905000.0,-56727000.0,-7373000.0,-9299000.0,-8733000.0,-48023000.0,-2108000.0,-10346000.0,-15428000.0,-47109000.0,-5632000.0,98423000.0,74540000.0,-20866000.0,-1970000.0,3833000.0,3472000.0,59302000.0,-24938000.0,-42162000.0,120428000.0,-3902000.0,-9022000.0,-19227000.0,-25079000.0,119295000.0,-7910000.0,-7632000.0,-5013000.0,-31708000.0,8716000.0,23099000.0,36259000.0,16252000.0,-22887000.0,-29941000.0,-42652000.0,42242000.0,-14829000.0,-18565000.0,-22001000.0,-52110000.0,1367000.0,7105000.0,21366000.0,-23233000.0,-1887000.0
IncreaseDecreaseInEmployeeRelatedLiabilities / USD,-7118000.0,-1646000.0,8414000.0,-2012000.0,-21350000.0,-13458000.0,241000.0,18393000.0,-27611000.0,-15314000.0,3251000.0,12493000.0,-50793000.0,-36899000.0,-680000.0,11625000.0,-34777000.0,-19381000.0,2219000.0,-13161000.0,-41262000.0,-25111000.0,-7086000.0,10931000.0,-35579000.0,-22771000.0,-3731000.0,3234000.0,-37276000.0,-18936000.0,-5812000.0,13512000.0,-30306000.0,-36480000.0,-2209000.0,13654000.0,-56186000.0,-20969000.0,-3866000.0,-9392000.0,-58718000.0,-29326000.0,-4792000.0,15321000.0,-10067000.0,23809000.0,97474000.0,-26476000.0,-85834000.0,-59988000.0,-28400000.0,113769000.0,-59957000.0,-28212000.0,-32666000.0,-3625000.0,-124408000.0,-86725000.0,-58511000.0,2711000.0,-86965000.0
IncreaseDecreaseInIncomeTaxesPayableNetOfIncomeTaxesReceivable / USD,,,,,26528000.0,2355000.0,3876000.0,9995000.0,47860000.0,19996000.0,-4243000.0,-16592000.0,29744000.0,599000.0,5939000.0,10690000.0,32658000.0,13486000.0,18270000.0,12028000.0,48009000.0,7608000.0,-12566000.0,15213000.0,48540000.0,237451000.0,53435000.0,-6832000.0,40542000.0,484000.0,-18856000.0,-800000.0,70128000.0,8742000.0,22793000.0,-29424000.0,12681000.0,-17204000.0,-23864000.0,26082000.0,16828000.0,-17292000.0,-15926000.0,11886000.0,-3674000.0,-83649000.0,-84687000.0,34498000.0,11010000.0,-66875000.0,-43728000.0,-49150000.0,57532000.0,8124000.0,18793000.0,-2691000.0,86646000.0,508000.0,5822000.0,34248000.0,65450000.0
IncreaseDecreaseInInventories / USD,-16976000.0,-34874000.0,-31900000.0,-35136000.0,14799000.0,38838000.0,61620000.0,-30293000.0,30770000.0,39268000.0,26958000.0,78824000.0,-9889000.0,-15460000.0,-4437000.0,2330000.0,5258000.0,9232000.0,16130000.0,-10997000.0,-1377000.0,-14847000.0,-15370000.0,11062000.0,8109000.0,19841000.0,24009000.0,-23785000.0,13017000.0,14616000.0,23364000.0,17917000.0,5827000.0,-2595000.0,-4011000.0,668000.0,34629000.0,53227000.0,70716000.0,3323000.0,1726000.0,13402000.0,17780000.0,60039000.0,77944000.0,124949000.0,123678000.0,74773000.0,-14986000.0,-13406000.0,-2311000.0,75501000.0,2476000.0,43266000.0,60563000.0,-16194000.0,-8541000.0,-32093000.0,-55834000.0,35658000.0,-11318000.0
IncreaseDecreaseInPrepaidDeferredExpenseAndOtherAssets / USD,4890000.0,568000.0,240000.0,,10921000.0,4526000.0,2418000.0,-3715000.0,5983000.0,5128000.0,5977000.0,-360000.0,5392000.0,202000.0,-9000.0,1496000.0,7216000.0,1776000.0,1892000.0,3281000.0,5884000.0,2622000.0,1609000.0,2177000.0,6024000.0,2369000.0,1580000.0,3202000.0,5655000.0,1952000.0,11387000.0,965000.0,16011000.0,18573000.0,17925000.0,-24201000.0,46930000.0,58161000.0,85123000.0,15526000.0,41928000.0,68409000.0,95169000.0,100765000.0,42277000.0,57295000.0,76971000.0,110248000.0,36724000.0,47978000.0,77450000.0,102600000.0,63641000.0,85532000.0,116842000.0,28581000.0,66791000.0,80056000.0,104873000.0,153941000.0,80282000.0
IncrementalCommonSharesAttributableToShareBasedPaymentArrangements / shares,,,,,29000.0,21000.0,60000.0,0.0,29000.0,21000.0,60000.0,0.0,348000.0,388000.0,418000.0,142000.0,762000.0,991000.0,1156000.0,575000.0,1371000.0,1447000.0,1561000.0,1263000.0,1632000.0,1685000.0,1689000.0,1643000.0,2631000.0,2559000.0,2666000.0,1735000.0,2797000.0,2899000.0,3044000.0,2819000.0,3813000.0,3605000.0,3436000.0,3217000.0,3540000.0,3476000.0,3440000.0,3415000.0,3019000.0,3010000.0,2914000.0,3196000.0,2649000.0,2563000.0,2458000.0,2833000.0,1909000.0,1813000.0,1774000.0,2351000.0,6709000.0,6548000.0,6666000.0,6928000.0,7114000.0
InterestExpenseNonoperating / USD,,,,,,,,,,,,,,,,,,,,,,,,,,,,,,,,,,,,,,,,,,,,,,,,,,,,,,,,88844000.0,24544000.0,51134000.0,76664000.0,111232000.0,25619000.0
InterestPaidNet / USD,,,,,,,,48600000.0,,,,49200000.0,,,,62300000.0,,,,68400000.0,,,,65900000.0,,,,65300000.0,,,,64500000.0,,,,76600000.0,,,,122100000.0,,,,101800000.0,,,,105500000.0,,,,98300000.0,,,,97800000.0,,,,111500000.0,
InterestPayableCurrent / USD,,,,,,,,21224000.0,,,,29523000.0,,,,26816000.0,,,,26726000.0,,,,26628000.0,,,,26682000.0,,,,36638000.0,,,,24763000.0,,,,24687000.0,,,,24538000.0,,,,24420000.0,,,,15448000.0,,,,15151000.0,,,,15050000.0,
InventoryFinishedGoodsNetOfReserves / USD,,,,,213851000.0,213851000.0,213851000.0,213851000.0,219015000.0,219015000.0,219015000.0,219015000.0,203287000.0,203287000.0,203287000.0,203287000.0,218951000.0,218951000.0,218951000.0,218951000.0,192197000.0,192197000.0,192197000.0,192197000.0,216837000.0,216837000.0,216837000.0,216837000.0,242739000.0,242739000.0,242739000.0,242739000.0,235955000.0,235955000.0,235955000.0,235955000.0,287957000.0,287957000.0,287957000.0,287957000.0,360740000.0,360740000.0,360740000.0,360740000.0,429024000.0,429024000.0,429024000.0,429024000.0,418799000.0,418799000.0,418799000.0,418799000.0,422342000.0,422342000.0,422342000.0,422342000.0,345079000.0,345079000.0,345079000.0,345079000.0,383030000.0
InventoryNet / USD,169484000.0,169484000.0,169484000.0,169484000.0,249658000.0,249658000.0,249658000.0,249658000.0,251205000.0,251205000.0,251205000.0,251205000.0,240440000.0,240440000.0,240440000.0,240440000.0,251239000.0,251239000.0,251239000.0,251239000.0,226211000.0,226211000.0,226211000.0,226211000.0,249362000.0,249362000.0,249362000.0,249362000.0,278218000.0,278218000.0,278218000.0,278218000.0,280347000.0,280347000.0,280347000.0,280347000.0,334589000.0,334589000.0,334589000.0,334589000.0,408898000.0,408898000.0,408898000.0,408898000.0,481797000.0,481797000.0,481797000.0,481797000.0,472150000.0,472150000.0,472150000.0,472150000.0,506604000.0,506604000.0,506604000.0,506604000.0,410201000.0,410201000.0,410201000.0,410201000.0,447408000.0
InventoryRawMaterialsNetOfReserves / USD,,,,,16900000.0,16900000.0,16900000.0,16900000.0,19138000.0,19138000.0,19138000.0,19138000.0,19800000.0,19800000.0,19800000.0,19800000.0,17984000.0,17984000.0,17984000.0,17984000.0,16935000.0,16935000.0,16935000.0,16935000.0,17794000.0,17794000.0,17794000.0,17794000.0,17528000.0,17528000.0,17528000.0,17528000.0,17042000.0,17042000.0,17042000.0,17042000.0,17812000.0,17812000.0,17812000.0,17812000.0,18661000.0,18661000.0,18661000.0,18661000.0,15109000.0,15109000.0,15109000.0,15109000.0,19071000.0,19071000.0,19071000.0,19071000.0,27878000.0,27878000.0,27878000.0,27878000.0,16664000.0,16664000.0,16664000.0,16664000.0,21763000.0
InventoryValuationReserves / USD,,,,,,,,30700000.0,,,,29400000.0,,,,29500000.0,,,,30700000.0,,,,30700000.0,,,,32700000.0,,38300000.0,38300000.0,38300000.0,37000000.0,37000000.0,37000000.0,37000000.0,32700000.0,32700000.0,32700000.0,32700000.0,45500000.0,45500000.0,45500000.0,45500000.0,111000000.0,111000000.0,111000000.0,111000000.0,100300000.0,100300000.0,100300000.0,100300000.0,80100000.0,80100000.0,80100000.0,80100000.0,63100000.0,63100000.0,63100000.0,63100000.0,59900000.0
InventoryWorkInProcessNetOfReserves / USD,,,,,18907000.0,18907000.0,18907000.0,18907000.0,13052000.0,13052000.0,13052000.0,13052000.0,17353000.0,17353000.0,17353000.0,17353000.0,14304000.0,14304000.0,14304000.0,14304000.0,17079000.0,17079000.0,17079000.0,17079000.0,14731000.0,14731000.0,14731000.0,14731000.0,17951000.0,17951000.0,17951000.0,17951000.0,27350000.0,27350000.0,27350000.0,27350000.0,28820000.0,28820000.0,28820000.0,28820000.0,29497000.0,29497000.0,29497000.0,29497000.0,37664000.0,37664000.0,37664000.0,37664000.0,34280000.0,34280000.0,34280000.0,34280000.0,56384000.0,56384000.0,56384000.0,56384000.0,48458000.0,48458000.0,48458000.0,48458000.0,42615000.0
InvestmentIncomeInterest / USD,359000.0,673000.0,1095000.0,2764000.0,578000.0,972000.0,1252000.0,1695000.0,365000.0,768000.0,1141000.0,2030000.0,77000.0,226000.0,358000.0,1942000.0,68000.0,152000.0,196000.0,409000.0,53000.0,72000.0,168000.0,229000.0,119000.0,230000.0,565000.0,339000.0,65000.0,96000.0,107000.0,896000.0,297000.0,588000.0,972000.0,237000.0,496000.0,887000.0,957000.0,1342000.0,162000.0,445000.0,792000.0,1228000.0,64000.0,282000.0,369000.0,988000.0,56000.0,112000.0,168000.0,467000.0,155000.0,499000.0,872000.0,242000.0,422000.0,1191000.0,2121000.0,1716000.0,1250000.0
Investments / USD,,,,,,,,,,,,,,,,101525000.0,458357000.0,458357000.0,458357000.0,458357000.0,329692000.0,329692000.0,329692000.0,329692000.0,124952000.0,124952000.0,124952000.0,124952000.0,164788000.0,164788000.0,164788000.0,164788000.0,175581000.0,175581000.0,175581000.0,175581000.0,192346000.0,192346000.0,192346000.0,192346000.0,214847000.0,214847000.0,214847000.0,214847000.0,274616000.0,274616000.0,274616000.0,274616000.0,242873000.0,242873000.0,242873000.0,242873000.0,247191000.0,247191000.0,247191000.0,247191000.0,302212000.0,302212000.0,302212000.0,302212000.0,339518000.0
LesseeOperatingLeaseLiabilityPaymentsDue / USD,,,,,,,,,,,,,,,,,,,,,,,,,,,,,,,,,,,,,181854000.0,188602000.0,184161000.0,178131000.0,177019000.0,171246000.0,173462000.0,185801000.0,175860000.0,171741000.0,186381000.0,183617000.0,189404000.0,191981000.0,196727000.0,196688000.0,201070000.0,199016000.0,209465000.0,211469000.0,216471000.0,208023000.0,240977000.0,259565000.0,283007000.0
LesseeOperatingLeaseLiabilityPaymentsDueAfterYearFive / USD,,,,,,,,,,,,,,,,,,,,,,,,,,,,,,,,,,,,,33065000.0,37869000.0,40169000.0,28415000.0,,,,30010000.0,,,,31498000.0,,,,30776000.0,,,,30211000.0,,,,48152000.0,
LesseeOperatingLeaseLiabilityPaymentsDueNextTwelveMonths / USD,,,,,,,,,,,,,,,,,,,,,,,,,,,,,,,,,,,,,,,,46765000.0,40728000.0,42156000.0,44593000.0,47564000.0,40285000.0,41926000.0,45345000.0,47099000.0,40851000.0,43081000.0,45627000.0,48070000.0,43650000.0,45671000.0,48456000.0,51323000.0,47203000.0,49186000.0,54431000.0,58688000.0,54996000.0
LesseeOperatingLeaseLiabilityPaymentsDueYearFive / USD,,,,,,,,,,,,,,,,,,,,,,,,,,,,,,,,,,,,,15691000.0,18313000.0,19488000.0,14188000.0,,,,16779000.0,,,,15701000.0,,,,19728000.0,,,,21136000.0,,,,24673000.0,
LesseeOperatingLeaseLiabilityPaymentsDueYearFour / USD,,,,,,,,,,,,,,,,,,,,,,,,,,,,,,,,,,,,,24487000.0,27414000.0,28719000.0,20537000.0,15766000.0,16798000.0,18976000.0,22310000.0,16995000.0,18126000.0,21255000.0,22673000.0,18342000.0,20682000.0,22314000.0,24493000.0,22158000.0,23489000.0,26617000.0,29216000.0,23645000.0,24430000.0,30034000.0,34687000.0,30301000.0
LesseeOperatingLeaseLiabilityPaymentsDueYearThree / USD,,,,,,,,,,,,,,,,,,,,,,,,,,,,,,,,,,,,,31877000.0,35528000.0,37123000.0,29830000.0,22423000.0,23634000.0,26018000.0,29553000.0,22509000.0,23829000.0,26924000.0,29147000.0,25800000.0,28347000.0,30830000.0,33166000.0,27205000.0,28682000.0,32066000.0,35040000.0,31759000.0,32940000.0,38659000.0,43559000.0,40294000.0
LesseeOperatingLeaseLiabilityPaymentsDueYearTwo / USD,,,,,,,,,,,,,,,,,,,,,,,,,,,,,,,,,,,,,40981000.0,44642000.0,46151000.0,38396000.0,32079000.0,33459000.0,36182000.0,39585000.0,29941000.0,31483000.0,34896000.0,37499000.0,32515000.0,35080000.0,37790000.0,40455000.0,36102000.0,37932000.0,41420000.0,44543000.0,37748000.0,39207000.0,44982000.0,49806000.0,48961000.0
LesseeOperatingLeaseLiabilityPaymentsRemainderOfFiscalYear / USD,,,,,,,,,,,,,,,,,,,,,,,,,,,,,,,,,,,,,35753000.0,24836000.0,12511000.0,,36380000.0,24445000.0,12273000.0,,35794000.0,23998000.0,12455000.0,,35860000.0,23932000.0,12310000.0,,36821000.0,24842000.0,12514000.0,,39570000.0,26436000.0,14222000.0,,45520000.0
LesseeOperatingLeaseLiabilityUndiscountedExcessAmount / USD,,,,,,,,,,,,,,,,,,,,,,,,,,,,,,,,,,,,,13160000.0,13759000.0,13124000.0,12405000.0,11878000.0,11070000.0,10624000.0,11177000.0,10261000.0,9693000.0,11052000.0,10681000.0,11855000.0,12669000.0,14650000.0,14700000.0,15808000.0,16017000.0,18975000.0,18918000.0,20589000.0,19129000.0,26527000.0,30083000.0,33498000.0
LettersOfCreditOutstandingAmount / USD,,,,,,,,82700000.0,,,,85700000.0,,,,85800000.0,,,,85100000.0,,,,82700000.0,,,,83400000.0,,,,110900000.0,,,,143000000.0,,,,120600000.0,,,,120600000.0,,,,120600000.0,,,,106700000.0,,,,99600000.0,,,,118000000.0,
LiabilitiesAndStockholdersEquity / USD,3969736000.0,3969736000.0,3969736000.0,3969736000.0,4351940000.0,4351940000.0,4351940000.0,4351940000.0,4160906000.0,4160906000.0,4160906000.0,4165706000.0,4345632000.0,4345632000.0,4345632000.0,4345632000.0,4462452000.0,4462452000.0,4462452000.0,4462452000.0,4192460000.0,4192460000.0,4192460000.0,4192460000.0,4098815000.0,4098815000.0,4098815000.0,4098815000.0,6844057000.0,6844057000.0,6844057000.0,6844057000.0,6958214000.0,6958214000.0,6958214000.0,6958214000.0,7436662000.0,7436662000.0,7436662000.0,7436662000.0,7669885000.0,7669885000.0,7669885000.0,7669885000.0,8236823000.0,8236823000.0,8236823000.0,8236823000.0,8147256000.0,8147256000.0,8147256000.0,8147256000.0,8546356000.0,8546356000.0,8546356000.0,8546356000.0,9168817000.0,9168817000.0,9168817000.0,9168817000.0,9825241000.0
LiabilitiesCurrent / USD,383682000.0,383682000.0,383682000.0,383682000.0,434139000.0,434139000.0,434139000.0,434139000.0,670891000.0,670891000.0,670891000.0,675691000.0,556256000.0,556256000.0,556256000.0,556256000.0,630131000.0,630131000.0,630131000.0,630131000.0,621058000.0,508669000.0,508669000.0,508669000.0,815555000.0,815555000.0,815555000.0,815555000.0,1130852000.0,1130852000.0,1130852000.0,1130852000.0,775857000.0,775857000.0,775857000.0,775857000.0,1127733000.0,1127733000.0,1127733000.0,1127733000.0,885195000.0,885195000.0,885195000.0,885195000.0,1934085000.0,1934085000.0,1934085000.0,1934085000.0,1432890000.0,1432890000.0,1432890000.0,1432890000.0,1230062000.0,1230062000.0,1230062000.0,1230062000.0,1828519000.0,1828519000.0,1828519000.0,1828519000.0,1644502000.0
LiabilitiesNoncurrent / USD,1052025000.0,1052025000.0,1052025000.0,1052025000.0,1615152000.0,1615152000.0,1615152000.0,1615152000.0,1350880000.0,1350880000.0,1350880000.0,1350880000.0,1587884000.0,1587884000.0,1587884000.0,1587884000.0,1639463000.0,1639463000.0,1639463000.0,1639463000.0,1638947000.0,1751336000.0,1751336000.0,1751336000.0,1440601000.0,1440601000.0,1440601000.0,1440601000.0,3410412000.0,3410412000.0,3410412000.0,3410412000.0,3165831000.0,3165831000.0,3165831000.0,3165831000.0,3306208000.0,3306208000.0,3306208000.0,3306208000.0,3549488000.0,3549488000.0,3549488000.0,3549488000.0,2614891000.0,2614891000.0,2614891000.0,2614891000.0,3406170000.0,3406170000.0,3406170000.0,3406170000.0,3452308000.0,3452308000.0,3452308000.0,3452308000.0,3023926000.0,3023926000.0,3023926000.0,3023926000.0,3496258000.0
LitigationReserveCurrent / USD,,,,,,,,,,,,,,,,,,,,,,,,,,,,,,,,,,,,,,,,,,,,,,,,,,,,,,,45000000.0,27000000.0,45000000.0,45000000.0,45000000.0,45000000.0,
LongTermDebt / USD,,,,,,,,1286125000.0,,,,,,,,,,,,,,,,,,,,1044422000.0,2770624000.0,2770624000.0,2770624000.0,2770624000.0,2535309000.0,2535309000.0,2535309000.0,2535309000.0,2537507000.0,2537507000.0,2537507000.0,2537507000.0,2539705000.0,2539705000.0,2539705000.0,2539705000.0,1642833000.0,1642833000.0,1642833000.0,1642833000.0,2483932000.0,2483932000.0,2483932000.0,2483932000.0,2486405000.0,2486405000.0,2486405000.0,2486405000.0,2025934000.0,2025934000.0,2025934000.0,2025934000.0,2424999000.0
LongTermDebtCurrent / USD,609000.0,609000.0,609000.0,609000.0,1335000.0,1335000.0,1335000.0,1335000.0,225636000.0,225636000.0,225636000.0,225636000.0,8187000.0,8187000.0,8187000.0,8187000.0,503000.0,503000.0,503000.0,503000.0,0.0,0.0,0.0,0.0,,,,250000000.0,362900000.0,362900000.0,362900000.0,362900000.0,,0.0,0.0,0.0,312264000.0,312264000.0,312264000.0,312264000.0,0.0,0.0,0.0,0.0,899070000.0,899070000.0,899070000.0,899070000.0,311574000.0,311574000.0,311574000.0,311574000.0,,0.0,,0.0,449595000.0,449595000.0,449595000.0,449595000.0,
LongTermDebtMaturitiesRepaymentsOfPrincipalInNextTwelveMonths / USD,,,,,,,,225600000.0,,,,8200000.0,,,,500000.0,,,,0.0,,,,250000000.0,,,,363000000.0,,,,0.0,,,,312500000.0,,,,0.0,,,,900000000.0,,,,311200000.0,,,,0.0,,,,450000000.0,,,,0.0,
LongTermDebtMaturitiesRepaymentsOfPrincipalInYearFive / USD,,,,,,,,250200000.0,,,,300100000.0,,,,0.0,,,,0.0,,,,0.0,,,,1100000000.0,,,,350000000.0,,,,0.0,,,,50000000.0,,,,0.0,,,,1000000000.0,,,,0.0,,,,0.0,,,,0.0,
LongTermDebtMaturitiesRepaymentsOfPrincipalInYearFour / USD,,,,,,,,200000.0,,,,250200000.0,,,,300100000.0,,,,0.0,,,,0.0,,,,12500000.0,,,,900000000.0,,,,350000000.0,,,,0.0,,,,50000000.0,,,,0.0,,,,1000000000.0,,,,0.0,,,,0.0,
LongTermDebtMaturitiesRepaymentsOfPrincipalInYearThree / USD,,,,,,,,500000.0,,,,200000.0,,,,250200000.0,,,,300000000.0,,,,0.0,,,,12500000.0,,,,0.0,,,,900000000.0,,,,350000000.0,,,,0.0,,,,450000000.0,,,,0.0,,,,1000000000.0,,,,400000000.0,
LongTermDebtMaturitiesRepaymentsOfPrincipalInYearTwo / USD,,,,,,,,8200000.0,,,,500000.0,,,,200000.0,,,,250000000.0,,,,300000000.0,,,,12500000.0,,,,0.0,,,,0.0,,,,900000000.0,,,,350000000.0,,,,0.0,,,,450000000.0,,,,0.0,,,,1000000000.0,
LongTermDebtNoncurrent / USD,785444000.0,785444000.0,785444000.0,785444000.0,1284790000.0,1284790000.0,1284790000.0,1284790000.0,1059166000.0,1059166000.0,1059166000.0,1059166000.0,1300979000.0,1300979000.0,1300979000.0,1300979000.0,1300477000.0,1300477000.0,1300477000.0,1300477000.0,1300000000.0,1300000000.0,1300000000.0,1300000000.0,1044422000.0,1044422000.0,1044422000.0,1044422000.0,2770624000.0,2770624000.0,2770624000.0,2770624000.0,2535309000.0,2535309000.0,2535309000.0,2535309000.0,2537507000.0,2537507000.0,2537507000.0,2537507000.0,2539705000.0,2539705000.0,2539705000.0,2539705000.0,1642833000.0,1642833000.0,1642833000.0,1642833000.0,2483932000.0,2483932000.0,2483932000.0,2483932000.0,2486405000.0,2486405000.0,2486405000.0,2486405000.0,2025934000.0,2025934000.0,2025934000.0,2025934000.0,2424999000.0
NetCashProvidedByUsedInFinancingActivities / USD,-622000.0,-1997000.0,-1818000.0,-254348000.0,,,,,,,,,,,,,,,,,,,-481950000.0,-429735000.0,-209719000.0,-384219000.0,-594315000.0,,-97028000.0,-203072000.0,-307634000.0,,-311433000.0,-309521000.0,-592290000.0,1578502000.0,-112508000.0,-307379000.0,-565298000.0,-864140000.0,-193607000.0,-309992000.0,-560292000.0,-873305000.0,2243000.0,34461000.0,-410095000.0,-955207000.0,-590084000.0,-819876000.0,-1078574000.0,-879868000.0,-226199000.0,-446368000.0,-774593000.0,-1537943000.0,-202375000.0,-485810000.0,-879470000.0,-1166752000.0,-591269000.0
NetCashProvidedByUsedInInvestingActivities / USD,-46736000.0,-80848000.0,-152307000.0,-203221000.0,,,,,,,,,,,,,,,,,,,-43076000.0,-14543000.0,-201862000.0,313268000.0,201778000.0,,-100606000.0,-92045000.0,-165475000.0,,72622000.0,-6218000.0,-89983000.0,-2310349000.0,-70785000.0,-86640000.0,-163014000.0,-135698000.0,-78139000.0,-131673000.0,-236480000.0,-235638000.0,-39942000.0,-51242000.0,-88664000.0,-285398000.0,-84321000.0,-151595000.0,-316311000.0,-137215000.0,-86595000.0,-171424000.0,-268611000.0,-402635000.0,-169836000.0,-282195000.0,-503278000.0,-381612000.0,-109480000.0
NetCashProvidedByUsedInOperatingActivities / USD,144894000.0,294175000.0,429189000.0,523522000.0,,,,,,,,,,,,,,,,,,,377646000.0,605969000.0,143083000.0,265037000.0,297154000.0,,157588000.0,301721000.0,483758000.0,,254366000.0,379009000.0,660864000.0,763887000.0,162985000.0,344567000.0,670717000.0,964160000.0,276901000.0,571351000.0,934549000.0,1067862000.0,312292000.0,572964000.0,904815000.0,1291483000.0,262141000.0,593782000.0,987055000.0,1360740000.0,298156000.0,619149000.0,1044191000.0,1537625000.0,336945000.0,729631000.0,1386741000.0,1586228000.0,460357000.0
NetIncomeLoss / USD,,,,,61277000.0,117143000.0,176213000.0,215620000.0,68638000.0,142988000.0,219023000.0,246989000.0,76733000.0,154760000.0,229465000.0,297637000.0,77754000.0,162616000.0,247218000.0,315442000.0,110108000.0,230520000.0,325403000.0,374442000.0,100181000.0,445281000.0,562622000.0,430618000.0,138091000.0,278468000.0,396473000.0,693520000.0,217211000.0,354320000.0,217211000.0,480708000.0,212515000.0,212515000.0,212515000.0,842586000.0,250812000.0,250812000.0,250812000.0,884981000.0,300005000.0,300005000.0,300005000.0,876037000.0,331179000.0,331179000.0,331179000.0,1110968000.0,351689000.0,351689000.0,351689000.0,1235757000.0,385085000.0,385085000.0,385085000.0,1348010000.0,452033000.0
NetIncomeLossAvailableToCommonStockholdersBasic / USD,,,,,,,,,,,,,,,,,,,,,,,,,,,,,,,,,,,,,,,,,,,,,,,,,,,,,,,,1229625000.0,383525000.0,756741000.0,1152791000.0,1342547000.0,450379000.0
NetIncomeLossAvailableToCommonStockholdersDiluted / USD,,,,,,,,,,,,,,,,,,,,,,,,,,,,,,,,,,,,,,,,,,,,,,,,,,,,,,,,1229625000.0,383525000.0,756741000.0,1152791000.0,1342547000.0,450379000.0
NumberOfReportingUnits / reportingUnit,,,,,,,,,,,,,,,,,,,,,,,,,,,,,,,,,,,,,,,,4.0,,,,4.0,,,,4.0,,,,4.0,,,,4.0,,,,4.0,
OciBeforeReclassificationsNetOfTaxAttributableToParent / USD,,,,,,,,,,,,,,,,,,,,,,,,,,,,,,,,20769000.0,,35204000.0,35204000.0,20305000.0,-6187000.0,-6187000.0,-6187000.0,-54316000.0,-23179000.0,-23179000.0,-23179000.0,-114770000.0,37788000.0,37788000.0,37788000.0,185701000.0,-60695000.0,-60695000.0,-60695000.0,79090000.0,-18272000.0,-18272000.0,-18272000.0,-24054000.0,10833000.0,10833000.0,10833000.0,19407000.0,-6300000.0
OperatingIncomeLoss / USD,98891000.0,205280000.0,289291000.0,409065000.0,100246000.0,202590000.0,311466000.0,390809000.0,128574000.0,261259000.0,398795000.0,440343000.0,139294000.0,278317000.0,411340000.0,539627000.0,139612000.0,291823000.0,441426000.0,565978000.0,163488000.0,345071000.0,518688000.0,602720000.0,185507000.0,385856000.0,578808000.0,683639000.0,203937000.0,404393000.0,596384000.0,768941000.0,249099000.0,484310000.0,684334000.0,773691000.0,265228000.0,540868000.0,819123000.0,949834000.0,306146000.0,640610000.0,955262000.0,1133534000.0,349706000.0,702578000.0,1029046000.0,1162696000.0,394101000.0,775329000.0,1182934000.0,1385492000.0,440120000.0,885054000.0,1331866000.0,1587370000.0,500556000.0,1000239000.0,1521039000.0,1802664000.0,561031000.0
OperatingLeaseCost / USD,,,,,,,,,,,,,,,,,,,,,,,,,,,,,,,,,,,,,,,,70000000.0,,,,69700000.0,,,,70400000.0,,,,71000000.0,,,,74500000.0,19700000.0,40500000.0,61500000.0,79800000.0,21800000.0
OperatingLeaseLiability / USD,,,,,,,,,,,,,,,,,,,,,,,,,,,,,,,,,,,,,168694000.0,174843000.0,171037000.0,165726000.0,165141000.0,160176000.0,162838000.0,174624000.0,165599000.0,162048000.0,175329000.0,172936000.0,177549000.0,179312000.0,182077000.0,181988000.0,185262000.0,182999000.0,190490000.0,192551000.0,195882000.0,188894000.0,214450000.0,229482000.0,249509000.0
OperatingLeaseLiabilityCurrent / USD,,,,,,,,,,,,,,,,,,,,,,,,,,,,,,,,,,,,,43010000.0,44263000.0,44043000.0,43031000.0,43031000.0,43031000.0,43031000.0,43031000.0,43850000.0,43850000.0,43850000.0,43850000.0,43872000.0,43872000.0,43872000.0,43872000.0,43710000.0,43710000.0,43710000.0,43710000.0,45727000.0,45727000.0,45727000.0,45727000.0,50744000.0
OperatingLeaseLiabilityNoncurrent / USD,,,,,,,,,,,,,,,,,,,,,,,,,,,,,,,,,,,,,125684000.0,130580000.0,126994000.0,122695000.0,122695000.0,122695000.0,122695000.0,122695000.0,130774000.0,130774000.0,130774000.0,130774000.0,129064000.0,129064000.0,129064000.0,129064000.0,138278000.0,138278000.0,138278000.0,138278000.0,146824000.0,146824000.0,146824000.0,146824000.0,178738000.0
OperatingLeasePayments / USD,,,,,,,,,,,,,,,,,,,,,,,,,,,,,,,,,,,,,12342000.0,24927000.0,38292000.0,50816000.0,12342000.0,24927000.0,38292000.0,50816000.0,12254000.0,24565000.0,36654000.0,49345000.0,11913000.0,24301000.0,36923000.0,49579000.0,12608000.0,25108000.0,37103000.0,49936000.0,12696000.0,25321000.0,38577000.0,51790000.0,13328000.0
OperatingLeaseRightOfUseAsset / USD,,,,,,,,,,,,,,,,,,,,,,,,,,,,,,,,,,,,,163089000.0,169233000.0,165169000.0,159967000.0,159967000.0,159967000.0,159967000.0,159967000.0,168532000.0,168532000.0,168532000.0,168532000.0,170003000.0,170003000.0,170003000.0,170003000.0,178464000.0,178464000.0,178464000.0,178464000.0,187953000.0,187953000.0,187953000.0,187953000.0,224383000.0
OperatingLeaseWeightedAverageDiscountRatePercent / pure,,,,,,,,,,,,,,,,,,,,,,,,,,,,,,,,,,,,,0.0268,0.0271,0.0269,0.0266,0.0266,0.0266,0.0266,0.0266,0.0232,0.0232,0.0232,0.0232,0.022,0.022,0.022,0.022,0.0287,0.0287,0.0287,0.0287,0.0348,0.0348,0.0348,0.0348,0.0408
OtherAccruedLiabilitiesCurrent / USD,,,,,,,,94862000.0,,,,84651000.0,,,,81078000.0,,,,94942000.0,,,,94622000.0,,,,106473000.0,,,,121267000.0,,,,111017000.0,,,,119792000.0,,,,131842000.0,,,,129560000.0,,,,165780000.0,,,,150647000.0,,,,198499000.0,
OtherAssets / USD,,,,,,,,,,,,,,,,,,,,,,,,,,,,,,,,,29315000.0,29315000.0,29315000.0,,240315000.0,240315000.0,240315000.0,,260758000.0,260758000.0,260758000.0,,310414000.0,310414000.0,310414000.0,,344110000.0,344110000.0,344110000.0,,382991000.0,382991000.0,382991000.0,,424951000.0,424951000.0,424951000.0,,462642000.0
OtherAssetsNoncurrent / USD,,,,,114751000.0,114751000.0,114751000.0,114751000.0,112836000.0,112836000.0,112836000.0,112836000.0,124390000.0,124390000.0,124390000.0,22865000.0,19626000.0,19626000.0,19626000.0,19626000.0,17494000.0,17494000.0,17494000.0,17494000.0,14283000.0,14283000.0,14283000.0,14283000.0,31967000.0,31967000.0,31967000.0,31967000.0,29315000.0,29315000.0,29315000.0,29315000.0,240315000.0,240315000.0,240315000.0,240315000.0,260758000.0,260758000.0,260758000.0,260758000.0,310414000.0,310414000.0,310414000.0,310414000.0,344110000.0,344110000.0,344110000.0,344110000.0,382991000.0,382991000.0,382991000.0,382991000.0,424951000.0,424951000.0,424951000.0,424951000.0,462642000.0
OtherComprehensiveIncomeForeignCurrencyTransactionAndTranslationAdjustmentNetOfTaxPortionAttributableToParent / USD,,,,,,13374000.0,28846000.0,,,,,,,,,,,,,,,,,,,,,,,,,,,23810000.0,26184000.0,,-3019000.0,-13642000.0,-8617000.0,,6724000.0,8137000.0,4098000.0,,26946000.0,29906000.0,38853000.0,-11321000.0,-24016000.0,-31488000.0,-26191000.0,68182000.0,-19206000.0,-29107000.0,-37079000.0,-24833000.0,2634000.0,821000.0,371000.0,-34007000.0,3656000.0
OtherComprehensiveIncomeLossCashFlowHedgeGainLossBeforeReclassificationAfterTax / USD,,,,,,,,,,,,,,,,,,,,,,,,,,,,,,,,,,0.0,0.0,31136000.0,-3168000.0,1753000.0,-6430000.0,0.0,-29903000.0,-7142000.0,-60724000.0,-27659000.0,10842000.0,26784000.0,102634000.0,-94954000.0,-36679000.0,-25739000.0,8828000.0,106843000.0,934000.0,8328000.0,9829000.0,102057000.0,8199000.0,17298000.0,12256000.0,10111000.0,-9956000.0
OtherComprehensiveIncomeLossCashFlowHedgeGainLossBeforeReclassificationTax / USD,,,,,,,,,,,,,,,,,,,,,,,,,,,,,,,,,,,,,,,,0.0,-9844000.0,-2498000.0,-19792000.0,-8734000.0,3672000.0,9072000.0,34761000.0,-32793000.0,-12554000.0,-8810000.0,3022000.0,36172000.0,320000.0,2851000.0,3364000.0,34932000.0,2806000.0,5921000.0,4195000.0,3461000.0,-3408000.0
OtherComprehensiveIncomeLossCashFlowHedgeGainLossReclassificationAfterTax / USD,,,,,,,,,,,,,,,,,,,,,,,,,,,,,,,,,,344000.0,638000.0,-1076000.0,295000.0,589000.0,884000.0,933000.0,295000.0,653000.0,1011000.0,1179000.0,358000.0,717000.0,1075000.0,1433000.0,459000.0,919000.0,1378000.0,1433000.0,1521000.0,3042000.0,4563000.0,2061000.0,1442000.0,2937000.0,4461000.0,6085000.0,1523000.0
OtherComprehensiveIncomeLossCashFlowHedgeGainLossReclassificationTax / USD,,,,,,,,,,,,,,,,,,,,,,,,,,,,,,,,,,,,,,,,571000.0,-179000.0,-295000.0,-411000.0,-717000.0,-116000.0,-231000.0,-347000.0,-463000.0,148000.0,296000.0,-445000.0,463000.0,-512000.0,-1025000.0,-1537000.0,672000.0,-487000.0,-990000.0,-1503000.0,2049000.0,-513000.0
OtherComprehensiveIncomeLossNetOfTaxPortionAttributableToParent / USD,,,,,,,,,,,,,,,,,,,,1460000.0,,,,-9695000.0,,,,-36899000.0,,,,-16403000.0,,35032000.0,35032000.0,21845000.0,-6482000.0,-6482000.0,-6482000.0,19372000.0,-23474000.0,-23474000.0,-23474000.0,-55495000.0,37430000.0,37430000.0,37430000.0,-116203000.0,-61154000.0,-61154000.0,-61154000.0,184268000.0,-19793000.0,-19793000.0,-19793000.0,77029000.0,9391000.0,9391000.0,9391000.0,-30139000.0,-7823000.0
OtherComprehensiveIncomeLossTaxPortionAttributableToParent1 / USD,,,,,,,,,,,,,,,,,,,,,,,,,,,,,,,,,,,,,,,,,-9665000.0,-2203000.0,-19381000.0,,3788000.0,9303000.0,35108000.0,-35132000.0,-12406000.0,-8514000.0,2577000.0,40213000.0,-192000.0,1826000.0,1827000.0,34898000.0,2319000.0,5061000.0,2822000.0,1358000.0,-3921000.0
PaymentsForProceedsFromOtherInvestingActivities / USD,25000.0,-1053000.0,-3804000.0,251000.0,2762000.0,6858000.0,2845000.0,-497000.0,-6539000.0,-5772000.0,-1853000.0,5198000.0,-577000.0,673000.0,662000.0,-2011000.0,-382000.0,929000.0,868000.0,1339000.0,-16000.0,-1681000.0,-1583000.0,5219000.0,-921000.0,-1987000.0,-4433000.0,-1383000.0,918000.0,-332000.0,-28000.0,-4137000.0,304000.0,870000.0,-1746000.0,196000.0,202000.0,1717000.0,6804000.0,-1363000.0,109000.0,2103000.0,2090000.0,7807000.0,2142000.0,2872000.0,5301000.0,4658000.0,6180000.0,6676000.0,8939000.0,11113000.0,3589000.0,4381000.0,6894000.0,7006000.0,963000.0,196000.0,3100000.0,-420000.0,-1000.0
PaymentsForRepurchaseOfCommonStock / USD,959000.0,959000.0,960000.0,25847000.0,131336000.0,203207000.0,203214000.0,969000.0,262639000.0,262682000.0,262682000.0,443690000.0,77953000.0,159175000.0,187076000.0,392328000.0,106977000.0,164200000.0,164462000.0,215681000.0,61439000.0,63573000.0,314648000.0,370599000.0,221598000.0,402293000.0,502439000.0,551970000.0,18870000.0,19230000.0,20054000.0,780151000.0,35040000.0,35697000.0,37050000.0,20724000.0,139468000.0,508129000.0,608224000.0,127319000.0,256830000.0,258741000.0,261327000.0,1016300000.0,69011000.0,71382000.0,154490000.0,464518000.0,659235000.0,664726000.0,1221841000.0,554121000.0,320334000.0,348682000.0,370917000.0,1525873000.0,73276000.0,423128000.0,468146000.0,398865000.0,614802000.0
PaymentsOfDebtIssuanceCosts / USD,,,,,,,,,,,,,,,,,,,,,,,,,,,,,,,,,,,,,,,,,,,,,,,,,,,,,,,,,,,,0.0,
PaymentsOfDividendsCommonStock / USD,,,71812000.0,72207000.0,,,71812000.0,73960000.0,0.0,,70820000.0,71812000.0,,,79744000.0,70820000.0,,,93314000.0,79744000.0,,,201941000.0,93320000.0,,,115273000.0,201891000.0,,,142444000.0,115273000.0,,,175589000.0,142433000.0,,,220760000.0,175589000.0,,,268042000.0,220764000.0,0.0,0.0,371818000.0,267956000.0,79135000.0,177949000.0,276922000.0,451327000.0,97655000.0,215017000.0,332421000.0,375119000.0,117565000.0,255839000.0,393310000.0,449917000.0,138237000.0
PaymentsToAcquireBusinessesNetOfCashAcquired / USD,2633000.0,6601000.0,41375000.0,30909000.0,47824000.0,88799000.0,158517000.0,50444000.0,870000.0,14551000.0,20882000.0,171552000.0,2130000.0,53243000.0,64625000.0,24864000.0,32216000.0,32514000.0,32965000.0,69370000.0,2328000.0,3015000.0,13798000.0,33441000.0,121434000.0,121237000.0,151731000.0,15495000.0,10991000.0,17778000.0,19630000.0,156579000.0,302000.0,1099000.0,12298000.0,2102371000.0,7613000.0,6580000.0,7403000.0,19346000.0,3896000.0,6582000.0,47850000.0,9813000.0,1984000.0,6932000.0,7570000.0,53720000.0,35725000.0,45670000.0,150844000.0,10038000.0,7060000.0,15457000.0,32983000.0,164228000.0,55651000.0,73997000.0,185028000.0,46357000.0,9436000.0
PaymentsToAcquireInvestments / USD,19259000.0,53060000.0,69819000.0,128402000.0,6416000.0,12472000.0,23174000.0,81269000.0,107145000.0,193527000.0,576404000.0,78307000.0,36970000.0,80054000.0,135398000.0,585655000.0,32941000.0,55413000.0,63335000.0,178464000.0,6981000.0,11978000.0,79947000.0,63858000.0,196020000.0,271341000.0,384796000.0,195471000.0,119729000.0,118270000.0,125634000.0,494146000.0,58022000.0,99877000.0,157528000.0,181065000.0,0.0,14071000.0,17544000.0,153708000.0,9391000.0,10121000.0,10461000.0,17841000.0,4940000.0,7205000.0,7873000.0,10031000.0,8738000.0,5967000.0,6024000.0,4299000.0,5930000.0,5182000.0,4618000.0,6076000.0,6525000.0,7475000.0,7592000.0,4566000.0,7124000.0
PaymentsToAcquirePropertyPlantAndEquipment / USD,24819000.0,48092000.0,78928000.0,160092000.0,48200000.0,88134000.0,142298000.0,111078000.0,44421000.0,79832000.0,117716000.0,182592000.0,47438000.0,99062000.0,151799000.0,160802000.0,37462000.0,76785000.0,113615000.0,196486000.0,68050000.0,113025000.0,163040000.0,145580000.0,62631000.0,121817000.0,207502000.0,217720000.0,78580000.0,155173000.0,218621000.0,275385000.0,62517000.0,132466000.0,196040000.0,273317000.0,64528000.0,137614000.0,207805000.0,271699000.0,64743000.0,126167000.0,189379000.0,276719000.0,30876000.0,57659000.0,100410000.0,230289000.0,48748000.0,108629000.0,165851000.0,143470000.0,70016000.0,146404000.0,224116000.0,240672000.0,106697000.0,200527000.0,307558000.0,331109000.0,92921000.0
PensionAndOtherPostretirementDefinedBenefitPlansLiabilitiesCurrentAndNoncurrent / USD,,,,,,,,,,,,,,,,,,,,,,,,,,,,,,,,28000000.0,,,,27600000.0,,,,29700000.0,,,,37000000.0,,,,21500000.0,,,,17800000.0,,,,17700000.0,,,,16000000.0,
PreferredStockSharesAuthorized / shares,100000.0,100000.0,100000.0,100000.0,100000.0,100000.0,100000.0,100000.0,100000.0,100000.0,100000.0,100000.0,100000.0,100000.0,100000.0,100000.0,100000.0,100000.0,100000.0,100000.0,100000.0,100000.0,100000.0,100000.0,100000.0,100000.0,100000.0,100000.0,100000.0,100000.0,100000.0,100000.0,100000.0,100000.0,100000.0,100000.0,100000.0,100000.0,100000.0,100000.0,100000.0,100000.0,100000.0,100000.0,100000.0,100000.0,100000.0,100000.0,100000.0,100000.0,100000.0,100000.0,100000.0,100000.0,100000.0,100000.0,100000.0,100000.0,100000.0,100000.0,100000.0
PreferredStockSharesOutstanding / shares,0.0,0.0,0.0,0.0,0.0,0.0,0.0,0.0,0.0,0.0,0.0,0.0,0.0,0.0,0.0,0.0,0.0,0.0,0.0,0.0,0.0,0.0,0.0,0.0,0.0,0.0,0.0,0.0,0.0,0.0,0.0,0.0,0.0,0.0,0.0,0.0,0.0,0.0,0.0,0.0,0.0,0.0,0.0,0.0,0.0,0.0,0.0,0.0,0.0,0.0,0.0,0.0,0.0,0.0,0.0,0.0,0.0,0.0,0.0,0.0,0.0
PreferredStockValue / USD,0.0,,,,,,,0.0,0.0,0.0,0.0,0.0,0.0,0.0,0.0,0.0,0.0,0.0,0.0,0.0,0.0,0.0,0.0,0.0,0.0,0.0,0.0,0.0,0.0,0.0,0.0,0.0,0.0,0.0,0.0,0.0,0.0,0.0,0.0,0.0,0.0,0.0,0.0,0.0,0.0,0.0,0.0,0.0,0.0,0.0,0.0,0.0,0.0,0.0,0.0,0.0,0.0,0.0,0.0,0.0,0.0
PrepaidExpenseAndOtherAssetsCurrent / USD,,,,,23481000.0,23481000.0,23481000.0,23481000.0,24704000.0,24704000.0,24704000.0,21222000.0,24530000.0,24530000.0,24530000.0,24530000.0,26190000.0,26190000.0,26190000.0,26190000.0,24030000.0,24030000.0,24030000.0,24030000.0,26065000.0,26065000.0,26065000.0,25948000.0,30132000.0,30132000.0,30132000.0,30132000.0,32383000.0,32383000.0,32383000.0,32383000.0,103318000.0,103318000.0,103318000.0,103318000.0,114619000.0,114619000.0,114619000.0,114619000.0,133776000.0,133776000.0,133776000.0,133776000.0,124728000.0,124728000.0,124728000.0,124728000.0,142795000.0,142795000.0,142795000.0,142795000.0,148665000.0,148665000.0,148665000.0,148665000.0,170046000.0
ProceedsFromIssuanceOfLongTermDebt / USD,1542000.0,1781000.0,304781000.0,7500000.0,1542000.0,1781000.0,304781000.0,0.0,0.0,0.0,0.0,1002281000.0,250000000.0,250000000.0,250000000.0,0.0,0.0,0.0,0.0,250000000.0,0.0,0.0,0.0,0.0,0.0,0.0,0.0,0.0,0.0,0.0,0.0,0.0,,,,1932229000.0,,,,0.0,,,,200000000.0,,,,0.0,,,,0.0,,,,1190506000.0,,,,0.0,
ProceedsFromIssuanceOfSharesUnderIncentiveAndShareBasedCompensationPlansIncludingStockOptions / USD,,,,,,78000.0,356000.0,0.0,0.0,78000.0,356000.0,0.0,1119000.0,2357000.0,7156000.0,3341000.0,14085000.0,21311000.0,29286000.0,14807000.0,13623000.0,22472000.0,31956000.0,41902000.0,11844000.0,17444000.0,22260000.0,40230000.0,16282000.0,19225000.0,25114000.0,28226000.0,17256000.0,28558000.0,35838000.0,31870000.0,27512000.0,32612000.0,54274000.0,41848000.0,37915000.0,63201000.0,81547000.0,65371000.0,72123000.0,107530000.0,120049000.0,90519000.0,72896000.0,109198000.0,117636000.0,129957000.0,1047000.0,2125000.0,2941000.0,117737000.0,479000.0,929000.0,1275000.0,3021000.0,231000.0
ProceedsFromPaymentsForOtherFinancingActivities / USD,516000.0,-717000.0,-394000.0,855000.0,2181000.0,1699000.0,930000.0,-977000.0,926000.0,1454000.0,1390000.0,-4609000.0,-3491000.0,-2476000.0,-1385000.0,555000.0,4126000.0,6323000.0,10339000.0,196000.0,6798000.0,1758000.0,3139000.0,469000.0,51000.0,646000.0,1153000.0,1589000.0,385000.0,-5572000.0,-5801000.0,490000.0,-649000.0,-1882000.0,-2489000.0,-5878000.0,-552000.0,-5362000.0,-8088000.0,-2580000.0,-1192000.0,-1952000.0,30000.0,-14112000.0,-869000.0,-1687000.0,-3836000.0,-752000.0,-610000.0,-3399000.0,-6657000.0,-4377000.0,-5257000.0,-8840000.0,-11996000.0,-6394000.0,-2013000.0,-4322000.0,-5839000.0,-9791000.0,-4461000.0
ProceedsFromRepaymentsOfCommercialPaper / USD,,,,,,,,,,,,,,,,,,,,,,,,,,,,,163800000.0,66000000.0,99500000.0,0.0,-43000000.0,-50500000.0,137000000.0,50500000.0,0.0,173500000.0,217500000.0,-50500000.0,26500000.0,-112500000.0,-112500000.0,112500000.0,0.0,0.0,0.0,-112500000.0,326000000.0,167000000.0,559210000.0,0.0,196000000.0,124046000.0,-62200000.0,261200000.0,0.0,210000000.0,,-261200000.0,166000000.0
ProceedsFromSaleOfPropertyPlantAndEquipment / USD,,,,,,,,,,,,,,,,,,,,,,,,,,,,,,,,,,,,,,0.0,0.0,,,,,,,,,,,,,,,,,,,0.0,0.0,0.0,
ProceedsFromStockOptionsExercised / USD,,,,,,,,,,,,,,,,,,,,14800000.0,,,,41900000.0,,,,40200000.0,,,,28200000.0,,,,31900000.0,,,,41800000.0,,,,65400000.0,,,,90500000.0,,,,130000000.0,,,,117700000.0,,,,3000000.0,
PropertyPlantAndEquipmentGross / USD,,,,,,,,2042396000.0,,,,2171567000.0,,,,2342247000.0,,,,2143663000.0,,,,2194278000.0,,,,2411646000.0,,,,2839878000.0,,,,3046440000.0,,,,3192364000.0,,,,3313860000.0,,,,3373659000.0,,,,3535592000.0,,,,3758745000.0,,,,4116244000.0,
PropertyPlantAndEquipmentNet / USD,894522000.0,894522000.0,894522000.0,894522000.0,946218000.0,946218000.0,946218000.0,946218000.0,944305000.0,944305000.0,944305000.0,952587000.0,986703000.0,986703000.0,986703000.0,986703000.0,855702000.0,855702000.0,855702000.0,855702000.0,871421000.0,871421000.0,871421000.0,871421000.0,994237000.0,994237000.0,994237000.0,993692000.0,1323501000.0,1323501000.0,1323501000.0,1323501000.0,1382730000.0,1382730000.0,1382730000.0,1382730000.0,1430685000.0,1430685000.0,1430685000.0,1430685000.0,1403065000.0,1403065000.0,1403065000.0,1403065000.0,1318438000.0,1318438000.0,1318438000.0,1318438000.0,1323673000.0,1323673000.0,1323673000.0,1323673000.0,1396476000.0,1396476000.0,1396476000.0,1396476000.0,1534168000.0,1534168000.0,1534168000.0,1534168000.0,1652474000.0
ReclassificationFromAociCurrentPeriodNetOfTaxAttributableToParent / USD,,,,,,,,,,,,,,,,,,,,,,,,,,,,,,,,-1076000.0,,172000.0,172000.0,933000.0,295000.0,295000.0,295000.0,1179000.0,295000.0,295000.0,295000.0,1433000.0,358000.0,358000.0,358000.0,1433000.0,459000.0,459000.0,459000.0,2061000.0,1521000.0,1521000.0,1521000.0,6085000.0,1442000.0,1442000.0,1442000.0,5984000.0,1523000.0
RepaymentsOfLongTermDebt / USD,179000.0,321000.0,464000.0,164649000.0,148000.0,794000.0,282755000.0,603000.0,444000.0,903000.0,1216000.0,502208000.0,225154000.0,225312000.0,225472000.0,1323000.0,167000.0,7837000.0,8010000.0,225636000.0,180000.0,364000.0,456000.0,8187000.0,16000.0,16000.0,16000.0,518000.0,250000000.0,250000000.0,250000000.0,16000.0,250000000.0,250000000.0,550000000.0,250000000.0,,,,550000000.0,,,,0.0,0.0,0.0,0.0,200000000.0,250000000.0,250000000.0,250000000.0,0.0,0.0,0.0,0.0,1200000000.0,10000000.0,13450000.0,13450000.0,50000000.0,
RestrictedCashAndCashEquivalents / USD,,,,,,,,,,,,28500000.0,,,,28500000.0,,,,33500000.0,,,,43000000.0,,,,50600000.0,,,,30600000.0,,,,30900000.0,,,,31400000.0,,,,31800000.0,,,,31800000.0,,,,31800000.0,,,,32700000.0,,,,34300000.0,
RetainedEarningsAccumulatedDeficit / USD,3080079000.0,3080079000.0,3080079000.0,3080079000.0,3255256000.0,3255256000.0,3255256000.0,3255256000.0,3482073000.0,3482073000.0,3482073000.0,3482073000.0,3717771000.0,3717771000.0,3717771000.0,3717771000.0,3998893000.0,3998893000.0,3998893000.0,3998893000.0,4227620000.0,4227620000.0,4227620000.0,4227620000.0,4805867000.0,4805867000.0,4805867000.0,4805867000.0,5170830000.0,5170830000.0,5170830000.0,5170830000.0,5837827000.0,5837827000.0,5837827000.0,5837827000.0,6691236000.0,6691236000.0,6691236000.0,6691236000.0,7296509000.0,7296509000.0,7296509000.0,7296509000.0,7877015000.0,7877015000.0,7877015000.0,7877015000.0,8719163000.0,8719163000.0,8719163000.0,8719163000.0,9597315000.0,9597315000.0,9597315000.0,9597315000.0,10617955000.0,10617955000.0,10617955000.0,10617955000.0,11798451000.0
RevenueFromContractWithCustomerExcludingAssessedTax / USD,,,,,,,,,,,,,,,,,,,,,,,,,,,,,,,,,1611503000.0,3217944000.0,4807082000.0,5323381000.0,1697975000.0,3416243000.0,5098573000.0,6476632000.0,1811139000.0,3654888000.0,5465536000.0,6892303000.0,1746575000.0,3503622000.0,5280678000.0,7085120000.0,1896950000.0,3819231000.0,5779773000.0,7116340000.0,2166454000.0,4341312000.0,6531298000.0,7854459000.0,2342330000.0,4719507000.0,7125680000.0,8815769000.0,2501587000.0
RightOfUseAssetObtainedInExchangeForOperatingLeaseLiability / USD,,,,,,,,,,,,,,,,,,,,,,,,,,,,,,,,,,,,,6828000.0,24770000.0,33382000.0,40728000.0,6828000.0,24770000.0,33382000.0,40728000.0,9317000.0,15735000.0,27771000.0,51850000.0,2792000.0,10609000.0,17452000.0,26862000.0,15836000.0,29186000.0,42900000.0,54214000.0,14286000.0,22684000.0,41506000.0,54595000.0,13973000.0
SegmentExpenditureAdditionToLongLivedAssets / USD,,,,,,,,,,,,,,,,,,,,,,,,,,,,,,,,,,,,,,,,,,,,,,,,,,,,,,,,240672000.0,,,,331109000.0,92921000.0
SellingGeneralAndAdministrativeExpense / USD,264427000.0,523833000.0,799429000.0,1082709000.0,293425000.0,581729000.0,864774000.0,1086359000.0,310466000.0,607578000.0,895945000.0,1168944000.0,306581000.0,599594000.0,908512000.0,1198981000.0,316483000.0,631351000.0,949224000.0,1187331000.0,314458000.0,614299000.0,915989000.0,1147039000.0,338637000.0,665688000.0,997344000.0,1209284000.0,369703000.0,731118000.0,1089707000.0,1332399000.0,486283000.0,954367000.0,1444985000.0,1527380000.0,504634000.0,996305000.0,1472404000.0,1916792000.0,542996000.0,1060923000.0,1570666000.0,1980644000.0,476495000.0,943507000.0,1426555000.0,2071052000.0,508655000.0,1012568000.0,1503117000.0,1929159000.0,587992000.0,1165505000.0,1752724000.0,2044876000.0,641015000.0,1282880000.0,1949928000.0,2370704000.0,691100000.0
ShareBasedCompensation / USD,3630000.0,7571000.0,11323000.0,11953000.0,3046000.0,5799000.0,9813000.0,15349000.0,4522000.0,9756000.0,15023000.0,15203000.0,5448000.0,11084000.0,16660000.0,20312000.0,6984000.0,14624000.0,22248000.0,23310000.0,12280000.0,24785000.0,36016000.0,29875000.0,23917000.0,40241000.0,57169000.0,47002000.0,20779000.0,39582000.0,63578000.0,79293000.0,28630000.0,55204000.0,86044000.0,88868000.0,46172000.0,74784000.0,105553000.0,112835000.0,40395000.0,69398000.0,96428000.0,139210000.0,29055000.0,57602000.0,83421000.0,115435000.0,36496000.0,60893000.0,83687000.0,112035000.0,26282000.0,51537000.0,75334000.0,109308000.0,30242000.0,53182000.0,84490000.0,103621000.0,33367000.0
ShareBasedCompensationArrangementByShareBasedPaymentAwardOptionsExercisableNumber / shares,,,,,,,,1914710.0,,,,1838530.0,,,,1945207.0,,,,2105702.0,,,,1815795.0,,,,1583413.0,,,,1426550.0,,,,1649236.0,,,,1795898.0,,,,2006922.0,,,,1919976.0,,,,1913374.0,,,,1548867.0,,,,6303996.0,
ShareBasedCompensationArrangementByShareBasedPaymentAwardOptionsExercisesInPeriodTotalIntrinsicValue / USD,,,,,,,,,,,,,,,,,,,,3700000.0,,,,19800000.0,,,,44300000.0,,,,48500000.0,,,,76500000.0,,,,110900000.0,,,,193600000.0,,,,262100000.0,,,,402300000.0,,,,348300000.0,,,,302900000.0,
ShareBasedCompensationArrangementByShareBasedPaymentAwardOptionsExpirationsInPeriod / shares,,,,,,,,,,,,,,,,,,,,,,,,,,,,,,,,4413.0,,,,5368.0,,,,7809.0,,,,3045.0,,,,5432.0,,,,1452.0,,,,877.0,,,,6840.0,
ShareBasedCompensationArrangementByShareBasedPaymentAwardOptionsForfeituresInPeriod / shares,,,,,,,,,,,,,,,,,,,,,,,,,,,,,,,,231042.0,,,,165452.0,,,,255627.0,,,,397304.0,,,,312391.0,,,,91722.0,,,,260249.0,,,,650392.0,
ShareBasedCompensationArrangementByShareBasedPaymentAwardOptionsGrantsInPeriodGross / shares,,,,,,,,1070798.0,,,,,,,,,,,,1722081.0,,,,2111649.0,,,,1590185.0,,,,1739767.0,,,,1343180.0,,,,1664867.0,,,,1013005.0,,,,575813.0,,,,747550.0,,,,531963.0,,,,2316584.0,
ShareBasedCompensationArrangementByShareBasedPaymentAwardOptionsGrantsInPeriodWeightedAverageGrantDateFairValue / USD/shares,,,,,,,,,,,,,,,,,,,,9.6,,,,16.63,,,,20.64,,,,22.2,,,,23.34,,,,37.62,,,,47.68,,,,48.2,,,,66.52,,,,100.07,,,,34.16,
ShareBasedCompensationArrangementByShareBasedPaymentAwardOptionsOutstandingIntrinsicValue / USD,,,,,,,,,,,,,,,,,,,,269100000.0,,,,276500000.0,,,,419600000.0,,,,728000000.0,,,,804700000.0,,,,727700000.0,,,,983600000.0,,,,853200000.0,,,,859500000.0,,,,1278400000.0,,,,1556600000.0,
ShareBasedCompensationArrangementByShareBasedPaymentAwardOptionsOutstandingNumber / shares,,,,,,,,6359424.0,,,,,,,,,,,,7609117.0,,,,7885638.0,,,,8025794.0,,,,7835570.0,,,,8419907.0,,,,8588050.0,,,,8930186.0,,,,8208934.0,,,,7105399.0,,,,6055524.0,,,,20349608.0,
ShareBasedCompensationArrangementByShareBasedPaymentAwardOptionsOutstandingWeightedAverageExercisePrice / USD/shares,,,,,,,,38.91,,,,,,,,,,,,36.04,,,,37.6,,,,43.12,,,,51.59,,,,61.83,,,,74.77,,,,96.71,,,,123.8,,,,145.54,,,,191.11,,,,57.66,
ShareBasedCompensationArrangementsByShareBasedPaymentAwardOptionsExercisesInPeriodWeightedAverageExercisePrice / USD/shares,,,,,,,,,,,,,,,,,,,,36.44,,,,39.03,,,,38.11,,,,35.07,,,,35.95,,,,44.06,,,,54.14,,,,70.03,,,,83.31,,,,118.21,,,,36.3,
ShareBasedCompensationArrangementsByShareBasedPaymentAwardOptionsExpirationsInPeriodWeightedAverageExercisePrice / USD/shares,,,,,,,,,,,,,,,,,,,,,,,,,,,,,,,,34.56,,,,32.45,,,,45.1,,,,58.03,,,,72.17,,,,59.51,,,,116.25,,,,16.45,
ShareBasedCompensationArrangementsByShareBasedPaymentAwardOptionsForfeituresInPeriodWeightedAverageExercisePrice / USD/shares,,,,,,,,,,,,,,,,,,,,,,,,,,,,,,,,60.57,,,,73.43,,,,94.73,,,,155.39,,,,185.08,,,,193.94,,,,273.53,,,,84.87,
ShareBasedCompensationArrangementsByShareBasedPaymentAwardOptionsGrantsInPeriodWeightedAverageExercisePrice / USD/shares,,,,,,,,,,,,,,,,,,,,44.67,,,,61.04,,,,84.59,,,,93.55,,,,126.51,,,,175.86,,,,219.37,,,,250.5,,,,348.24,,,,398.92,,,,116.23,
ShareBasedCompensationSharesAuthorizedUnderStockOptionPlansExercisePriceRangeLowerRangeLimit / USD/shares,,,,,,,,,,,,,,,,,,,,,,,,20.29,,,,,,,,,,,,22.61,,,,25.88,,,,28.14,,,,28.14,,,,37.91,,,,63.45,,,,21.22,
ShareBasedCompensationSharesAuthorizedUnderStockOptionPlansExercisePriceRangeNumberOfExercisableOptions / shares,,,,,,,,,,,,,,,,,,,,,,,,1649236.0,,,,,,,,,,,,1919976.0,,,,1913374.0,,,,1548867.0,,,,1575999.0,,,,1546346.0,,,,1385992.0,,,,4870890.0,
ShareBasedCompensationSharesAuthorizedUnderStockOptionPlansExercisePriceRangeNumberOfOutstandingOptions / shares,,,,,,,,,,,,,,,,,,,,,,,,8419907.0,,,,,,,,,,,,8208934.0,,,,7105399.0,,,,6055524.0,,,,5087402.0,,,,4427752.0,,,,3812258.0,,,,12678487.0,
ShareBasedCompensationSharesAuthorizedUnderStockOptionPlansExercisePriceRangeUpperRangeLimit / USD/shares,,,,,,,,,,,,,,,,,,,,,,,,95.09,,,,,,,,,,,,221.83,,,,278.97,,,,361.09,,,,433.1,,,,472.14,,,,687.03,,,,226.5,
SharebasedCompensationArrangementBySharebasedPaymentAwardOptionsExercisableIntrinsicValue1 / USD,,,,,,,,,,,,,,,,,,,,74100000.0,,,,99700000.0,,,,158700000.0,,,,277600000.0,,,,322100000.0,,,,347100000.0,,,,409100000.0,,,,443000000.0,,,,498700000.0,,,,682500000.0,,,,821500000.0,
SharebasedCompensationArrangementBySharebasedPaymentAwardOptionsVestedInPeriodFairValue1 / USD,,,,,,,,,,,,,,,,,,,,13200000.0,,,,17700000.0,,,,10900000.0,,,,11000000.0,,,,12700000.0,,,,17900000.0,,,,22400000.0,,,,27800000.0,,,,30500000.0,,,,36700000.0,,,,37900000.0,
SharebasedCompensationSharesAuthorizedUnderStockOptionPlansExercisePriceRangeExercisableOptionsWeightedAverageExercisePrice1 / USD/shares,,,,,,,,,,,,,,,,,,,,,,,,34.32,,,,,,,,,,,,54.07,,,,66.53,,,,89.42,,,,117.25,,,,149.63,,,,185.55,,,,57.85,
SharebasedCompensationSharesAuthorizedUnderStockOptionPlansExercisePriceRangeOutstandingOptionsWeightedAverageExercisePriceBeginningBalance1 / USD/shares,,,,,,,,,,,,,,,,,,,,,,,,61.83,,,,,,,,,,,,123.8,,,,145.54,,,,191.11,,,,230.62,,,,278.01,,,,342.91,,,,103.72,
SharesPaidForTaxWithholdingForShareBasedCompensation / shares,,,,,,,,,,,,,,,,,,,,,,,,,,,,,,,,,,,,,,,,,,300000.0,300000.0,300000.0,200000.0,200000.0,241000.0,264000.0,198000.0,211000.0,261000.0,246000.0,270000.0,326000.0,375000.0,305000.0,582000.0,810000.0,1108000.0,1719000.0,744000.0
StockIssuedDuringPeriodSharesStockOptionsExercised / shares,,,,,,,,0.0,,,,,,,,,,,,561176.0,,,,1272179.0,,,,1293689.0,,,,919975.0,,,,1004217.0,,,,1059295.0,,,,1333908.0,,,,1361525.0,,,,1704251.0,,,,1238959.0,,,,4297952.0,
StockIssuedDuringPeriodValueStockOptionsExercised / USD,,,,,,,,3341000.0,,,,3341000.0,,,,3341000.0,,,,14807000.0,,,,41902000.0,,,,40230000.0,,,,28226000.0,,,17256000.0,31870000.0,27512000.0,27512000.0,27512000.0,41848000.0,37915000.0,37915000.0,37915000.0,65371000.0,72123000.0,72123000.0,72123000.0,90519000.0,72896000.0,72896000.0,72896000.0,129957000.0,1047000.0,1047000.0,1047000.0,117737000.0,479000.0,479000.0,479000.0,3021000.0,231000.0
StockholdersEquity / USD,,,,,2302649000.0,2302649000.0,2302649000.0,2302649000.0,2139135000.0,2139135000.0,2139135000.0,2139135000.0,2201492000.0,2201492000.0,2201492000.0,2201492000.0,2192858000.0,2192858000.0,2192858000.0,2139135000.0,1932455000.0,1932455000.0,1932455000.0,2201492000.0,1842659000.0,1842659000.0,1842659000.0,2192858000.0,2302793000.0,2302793000.0,2302793000.0,1932455000.0,3016526000.0,3016526000.0,2302793000.0,1842659000.0,3016526000.0,3016526000.0,3016526000.0,2302793000.0,3002721000.0,3002721000.0,3002721000.0,3016526000.0,3235202000.0,3235202000.0,3235202000.0,3002721000.0,3687847000.0,3687847000.0,3687847000.0,3235202000.0,3308196000.0,3308196000.0,3308196000.0,3687847000.0,3863986000.0,3863986000.0,3863986000.0,3308196000.0,4316372000.0
StockholdersEquityNoteStockSplitConversionRatio1 / pure,,,,,,,,,,,,,,,,,,,,,,,,,,,,,,,,,,,,,,,,,,,,,,,,,,,,,,,,4.0,4.0,4.0,4.0,4.0,
TreasuryStockCommonShares / shares,,,,,,,,,,,,,,,,,,,,,,,,,,,,,,,,,,,,,,,,,,,,,,,,,,89126706.0,89126706.0,89126706.0,90466790.0,90466790.0,90466790.0,90466790.0,368089000.0,368089000.0,368089000.0,368089000.0,373988000.0
TreasuryStockCommonValue / USD,,,,,,,,,,,,,,,,,,,,,,,,,,,,,,,,,,,,,,,,,,,,,,,,,,7290801000.0,7290801000.0,7290801000.0,7842649000.0,7842649000.0,7842649000.0,7842649000.0,8698085000.0,8698085000.0,8698085000.0,8698085000.0,9791838000.0
TreasuryStockValueAcquiredCostMethod / USD,,,,25847000.0,,,,969000.0,,,,443690000.0,,,,392328000.0,,,500000000.0,215681000.0,120000000.0,500000000.0,500000000.0,370599000.0,,,,551970000.0,,,,780151000.0,,,35040000.0,20724000.0,139468000.0,139468000.0,139468000.0,127319000.0,256830000.0,256830000.0,256830000.0,1016300000.0,69011000.0,69011000.0,69011000.0,464518000.0,659235000.0,659235000.0,659235000.0,554121000.0,320334000.0,320334000.0,320334000.0,1525873000.0,73276000.0,73276000.0,73276000.0,398865000.0,
UndistributedEarningsLossAllocatedToParticipatingSecuritiesBasic / USD,,,,,,,,,,,,,,,,,,,,,,,,,,,,,,,,,,,,,,,,,,,,,,,,,,,,,1520000.0,2859000.0,4155000.0,6132000.0,1560000.0,2957000.0,4486000.0,5463000.0,1654000.0
UndistributedEarningsLossAllocatedToParticipatingSecuritiesDiluted / USD,,,,,,,,,,,,,,,,,,,,,,,,,,,,,,,,,,,,,,,,,,,,,,,,,,,,,1520000.0,2859000.0,4155000.0,6132000.0,1560000.0,2957000.0,4486000.0,5463000.0,1654000.0
UnrecognizedTaxBenefits / USD,,,,,,,,95857000.0,,,,103099000.0,,,,103099000.0,,,,44531000.0,,,,13709000.0,,,,13062000.0,12600000.0,12600000.0,12600000.0,16531000.0,26900000.0,26900000.0,26900000.0,17357000.0,37300000.0,37300000.0,37300000.0,36647000.0,35900000.0,35900000.0,35900000.0,48715000.0,34200000.0,34200000.0,34200000.0,44670000.0,30800000.0,30800000.0,30800000.0,42457000.0,29300000.0,29300000.0,29300000.0,37574000.0,32700000.0,32700000.0,32700000.0,36754000.0,47800000.0
UnrecognizedTaxBenefitsDecreasesResultingFromSettlementsWithTaxingAuthorities / USD,,,,,,,,2194000.0,,,,5048000.0,,,,5048000.0,,,,1270000.0,,,,1270000.0,,,,48000.0,,,,1044000.0,,,,,,,,5473000.0,,,,5473000.0,,,,5593000.0,,,,7352000.0,,,,12937000.0,,,,3442000.0,
UnrecognizedTaxBenefitsIncomeTaxPenaltiesAndInterestAccrued / USD,,,,,,,,9100000.0,,,,2000000.0,,,,1100000.0,,,,700000.0,,,,900000.0,,,,1100000.0,,,,900000.0,,,,1800000.0,,,,2800000.0,,,,3700000.0,,,,4200000.0,,,,4000000.0,,,,3200000.0,,,,2800000.0,
UnrecognizedTaxBenefitsIncreasesResultingFromCurrentPeriodTaxPositions / USD,,,,,200000.0,,100000.0,,400000.0,,,1843000.0,,,,1843000.0,,,,1843000.0,,,,,,,,,,,,10164000.0,,,,10164000.0,,,,3641000.0,,,,3976000.0,,,,4728000.0,,,,5558000.0,,,,6904000.0,,,,10895000.0,
UnrecognizedTaxBenefitsIncreasesResultingFromPriorPeriodTaxPositions / USD,,,,,,,,10529000.0,,,,5660000.0,,,,5660000.0,,,,2960000.0,,,,2586000.0,,,,4001000.0,,,,2520000.0,,,,5675000.0,,,,10239000.0,,,,4325000.0,,,,2726000.0,,,,3093000.0,,,,6821000.0,,,,4864000.0,
UnrecognizedTaxBenefitsReductionsResultingFromLapseOfApplicableStatuteOfLimitations / USD,,,,,,,,1093000.0,,,,1998000.0,,,,1998000.0,,,,2025000.0,,,,1963000.0,,,,1603000.0,,,,2734000.0,,,,2943000.0,,,,1812000.0,,,,6873000.0,,,,4074000.0,,,,6182000.0,,,,1608000.0,,,,7325000.0,
UnrecognizedTaxBenefitsThatWouldImpactEffectiveTaxRate / USD,,,,,,,,18800000.0,,,,9000000.0,,,,10900000.0,,,,9700000.0,,,,11900000.0,,,,12900000.0,,,,12600000.0,,,,26900000.0,,,,37300000.0,,,,35900000.0,,,,34200000.0,,,,30800000.0,,,,29300000.0,,,,32700000.0,
WeightedAverageNumberOfDilutedSharesOutstanding / shares,,,,,152164000.0,148856000.0,147686000.0,152858000.0,131338000.0,130543000.0,130321000.0,146586000.0,126458000.0,125541000.0,124901000.0,130033000.0,122892000.0,122016000.0,121814000.0,124531000.0,118030000.0,118334000.0,118214000.0,121640000.0,112229000.0,111140000.0,110612000.0,117543000.0,107114000.0,107278000.0,107508000.0,109956000.0,108537000.0,108938000.0,109254000.0,107783000.0,110648000.0,110257000.0,109583000.0,109810000.0,107083000.0,107114000.0,107280000.0,109495000.0,107129000.0,107556000.0,107696000.0,107012000.0,105944000.0,106026000.0,105896000.0,107707000.0,103337000.0,103343000.0,103363000.0,105523000.0,414289000.0,413673000.0,413389000.0,413508000.0,410496000.0
WeightedAverageNumberOfSharesOutstandingBasic / shares,,,,,152164000.0,148856000.0,147686000.0,152858000.0,131309000.0,130522000.0,130261000.0,146586000.0,126110000.0,125153000.0,124483000.0,129891000.0,122130000.0,121025000.0,120658000.0,123956000.0,116659000.0,116887000.0,116653000.0,120377000.0,110597000.0,109455000.0,108923000.0,115900000.0,104483000.0,104719000.0,104842000.0,108221000.0,105740000.0,106039000.0,106210000.0,104964000.0,106835000.0,106652000.0,106147000.0,106593000.0,103543000.0,103638000.0,103840000.0,106080000.0,104110000.0,104546000.0,104782000.0,103816000.0,103295000.0,103463000.0,103438000.0,104874000.0,101428000.0,101530000.0,101589000.0,103172000.0,407580000.0,407125000.0,406723000.0,406580000.0,403382000.0
