fact_unit,2019-07-19,2019-09-06,2019-12-06,2020-03-23,2020-06-03,2020-09-03,2020-12-03,2021-03-18,2021-06-04,2021-09-01,2021-12-02,2022-03-16,2022-06-03,2022-08-31,2022-11-30,2023-03-09,2023-06-01,2023-08-31,2023-11-29,2024-03-07,2024-06-05,2024-08-29,2024-11-27,2025-03-10,2025-06-04,2025-08-28,2025-12-03
AccountsPayableCurrent / USD,6855000.0,6855000.0,6855000.0,6855000.0,1345000.0,1345000.0,1345000.0,1345000.0,12065000.0,12065000.0,12065000.0,12065000.0,47634000.0,47634000.0,47634000.0,47634000.0,45372000.0,45372000.0,45372000.0,45372000.0,28180000.0,28180000.0,28180000.0,28180000.0,130887000.0,130887000.0,130887000.0
AccountsReceivableNetCurrent / USD,92476000.0,92476000.0,92476000.0,92476000.0,164987000.0,164987000.0,164987000.0,164987000.0,239199000.0,239199000.0,239199000.0,239199000.0,368145000.0,368145000.0,368145000.0,368145000.0,626181000.0,626181000.0,626181000.0,626181000.0,853105000.0,853105000.0,853105000.0,853105000.0,1128564000.0,1128564000.0,1128564000.0
AccretionAmortizationOfDiscountsAndPremiumsInvestments / USD,7000.0,169000.0,625000.0,0.0,513000.0,960000.0,1313000.0,1152000.0,-578000.0,-578000.0,-578000.0,1247000.0,,,,-578000.0,,,0.0,0.0,0.0,0.0,1934000.0,0.0,-2285000.0,-2285000.0,-2285000.0
AccruedBonusesCurrent / USD,5459000.0,5459000.0,5459000.0,5459000.0,8171000.0,8171000.0,8171000.0,8171000.0,12110000.0,12110000.0,16528000.0,12110000.0,17591000.0,17591000.0,17591000.0,17591000.0,34098000.0,34098000.0,34098000.0,34098000.0,36860000.0,36860000.0,36860000.0,36860000.0,42510000.0,,
AccruedLiabilitiesCurrent / USD,32541000.0,32541000.0,32541000.0,32541000.0,30355000.0,30355000.0,30355000.0,30355000.0,51117000.0,51117000.0,51117000.0,51117000.0,83382000.0,83382000.0,83382000.0,83382000.0,137884000.0,137884000.0,137884000.0,137884000.0,125896000.0,125896000.0,125896000.0,125896000.0,191349000.0,191349000.0,191349000.0
AccruedMarketingCostsCurrent / USD,,,,,1970000.0,1970000.0,1970000.0,1970000.0,14592000.0,14592000.0,14592000.0,14592000.0,9801000.0,9801000.0,9801000.0,9801000.0,11435000.0,11435000.0,11435000.0,11435000.0,14623000.0,14623000.0,14623000.0,,,,
AccruedProfessionalFeesCurrent / USD,,,,,,,,,,,,,,,10664000.0,10664000.0,13281000.0,13281000.0,13281000.0,13281000.0,11867000.0,11867000.0,11867000.0,,,,
AccruedSalariesCurrent / USD,4326000.0,4326000.0,4326000.0,4326000.0,6680000.0,6680000.0,6680000.0,6680000.0,16528000.0,16528000.0,32300000.0,16528000.0,24910000.0,24910000.0,24910000.0,24910000.0,39907000.0,39907000.0,39907000.0,39907000.0,58579000.0,58579000.0,58579000.0,58579000.0,69197000.0,,
AccruedSalesCommissionCurrent / USD,9499000.0,9499000.0,9499000.0,9499000.0,15399000.0,15399000.0,15399000.0,15399000.0,32300000.0,32300000.0,10969000.0,32300000.0,47298000.0,47298000.0,47298000.0,47298000.0,77287000.0,77287000.0,77287000.0,77287000.0,116870000.0,116870000.0,116870000.0,116870000.0,174322000.0,,
AccumulatedDepreciationDepletionAndAmortizationPropertyPlantAndEquipment / USD,26688000.0,26688000.0,26688000.0,26688000.0,49664000.0,49664000.0,49664000.0,49664000.0,88534000.0,88534000.0,88534000.0,88534000.0,141778000.0,141778000.0,141778000.0,141778000.0,216279000.0,216279000.0,216279000.0,216279000.0,338266000.0,338266000.0,338266000.0,338266000.0,521754000.0,521754000.0,521754000.0
AccumulatedOtherComprehensiveIncomeLossNetOfTax / USD,98000.0,98000.0,98000.0,98000.0,1009000.0,1009000.0,1009000.0,1009000.0,2319000.0,2319000.0,2319000.0,2319000.0,-1240000.0,-1240000.0,-1240000.0,-1240000.0,-1019000.0,-1019000.0,-1019000.0,-1019000.0,-1663000.0,-1663000.0,-1663000.0,-1663000.0,-9593000.0,-9593000.0,-9593000.0
AdditionalPaidInCapital / USD,31211000.0,31211000.0,31211000.0,31211000.0,1378479000.0,1378479000.0,1378479000.0,1378479000.0,1598259000.0,1598259000.0,1598259000.0,1598259000.0,1991807000.0,1991807000.0,1991807000.0,1991807000.0,2612705000.0,2612705000.0,2612705000.0,2612705000.0,3364328000.0,3364328000.0,3364328000.0,3364328000.0,4367070000.0,4367070000.0,4367070000.0
AdjustmentsToAdditionalPaidInCapitalSharebasedCompensationRequisiteServicePeriodRecognitionValue / USD,1719000.0,3943000.0,17403000.0,12343000.0,3752000.0,33611000.0,55577000.0,20505000.0,23638000.0,61351000.0,101883000.0,79940000.0,53646000.0,129010000.0,214716000.0,149375000.0,100776000.0,230559000.0,369012000.0,305792000.0,129130000.0,292941000.0,451590000.0,519735000.0,181633000.0,380109000.0,586598000.0
AdvertisingExpense / USD,500000.0,1100000.0,2600000.0,1600000.0,,,,3100000.0,,,,8000000.0,,,,27900000.0,,,,50500000.0,,,,53800000.0,,,
AllocatedShareBasedCompensationExpense / USD,1719000.0,3943000.0,17403000.0,12343000.0,3752000.0,33611000.0,55577000.0,20505000.0,23638000.0,61351000.0,101961000.0,79940000.0,54362000.0,130649000.0,217315000.0,149675000.0,102494000.0,234044000.0,374157000.0,309952000.0,130856000.0,295633000.0,455247000.0,526504000.0,183125000.0,384002000.0,592890000.0
AllowanceForDoubtfulAccountsReceivableCurrent / USD,1000000.0,1000000.0,1000000.0,1000000.0,1100000.0,1100000.0,1100000.0,1100000.0,1200000.0,1200000.0,1200000.0,1200000.0,1600000.0,1600000.0,1600000.0,1600000.0,2600000.0,2600000.0,2600000.0,2600000.0,2200000.0,2200000.0,2200000.0,2200000.0,2800000.0,2800000.0,2800000.0
AllowanceForNotesAndLoansReceivableCurrent / USD,,,,,,,,,,,,,,,,,,,,,,,,76000.0,76000.0,76000.0,76000.0
AllowanceForNotesAndLoansReceivableNoncurrent / USD,,,,,,,,,,,,,,,,,,,,,,,,342000.0,342000.0,342000.0,342000.0
AmortizationOfFinancingCosts / USD,,,,,,,,100000.0,,,,400000.0,,,,800000.0,,,,1000000.0,,,,1300000.0,,,
AmortizationOfIntangibleAssets / USD,166000.0,373000.0,435000.0,628000.0,146000.0,285000.0,385000.0,583000.0,103000.0,207000.0,579000.0,487000.0,2417000.0,5735000.0,9072000.0,1448000.0,4088000.0,8192000.0,12338000.0,12902000.0,4174000.0,8276000.0,12913000.0,16565000.0,5995000.0,12332000.0,18665000.0
AntidilutiveSecuritiesExcludedFromComputationOfEarningsPerShareAmount / shares,143982000.0,156129000.0,158494000.0,143095000.0,158270000.0,29966000.0,30337000.0,158685000.0,22992000.0,20064000.0,19037000.0,23194000.0,15495000.0,13830000.0,13730000.0,16515000.0,13141000.0,12972000.0,14118000.0,12664000.0,6855000.0,4060000.0,4516000.0,17400000.0,119000.0,118000.0,853000.0
Assets / USD,433219000.0,433219000.0,433219000.0,433219000.0,1404906000.0,1404906000.0,1404906000.0,1404906000.0,2732533000.0,2732533000.0,2732533000.0,2732533000.0,3618381000.0,3618381000.0,3618381000.0,3618381000.0,5026540000.0,5026540000.0,5026540000.0,5026540000.0,6646520000.0,6646520000.0,6646520000.0,6646520000.0,8701578000.0,8701578000.0,8701578000.0
AssetsCurrent / USD,331388000.0,331388000.0,331388000.0,331388000.0,1171636000.0,1171636000.0,1171636000.0,1171636000.0,2292274000.0,2292274000.0,2292274000.0,2292274000.0,2570952000.0,2570952000.0,2570952000.0,2570952000.0,3640267000.0,3640267000.0,3640267000.0,3640267000.0,4757307000.0,4757307000.0,4757307000.0,4757307000.0,6113345000.0,6113345000.0,6113345000.0
BusinessCombinationContingentConsiderationLiability / USD,,,,,,,,5300000.0,11400000.0,11400000.0,8500000.0,18500000.0,14800000.0,13300000.0,12100000.0,7900000.0,6200000.0,5300000.0,4400000.0,3600000.0,21100000.0,20200000.0,19300000.0,18400000.0,18400000.0,12300000.0,46900000.0
CapitalizedComputerSoftwareAdditions / USD,1700000.0,3200000.0,5000000.0,6500000.0,2000000.0,3500000.0,5700000.0,6800000.0,2300000.0,4700000.0,8200000.0,8100000.0,6200000.0,13800000.0,22800000.0,14000000.0,8100000.0,21600000.0,34500000.0,30700000.0,16600000.0,40200000.0,60000000.0,49300000.0,17500000.0,42500000.0,70400000.0
CapitalizedComputerSoftwareAmortization1 / USD,1100000.0,2300000.0,3500000.0,3200000.0,1500000.0,3000000.0,4600000.0,5200000.0,1900000.0,3700000.0,5600000.0,6200000.0,2500000.0,5300000.0,8600000.0,7900000.0,4300000.0,9200000.0,14800000.0,12400000.0,7500000.0,15900000.0,25400000.0,21500000.0,12800000.0,26600000.0,41400000.0
CapitalizedComputerSoftwareNet / USD,11500000.0,11500000.0,11500000.0,11500000.0,13400000.0,13400000.0,13400000.0,13400000.0,20100000.0,20100000.0,20100000.0,19500000.0,38600000.0,38600000.0,38600000.0,38600000.0,66300000.0,66300000.0,66300000.0,66300000.0,106900000.0,106900000.0,106900000.0,106900000.0,144000000.0,144000000.0,144000000.0
CapitalizedContractCostAmortization / USD,-7345000.0,-11991000.0,-19312000.0,-28642000.0,-7345000.0,-15076000.0,24125000.0,-35459000.0,13451000.0,28171000.0,44940000.0,66425000.0,24376000.0,50419000.0,79712000.0,113884000.0,37592000.0,77554000.0,121550000.0,170808000.0,55322000.0,112877000.0,173158000.0,238901000.0,74128000.0,147851000.0,227713000.0
CapitalizedContractCostImpairmentLoss / USD,,,0.0,0.0,0.0,0.0,0.0,0.0,0.0,0.0,0.0,0.0,0.0,0.0,0.0,0.0,0.0,0.0,0.0,0.0,0.0,0.0,0.0,0.0,0.0,0.0,0.0
CapitalizedContractCostNet / USD,63071000.0,22334000.0,22334000.0,22334000.0,63071000.0,63071000.0,38765000.0,38765000.0,114206000.0,114206000.0,114206000.0,114206000.0,198756000.0,198756000.0,198756000.0,198756000.0,319180000.0,319180000.0,319180000.0,319180000.0,447088000.0,447088000.0,447088000.0,447088000.0,582303000.0,582303000.0,582303000.0
CapitalizedContractCostNetCurrent / USD,28847000.0,18808000.0,22022000.0,28847000.0,26193000.0,34017000.0,35924000.0,42971000.0,53410000.0,53837000.0,62422000.0,80850000.0,85388000.0,95470000.0,108636000.0,126822000.0,135681000.0,148125000.0,162260000.0,186855000.0,186901000.0,197111000.0,209216000.0,246370000.0,244651000.0,251246000.0,294229000.0
CapitalizedContractCostNetNoncurrent / USD,9918000.0,5833000.0,8531000.0,9918000.0,38004000.0,41766000.0,58260000.0,71235000.0,69908000.0,81186000.0,91585000.0,117906000.0,125392000.0,140443000.0,162309000.0,192358000.0,197261000.0,202441000.0,218635000.0,260233000.0,254397000.0,261574000.0,273859000.0,335933000.0,330004000.0,341539000.0,421773000.0
CashAndCashEquivalentsAtCarryingValue / USD,88408000.0,88408000.0,88408000.0,,264798000.0,264798000.0,264798000.0,,1918608000.0,1918608000.0,1918608000.0,,1996633000.0,1787051000.0,1907508000.0,1918608000.0,2152736000.0,2318858000.0,2466551000.0,1996633000.0,2829677000.0,3167215000.0,2968872000.0,2455369000.0,3702437000.0,4038536000.0,4260324000.0
CashCashEquivalentsRestrictedCashAndRestrictedCashEquivalents / USD,63179000.0,63179000.0,63179000.0,22826000.0,88408000.0,88408000.0,88408000.0,63179000.0,264798000.0,264798000.0,264798000.0,88408000.0,1918608000.0,1918608000.0,1918608000.0,264798000.0,1996633000.0,1996633000.0,1996633000.0,1918608000.0,2456924000.0,2456924000.0,2456924000.0,1996633000.0,3377597000.0,3377597000.0,3377597000.0
CashCashEquivalentsRestrictedCashAndRestrictedCashEquivalentsPeriodIncreaseDecreaseIncludingExchangeRateEffect / USD,-13774000.0,52355000.0,20283000.0,40353000.0,4585000.0,644400000.0,655197000.0,25229000.0,740193000.0,799936000.0,795128000.0,176390000.0,-233611000.0,-131557000.0,-11100000.0,1653810000.0,156103000.0,323761000.0,471425000.0,78025000.0,374641000.0,712192000.0,514433000.0,460291000.0,327695000.0,662819000.0,884617000.0
CashEquivalentsAtCarryingValue / USD,,,,,,,,,,,,0.0,,,,1000000000.0,1600000000.0,1600000000.0,1600000000.0,1600000000.0,,,,3100000000.0,,,
CommonStockValue / USD,24000.0,24000.0,24000.0,24000.0,,,,,112000.0,112000.0,112000.0,,115000.0,115000.0,115000.0,115000.0,118000.0,118000.0,118000.0,118000.0,121000.0,121000.0,121000.0,121000.0,124000.0,124000.0,124000.0
ComprehensiveIncomeNetOfTax / USD,-33949000.0,-67186000.0,-109935000.0,-134505000.0,-26261000.0,-78494000.0,-113567000.0,,-21235000.0,-48990000.0,-74021000.0,-140868000.0,-85251000.0,-143136000.0,-194256000.0,-91319000.0,-34471000.0,-85243000.0,-143708000.0,-238361000.0,1649000.0,10895000.0,31367000.0,-183024000.0,39723000.0,88394000.0,72648000.0
ComprehensiveIncomeNetOfTaxAttributableToNoncontrollingInterest / USD,,,,,,,,,0.0,0.0,0.0,0.0,2178000.0,2178000.0,2183000.0,0.0,1114000.0,2086000.0,2411000.0,2424000.0,8000.0,12000.0,16000.0,960000.0,3444000.0,3121000.0,3124000.0
ContractWithCustomerLiability / USD,290067000.0,290067000.0,290067000.0,158950000.0,290067000.0,290067000.0,290067000.0,290067000.0,571168000.0,571168000.0,571168000.0,571168000.0,911895000.0,911895000.0,911895000.0,911895000.0,1529321000.0,1529321000.0,1529321000.0,1529321000.0,2355113000.0,2355113000.0,2355113000.0,2355113000.0,3054099000.0,3054099000.0,3054099000.0
ContractWithCustomerLiabilityCurrent / USD,218700000.0,218700000.0,218700000.0,218700000.0,412985000.0,412985000.0,412985000.0,412985000.0,701988000.0,701988000.0,701988000.0,701988000.0,1136502000.0,1136502000.0,1136502000.0,1136502000.0,1727484000.0,1727484000.0,1727484000.0,1727484000.0,2270757000.0,2270757000.0,2270757000.0,2270757000.0,2733005000.0,2733005000.0,2733005000.0
ContractWithCustomerLiabilityNoncurrent / USD,71367000.0,71367000.0,71367000.0,71367000.0,158183000.0,158183000.0,158183000.0,158183000.0,209907000.0,209907000.0,209907000.0,209907000.0,392819000.0,392819000.0,392819000.0,392819000.0,627629000.0,627629000.0,627629000.0,627629000.0,783342000.0,783342000.0,783342000.0,783342000.0,995672000.0,995672000.0,995672000.0
ContractWithCustomerLiabilityRevenueRecognized / USD,79900000.0,169500000.0,203700000.0,217900000.0,79900000.0,169500000.0,203700000.0,217900000.0,141500000.0,261900000.0,354500000.0,410700000.0,244300000.0,447200000.0,598800000.0,696700000.0,397700000.0,728900000.0,972400000.0,1126900000.0,596400000.0,1089900000.0,1465500000.0,1718500000.0,792200000.0,1456500000.0,1945400000.0
CostOfGoodsAndServicesSold / USD,19394000.0,37969000.0,60243000.0,54486000.0,29273000.0,60856000.0,98211000.0,87238000.0,46895000.0,101286000.0,162813000.0,141627000.0,78505000.0,168937000.0,270601000.0,229545000.0,126832000.0,267399000.0,425627000.0,383221000.0,169230000.0,352147000.0,547151000.0,601231000.0,225003000.0,462404000.0,717491000.0
CurrentFederalTaxExpenseBenefit / USD,,,,,,,,0.0,,,,0.0,,,,0.0,,,,0.0,,,,0.0,,,
CurrentForeignTaxExpenseBenefit / USD,,,,,,,,1481000.0,,,,2574000.0,,,,5811000.0,,,,85700000.0,,,,20241000.0,,,
CurrentIncomeTaxExpenseBenefit / USD,,,,1040000.0,,,,1785000.0,,,,2678000.0,,,,6212000.0,,,,86311000.0,,,,21096000.0,,,
CurrentStateAndLocalTaxExpenseBenefit / USD,,,,,,,,304000.0,,,,104000.0,,,,401000.0,,,,611000.0,,,,855000.0,,,
DeferredCompensationLiabilityCurrentAndNoncurrent / USD,,,,,,,,,,,,,,,,,,,,0.0,,,,2300000.0,,,
DeferredFederalIncomeTaxExpenseBenefit / USD,,,,,,,,0.0,,,,-362000.0,,,,-136000.0,,,,-363000.0,,,,135000.0,,,
DeferredFinanceCostsNet / USD,,,,,,,,1200000.0,,,,4400000.0,,,,4600000.0,,,,4500000.0,,,,4000000.0,,,
DeferredForeignIncomeTaxExpenseBenefit / USD,,,,,,,,-418000.0,,,,-262000.0,,,,-999000.0,,,,-13530000.0,,,,1082000.0,,,
DeferredIncomeTaxExpenseBenefit / USD,,,,-111000.0,,,,-418000.0,,,,-681000.0,-207000.0,-967000.0,-1338000.0,-1452000.0,1752000.0,1604000.0,2286000.0,-13956000.0,-255000.0,-352000.0,-2355000.0,1306000.0,-255000.0,-1929000.0,-2122000.0
DeferredIncomeTaxLiabilities / USD,,,,2200000.0,,,,6990000.0,,,,21015000.0,,,,19657000.0,,,,136998000.0,,,,206359000.0,,,
DeferredStateAndLocalIncomeTaxExpenseBenefit / USD,,,,,,,,0.0,,,,-57000.0,,,,-317000.0,,,,-63000.0,,,,89000.0,,,
DeferredTaxAssetsGoodwillAndIntangibleAssets / USD,,,,307000.0,,,,78000.0,,,,0.0,,,,61008000.0,,,,62650000.0,,,,81551000.0,,,
DeferredTaxAssetsGross / USD,,,,122492000.0,,,,214749000.0,,,,436083000.0,,,,795245000.0,,,,1051521000.0,,,,1171295000.0,,,
DeferredTaxAssetsInProcessResearchAndDevelopment / USD,,,,,,,,0.0,,,,63158000.0,,,,154625000.0,,,,286124000.0,,,,320708000.0,,,
DeferredTaxAssetsLiabilitiesNet / USD,,,,163000.0,,,,163000.0,,,,1240000.0,,,,4727000.0,,,,4453000.0,,,,7226000.0,,,
DeferredTaxAssetsNet / USD,,,,2101000.0,,,,7153000.0,,,,22255000.0,,,,24384000.0,,,,141451000.0,,,,213585000.0,,,
DeferredTaxAssetsOperatingLossCarryforwards / USD,,,,95619000.0,,,,166083000.0,,,,289889000.0,,,,428238000.0,,,,441352000.0,,,,420803000.0,,,
DeferredTaxAssetsTaxCreditCarryforwardsResearch / USD,,,,11102000.0,,,,15355000.0,,,,22778000.0,,,,56539000.0,,,,75712000.0,,,,100002000.0,,,
DeferredTaxAssetsTaxDeferredExpenseCompensationAndBenefitsShareBasedCompensationCost / USD,,,,498000.0,,,,8716000.0,,,,20154000.0,,,,33202000.0,,,,44861000.0,,,,33885000.0,,,
DeferredTaxAssetsTaxDeferredExpenseOther / USD,,,,1009000.0,,,,950000.0,,,,0.0,,,,4514000.0,,,,,,,,0.0,,,
DeferredTaxAssetsTaxDeferredExpenseReservesAndAccruals / USD,,,,1712000.0,,,,2555000.0,,,,7791000.0,,,,12550000.0,,,,17890000.0,,,,23956000.0,,,
DeferredTaxAssetsValuationAllowance / USD,,,,72200000.0,,,,120400000.0,,,,207600000.0,,,,413800000.0,,,,770900000.0,,,,910100000.0,,,
DeferredTaxLiabilitiesDeferredExpenseOtherCapitalizedCosts / USD,,,,0.0,,,,4456000.0,,,,2960000.0,,,,1632000.0,,,,99397000.0,,,,128302000.0,,,
DeferredTaxLiabilitiesGoodwillAndIntangibleAssetsIntangibleAssets / USD,,,,310000.0,,,,0.0,,,,3697000.0,,,,,,,,0.0,,,,6489000.0,,,
DeferredTaxLiabilitiesPropertyPlantAndEquipment / USD,,,,1890000.0,,,,2534000.0,,,,4446000.0,,,,8769000.0,,,,24096000.0,,,,51335000.0,,,
EarningsPerShareBasic / USD/shares,,,,,,,,,-0.09,-0.23,-0.34,-0.96,-0.38,-0.63,-0.85,-0.43,-0.14,-0.35,-0.58,-1.03,0.0,0.04,0.15,-0.79,0.18,0.37,0.3
EarningsPerShareDiluted / USD/shares,,,,,,,,,-0.09,-0.23,-0.34,-0.96,-0.38,-0.63,-0.85,-0.43,-0.14,-0.35,-0.58,-1.03,0.0,0.04,0.15,-0.79,0.17,0.36,0.29
EffectOfExchangeRateOnCashCashEquivalentsRestrictedCashAndRestrictedCashEquivalents / USD,-74000.0,-255000.0,-296000.0,618000.0,-86000.0,-349000.0,43000.0,-162000.0,12000.0,796000.0,691000.0,-66000.0,1193000.0,-243000.0,-1663000.0,1682000.0,-2472000.0,-4330000.0,-7074000.0,-4774000.0,-190000.0,1083000.0,-3411000.0,-1495000.0,-1917000.0,-1040000.0,-641000.0
EffectiveIncomeTaxRateContinuingOperations / pure,-0.004,-0.016,-0.0094,,-0.023,-0.016,-0.015,,0.057,0.031,0.027,,1.431,0.617,0.438,,0.127,0.117,0.147,,-0.898,-0.501,-0.343,,0.142,0.167,0.246
EffectiveIncomeTaxRateReconciliationShareBasedCompensationExcessTaxBenefitAmount / USD,,,,3738000.0,,,,2414000.0,,,,-43477000.0,,,,-140489000.0,,,,-145964000.0,,,,-47335000.0,,,
EmployeeRelatedLiabilitiesCurrent / USD,19284000.0,19284000.0,19284000.0,19284000.0,36810000.0,36810000.0,36810000.0,36810000.0,71907000.0,71907000.0,71907000.0,71907000.0,104563000.0,104563000.0,104563000.0,104563000.0,168767000.0,168767000.0,168767000.0,168767000.0,234624000.0,234624000.0,234624000.0,234624000.0,319243000.0,319243000.0,319243000.0
EmployeeServiceShareBasedCompensationNonvestedAwardsTotalCompensationCostNotYetRecognizedStockOptions / USD,,,,,,,,,24300000.0,24300000.0,24300000.0,,12600000.0,9400000.0,7100000.0,2500000.0,1700000.0,1200000.0,6400000.0,4300000.0,7300000.0,6200000.0,5000000.0,8000000.0,6500000.0,4900000.0,19800000.0
EntityCommonStockSharesOutstanding / shares,,,,,,,,,,,,,,,,,,,,,,,,,249248174.0,250955140.0,252098440.0
EntityPublicFloat / USD,,,,6150000000.0,,,,20800000000.0,,,,51500000000.0,,,,42800000000.0,,,,38600000000.0,,,,53500000000.0,,,
EquityMethodInvestments / USD,,,,0.0,1000000.0,1000000.0,1000000.0,1000000.0,2500000.0,2500000.0,2500000.0,2500000.0,23632000.0,23632000.0,23632000.0,23632000.0,23632000.0,23632000.0,23632000.0,23632000.0,56244000.0,56244000.0,56244000.0,56244000.0,72544000.0,72544000.0,72544000.0
EquitySecuritiesFvNiGainLoss / USD,,,,,,,,,0.0,0.0,0.0,0.0,4356000.0,4356000.0,4356000.0,0.0,2208000.0,4128000.0,4757000.0,4823000.0,,,,1830000.0,0.0,0.0,0.0
EquitySecuritiesFvNiRealizedGain / USD,,,,,,,,,,,,,,,,,,,,,,,,0.0,6881000.0,6881000.0,6881000.0
EquitySecuritiesFvNiRealizedGainLoss / USD,,,,,,,,,,,,,,,,,,,,,0.0,0.0,0.0,0.0,6881000.0,6226000.0,6226000.0
EquitySecuritiesFvNiRealizedLoss / USD,,,,,,,,,,,,,,,,,,,,,,,,0.0,,655000.0,655000.0
EquitySecuritiesFvNiUnrealizedGain / USD,,,,,,,,,,,,,,,,,,,,,,,,4758000.0,,,
EquitySecuritiesFvNiUnrealizedGainLoss / USD,,,,,,,,,,,,,,,,,,,,,,,,1830000.0,0.0,0.0,0.0
EquitySecuritiesFvNiUnrealizedLoss / USD,,,,,,,,,,,,,,,,,,,,,,,,2928000.0,0.0,0.0,0.0
FiniteLivedIntangibleAssetsAccumulatedAmortization / USD,979000.0,979000.0,979000.0,979000.0,1439000.0,1439000.0,1439000.0,1439000.0,3004000.0,3004000.0,3004000.0,3004000.0,14774000.0,14774000.0,14774000.0,14774000.0,31312000.0,31312000.0,31312000.0,31312000.0,49697000.0,49697000.0,49697000.0,49697000.0,75641000.0,75641000.0,75641000.0
FiniteLivedIntangibleAssetsAmortizationExpenseAfterYearFive / USD,,,,,,,2172000.0,134000.0,,,,23206000.0,,,,13143000.0,,,,13723000.0,,,,11121000.0,,,
FiniteLivedIntangibleAssetsAmortizationExpenseNextTwelveMonths / USD,,,,321000.0,,,,3462000.0,13199000.0,13199000.0,13253000.0,16300000.0,15649000.0,15631000.0,16358000.0,16442000.0,16409000.0,16422000.0,22101000.0,23089000.0,24240000.0,24240000.0,24240000.0,29423000.0,27248000.0,27248000.0,32757000.0
FiniteLivedIntangibleAssetsAmortizationExpenseRemainderOfFiscalYear / USD,332000.0,206000.0,104000.0,,217000.0,126000.0,869000.0,,9951000.0,6634000.0,3323000.0,,12249000.0,8150000.0,4247000.0,,12308000.0,8219000.0,5527000.0,,19003000.0,12666000.0,6332000.0,,21799000.0,14171000.0,8190000.0
FiniteLivedIntangibleAssetsAmortizationExpenseYearFive / USD,,,0.0,0.0,,,3260000.0,2182000.0,,,,12261000.0,,,,12582000.0,,,,16573000.0,,,,14605000.0,,,
FiniteLivedIntangibleAssetsAmortizationExpenseYearFour / USD,88000.0,85000.0,85000.0,0.0,,,3260000.0,3268000.0,11329000.0,11331000.0,11387000.0,14437000.0,12302000.0,12267000.0,13010000.0,13095000.0,12634000.0,12634000.0,18313000.0,19326000.0,18823000.0,18799000.0,18799000.0,23982000.0,14605000.0,14605000.0,19714000.0
FiniteLivedIntangibleAssetsAmortizationExpenseYearThree / USD,126000.0,123000.0,123000.0,85000.0,83000.0,91000.0,3350000.0,3268000.0,12416000.0,12418000.0,12474000.0,15524000.0,14477000.0,14460000.0,15186000.0,15270000.0,13147000.0,13147000.0,18827000.0,19817000.0,21577000.0,21552000.0,21552000.0,26735000.0,23982000.0,23982000.0,29091000.0
FiniteLivedIntangibleAssetsAmortizationExpenseYearTwo / USD,333000.0,324000.0,325000.0,121000.0,119000.0,130000.0,3445000.0,3363000.0,12500000.0,12502000.0,12558000.0,15608000.0,15564000.0,15547000.0,16273000.0,16357000.0,15322000.0,15322000.0,21001000.0,21990000.0,22064000.0,22065000.0,22065000.0,27248000.0,26735000.0,26735000.0,32111000.0
FiniteLivedIntangibleAssetsGross / USD,2027000.0,2027000.0,2027000.0,2027000.0,1966000.0,1966000.0,1966000.0,1966000.0,18681000.0,18681000.0,18681000.0,18681000.0,112110000.0,112110000.0,112110000.0,112110000.0,118201000.0,118201000.0,118201000.0,118201000.0,164215000.0,164215000.0,164215000.0,164215000.0,208755000.0,208755000.0,208755000.0
FiniteLivedIntangibleAssetsNet / USD,1048000.0,1048000.0,1048000.0,1048000.0,527000.0,527000.0,527000.0,527000.0,15677000.0,15677000.0,15677000.0,15677000.0,97336000.0,97336000.0,97336000.0,97336000.0,86889000.0,86889000.0,86889000.0,86889000.0,114518000.0,114518000.0,114518000.0,114518000.0,133114000.0,133114000.0,133114000.0
GainContingencyPatentsAllegedlyInfringedUponNumber / patent,,,,,,,,,,,,,,2.0,2.0,2.0,2.0,2.0,2.0,2.0,2.0,2.0,2.0,2.0,,,
GainLossOnInvestments / USD,,,,,,,,,,,,,,,,,,,,0.0,0.0,0.0,0.0,0.0,6881000.0,6227000.0,6227000.0
GeneralAndAdministrativeExpense / USD,6777000.0,15254000.0,28868000.0,32542000.0,11861000.0,42122000.0,63737000.0,42217000.0,25043000.0,54004000.0,85955000.0,89068000.0,42374000.0,92719000.0,148780000.0,121436000.0,67954000.0,148217000.0,232365000.0,223092000.0,82634000.0,184438000.0,290027000.0,317344000.0,103734000.0,210168000.0,337113000.0
Goodwill / USD,7947000.0,7947000.0,7947000.0,7947000.0,7722000.0,7722000.0,7722000.0,7722000.0,83566000.0,83566000.0,83566000.0,83566000.0,416445000.0,416445000.0,416445000.0,416445000.0,430645000.0,430645000.0,430645000.0,430645000.0,638041000.0,638041000.0,638041000.0,638041000.0,912805000.0,912805000.0,912805000.0
GoodwillForeignCurrencyTranslationGainLoss / USD,,,,,,,228000.0,547000.0,-141000.0,-529000.0,-950000.0,-1415000.0,-298000.0,-460000.0,-593000.0,-120000.0,110000.0,52000.0,-129000.0,-54000.0,-50000.0,-2000.0,18000.0,-217000.0,480000.0,520000.0,-2088000.0
GoodwillImpairmentLoss / USD,0.0,0.0,0.0,0.0,,,,0.0,,,,0.0,,,,0.0,,,,0.0,,,,0.0,,,
GrossProfit / USD,27895000.0,65021000.0,109126000.0,64266000.0,66804000.0,143329000.0,231093000.0,162586000.0,131183000.0,275763000.0,446696000.0,339786000.0,224338000.0,471596000.0,749983000.0,644893000.0,361002000.0,755588000.0,1178242000.0,1068373000.0,523350000.0,1072059000.0,1663069000.0,1640005000.0,696033000.0,1422504000.0,2177595000.0
ImpairmentOfLongLivedAssetsHeldForUse / USD,,,,,,,,,,,,,0.0,0.0,0.0,,0.0,0.0,0.0,,0.0,0.0,0.0,,0.0,0.0,0.0
ImpairmentOfLongLivedAssetsToBeDisposedOf / USD,0.0,0.0,0.0,0.0,,,,0.0,,,,0.0,,,,0.0,,,,0.0,,,,0.0,,,
IncomeLossFromContinuingOperationsBeforeIncomeTaxesDomestic / USD,,,,-137523000.0,,,,-143308000.0,,,,-149807000.0,,,,-94713000.0,,,,-179334000.0,,,,-195042000.0,,,
IncomeLossFromContinuingOperationsBeforeIncomeTaxesExtraordinaryItemsNoncontrollingInterest / USD,-33496000.0,-66011000.0,-107799000.0,-134561000.0,-25382000.0,-76636000.0,-111707000.0,-138710000.0,-18186000.0,-47619000.0,-71699000.0,-139782000.0,-32809000.0,-85889000.0,-131866000.0,-87869000.0,-26969000.0,-70504000.0,-116265000.0,-160023000.0,4908000.0,17995000.0,54267000.0,-159883000.0,53931000.0,111535000.0,100997000.0
IncomeLossFromContinuingOperationsBeforeIncomeTaxesForeign / USD,,,,2962000.0,,,,4598000.0,,,,10025000.0,,,,6844000.0,,,,19311000.0,,,,35159000.0,,,
IncomeTaxExpenseBenefit / USD,121000.0,483000.0,1018000.0,929000.0,595000.0,1230000.0,1664000.0,1367000.0,1036000.0,1477000.0,1928000.0,1997000.0,50062000.0,54300000.0,58773000.0,4760000.0,3440000.0,8218000.0,17088000.0,72355000.0,4409000.0,9020000.0,18623000.0,22402000.0,7667000.0,18581000.0,24862000.0
IncomeTaxReconciliationChangeInDeferredTaxAssetsValuationAllowance / USD,,,,6391000.0,,,,29676000.0,,,,77016000.0,,,,168869000.0,,,,210680000.0,,,,102892000.0,,,
IncomeTaxReconciliationForeignIncomeTaxRateDifferential / USD,,,,-285000.0,,,,97000.0,,,,207000.0,,,,1994000.0,,,,574000.0,,,,11003000.0,,,
IncomeTaxReconciliationIncomeTaxExpenseBenefitAtFederalStatutoryIncomeTaxRate / USD,,,,-44265000.0,,,,-29129000.0,,,,-29354000.0,,,,-18453000.0,,,,-33605000.0,,,,-33777000.0,,,
IncomeTaxReconciliationNondeductibleExpense / USD,,,,1142000.0,,,,1833000.0,,,,1773000.0,,,,2212000.0,,,,2783000.0,,,,2800000.0,,,
IncomeTaxReconciliationOtherAdjustments / USD,,,,,,,,,,,,0.0,,,,0.0,,,,-909000.0,,,,0.0,,,
IncomeTaxReconciliationStateAndLocalIncomeTaxes / USD,,,,162000.0,,,,245000.0,,,,25000.0,,,,0.0,,,,673000.0,,,,944000.0,,,
IncomeTaxReconciliationTaxCredits / USD,,,,2621000.0,,,,3769000.0,,,,1534000.0,,,,9373000.0,,,,19113000.0,,,,19465000.0,,,
IncomeTaxesPaidNet / USD,187000.0,432000.0,576000.0,107000.0,114000.0,413000.0,1054000.0,1394000.0,353000.0,663000.0,1536000.0,1862000.0,1385000.0,2337000.0,3854000.0,1732000.0,3948000.0,4967000.0,6769000.0,74677000.0,3377000.0,9991000.0,17911000.0,11943000.0,7594000.0,10250000.0,14195000.0
IncreaseDecreaseInAccountsPayable / USD,2316000.0,-7703000.0,-6280000.0,7136000.0,2818000.0,-5897000.0,-3773000.0,-2403000.0,4736000.0,9634000.0,6556000.0,-6570000.0,-10562000.0,5383000.0,-7033000.0,11325000.0,-36431000.0,794000.0,25007000.0,33248000.0,-18596000.0,-2982000.0,2361000.0,-15463000.0,276000.0,-72000.0,34096000.0
IncreaseDecreaseInAccountsReceivable / USD,-20684000.0,-2116000.0,17936000.0,35268000.0,-5375000.0,22802000.0,53631000.0,33413000.0,-20651000.0,-16020000.0,6603000.0,72511000.0,-31740000.0,23903000.0,40644000.0,73022000.0,1058000.0,50728000.0,117240000.0,125354000.0,-165089000.0,-86718000.0,-65858000.0,258109000.0,-150249000.0,-192060000.0,-39184000.0
IncreaseDecreaseInAccruedLiabilitiesAndOtherOperatingLiabilities / USD,-7328000.0,-9058000.0,-2331000.0,16603000.0,-2407000.0,-2095000.0,3405000.0,3564000.0,-1095000.0,-8112000.0,1643000.0,10097000.0,42180000.0,67290000.0,74426000.0,33083000.0,-7300000.0,5723000.0,21820000.0,38483000.0,-36576000.0,4935000.0,33597000.0,58923000.0,-16629000.0,7968000.0,85667000.0
IncreaseDecreaseInContractWithCustomerLiability / USD,9395000.0,37246000.0,72219000.0,82169000.0,24812000.0,79362000.0,157239000.0,131117000.0,64805000.0,118672000.0,189582000.0,280768000.0,109376000.0,251742000.0,375582000.0,338803000.0,163276000.0,314831000.0,486177000.0,616408000.0,48678000.0,152528000.0,185655000.0,825751000.0,15041000.0,38859000.0,142180000.0
IncreaseDecreaseInEmployeeRelatedLiabilities / USD,-4297000.0,-1647000.0,3498000.0,9005000.0,-6601000.0,773000.0,17621000.0,971000.0,648000.0,-711000.0,18712000.0,17526000.0,5969000.0,22853000.0,22258000.0,33212000.0,13235000.0,245000.0,21635000.0,32681000.0,-17281000.0,-30161000.0,1810000.0,65226000.0,-17692000.0,-29432000.0,89896000.0
IncreaseDecreaseInOperatingLeaseLiability / USD,,,,,,,,,,,,,,-5022000.0,-7394000.0,,-2210000.0,-4704000.0,-7037000.0,-9900000.0,-3199000.0,-6475000.0,-16147000.0,-10364000.0,-4531000.0,-7113000.0,-11812000.0
IncreaseDecreaseInPrepaidDeferredExpenseAndOtherAssets / USD,-1202000.0,91000.0,2307000.0,12718000.0,4049000.0,12505000.0,19883000.0,5819000.0,-5332000.0,1953000.0,-1487000.0,44008000.0,685000.0,46687000.0,8051000.0,-2198000.0,-4243000.0,10938000.0,14121000.0,29535000.0,8542000.0,26338000.0,21972000.0,46807000.0,28602000.0,63224000.0,42832000.0
InterestExpenseNonoperating / USD,,,,,,,,,,,,,,,,,,,,,,,19334000.0,25319000.0,6511000.0,13060000.0,19647000.0
InterestPaidNet / USD,191000.0,448000.0,449000.0,1648000.0,1000.0,2000.0,3000.0,449000.0,0.0,0.0,4000.0,7000.0,11000.0,78000.0,13048000.0,18000.0,11265000.0,11289000.0,22547000.0,13088000.0,11250000.0,11250000.0,22500000.0,22551000.0,11250000.0,11250000.0,22500000.0
InterestPayableCurrent / USD,,,,,,,,,687000.0,687000.0,5709000.0,687000.0,10375000.0,10375000.0,10375000.0,10375000.0,10375000.0,10375000.0,10375000.0,10375000.0,10375000.0,10375000.0,10375000.0,,,,
InvestmentIncomeInterest / USD,,,,,,,,,,,,,,,,,,,,,,,107245000.0,52495000.0,45850000.0,97376000.0,149577000.0
LeaseCost / USD,,,,,3612000.0,7293000.0,11236000.0,15272000.0,3612000.0,7293000.0,11236000.0,15272000.0,,,,15272000.0,,,,18054000.0,,,,21707000.0,,,
LesseeOperatingLeaseLiabilityPaymentsDue / USD,24165000.0,24990000.0,47511000.0,50686000.0,45857000.0,51401000.0,48605000.0,46184000.0,45657000.0,43089000.0,41428000.0,38477000.0,,,18700000.0,46984000.0,,,,56271000.0,,,,49744000.0,,75872000.0,81537000.0
LesseeOperatingLeaseLiabilityPaymentsDueAfterYearFive / USD,1712000.0,2058000.0,10441000.0,3671000.0,3651000.0,4151000.0,4158000.0,279000.0,,,,,,,,4859000.0,,,,6078000.0,,,,3717000.0,,,
LesseeOperatingLeaseLiabilityPaymentsDueNextTwelveMonths / USD,,,,9958000.0,,,,10187000.0,11578000.0,11660000.0,11895000.0,10539000.0,,,,11766000.0,,,,15290000.0,,,,14135000.0,,16503000.0,18776000.0
LesseeOperatingLeaseLiabilityPaymentsDueYearFive / USD,3090000.0,3498000.0,8452000.0,8441000.0,8414000.0,9934000.0,9950000.0,4050000.0,,,,558000.0,,,,4432000.0,,,,4482000.0,,,,3787000.0,,,
LesseeOperatingLeaseLiabilityPaymentsDueYearFour / USD,4365000.0,4753000.0,8488000.0,9370000.0,9258000.0,10785000.0,10785000.0,9973000.0,4412000.0,4521000.0,4811000.0,4791000.0,,,,4992000.0,,,,8269000.0,,,,6042000.0,,9219000.0,11105000.0
LesseeOperatingLeaseLiabilityPaymentsDueYearThree / USD,5229000.0,5600000.0,8868000.0,9377000.0,9307000.0,10856000.0,10838000.0,10816000.0,10421000.0,10518000.0,10764000.0,10728000.0,,,,9005000.0,,,,8585000.0,,,,10794000.0,,11206000.0,13115000.0
LesseeOperatingLeaseLiabilityPaymentsDueYearTwo / USD,5469000.0,5877000.0,9121000.0,9869000.0,9746000.0,11413000.0,11380000.0,10879000.0,11539000.0,11627000.0,11861000.0,11861000.0,,,,11930000.0,,,,13567000.0,,,,11269000.0,,15849000.0,17966000.0
LesseeOperatingLeaseLiabilityPaymentsRemainderOfFiscalYear / USD,4300000.0,3204000.0,2141000.0,,5481000.0,4262000.0,1494000.0,,7279000.0,4307000.0,1489000.0,,,,,,,,,,,,,,,6630000.0,603000.0
LesseeOperatingLeaseLiabilityUndiscountedExcessAmount / USD,,,,,6277000.0,6624000.0,5953000.0,5221000.0,4866000.0,4337000.0,3827000.0,3278000.0,,,,4371000.0,,,,5891000.0,,,,4826000.0,,10071000.0,8590000.0
Liabilities / USD,363100000.0,363100000.0,363100000.0,363100000.0,662299000.0,662299000.0,662299000.0,662299000.0,1860659000.0,1860659000.0,1860659000.0,1860659000.0,2580738000.0,2580738000.0,2580738000.0,2580738000.0,3539106000.0,3539106000.0,3539106000.0,3539106000.0,4309431000.0,4309431000.0,4309431000.0,4309431000.0,5382661000.0,5382661000.0,5382661000.0
LiabilitiesAndStockholdersEquity / USD,433219000.0,433219000.0,433219000.0,433219000.0,1404906000.0,1404906000.0,1404906000.0,1404906000.0,2732533000.0,2732533000.0,2732533000.0,2732533000.0,3618381000.0,3618381000.0,3618381000.0,3618381000.0,5026540000.0,5026540000.0,5026540000.0,5026540000.0,6646520000.0,6646520000.0,6646520000.0,6646520000.0,8701578000.0,8701578000.0,8701578000.0
LiabilitiesCurrent / USD,281420000.0,281420000.0,281420000.0,281420000.0,493096000.0,493096000.0,493096000.0,493096000.0,863553000.0,863553000.0,863553000.0,863553000.0,1406830000.0,1406830000.0,1406830000.0,1406830000.0,2109072000.0,2109072000.0,2109072000.0,2109072000.0,2697279000.0,2697279000.0,2697279000.0,2697279000.0,3461050000.0,3461050000.0,3461050000.0
LongTermDebtNoncurrent / USD,,,,,,,,0.0,738029000.0,738029000.0,738029000.0,738029000.0,739517000.0,739517000.0,739517000.0,739517000.0,741005000.0,741005000.0,741005000.0,741005000.0,742494000.0,742494000.0,742494000.0,742494000.0,743983000.0,743983000.0,743983000.0
LossContingencyAccrualAtCarryingValue / USD,0.0,0.0,0.0,0.0,0.0,0.0,0.0,0.0,0.0,0.0,0.0,,0.0,,,,,,,,,4291000.0,0.0,,21145000.0,21145000.0,21145000.0
LossContingencyAccrualPayments / USD,,,,,,,,,,,,,,,,,,,,,,840000.0,17245000.0,38917000.0,38874000.0,45917000.0,98883000.0
LossContingencyAccrualProvision / USD,,,,,,,,,,,,,,,,,,,,,,5131000.0,39054000.0,60062000.0,39727000.0,75383000.0,101556000.0
LossContingencyNewClaimsFiledNumber / lawsuit,,,,,,,,,,,,,,,,,,,,,,,3.0,3.0,3.0,3.0,3.0
LossContingencyPatentsAllegedlyInfringedNumber / patent,,,,,,,,,,,,,,6.0,6.0,6.0,6.0,6.0,6.0,6.0,6.0,6.0,6.0,6.0,,,
LossContingencyPendingClaimsNumber / lawsuit,,,,,,,,,,,,,,,,,,,,,,,,,3.0,3.0,3.0
MarketableSecurities / USD,,,,,,,,,,,,,,,,,,,,0.0,,,,2300000.0,,,
MinorityInterest / USD,,,,0.0,500000.0,500000.0,500000.0,500000.0,1300000.0,1300000.0,1300000.0,1300000.0,11879000.0,11879000.0,11879000.0,11879000.0,23793000.0,23793000.0,23793000.0,23793000.0,33139000.0,33139000.0,33139000.0,33139000.0,39423000.0,39423000.0,39423000.0
MinorityInterestDecreaseFromDistributionsToNoncontrollingInterestHolders / USD,,,,,,,,,,,,,,,,,,,,,,,,,3341000.0,,
MinorityInterestPeriodIncreaseDecrease / USD,,,,,,,,,,,,,,,,,,,,,,,,,,1415000.0,1415000.0
NetCashProvidedByUsedInFinancingActivities / USD,449000.0,182620000.0,190714000.0,126831000.0,-882000.0,679802000.0,678834000.0,190389000.0,6893000.0,34435000.0,39606000.0,706144000.0,2609000.0,38799000.0,46353000.0,800135000.0,4568000.0,43327000.0,48303000.0,72531000.0,7908000.0,57645000.0,59698000.0,77437000.0,-2518000.0,59978000.0,60822000.0
NetCashProvidedByUsedInInvestingActivities / USD,-7756000.0,-94873000.0,-131359000.0,-28330000.0,4138000.0,-30254000.0,-57516000.0,-142030000.0,634711000.0,611103000.0,512728000.0,-629631000.0,-384946000.0,-426121000.0,-470856000.0,495427000.0,-60950000.0,-140099000.0,-237518000.0,-564516000.0,66031000.0,107791000.0,-361045000.0,-556658000.0,-51098000.0,-105988000.0,-211569000.0
NetCashProvidedByUsedInOperatingActivities / USD,-6393000.0,-35137000.0,-38776000.0,-58766000.0,1415000.0,-4799000.0,33836000.0,-22968000.0,98577000.0,153602000.0,242103000.0,99943000.0,147533000.0,256008000.0,415066000.0,356566000.0,214957000.0,424863000.0,667714000.0,574784000.0,300892000.0,545673000.0,819191000.0,941007000.0,383228000.0,709869000.0,1036005000.0
NetIncomeLoss / USD,-33617000.0,-66494000.0,-108817000.0,-135490000.0,-25977000.0,-77866000.0,-113371000.0,-140077000.0,-19222000.0,-49096000.0,-73627000.0,-141779000.0,-85049000.0,-142367000.0,-192822000.0,-92629000.0,-31523000.0,-80808000.0,-135764000.0,-234802000.0,491000.0,8963000.0,35628000.0,-183245000.0,42820000.0,89833000.0,73011000.0
NetIncomeLossAttributableToNoncontrollingInterest / USD,,,,,,,,,0.0,0.0,0.0,0.0,2178000.0,2178000.0,2183000.0,0.0,1114000.0,2086000.0,2411000.0,2424000.0,8000.0,12000.0,16000.0,960000.0,3444000.0,3121000.0,3124000.0
NoncontrollingInterestIncreaseFromSubsidiaryEquityIssuance / USD,,,,,,,,,,,,,,,,,,,,,,,,,1500000.0,,
NoncurrentAssets / USD,,,,,,,,,,,,,,,,,,,,,,,,,831403000.0,831403000.0,831403000.0
NotesAndLoansReceivableGrossCurrent / USD,,,,,,,,,,,,,,,,,,,,,,,,9579000.0,9579000.0,9579000.0,9579000.0
NotesAndLoansReceivableGrossNoncurrent / USD,,,,,,,,,,,,,,,,,,,,,,,,43235000.0,43235000.0,43235000.0,43235000.0
NotesAndLoansReceivableNetCurrent / USD,,,,,,,,,,,,,,,,,,,,,,,,7164000.0,7164000.0,7164000.0,7164000.0
NotesAndLoansReceivableNetNoncurrent / USD,,,,,,,,,,,,,,,,,,,,,,,,37842000.0,37842000.0,37842000.0,37842000.0
NotesReceivableNet / USD,,,,,,,,,,,,,,,,,,,,,,,,45424000.0,45424000.0,45424000.0,45424000.0
NumberOfReportingUnits / reporting_unit,,,,,,,,,,,,,,,1.0,1.0,1.0,1.0,1.0,1.0,1.0,1.0,1.0,1.0,1.0,1.0,1.0
OperatingExpenses / USD,61009000.0,128562000.0,214758000.0,195706000.0,92579000.0,219744000.0,346026000.0,299450000.0,153759000.0,328330000.0,523422000.0,485851000.0,255685000.0,550346000.0,868997000.0,737422000.0,384885000.0,827778000.0,1306854000.0,1210921000.0,542806000.0,1106888000.0,1694735000.0,1830117000.0,689097000.0,1401910000.0,2212724000.0
OperatingIncomeLoss / USD,-33114000.0,-63541000.0,-105632000.0,-131440000.0,-25775000.0,-76415000.0,-114933000.0,-136864000.0,-22576000.0,-52567000.0,-76726000.0,-146065000.0,-31347000.0,-78750000.0,-119014000.0,-92529000.0,-23883000.0,-72190000.0,-128612000.0,-142548000.0,-19456000.0,-34829000.0,-31666000.0,-190112000.0,6936000.0,20594000.0,-35129000.0
OperatingLeaseCost / USD,,,,,2283000.0,4954000.0,7631000.0,10308000.0,2283000.0,4954000.0,7631000.0,10308000.0,,,,10308000.0,,,,11262000.0,,,,11084000.0,,,
OperatingLeaseLiability / USD,,,,,39580000.0,44777000.0,42652000.0,40963000.0,40791000.0,38752000.0,37601000.0,37400000.0,,,,42613000.0,,,,50380000.0,,,,44918000.0,,65801000.0,72947000.0
OperatingLeaseLiabilityCurrent / USD,,,,,0.0,0.0,0.0,0.0,8977000.0,8977000.0,8977000.0,8977000.0,9820000.0,9820000.0,9820000.0,9820000.0,13046000.0,13046000.0,13046000.0,13046000.0,14150000.0,14150000.0,14150000.0,14150000.0,13811000.0,13811000.0,13811000.0
OperatingLeaseLiabilityNoncurrent / USD,,,,,0.0,0.0,0.0,0.0,31986000.0,31986000.0,31986000.0,31986000.0,25379000.0,25379000.0,25379000.0,25379000.0,29567000.0,29567000.0,29567000.0,29567000.0,36230000.0,36230000.0,36230000.0,36230000.0,31107000.0,31107000.0,31107000.0
OperatingLeasePayments / USD,,,,,2400000.0,5400000.0,8100000.0,11000000.0,2400000.0,5400000.0,8100000.0,11000000.0,,,,11000000.0,,,,11800000.0,,,,12000000.0,,,
OperatingLeaseRightOfUseAsset / USD,,,,,0.0,0.0,0.0,0.0,36484000.0,36484000.0,36484000.0,37400000.0,31735000.0,31735000.0,31735000.0,31735000.0,39936000.0,39936000.0,39936000.0,39936000.0,48211000.0,48211000.0,48211000.0,48211000.0,42763000.0,42763000.0,42763000.0
OperatingLeaseWeightedAverageDiscountRatePercent / pure,,,,,0.059,0.059,0.059,0.059,0.056,0.056,0.054,0.059,,,,0.054,,,,0.045,,,,0.057,,,
OtherAccruedLiabilitiesCurrentAndNoncurrent / USD,,,13275000.0,13275000.0,7459000.0,7459000.0,7459000.0,7459000.0,11372000.0,11372000.0,11372000.0,11372000.0,6988000.0,21154000.0,13988000.0,13988000.0,11247000.0,11247000.0,9487000.0,9487000.0,13512000.0,9078000.0,9078000.0,,,,
OtherAssetsCurrent / USD,1105000.0,1105000.0,1105000.0,1105000.0,6523000.0,6523000.0,6523000.0,6523000.0,4566000.0,4566000.0,4566000.0,4566000.0,,,,,,,,,,,,38300000.0,,,
OtherAssetsNoncurrent / USD,9183000.0,9183000.0,9183000.0,9183000.0,16708000.0,16708000.0,16708000.0,16708000.0,17112000.0,17112000.0,17112000.0,17112000.0,25346000.0,25346000.0,25346000.0,25346000.0,28965000.0,28965000.0,28965000.0,28965000.0,76094000.0,76094000.0,76094000.0,76094000.0,137459000.0,137459000.0,137459000.0
OtherComprehensiveIncomeLossForeignCurrencyTransactionAndTranslationAdjustmentNetOfTax / USD,,,,,,,,,-693000.0,1426000.0,926000.0,,-202000.0,-769000.0,-1434000.0,2630000.0,-2948000.0,-4435000.0,-7944000.0,-3559000.0,1158000.0,1932000.0,-4261000.0,221000.0,-3089000.0,-1454000.0,-754000.0
OtherComprehensiveIncomeLossNetOfTax / USD,,,,,,,,-872000.0,-2013000.0,106000.0,-394000.0,911000.0,-202000.0,-769000.0,-1434000.0,1310000.0,-2948000.0,-4435000.0,-7944000.0,-3559000.0,1158000.0,1932000.0,-4261000.0,221000.0,-3097000.0,-1439000.0,-363000.0
OtherLiabilitiesCurrent / USD,4040000.0,4040000.0,4040000.0,4040000.0,11601000.0,11601000.0,11601000.0,11601000.0,17499000.0,17499000.0,17499000.0,17499000.0,24929000.0,24929000.0,24929000.0,24929000.0,16519000.0,16519000.0,16519000.0,16519000.0,23672000.0,23672000.0,23672000.0,23672000.0,72755000.0,72755000.0,72755000.0
OtherLiabilitiesNoncurrent / USD,10313000.0,10313000.0,10313000.0,10313000.0,11020000.0,11020000.0,11020000.0,11020000.0,17184000.0,17184000.0,17184000.0,17184000.0,16193000.0,16193000.0,16193000.0,16193000.0,31833000.0,31833000.0,31833000.0,31833000.0,50086000.0,50086000.0,50086000.0,50086000.0,150849000.0,150849000.0,150849000.0
OtherLongTermInvestments / USD,,,,,,,,,,,,,,,,,,,,,56244000.0,56244000.0,56244000.0,56244000.0,72544000.0,72544000.0,72544000.0
OtherNoncashIncomeExpense / USD,-47000.0,-187000.0,-187000.0,-1036000.0,424000.0,-163000.0,-293000.0,-98000.0,-151000.0,-320000.0,-506000.0,-435000.0,-595000.0,-1199000.0,-1824000.0,-853000.0,-669000.0,-1366000.0,-2077000.0,-2469000.0,-754000.0,-1531000.0,-2337000.0,-2813000.0,-874000.0,-1785000.0,-2748000.0
OtherNonoperatingIncomeExpense / USD,-190000.0,-2042000.0,-1739000.0,-1473000.0,394000.0,-56000.0,3523000.0,-1418000.0,4533000.0,5265000.0,5537000.0,6725000.0,4768000.0,5387000.0,3423000.0,1251000.0,1705000.0,5085000.0,5835000.0,3968000.0,230000.0,,,3053000.0,,,
OtherOperatingIncomeExpenseNet / USD,,,,,,,,,,,,,,,,,,,,,,-1504000.0,-1978000.0,,7656000.0,6625000.0,6196000.0
PaymentsForRestructuring / USD,,,,,,,,,,,,,,,,,,,,,,,,,,24965000.0,26412000.0
PaymentsToAcquireBusinessesNetOfCashAcquired / USD,,,,6471000.0,,,0.0,0.0,0.0,0.0,85469000.0,0.0,353407000.0,353746000.0,353746000.0,85517000.0,,,18464000.0,414518000.0,0.0,0.0,238749000.0,18349000.0,96376000.0,96381000.0,96381000.0
PaymentsToAcquireEquitySecuritiesFvNi / USD,,,,,,,,,,,,,,7309000.0,15809000.0,1500000.0,2825000.0,7825000.0,18006000.0,,10513000.0,12177000.0,12177000.0,,1658000.0,2702000.0,12702000.0
PaymentsToAcquireIntangibleAssets / USD,,,,307000.0,,,,0.0,,,0.0,0.0,0.0,0.0,680000.0,180000.0,700000.0,700000.0,700000.0,680000.0,,500000.0,526000.0,2323000.0,,,
PaymentsToAcquireLongtermInvestments / USD,,,,,,,,,,,,,,,,,,,,16309000.0,,,,21808000.0,,,
PaymentsToAcquirePropertyPlantAndEquipment / USD,8649000.0,14068000.0,21664000.0,22906000.0,15541000.0,37159000.0,66848000.0,35851000.0,9694000.0,30334000.0,40245000.0,80198000.0,25796000.0,55793000.0,85420000.0,52799000.0,52211000.0,118339000.0,179609000.0,112143000.0,62264000.0,102681000.0,123945000.0,235019000.0,49683000.0,88937000.0,167641000.0
PaymentsToAcquireShortTermInvestments / USD,,,,,,,,,,,,,,,,,,,0.0,0.0,,,195581000.0,250000000.0,,,
PaymentsToDevelopSoftware / USD,1707000.0,3201000.0,5042000.0,6542000.0,1984000.0,3310000.0,5208000.0,6794000.0,1882000.0,3850000.0,6345000.0,7289000.0,4434000.0,9273000.0,15201000.0,10864000.0,5214000.0,13235000.0,20739000.0,20866000.0,10902000.0,25975000.0,38605000.0,29095000.0,10479000.0,24995000.0,41266000.0
PaymentsToMinorityShareholders / USD,,,,,,,,,,,,,,,,,,,,,0.0,0.0,0.0,0.0,3841000.0,4085000.0,4085000.0
PreferredStockParOrStatedValuePerShare / USD/shares,,0.0005,0.0005,0.0005,0.0005,0.0005,0.0005,0.0005,0.0005,0.0005,0.0005,0.0005,0.0005,0.0005,0.0005,0.0005,0.0005,0.0005,0.0005,0.0005,0.0005,0.0005,0.0005,0.0005,0.0005,0.0005,0.0005
PreferredStockSharesAuthorized / shares,,0.0,0.0,0.0,100000000.0,100000000.0,100000000.0,100000000.0,100000000.0,100000000.0,100000000.0,100000000.0,100000000.0,100000000.0,100000000.0,100000000.0,100000000.0,100000000.0,100000000.0,100000000.0,100000000.0,100000000.0,100000000.0,100000000.0,100000000.0,100000000.0,100000000.0
PreferredStockSharesIssued / shares,,0.0,0.0,0.0,0.0,0.0,0.0,0.0,0.0,0.0,0.0,0.0,0.0,0.0,0.0,0.0,0.0,0.0,0.0,0.0,0.0,0.0,0.0,0.0,0.0,0.0,0.0
PreferredStockSharesOutstanding / shares,,0.0,0.0,0.0,0.0,0.0,0.0,0.0,0.0,0.0,0.0,0.0,0.0,0.0,0.0,0.0,0.0,0.0,0.0,0.0,0.0,0.0,0.0,0.0,0.0,0.0,0.0
PreferredStockValue / USD,,,0.0,0.0,0.0,0.0,0.0,0.0,0.0,0.0,0.0,0.0,0.0,0.0,0.0,0.0,0.0,0.0,0.0,0.0,0.0,0.0,0.0,0.0,0.0,0.0,0.0
PrepaidExpenseAndOtherAssetsCurrent / USD,18410000.0,18410000.0,18410000.0,18410000.0,51614000.0,51614000.0,51614000.0,51614000.0,53617000.0,53617000.0,53617000.0,53617000.0,79352000.0,79352000.0,79352000.0,79352000.0,121862000.0,121862000.0,121862000.0,121862000.0,183172000.0,183172000.0,183172000.0,183172000.0,314444000.0,314444000.0,314444000.0
PrepaidExpenseCurrent / USD,14390000.0,14390000.0,5982000.0,5982000.0,20390000.0,20390000.0,20390000.0,20390000.0,23072000.0,12220000.0,12220000.0,12220000.0,,,,,,,,,,,,144900000.0,,,
ProceedsFromMinorityShareholders / USD,,,,0.0,0.0,0.0,0.0,0.0,500000.0,550000.0,800000.0,500000.0,655000.0,3655000.0,7905000.0,800000.0,1462000.0,3963000.0,9053000.0,8155000.0,5257000.0,8088000.0,8088000.0,10954000.0,500000.0,5500000.0,5500000.0
ProceedsFromSaleAndMaturityOfOtherInvestments / USD,,,,,,,,,,,,,,,,,,0.0,0.0,0.0,150000000.0,250000000.0,250000000.0,0.0,97300000.0,97300000.0,97300000.0
ProceedsFromSaleOfLongtermInvestments / USD,,,,,,,,,,,,,,,,,,,,0.0,0.0,0.0,0.0,0.0,10407000.0,10895000.0,10895000.0
ProceedsFromStockOptionsExercised / USD,751000.0,1514000.0,2792000.0,3701000.0,1510000.0,8526000.0,9350000.0,3912000.0,6393000.0,16601000.0,21522000.0,21512000.0,3754000.0,9492000.0,12796000.0,28831000.0,3106000.0,4919000.0,6396000.0,15899000.0,2651000.0,4125000.0,6178000.0,8655000.0,823000.0,2464000.0,3308000.0
ProceedsFromStockPlans / USD,,,,0.0,,0.0,0.0,0.0,,17284000.0,17284000.0,12365000.0,,27452000.0,27452000.0,34263000.0,,34445000.0,34445000.0,50277000.0,,45432000.0,45432000.0,59419000.0,,56099000.0,56099000.0
ProductWarrantyAccrual / USD,0.0,0.0,0.0,,0.0,0.0,0.0,,0.0,0.0,0.0,,0.0,0.0,0.0,0.0,0.0,0.0,0.0,0.0,0.0,0.0,0.0,0.0,0.0,0.0,0.0
ProfitLoss / USD,-33617000.0,-66494000.0,-108817000.0,,-25977000.0,-77866000.0,-113371000.0,-140077000.0,-19222000.0,-49096000.0,-73627000.0,-141779000.0,-82871000.0,-140189000.0,-190639000.0,-92629000.0,-30409000.0,-78722000.0,-133353000.0,-232378000.0,499000.0,8975000.0,35644000.0,-182285000.0,46264000.0,92954000.0,76135000.0
PropertyPlantAndEquipmentGross / USD,100423000.0,100423000.0,100423000.0,100423000.0,185742000.0,185742000.0,185742000.0,185742000.0,255548000.0,255548000.0,255548000.0,255548000.0,402355000.0,402355000.0,402355000.0,402355000.0,708614000.0,708614000.0,708614000.0,708614000.0,958438000.0,958438000.0,958438000.0,958438000.0,1310394000.0,1310394000.0,1310394000.0
PropertyPlantAndEquipmentNet / USD,73735000.0,73735000.0,73735000.0,73735000.0,136078000.0,136078000.0,136078000.0,136078000.0,167014000.0,167014000.0,167014000.0,167014000.0,260577000.0,260577000.0,260577000.0,260577000.0,492335000.0,492335000.0,492335000.0,492335000.0,620172000.0,620172000.0,620172000.0,620172000.0,788640000.0,788640000.0,788640000.0
RecordedUnconditionalPurchaseObligation / USD,222350000.0,221780000.0,226485000.0,198327000.0,183888000.0,169745000.0,149617000.0,171370000.0,176278000.0,145728000.0,155756000.0,177619000.0,193998000.0,184957000.0,184135000.0,270751000.0,276801000.0,351524000.0,361569000.0,747631000.0,2560711000.0,2668230000.0,2796607000.0,2692032000.0,2708171000.0,2555736000.0,2571490000.0
RecordedUnconditionalPurchaseObligationDueAfterFifthYear / USD,1540000.0,4367000.0,4419000.0,3236000.0,3221000.0,3908000.0,3741000.0,1433000.0,,,,564000.0,,,,33853000.0,,,,24876000.0,,,,87058000.0,,,
RecordedUnconditionalPurchaseObligationDueInFifthYear / USD,7330000.0,9724000.0,8125000.0,2736000.0,2721000.0,3998000.0,3679000.0,3012000.0,,,,2944000.0,,,,26279000.0,,,,95956000.0,,,,432481000.0,,,
RecordedUnconditionalPurchaseObligationDueInFourthYear / USD,8445000.0,32483000.0,10930000.0,9889000.0,10379000.0,11351000.0,10814000.0,5429000.0,4913000.0,6766000.0,7299000.0,7094000.0,3695000.0,4436000.0,4366000.0,28630000.0,30774000.0,33465000.0,36858000.0,118754000.0,440841000.0,469616000.0,545831000.0,581474000.0,445095000.0,452124000.0,462384000.0
RecordedUnconditionalPurchaseObligationDueInRemainderOfFiscalYear / USD,45693000.0,24198000.0,27077000.0,,67113000.0,45492000.0,35855000.0,,77131000.0,35965000.0,23806000.0,,66342000.0,59888000.0,51050000.0,,69077000.0,47753000.0,31925000.0,,334375000.0,254657000.0,121148000.0,,348444000.0,225134000.0,73239000.0
RecordedUnconditionalPurchaseObligationDueInSecondYear / USD,72159000.0,63714000.0,83148000.0,88731000.0,90298000.0,92967000.0,81599000.0,35133000.0,40435000.0,43672000.0,54492000.0,72438000.0,29597000.0,33507000.0,36234000.0,67422000.0,39744000.0,81019000.0,85779000.0,163323000.0,444422000.0,467172000.0,542639000.0,541433000.0,591297000.0,578094000.0,590668000.0
RecordedUnconditionalPurchaseObligationDueInThirdYear / USD,87183000.0,87294000.0,92786000.0,10264000.0,10156000.0,12029000.0,13929000.0,31941000.0,7060000.0,8853000.0,10047000.0,27039000.0,8154000.0,8859000.0,9877000.0,36472000.0,32902000.0,41642000.0,48059000.0,124015000.0,453175000.0,476547000.0,544780000.0,558559000.0,598765000.0,578386000.0,589668000.0
RecordedUnconditionalPurchaseObligationDueWithinOneYear / USD,,,,83471000.0,,,,94422000.0,45395000.0,48291000.0,57566000.0,67540000.0,84805000.0,76436000.0,80653000.0,78095000.0,57270000.0,99074000.0,107775000.0,220707000.0,473071000.0,510988000.0,548720000.0,491027000.0,571048000.0,562472000.0,563984000.0
RepaymentsOfNotesPayable / USD,,,,,,,,,,,,,,,0.0,0.0,,,1591000.0,0.0,,,,1591000.0,,,
ResearchAndDevelopmentExpense / USD,17615000.0,36578000.0,62546000.0,58887000.0,23875000.0,55505000.0,91497000.0,84551000.0,40578000.0,91061000.0,148600000.0,130188000.0,78180000.0,168635000.0,266265000.0,214670000.0,123399000.0,261263000.0,416519000.0,371283000.0,179065000.0,358427000.0,554499000.0,608364000.0,235249000.0,486157000.0,761759000.0
RestrictedCashAndCashEquivalents / USD,,,,,,,,,,,,,,0.0,0.0,0.0,0.0,1536000.0,1507000.0,0.0,1888000.0,1901000.0,2485000.0,1555000.0,2855000.0,1880000.0,
RestructuringAndRelatedCostNumberOfPositionsEliminated / position,,,,,,,,,,,,,,,,,,,,,,,,,,500.0,500.0
RestructuringAndRelatedCostNumberOfPositionsEliminatedPeriodPercent / pure,,,,,,,,,,,,,,,,,,,,,,,,,,0.05,0.05
RestructuringCharges / USD,,,,,,,,,,,,,,,,,,,,,,,,,,45005000.0,45471000.0
RestructuringReserve / USD,,,,,,,,,,,,,,,,,,,,,,,,,,0.0,0.0
RestructuringReserveSettledWithoutCash2 / USD,,,,,,,,,,,,,,,,,,,,,,,,,,17901000.0,
RetainedEarningsAccumulatedDeficit / USD,-519126000.0,-519126000.0,-519126000.0,-519126000.0,-637487000.0,-637487000.0,-637487000.0,-637487000.0,-730116000.0,-730116000.0,-730116000.0,-730116000.0,-964918000.0,-964918000.0,-964918000.0,-964918000.0,-1148163000.0,-1148163000.0,-1148163000.0,-1148163000.0,-1058836000.0,-1058836000.0,-1058836000.0,-1058836000.0,-1078107000.0,-1078107000.0,-1078107000.0
RevenueFromContractWithCustomerIncludingAssessedTax / USD,47289000.0,102990000.0,169369000.0,118752000.0,96077000.0,204185000.0,329304000.0,249824000.0,178078000.0,377049000.0,609509000.0,481413000.0,302843000.0,640533000.0,1020584000.0,874438000.0,487834000.0,1022987000.0,1603869000.0,1451594000.0,692580000.0,1424206000.0,2210220000.0,2241236000.0,921036000.0,1884908000.0,2895086000.0
RevenueRemainingPerformanceObligation / USD,386000000.0,455000000.0,577200000.0,764000000.0,817500000.0,925500000.0,1070000000.0,1400000000.0,1500000000.0,1700000000.0,1900000000.0,2300000000.0,2400000000.0,2500000000.0,2800000000.0,3400000000.0,3300000000.0,3600000000.0,3700000000.0,4600000000.0,4700000000.0,4900000000.0,5400000000.0,6500000000.0,6800000000.0,7200000000.0,7900000000.0
RightOfUseAssetObtainedInExchangeForOperatingLeaseLiability / USD,,,,,,,,,0.0,0.0,6181000.0,,2591000.0,3121000.0,4591000.0,6249000.0,0.0,2130000.0,1702000.0,4867000.0,13847000.0,13083000.0,21883000.0,18464000.0,1759000.0,2854000.0,7009000.0
SellingAndMarketingExpense / USD,36617000.0,76730000.0,123344000.0,104277000.0,56843000.0,122117000.0,190792000.0,172682000.0,88138000.0,183265000.0,288867000.0,266595000.0,135131000.0,288992000.0,453952000.0,401316000.0,193532000.0,418298000.0,657970000.0,616546000.0,281107000.0,564023000.0,850209000.0,904409000.0,350114000.0,705585000.0,1113852000.0
ShareBasedCompensation / USD,1719000.0,3943000.0,17403000.0,12343000.0,3752000.0,33611000.0,55577000.0,20505000.0,23638000.0,61351000.0,101961000.0,79940000.0,54362000.0,130649000.0,217315000.0,149675000.0,102494000.0,234044000.0,374157000.0,309952000.0,130856000.0,295633000.0,455247000.0,526504000.0,183125000.0,384002000.0,592890000.0
ShareBasedCompensationArrangementByShareBasedPaymentAwardOptionsExercisableNumber / shares,,,,,,,,,3232000.0,2811000.0,2871000.0,,2668000.0,2661000.0,2669000.0,,2216000.0,2055000.0,1841000.0,,1543000.0,1375000.0,1309000.0,,1148000.0,963000.0,931000.0
ShareBasedCompensationArrangementByShareBasedPaymentAwardOptionsExercisableWeightedAverageExercisePrice / USD/shares,,,,,,,,,5.59,6.19,6.56,,7.34,7.74,7.94,,8.41,8.62,8.79,,9.09,9.41,9.66,,10.07,10.33,10.64
ShareBasedCompensationArrangementByShareBasedPaymentAwardOptionsExercisesInPeriodTotalIntrinsicValue / USD,,,,,,,,,111200000.0,354000000.0,516400000.0,,154400000.0,388400000.0,483300000.0,847500000.0,81200000.0,117700000.0,141400000.0,570900000.0,45100000.0,74500000.0,118400000.0,166800000.0,28500000.0,103700000.0,135700000.0
ShareBasedCompensationArrangementByShareBasedPaymentAwardOptionsForfeituresAndExpirationsInPeriod / shares,,,,,,,,,,,,,,,,39000.0,,,,20000.0,,,,19000.0,,,
ShareBasedCompensationArrangementByShareBasedPaymentAwardOptionsForfeituresAndExpirationsInPeriodWeightedAverageExercisePrice / USD/shares,,,,,,,,,,,,,,,,10.76,,,,65.82,,,,12.69,,,
ShareBasedCompensationArrangementByShareBasedPaymentAwardOptionsForfeituresInPeriod / shares,,,,,,,,,58000.0,111000.0,182000.0,,13000.0,30000.0,38000.0,,3000.0,4000.0,4000.0,,6000.0,16000.0,18000.0,,1000.0,2000.0,3000.0
ShareBasedCompensationArrangementByShareBasedPaymentAwardOptionsGrantsInPeriodGross / shares,,,,,,,,,0.0,93000.0,93000.0,,0.0,0.0,2000.0,2000.0,,,51000.0,51000.0,14000.0,14000.0,14000.0,30000.0,,,44000.0
ShareBasedCompensationArrangementByShareBasedPaymentAwardOptionsGrantsInPeriodWeightedAverageGrantDateFairValue / USD/shares,,,,,,,,,180.08,32.91,66.31,,180.08,180.08,180.08,66.31,,,116.3,180.08,325.22,0.0,126.0,116.26,325.22,325.22,325.22
ShareBasedCompensationArrangementByShareBasedPaymentAwardOptionsOutstandingIntrinsicValue / USD,,,,,,,,,1400000000.0,1400000000.0,1400000000.0,,678000000.0,678000000.0,678000000.0,1400000000.0,279400000.0,279400000.0,279400000.0,678000000.0,496700000.0,496700000.0,496700000.0,279400000.0,485300000.0,485300000.0,485300000.0
ShareBasedCompensationArrangementByShareBasedPaymentAwardOptionsOutstandingNumber / shares,,,,,,,,,6646000.0,6646000.0,6646000.0,,3938000.0,3938000.0,3938000.0,3938000.0,2869000.0,2869000.0,2869000.0,2869000.0,1754000.0,1754000.0,1754000.0,1754000.0,1251000.0,1251000.0,1251000.0
ShareBasedCompensationArrangementByShareBasedPaymentAwardOptionsOutstandingWeightedAverageExercisePrice / USD/shares,,,,,,,,,8.24,8.24,8.24,,8.48,8.48,8.48,8.48,8.52,8.52,8.52,8.52,9.37,9.37,9.37,9.37,10.23,10.23,10.23
ShareBasedCompensationArrangementByShareBasedPaymentAwardOptionsVestedAndExpectedToVestExercisableNumber / shares,,,,,,,,,,,,,,,,2528000.0,,,,1591000.0,,,,1217000.0,,,
ShareBasedCompensationArrangementByShareBasedPaymentAwardOptionsVestedAndExpectedToVestExercisableWeightedAverageExercisePrice / USD/shares,,,,,,,,,,,,,,,,8.52,,,,9.37,,,,10.23,,,
ShareBasedCompensationArrangementByShareBasedPaymentAwardOptionsVestedAndExpectedToVestOutstandingNumber / shares,,,,,,,,,5912000.0,4867000.0,4421000.0,,3518000.0,3275000.0,3124000.0,2869000.0,2490000.0,2280000.0,2070000.0,1754000.0,1670000.0,1452000.0,1334000.0,1251000.0,1176000.0,984000.0,987000.0
ShareBasedCompensationArrangementByShareBasedPaymentAwardOptionsVestedAndExpectedToVestOutstandingWeightedAverageExercisePrice / USD/shares,,,,,,,,,8.57,8.99,8.32,,8.57,8.59,8.56,8.09,8.74,8.9,9.77,8.98,9.32,9.58,9.74,9.93,10.33,10.56,12.23
ShareBasedCompensationArrangementsByShareBasedPaymentAwardOptionsExercisesInPeriodWeightedAverageExercisePrice / USD/shares,,,,,,,,,4.88,5.8,5.99,,7.64,7.77,8.22,8.39,7.04,7.05,7.3,7.58,8.96,8.2,7.95,7.75,8.54,8.89,8.62
ShareBasedCompensationArrangementsByShareBasedPaymentAwardOptionsForfeituresInPeriodWeightedAverageExercisePrice / USD/shares,,,,,,,,,11.48,10.01,30.31,,12.01,11.94,10.55,,13.97,10.59,10.44,,66.67,8.41,12.43,,25.18,20.59,23.89
ShareBasedCompensationArrangementsByShareBasedPaymentAwardOptionsGrantsInPeriodWeightedAverageExercisePrice / USD/shares,,,,,,,,,3.19,3.19,3.19,,,,53.64,53.64,,,39.26,39.09,3.25,3.25,3.25,18.06,,,44.95
SharebasedCompensationArrangementBySharebasedPaymentAwardOptionsExercisableIntrinsicValue1 / USD,,,,,,,,,711400000.0,711400000.0,711400000.0,,480500000.0,480500000.0,480500000.0,711400000.0,247200000.0,247200000.0,247200000.0,480500000.0,451000000.0,451000000.0,451000000.0,247200000.0,472300000.0,472300000.0,472300000.0
SharebasedCompensationArrangementBySharebasedPaymentAwardOptionsNonvestedNumberOfShares / shares,,,,,,,,,409281.0,393656.0,378031.0,,351989.0,351989.0,351989.0,307991.0,263992.0,219994.0,175995.0,131996.0,87998.0,43999.0,0.0,0.0,0.0,0.0,0.0
ShortTermInvestments / USD,,,,,,,,,,,,,,,,0.0,250000000.0,250000000.0,250000000.0,250000000.0,99591000.0,99591000.0,99591000.0,99591000.0,,,
ShortTermLeaseCost / USD,,,,,493000.0,985000.0,1477000.0,1957000.0,493000.0,985000.0,1477000.0,1957000.0,,,,1957000.0,,,,1918000.0,,,,2344000.0,,,
StockIssued1 / USD,,,,,,,0.0,0.0,0.0,0.0,3842000.0,0.0,4011000.0,4011000.0,4011000.0,3842000.0,,,50000.0,4011000.0,0.0,0.0,652000.0,50000.0,468000.0,468000.0,468000.0
StockIssuedDuringPeriodSharesStockOptionsExercised / shares,,,,,,,,,769000.0,1761000.0,2136000.0,,407000.0,633000.0,778000.0,1032000.0,376000.0,585000.0,846000.0,1146000.0,92000.0,300000.0,416000.0,514000.0,74000.0,265000.0,305000.0
StockIssuedDuringPeriodValueAcquisitions / USD,,,,,,,,,,,,3528000.0,,,,,,,,,,,,,,1778000.0,2667000.0
StockIssuedDuringPeriodValueEmployeeStockPurchasePlan / USD,,,,12365000.0,,17284000.0,17284000.0,12365000.0,,17284000.0,17284000.0,12365000.0,,27452000.0,27452000.0,34263000.0,,34445000.0,34445000.0,50277000.0,,45432000.0,45432000.0,59419000.0,,56099000.0,56099000.0
StockIssuedDuringPeriodValueNewIssues / USD,,659218000.0,659218000.0,659218000.0,,659218000.0,659218000.0,659218000.0,,,2867000.0,659218000.0,3704000.0,5126000.0,2867000.0,3528000.0,3704000.0,5126000.0,6328000.0,3528000.0,1649000.0,2538000.0,3426000.0,10645000.0,889000.0,,
StockIssuedDuringPeriodValueRestrictedStockAwardNetOfForfeitures / USD,,,,,,,,,,,0.0,0.0,,,0.0,0.0,,,,0.0,0.0,0.0,0.0,0.0,0.0,0.0,0.0
StockIssuedDuringPeriodValueShareBasedCompensationGross / USD,,,,,,,,,,,,,,,,,79000.0,167000.0,255000.0,344000.0,79000.0,167000.0,255000.0,344000.0,88000.0,175000.0,261000.0
StockIssuedDuringPeriodValueStockOptionsExercised / USD,751000.0,1514000.0,2792000.0,1420000.0,1510000.0,8567000.0,9391000.0,3912000.0,6393000.0,16601000.0,21522000.0,21512000.0,3754000.0,10216000.0,12796000.0,28831000.0,3105000.0,4919000.0,6396000.0,15899000.0,2651000.0,4125000.0,6176000.0,8655000.0,823000.0,2464000.0,3308000.0
StockholdersEquity / USD,-369474000.0,-369474000.0,-369474000.0,-487793000.0,-487793000.0,-487793000.0,-487793000.0,742107000.0,870574000.0,870574000.0,870574000.0,870574000.0,1025764000.0,1025764000.0,1025764000.0,1025764000.0,1463641000.0,1463641000.0,1463641000.0,1463641000.0,2303950000.0,2303950000.0,2303950000.0,2303950000.0,3279494000.0,3279494000.0,3279494000.0
StockholdersEquityIncludingPortionAttributableToNoncontrollingInterest / USD,,,,-243453000.0,742607000.0,742607000.0,742607000.0,-369474000.0,742607000.0,742607000.0,742607000.0,-487793000.0,871874000.0,871874000.0,871874000.0,742607000.0,1037643000.0,1037643000.0,1037643000.0,871874000.0,1487434000.0,1487434000.0,1487434000.0,1037643000.0,2337089000.0,2337089000.0,2337089000.0
SubleaseIncome / USD,,,,,0.0,0.0,0.0,0.0,0.0,0.0,0.0,0.0,,,,0.0,,,,0.0,,,,0.0,,,
TimeDeposits / USD,,,,,,,,,,,,,,,,,,,,,,,,,,707000000.0,709100000.0
UnrecognizedTaxBenefits / USD,,,,5060000.0,,,,8128000.0,24400000.0,24400000.0,24400000.0,8128000.0,26300000.0,26300000.0,26300000.0,5469000.0,36900000.0,36900000.0,36900000.0,24447000.0,58900000.0,58900000.0,58900000.0,26324000.0,117500000.0,117500000.0,117500000.0
UnrecognizedTaxBenefitsDecreasesResultingFromForeignCurrencyTranslation / USD,,,,,,,,,,,,,,,,,,,,,,,,261000.0,,,
UnrecognizedTaxBenefitsDecreasesResultingFromPriorPeriodTaxPositions / USD,,,,,,,,2659000.0,,,,9772000.0,,,,9772000.0,,,,9772000.0,,,,2122000.0,,,
UnrecognizedTaxBenefitsDecreasesResultingFromSettlementsWithTaxingAuthorities / USD,,,,,,,,,,,,,,,,,,,,,,,,2882000.0,,,
UnrecognizedTaxBenefitsIncomeTaxPenaltiesAndInterestExpense / USD,,,,,,,,,,,,,,,,,,,,1400000.0,1400000.0,1400000.0,1400000.0,1400000.0,3000000.0,3000000.0,3000000.0
UnrecognizedTaxBenefitsIncreasesResultingFromCurrentPeriodTaxPositions / USD,,,,3068000.0,,,,0.0,,,,12052000.0,,,,12052000.0,,,,11463000.0,,,,12699000.0,,,
UnrecognizedTaxBenefitsIncreasesResultingFromPriorPeriodTaxPositions / USD,,,,,,,,6926000.0,,,,6926000.0,,,,6926000.0,,,,186000.0,,,,4757000.0,,,
UnrecognizedTaxBenefitsReductionsResultingFromLapseOfApplicableStatuteOfLimitations / USD,,,,,,,,,,,,,,,,,,,,,,,,151000.0,,,
UnrecognizedTaxBenefitsThatWouldImpactEffectiveTaxRate / USD,,,,0.0,,,,600000.0,,,,1900000.0,1900000.0,1900000.0,1900000.0,4200000.0,4200000.0,4200000.0,4200000.0,12700000.0,12700000.0,12700000.0,12700000.0,54800000.0,54800000.0,54800000.0,54800000.0
ValuationAllowanceDeferredTaxAssetChangeInAmount / USD,,,,12200000.0,,,,36000000.0,,,,87200000.0,,,,206200000.0,,,,357000000.0,,,,139200000.0,,,
VariableLeaseCost / USD,,,,,836000.0,1354000.0,2128000.0,3007000.0,836000.0,1354000.0,2128000.0,3007000.0,,,,3007000.0,,,,4874000.0,,,,8279000.0,,,
WeightedAverageBasicSharesOutstandingProForma / shares,,,,,,,,,,,,,,,,,,,,689358.0,636595.0,508230.0,503669.0,575747.0,606062.0,456843.0,790544.0
WeightedAverageNumberDilutedSharesOutstandingAdjustment / shares,,,,,,,,,,,,,,,,,0.0,0.0,0.0,0.0,4184000.0,4209000.0,4306000.0,0.0,7775000.0,7475000.0,6730000.0
WeightedAverageNumberOfDilutedSharesOutstanding / shares,,,,,,,,,213129000.0,214932000.0,216432000.0,148062000.0,224153000.0,225276000.0,226292000.0,217756000.0,231179000.0,231850000.0,232502000.0,227142000.0,240598000.0,241383000.0,242196000.0,233139000.0,250164000.0,250724000.0,250747000.0
WeightedAverageNumberOfSharesOutstandingBasic / shares,,,,,,,,,213129000.0,214932000.0,216432000.0,148062000.0,224153000.0,225276000.0,226292000.0,217756000.0,231179000.0,231850000.0,232502000.0,227142000.0,236414000.0,237174000.0,237890000.0,233139000.0,242389000.0,243249000.0,244017000.0
