fact_unit,2010-08-09,2010-11-09,2011-03-01,2011-05-10,2011-08-08,2011-11-09,2012-02-29,2012-05-09,2012-08-09,2012-11-08,2013-03-01,2013-05-10,2013-08-09,2013-11-12,2014-03-03,2014-05-12,2014-08-11,2014-11-10,2015-02-09,2015-06-01,2015-08-10,2015-11-09,2016-02-09,2016-05-31,2016-08-09,2016-11-09,2017-02-09,2017-05-30,2017-08-09,2017-11-09,2018-02-09,2018-05-30,2018-08-09,2018-11-08,2019-02-07,2019-05-30,2019-08-08,2019-11-08,2020-02-06,2020-06-01,2020-08-06,2020-11-05,2021-02-08,2021-05-28,2021-08-05,2021-11-04,2022-02-07,2022-05-27,2022-08-04,2022-11-03,2023-02-06,2023-05-26,2023-08-03,2023-11-02,2024-02-05,2024-05-24,2024-08-01,2024-10-31,2025-02-03,2025-05-23,2025-07-31,2025-10-31
AccountsPayableTradeCurrent / USD,47331000.0,47331000.0,47331000.0,67073000.0,67073000.0,67073000.0,67073000.0,110853000.0,110853000.0,110853000.0,110853000.0,133457000.0,133457000.0,133457000.0,133457000.0,151037000.0,76139000.0,76139000.0,76139000.0,151037000.0,85714000.0,85714000.0,85714000.0,85714000.0,100593000.0,100593000.0,100593000.0,100593000.0,95893000.0,95893000.0,95893000.0,95893000.0,93939000.0,93939000.0,93939000.0,93939000.0,124974000.0,124974000.0,124974000.0,124974000.0,147892000.0,147892000.0,147892000.0,147892000.0,231632000.0,231632000.0,231632000.0,231632000.0,327487000.0,327487000.0,327487000.0,327487000.0,265605000.0,265605000.0,265605000.0,265605000.0,378503000.0,378503000.0,378503000.0,378503000.0,417955000.0,417955000.0
AccountsReceivableNetCurrent / USD,76427000.0,76427000.0,76427000.0,116663000.0,116663000.0,116663000.0,116663000.0,193375000.0,193375000.0,193375000.0,193375000.0,190756000.0,190756000.0,190756000.0,190756000.0,184013000.0,106199000.0,106199000.0,106199000.0,184013000.0,143105000.0,143105000.0,143105000.0,143105000.0,160154000.0,160154000.0,160154000.0,160154000.0,158643000.0,158643000.0,158643000.0,158643000.0,143704000.0,143704000.0,143704000.0,143704000.0,178602000.0,178602000.0,178602000.0,178602000.0,185596000.0,185596000.0,185596000.0,185596000.0,215718000.0,215718000.0,215718000.0,215718000.0,302688000.0,302688000.0,302688000.0,302688000.0,301511000.0,301511000.0,301511000.0,301511000.0,296565000.0,296565000.0,296565000.0,296565000.0,332872000.0,332872000.0
AccruedIncomeTaxesCurrent / USD,19685000.0,19685000.0,19685000.0,25166000.0,25166000.0,25166000.0,25166000.0,30888000.0,30888000.0,30888000.0,30888000.0,25067000.0,25067000.0,25067000.0,25067000.0,49453000.0,2908000.0,2908000.0,2908000.0,49453000.0,6858000.0,6858000.0,6858000.0,6858000.0,6461000.0,6461000.0,6461000.0,6461000.0,2719000.0,2719000.0,2719000.0,2719000.0,11006000.0,11006000.0,11006000.0,11006000.0,19283000.0,19283000.0,19283000.0,19283000.0,11104000.0,11104000.0,11104000.0,11104000.0,36920000.0,36920000.0,36920000.0,36920000.0,12426000.0,12426000.0,12426000.0,12426000.0,17322000.0,17322000.0,17322000.0,17322000.0,52338000.0,52338000.0,52338000.0,52338000.0,23299000.0,23299000.0
AccruedIncomeTaxesNoncurrent / USD,,,,,,,,,,,,,,,,,,,,0.0,5087000.0,5087000.0,5087000.0,5087000.0,9073000.0,9073000.0,9073000.0,9073000.0,13216000.0,13216000.0,13216000.0,13216000.0,64735000.0,64735000.0,64735000.0,64735000.0,60616000.0,60616000.0,60616000.0,60616000.0,63547000.0,63547000.0,63547000.0,63547000.0,60094000.0,60094000.0,60094000.0,60094000.0,54259000.0,54259000.0,54259000.0,54259000.0,62032000.0,62032000.0,62032000.0,62032000.0,52470000.0,52470000.0,52470000.0,52470000.0,13587000.0,13587000.0
AccumulatedDepreciationDepletionAndAmortizationPropertyPlantAndEquipment / USD,,,,,,,33473000.0,,,47195000.0,47195000.0,69580000.0,69580000.0,69580000.0,69580000.0,99473000.0,103090000.0,103090000.0,103090000.0,99473000.0,129002000.0,129002000.0,129002000.0,129002000.0,163807000.0,163807000.0,163807000.0,163807000.0,190758000.0,190758000.0,190758000.0,190758000.0,210763000.0,210763000.0,210763000.0,210763000.0,235939000.0,235939000.0,235939000.0,235939000.0,242138000.0,242138000.0,242138000.0,242138000.0,266905000.0,266905000.0,266905000.0,266905000.0,282571000.0,282571000.0,282571000.0,282571000.0,317508000.0,317508000.0,317508000.0,317508000.0,349138000.0,349138000.0,349138000.0,349138000.0,402964000.0,402964000.0
AccumulatedOtherComprehensiveIncomeLossForeignCurrencyTranslationAdjustmentNetOfTax / USD,,,,,-413000.0,-413000.0,-413000.0,-2363000.0,-2363000.0,-2363000.0,-2363000.0,-1400000.0,-1400000.0,-1400000.0,-1400000.0,-2157000.0,-1284000.0,-1284000.0,-1284000.0,-2157000.0,-20159000.0,-20159000.0,-20159000.0,-20159000.0,-20709000.0,-20709000.0,-20709000.0,152000.0,-27307000.0,-27307000.0,-27307000.0,-27307000.0,-13226000.0,-13226000.0,-13226000.0,-13226000.0,-22654000.0,-22654000.0,-22654000.0,-22654000.0,-25559000.0,-25559000.0,-25559000.0,-25559000.0,-16743000.0,-16743000.0,-16743000.0,-16743000.0,-24955000.0,-24955000.0,-24955000.0,-24955000.0,-39035000.0,-39035000.0,-39035000.0,-39035000.0,-50733000.0,-50733000.0,-50733000.0,-50733000.0,-51238000.0,-51238000.0
AccumulatedOtherComprehensiveIncomeLossNetOfTax / USD,494000.0,494000.0,494000.0,1153000.0,1153000.0,1153000.0,1153000.0,-1730000.0,-1730000.0,-1730000.0,-1730000.0,-1400000.0,-1400000.0,-1400000.0,-1400000.0,-2643000.0,-2043000.0,-2043000.0,-2043000.0,-2643000.0,-20468000.0,-20468000.0,-20468000.0,-20468000.0,-20557000.0,-20557000.0,-20557000.0,-20557000.0,-26451000.0,-26451000.0,-26451000.0,-26451000.0,-12983000.0,-12983000.0,-12983000.0,-12983000.0,-22654000.0,-22654000.0,-22654000.0,-22654000.0,-25559000.0,-25559000.0,-25559000.0,-25559000.0,-16743000.0,-16743000.0,-16743000.0,-16743000.0,-24955000.0,-24955000.0,-24955000.0,-24955000.0,-39035000.0,-39035000.0,-39035000.0,-39035000.0,-50733000.0,-50733000.0,-50733000.0,-50733000.0,-49654000.0,-49654000.0
AdditionalPaidInCapital / USD,,,,,,,,,,,,,,,,,,,,143916000.0,,,,158777000.0,,,,161259000.0,160797000.0,160797000.0,160797000.0,160797000.0,167587000.0,167587000.0,167587000.0,167587000.0,178227000.0,178227000.0,178227000.0,178227000.0,191451000.0,191451000.0,191451000.0,191451000.0,203310000.0,203310000.0,203310000.0,203310000.0,210825000.0,210825000.0,210825000.0,210825000.0,232932000.0,232932000.0,232932000.0,232932000.0,245149000.0,243050000.0,243050000.0,243050000.0,253466000.0,253466000.0
AdjustmentsRelatedToTaxWithholdingForShareBasedCompensation / USD,,,,,,,2082000.0,,,,3579000.0,,,,23497000.0,,,,,5888000.0,,,,8635000.0,,,,5674000.0,,,,4610000.0,,,328000.0,7533000.0,328000.0,328000.0,328000.0,8276000.0,374000.0,374000.0,374000.0,5157000.0,90000.0,90000.0,90000.0,6148000.0,85000.0,85000.0,85000.0,19111000.0,43000.0,43000.0,43000.0,22459000.0,698000.0,698000.0,698000.0,11317000.0,495000.0,495000.0
AdjustmentsToAdditionalPaidInCapitalSharebasedCompensationRequisiteServicePeriodRecognitionValue / USD,,,,,,,,,,,,,,,,,,,,,,,,,,,,13524000.0,,,,6622000.0,,,3526000.0,6175000.0,3526000.0,3526000.0,3526000.0,14302000.0,3424000.0,3424000.0,3424000.0,14773000.0,3618000.0,3618000.0,3618000.0,14471000.0,5469000.0,5469000.0,5469000.0,22695000.0,3735000.0,3735000.0,3735000.0,26780000.0,6877000.0,6877000.0,6877000.0,26858000.0,8231000.0,8231000.0
AllocatedShareBasedCompensationExpense / USD,,,,,,,13016000.0,,,,12782000.0,,,,14803000.0,,,,,14661000.0,,,,13136000.0,,,,,,,,,,,,,,,,,,,,14774000.0,,,,14477000.0,,,,22701000.0,,,,26816000.0,,,,26897000.0,,
AllocatedShareBasedCompensationExpenseNetOfTax / USD,,,,,,,7920000.0,,,,7655000.0,,,,9015000.0,,,,,9088000.0,,,,8186000.0,,,,8381000.0,,,,4097000.0,,,,3853000.0,,,,9400000.0,,,,11228000.0,,,,11169000.0,,,,17260000.0,,,,20320000.0,,,,20340000.0,,
AllowanceForDoubtfulAccountsReceivableCurrent / USD,11790000.0,11790000.0,11790000.0,13772000.0,13772000.0,13772000.0,13772000.0,21692000.0,21692000.0,21692000.0,21692000.0,25086000.0,25086000.0,25086000.0,25086000.0,25068000.0,15569000.0,15569000.0,15569000.0,25068000.0,18218000.0,18218000.0,18218000.0,18218000.0,30195000.0,30195000.0,30195000.0,30195000.0,32354000.0,32354000.0,32354000.0,32354000.0,33462000.0,33462000.0,33462000.0,33462000.0,18824000.0,18824000.0,18824000.0,18824000.0,21146000.0,21146000.0,21146000.0,21146000.0,26516000.0,26516000.0,26516000.0,26516000.0,30591000.0,30591000.0,30591000.0,30591000.0,32504000.0,32504000.0,32504000.0,32504000.0,27331000.0,27331000.0,27331000.0,27331000.0,32883000.0,32883000.0
AmortizationOfIntangibleAssets / USD,,,,,,-7596000.0,,,,-6479000.0,,1940000.0,3694000.0,5798000.0,9599000.0,1886000.0,1887000.0,6194000.0,9300000.0,9312000.0,1938000.0,4358000.0,6578000.0,7975000.0,2069000.0,4135000.0,6057000.0,11291000.0,2069000.0,4135000.0,6057000.0,7945000.0,1978000.0,3866000.0,5827000.0,7807000.0,1978000.0,3400000.0,4817000.0,6235000.0,1413000.0,2201000.0,2839000.0,6235000.0,,,,3470000.0,,,,2565000.0,,,,2248000.0,,,,2228000.0,,
AociLossCashFlowHedgeCumulativeGainLossAfterTax / USD,,,,,,,,,,,,,,,,,,,,,,,,,,,,,,,,,,,,,-317000.0,1180000.0,207000.0,,0.0,0.0,0.0,,0.0,0.0,0.0,,0.0,0.0,0.0,,0.0,0.0,0.0,,0.0,0.0,0.0,0.0,1584000.0,1584000.0
AssetImpairmentCharges / USD,1000000.0,1000000.0,35825000.0,,,,,,,,,,,,,,,,,,,0.0,0.0,0.0,,2235000.0,6773000.0,0.0,0.0,0.0,10089000.0,9773000.0,131000.0,393000.0,1900000.0,13222000.0,,0.0,180000.0,2417000.0,0.0,123000.0,1382000.0,,2680000.0,2680000.0,4060000.0,,,,,,,,,,,,,4290000.0,,
AssetRetirementObligationAccretionExpense / USD,,,,,,,,,,,,,,,,,,,,,,,,,,,,,,,,,,,,,,,,,,,,499000.0,,,,1458000.0,,,,327000.0,,,,513000.0,,,,421000.0,,
AssetRetirementObligationForeignCurrencyTranslationGainLoss / USD,,,,,,,,,,,,,,,,,,,,,,,,,,,,,,,,,,,,,,,,,,,,96000.0,,,,56000.0,,,,232000.0,,,,199000.0,,,,297000.0,,
AssetRetirementObligationLiabilitiesSettled / USD,,,,,,,,,,,,,,,,,,,,,,,,,,,,,,,,,,,,,,,,,,,,1828000.0,,,,3495000.0,,,,898000.0,,,,2284000.0,,,,1724000.0,,
AssetRetirementObligationsNoncurrent / USD,,,,,,,,,,,,,,,,,,,,,,,,,,,,,,,,,,,,,,,,,,,,12667000.0,,,,11505000.0,,,,12983000.0,,,,16802000.0,,,,24556000.0,,
Assets / USD,599043000.0,599043000.0,599043000.0,808994000.0,808994000.0,808994000.0,808994000.0,1146196000.0,1146196000.0,1146196000.0,1146196000.0,1068064000.0,1068064000.0,1068064000.0,1068064000.0,1259729000.0,1064204000.0,1064204000.0,1064204000.0,1259729000.0,1169933000.0,1169933000.0,1169933000.0,1169933000.0,1278068000.0,1278068000.0,1278068000.0,1278068000.0,1191780000.0,1191780000.0,1191780000.0,1191780000.0,1264379000.0,1264379000.0,1264379000.0,1264379000.0,1427206000.0,1427206000.0,1427206000.0,1427206000.0,1765118000.0,1765118000.0,1765118000.0,1765118000.0,2167705000.0,2167705000.0,2167705000.0,2167705000.0,2332250000.0,2332250000.0,2332250000.0,2332250000.0,2556203000.0,2556203000.0,2556203000.0,2556203000.0,3135579000.0,3135579000.0,3135579000.0,3135579000.0,3570252000.0,3570252000.0
AssetsCurrent / USD,520987000.0,520987000.0,520987000.0,715732000.0,715732000.0,715732000.0,715732000.0,817902000.0,817902000.0,817902000.0,817902000.0,691586000.0,691586000.0,691586000.0,691586000.0,829304000.0,623862000.0,623862000.0,623862000.0,829304000.0,686593000.0,686593000.0,686593000.0,686593000.0,785765000.0,785765000.0,785765000.0,785765000.0,820821000.0,820821000.0,820821000.0,820821000.0,910690000.0,910690000.0,910690000.0,910690000.0,1095405000.0,1095405000.0,1095405000.0,1095405000.0,1194111000.0,1194111000.0,1194111000.0,1194111000.0,1650799000.0,1650799000.0,1650799000.0,1650799000.0,1752128000.0,1752128000.0,1752128000.0,1752128000.0,1910253000.0,1910253000.0,1910253000.0,1910253000.0,2443483000.0,2443483000.0,2443483000.0,2443483000.0,2860475000.0,2860475000.0
AssetsFairValueDisclosure / USD,,,,,,,,,,,,,,,,,,,,,,,,,,,,,,,,,,,,,,,,,,,,,,,,,,,,,,,,683867000.0,1165636000.0,1165636000.0,1165636000.0,1165636000.0,1504760000.0,1504760000.0
CashAndCashEquivalentsAtCarryingValue / USD,176804000.0,176804000.0,54525000.0,315862000.0,315862000.0,315862000.0,176804000.0,445226000.0,445226000.0,445226000.0,315862000.0,263606000.0,263606000.0,263606000.0,445226000.0,110247000.0,64591000.0,64591000.0,64591000.0,263606000.0,245088000.0,245088000.0,245088000.0,110247000.0,225143000.0,225143000.0,225143000.0,245088000.0,245956000.0,245956000.0,245956000.0,225143000.0,291764000.0,291764000.0,291764000.0,,589692000.0,589692000.0,589692000.0,589692000.0,649436000.0,649436000.0,649436000.0,649436000.0,1089361000.0,1089361000.0,1089361000.0,1089361000.0,843527000.0,843527000.0,843527000.0,843527000.0,981795000.0,981795000.0,981795000.0,981795000.0,1502051000.0,1502051000.0,1502051000.0,1502051000.0,1889188000.0,1889188000.0
CashAndCashEquivalentsFairValueDisclosure / USD,,,,,,,,,,,,,,,,,,,,,,,,,,,,,,,,,,,,,,,,,,,,,,,,,,,,,,,,,1152083000.0,1152083000.0,1152083000.0,,1485555000.0,1485555000.0
CashCashEquivalentsRestrictedCashAndRestrictedCashEquivalents / USD,,,,,,,,,,,,,,,,,,,,,,,,,,,,,,,,,,,,245956000.0,429970000.0,429970000.0,429970000.0,291764000.0,589692000.0,589692000.0,589692000.0,429970000.0,649436000.0,649436000.0,649436000.0,589692000.0,1089361000.0,1089361000.0,1089361000.0,649436000.0,843527000.0,843527000.0,843527000.0,1089361000.0,981795000.0,981795000.0,981795000.0,843527000.0,1502051000.0,1502051000.0
CashCashEquivalentsRestrictedCashAndRestrictedCashEquivalentsPeriodIncreaseDecreaseIncludingExchangeRateEffect / USD,,,,,,,,,,,,,,,,,,,,,,,,,,,,,,,,,,,,45808000.0,-12119000.0,-247778000.0,85968000.0,138206000.0,-87066000.0,-412019000.0,27172000.0,159722000.0,12505000.0,-23022000.0,507120000.0,59744000.0,-132649000.0,-343150000.0,-91100000.0,439925000.0,-148297000.0,-424268000.0,214316000.0,-245834000.0,65094000.0,-158744000.0,669007000.0,138268000.0,-63654000.0,-276370000.0
CommonStockParOrStatedValuePerShare / USD/shares,0.01,0.01,0.01,0.01,0.01,0.01,0.01,0.01,0.01,0.01,0.01,0.01,0.01,0.01,0.01,0.01,0.01,0.01,0.01,0.01,0.01,0.01,0.01,0.01,0.01,0.01,0.01,0.01,0.01,0.01,0.01,0.01,0.01,0.01,0.01,0.01,0.01,0.01,0.01,0.01,0.01,0.01,0.01,0.01,0.01,0.01,0.01,0.01,0.01,0.01,0.01,0.01,0.01,0.01,0.01,0.01,0.01,0.01,0.01,0.01,0.01,0.01
CommonStockSharesAuthorized / shares,50000000.0,50000000.0,50000000.0,125000000.0,125000000.0,125000000.0,125000000.0,125000000.0,125000000.0,125000000.0,125000000.0,125000000.0,125000000.0,125000000.0,125000000.0,125000000.0,125000000.0,125000000.0,125000000.0,125000000.0,125000000.0,125000000.0,125000000.0,125000000.0,125000000.0,125000000.0,125000000.0,125000000.0,125000000.0,125000000.0,125000000.0,125000000.0,125000000.0,125000000.0,125000000.0,125000000.0,125000000.0,125000000.0,125000000.0,125000000.0,125000000.0,125000000.0,125000000.0,125000000.0,125000000.0,125000000.0,125000000.0,125000000.0,125000000.0,125000000.0,125000000.0,125000000.0,125000000.0,125000000.0,125000000.0,125000000.0,125000000.0,750000000.0,750000000.0,750000000.0,750000000.0,750000000.0
CommonStockSharesIssued / shares,38604000.0,38604000.0,38604000.0,38581000.0,38581000.0,38581000.0,38581000.0,38692000.0,38692000.0,38692000.0,38692000.0,34400000.0,34400000.0,34400000.0,34400000.0,34618000.0,34624000.0,34624000.0,34624000.0,34618000.0,33292000.0,33292000.0,33292000.0,33292000.0,32020000.0,32020000.0,32020000.0,32020000.0,31987000.0,31987000.0,31987000.0,31987000.0,30447000.0,30447000.0,30447000.0,30447000.0,29141000.0,29141000.0,29141000.0,29141000.0,27999000.0,27999000.0,27999000.0,27999000.0,27910000.0,27910000.0,27910000.0,27910000.0,26982000.0,26982000.0,26982000.0,26982000.0,26176000.0,26176000.0,26176000.0,26176000.0,25593000.0,153554000.0,153554000.0,153554000.0,150201000.0,150201000.0
CommonStockSharesOutstanding / shares,38604000.0,38604000.0,38604000.0,38581000.0,38581000.0,38581000.0,38581000.0,38692000.0,38692000.0,38692000.0,38692000.0,34400000.0,34400000.0,34400000.0,34400000.0,34618000.0,34624000.0,34624000.0,34624000.0,34618000.0,33292000.0,33292000.0,33292000.0,33292000.0,32020000.0,32020000.0,32020000.0,32020000.0,31987000.0,31987000.0,31987000.0,31987000.0,30447000.0,30447000.0,30447000.0,30447000.0,29141000.0,29141000.0,29141000.0,29141000.0,27999000.0,27999000.0,27999000.0,27999000.0,27910000.0,27910000.0,27910000.0,27910000.0,26982000.0,26982000.0,26982000.0,26982000.0,26176000.0,26176000.0,26176000.0,26176000.0,25593000.0,153554000.0,153554000.0,153554000.0,150201000.0,150201000.0
CommonStockValue / USD,129000.0,129000.0,387000.0,386000.0,386000.0,386000.0,386000.0,387000.0,387000.0,387000.0,387000.0,344000.0,344000.0,344000.0,344000.0,346000.0,346000.0,346000.0,346000.0,346000.0,333000.0,333000.0,333000.0,333000.0,320000.0,320000.0,320000.0,320000.0,320000.0,320000.0,320000.0,320000.0,304000.0,304000.0,304000.0,304000.0,291000.0,291000.0,291000.0,291000.0,280000.0,280000.0,280000.0,280000.0,279000.0,279000.0,279000.0,279000.0,270000.0,270000.0,270000.0,270000.0,262000.0,262000.0,262000.0,262000.0,255000.0,1536000.0,1536000.0,1536000.0,1502000.0,1502000.0
ComprehensiveIncomeNetOfTax / USD,,,,,25804000.0,68684000.0,,16210000.0,9718000.0,72617000.0,158894000.0,7557000.0,-10269000.0,32236000.0,196169000.0,,,,,129196000.0,,,,,,,,,,,,,,,98160000.0,-184000.0,-32547000.0,36767000.0,230794000.0,127862000.0,-19600000.0,56316000.0,259603000.0,254637000.0,-6967000.0,100182000.0,363386000.0,273237000.0,51475000.0,152034000.0,380716000.0,391391000.0,29883000.0,118966000.0,409714000.0,443737000.0,55253000.0,231683000.0,628679000.0,502742000.0,111825000.0,364921000.0
ContractWithCustomerAssetNet / USD,,,,,,,,,,,,,,,,,,,,,,,,,,,,,,,,,11251000.0,11251000.0,11251000.0,11251000.0,11251000.0,11251000.0,11251000.0,11251000.0,10441000.0,10441000.0,10441000.0,10441000.0,9663000.0,9663000.0,9663000.0,9663000.0,10704000.0,10704000.0,10704000.0,10704000.0,11491000.0,11491000.0,11491000.0,11491000.0,15685000.0,15685000.0,15685000.0,15685000.0,13866000.0,13866000.0
ContractWithCustomerRefundLiability / USD,,,,,,,,,,,,,,,,,,,,,,,,,,,,,,,,,,,,,,,,,,,,,,,,25667000.0,37717000.0,37717000.0,37717000.0,37717000.0,39867000.0,39867000.0,39867000.0,39867000.0,45322000.0,45322000.0,45322000.0,45322000.0,55327000.0,55327000.0
CostOfGoodsAndServicesSold / USD,,,,,,,,,,,,,,,,,,,,,,,,,,,,,,,,,,376435000.0,763442000.0,954912000.0,135629000.0,385655000.0,789362000.0,971697000.0,146820000.0,416001000.0,847104000.0,980187000.0,140603000.0,445151000.0,909013000.0,1029016000.0,244175000.0,598989000.0,1165520000.0,1171551000.0,319709000.0,773402000.0,1406513000.0,1542788000.0,329367000.0,838255000.0,1481993000.0,1801916000.0,355347000.0,933395000.0
CurrentFederalTaxExpenseBenefit / USD,,,,,,,48523000.0,,,,71032000.0,,,,63758000.0,,,,,50911000.0,,,,51058000.0,,,,35459000.0,,,,11971000.0,,,,2184000.0,,,,80339000.0,,,,33334000.0,,,,47087000.0,,,,93562000.0,,,,95012000.0,,,,115708000.0,,
CurrentForeignTaxExpenseBenefit / USD,,,,,,,2123000.0,,,,3648000.0,,,,7487000.0,,,,,3368000.0,,,,6650000.0,,,,7069000.0,,,,12039000.0,,,,8039000.0,,,,14388000.0,,,,15269000.0,,,,14068000.0,,,,17953000.0,,,,22929000.0,,,,24853000.0,,
CurrentIncomeTaxExpenseBenefit / USD,,,,,,,60996000.0,,,,91444000.0,,,,83471000.0,,,,2200000.0,60761000.0,,,,63960000.0,,,,49389000.0,,,,26453000.0,,,,11799000.0,,,,98164000.0,,,,57687000.0,,,,61790000.0,,,,127110000.0,,,,140485000.0,,,,158979000.0,,
CurrentStateAndLocalTaxExpenseBenefit / USD,,,,,,,10350000.0,,,,16764000.0,,,,12226000.0,,,,,6482000.0,,,,6252000.0,,,,6861000.0,,,,2443000.0,,,,1576000.0,,,,3437000.0,,,,9084000.0,,,,635000.0,,,,15595000.0,,,,22544000.0,,,,18418000.0,,
DeferredCompensationLiabilityClassifiedNoncurrent / USD,,,,,,,,,,,,,,,,,,,,,,,,,,,,,,,,,,,,,,,,,,,,,,,,,,,,,,,,,16229000.0,16229000.0,16229000.0,16229000.0,22793000.0,22793000.0
DeferredCompensationLiabilityCurrent / USD,,,,,,,,,,,,,,,,,,,,,,,,,,,,,,,,,,,,,,,,,,,,,,,,,,,,,,,,,408000.0,408000.0,408000.0,408000.0,2345000.0,2345000.0
DeferredFederalIncomeTaxExpenseBenefit / USD,,,,,,,4752000.0,,,,-2182000.0,,,,1003000.0,,,,,-6083000.0,,,,-2580000.0,,,,8234000.0,,,,7887000.0,,,,-20287000.0,,,,12007000.0,,,,6612000.0,,,,4626000.0,,,,-6717000.0,,,,-17316000.0,,,,4830000.0,,
DeferredForeignIncomeTaxExpenseBenefit / USD,,,,,,,-31000.0,,,,93000.0,,,,-3000.0,,,,,12000.0,,,,-1303000.0,,,,1112000.0,,,,-833000.0,,,,-762000.0,,,,-4260000.0,,,,-1909000.0,,,,-1230000.0,,,,-821000.0,,,,-5653000.0,,,,-14931000.0,,
DeferredIncomeTaxAssetsNet / USD,,,,,,,,,,,,,,,,,,,,,,,,,,,,,44708000.0,44708000.0,44708000.0,44708000.0,38381000.0,38381000.0,38381000.0,38381000.0,30870000.0,30870000.0,30870000.0,30870000.0,28233000.0,28233000.0,28233000.0,28233000.0,37194000.0,37194000.0,37194000.0,37194000.0,64217000.0,64217000.0,64217000.0,64217000.0,72592000.0,72592000.0,72592000.0,72592000.0,72584000.0,72584000.0,72584000.0,72584000.0,77591000.0,77591000.0
DeferredIncomeTaxExpenseBenefit / USD,,,-22125000.0,,,,5308000.0,,,,-1712000.0,,,,-67000.0,-167000.0,-210000.0,-449000.0,-3925000.0,-5657000.0,0.0,1152000.0,1342000.0,-4092000.0,169000.0,153000.0,4823000.0,9970000.0,-2132000.0,-2147000.0,-37024000.0,8167000.0,-2932000.0,-3449000.0,13772000.0,-24495000.0,-509000.0,-2009000.0,5094000.0,8138000.0,-1646000.0,-412000.0,-1020000.0,6939000.0,-14000.0,1503000.0,1859000.0,2934000.0,-4002000.0,-3239000.0,-4263000.0,-8171000.0,-644000.0,788000.0,-343000.0,-27796000.0,478000.0,-1266000.0,2850000.0,-9719000.0,170000.0,1295000.0
DeferredIncomeTaxLiabilities / USD,,,,,,,,,,,,,,,,,,,,,,,,,,,,,,,,,,,,15225000.0,,,,17458000.0,,,,61353000.0,,,,52181000.0,,,,56215000.0,,,,56888000.0,,,,65081000.0,,
DeferredStateAndLocalIncomeTaxExpenseBenefit / USD,,,,,,,587000.0,,,,377000.0,,,,-1067000.0,,,,,414000.0,,,,-209000.0,,,,624000.0,,,,1113000.0,,,,-3446000.0,,,,391000.0,,,,2236000.0,,,,-462000.0,,,,-633000.0,,,,-4827000.0,,,,382000.0,,
DeferredTaxAssetsGoodwillAndIntangibleAssets / USD,,,,,,,,,,,,,,,,,,,,4603000.0,,,,1004000.0,,,,-5128000.0,,,,28304000.0,,,,18261000.0,,,,13615000.0,,,,11471000.0,,,,7302000.0,,,,4828000.0,,,,16788000.0,,,,11416000.0,,
DeferredTaxAssetsGross / USD,,,,,,,,,,,,,,,,,,,,,,,,,,,,,,,,,,,,,,,,48523000.0,,,,91105000.0,,,,90572000.0,,,,121638000.0,,,,130704000.0,,,,138924000.0,,
DeferredTaxAssetsNet / USD,,,,,,,,,,,,,,,,,,,,35632000.0,,,,29083000.0,,,20636000.0,,,,,,,,,53606000.0,,,,48328000.0,,,,89586000.0,,,,89375000.0,,,,120432000.0,,,,129480000.0,,,,137665000.0,,
DeferredTaxAssetsTaxDeferredExpenseReservesAndAccruals / USD,,,,,,,7365000.0,,,,8874000.0,,,,11582000.0,,,,,10655000.0,,,,8984000.0,,,,,,,,,,,,,,,,,,,,,,,,,,,,41894000.0,,,,48949000.0,,,,65817000.0,,
DeferredTaxAssetsValuationAllowance / USD,,,,,,,,,,,,,,,,,,,,,,,,,,,,,,,,0.0,,,,,,,,195000.0,,,,1519000.0,,,,1197000.0,,,,1206000.0,,,,1224000.0,,,,1259000.0,,
DeferredTaxLiabilitiesLeasingArrangements / USD,,,,,,,,,,,,,,,,,,,,,,,,,,,,,,,,,,,,,,,,41276000.0,,,,41276000.0,,,,30754000.0,,,,28831000.0,,,,31250000.0,,,,29667000.0,,
DeferredTaxLiabilitiesOther / USD,,,,,,,,,,,,,,,,,,,,,,,,448000.0,,,,,,,,,,,,1201000.0,,,,,,,,,,,,,,,,,,,,,,,,0.0,,
DeferredTaxLiabilitiesPropertyPlantAndEquipment / USD,,,,,,,3230000.0,,,,6056000.0,,,,8524000.0,,,,,6034000.0,,,,6148000.0,,,,8804000.0,,,,19511000.0,,,,9638000.0,,,,14079000.0,,,,15825000.0,,,,17598000.0,,,,21924000.0,,,,18708000.0,,,,28354000.0,,
DefinedContributionPlanCostRecognized / USD,,,,,,,1023000.0,,,,861000.0,,,,1710000.0,,,,,1066000.0,,,,1386000.0,,,,1726000.0,,,,2182000.0,,,,2124000.0,,,,2269000.0,,,,3060000.0,,,,3251000.0,,,,3339000.0,,,,3953000.0,,,,4433000.0,,
DefinedContributionPlanEmployerDiscretionaryContributionAmount / USD,,,,,,,,,,,,,,,,,,,,,,,,,,,,,,,,,,,,,,,,,,,,,,,,0.0,,,,0.0,,,,0.0,,,,0.0,,
DefinedContributionPlanEmployerMatchingContributionPercent / pure,,,,,,,,,,,,,,,0.06,,,,,0.06,,,,0.06,,,,0.06,,,,0.06,,,,0.06,,,,0.06,,,,0.06,,,,0.06,,,,0.06,,,,0.06,,,,0.06,,
DefinedContributionPlanEmployerMatchingContributionPercentOfMatch / pure,,,,,,,,,,,,,,,0.5,,,,,0.5,,,,0.5,,,,0.5,,,,0.5,,,,0.5,,,,0.5,,,,0.5,,,,0.5,,,,0.5,,,,0.5,,,,0.5,,
Depreciation / USD,,,,,,,,,,,,,,,,,,,,,,,,,,,,,,,,,,,,,,,,,,,,,,,,,,,,,,,,40303000.0,,,,45117000.0,,
DepreciationAmortizationAndAccretionNet / USD,4723000.0,7360000.0,6008000.0,3895000.0,6236000.0,8836000.0,10194000.0,5877000.0,11539000.0,19895000.0,12283000.0,8418000.0,14666000.0,22899000.0,28977000.0,8970000.0,8879000.0,18439000.0,32469000.0,33367000.0,11131000.0,24773000.0,37808000.0,41439000.0,11905000.0,25063000.0,38127000.0,49293000.0,13021000.0,25885000.0,39494000.0,50024000.0,12268000.0,24453000.0,36655000.0,52628000.0,11405000.0,22134000.0,33547000.0,48572000.0,10345000.0,19966000.0,29437000.0,44941000.0,9276000.0,19499000.0,30637000.0,38912000.0,9971000.0,19931000.0,31202000.0,40530000.0,11705000.0,23018000.0,35089000.0,42878000.0,12353000.0,25138000.0,40901000.0,47858000.0,17061000.0,33750000.0
DerivativeNotionalAmount / USD,,,,,,,,,,,,,,,,,,,,,,,,,,,,,,,,,,,,131134000.0,,,,,,0.0,0.0,0.0,0.0,0.0,0.0,0.0,0.0,0.0,0.0,0.0,0.0,0.0,0.0,0.0,0.0,0.0,0.0,0.0,381713000.0,381713000.0
EarningsPerShareBasic / USD/shares,0.39,1.25,1.89,0.46,0.69,1.79,2.99,0.5,0.31,1.93,4.1,0.2,-0.32,0.82,5.16,0.03,-0.85,0.11,4.19,3.49,-1.07,0.11,4.64,0.03,-1.43,-0.33,4.47,4.7,-1.84,-0.61,0.67,3.76,-1.32,0.23,2.93,0.18,-1.0,1.46,8.06,3.6,-0.67,2.03,9.12,8.92,-0.28,3.34,12.44,9.73,1.73,5.42,13.87,13.64,1.67,5.49,16.0,16.43,2.43,1.55,4.06,3.25,0.76,2.35
EarningsPerShareDiluted / USD/shares,0.38,1.24,1.87,0.46,0.69,1.76,2.96,0.49,0.3,1.89,4.03,0.2,-0.32,0.81,5.07,0.03,-0.85,0.11,4.15,3.45,-1.07,0.1,4.59,0.03,-1.43,-0.33,4.4,4.66,-1.84,-0.61,0.66,3.7,-1.32,0.23,2.91,0.18,-1.0,1.45,7.99,3.58,-0.67,2.01,9.02,8.84,-0.28,3.3,12.3,9.62,1.71,5.37,13.73,13.47,1.66,5.46,15.9,16.26,2.41,1.54,4.03,3.23,0.75,2.34
EffectOfExchangeRateOnCashCashEquivalentsRestrictedCashAndRestrictedCashEquivalents / USD,,,,,,,,,,,,,,,,,,,,,,,,,,,,,,,,,,,,-5266000.0,-2316000.0,-3615000.0,-4851000.0,3263000.0,-519000.0,-1756000.0,-1228000.0,-3572000.0,545000.0,2407000.0,7879000.0,-2512000.0,1380000.0,513000.0,1187000.0,5458000.0,-6873000.0,-10702000.0,-8617000.0,304000.0,-3817000.0,-5721000.0,-2709000.0,-9110000.0,-1922000.0,2986000.0
EffectiveIncomeTaxRateContinuingOperations / pure,,,,,,,,,,,,,,,,0.599,,,,,,,,,,,,,,,,,,,,,0.221,0.133,0.186,,0.346,0.135,0.198,,0.012,0.219,0.221,,0.219,0.207,0.206,,0.213,0.213,0.229,,0.219,0.233,0.224,,0.225,0.235
EmployeeRelatedLiabilitiesCurrent / USD,20869000.0,20869000.0,20869000.0,35109000.0,35109000.0,35109000.0,35109000.0,32594000.0,32594000.0,32594000.0,32594000.0,15896000.0,15896000.0,15896000.0,15896000.0,35725000.0,22927000.0,22927000.0,22927000.0,35725000.0,27300000.0,27300000.0,27300000.0,27300000.0,20625000.0,20625000.0,20625000.0,20625000.0,22608000.0,22608000.0,22608000.0,22608000.0,55695000.0,55695000.0,55695000.0,55695000.0,54462000.0,54462000.0,54462000.0,54462000.0,42309000.0,42309000.0,42309000.0,42309000.0,79152000.0,79152000.0,79152000.0,79152000.0,67553000.0,67553000.0,67553000.0,67553000.0,63781000.0,63781000.0,63781000.0,63781000.0,123653000.0,123653000.0,123653000.0,123653000.0,125417000.0,125417000.0
EmployeeServiceShareBasedCompensationNonvestedAwardsTotalCompensationCostNotYetRecognized / USD,,,,,,,26178000.0,,,,12413000.0,,,,20868000.0,,4300000.0,12400000.0,9200000.0,21589000.0,,,,6702000.0,4000000.0,14000000.0,7900000.0,12295000.0,,,,15689000.0,,,,14472000.0,,,,15653000.0,,,,24398000.0,,,,36293000.0,,,,30720000.0,,,,39445000.0,,56471000.0,50375000.0,43176000.0,,
EmployeeServiceShareBasedCompensationTaxBenefitFromCompensationExpense / USD,,,,,,,5096000.0,,,,5127000.0,,,,5788000.0,,,,,5573000.0,,,,4950000.0,,,,5143000.0,,,,2525000.0,,,,2322000.0,,,,4906000.0,,,,3546000.0,,,,3308000.0,,,,5441000.0,,,,6496000.0,,,,6557000.0,,
EntityCommonStockSharesOutstanding / shares,38671884.0,38544429.0,38581395.0,38677632.0,38516432.0,38608023.0,38693544.0,38483139.0,37051455.0,35261306.0,34402209.0,34451650.0,34492929.0,34536737.0,34620587.0,34624470.0,34628650.0,34635916.0,34568408.0,33296968.0,32680352.0,32332172.0,32429269.0,32023300.0,32040112.0,32084838.0,31937390.0,31990065.0,31998620.0,31961417.0,31762862.0,30447808.0,30074045.0,29122209.0,29130988.0,29142002.0,28881327.0,27976092.0,27987587.0,27999468.0,28021361.0,28084060.0,28169920.0,27813023.0,27662787.0,27448120.0,27241283.0,26789861.0,26531046.0,26466796.0,26359258.0,26159846.0,26134458.0,25730874.0,25668220.0,25442495.0,25410572.0,151921988.0,151773639.0,149435875.0,148343362.0,145744833.0
EntityPublicFloat / USD,,,1763604129.0,,,,3255935670.0,,,,1592168078.0,,,,1693099089.0,,,,,3280043169.0,,,,1866513908.0,,,,1897849329.0,,,,2180262000.0,,,,3468302000.0,,,,4102074000.0,,,,6159309976.0,,,,9890267142.0,,,,8242483771.0,,,,13217047750.0,,,,24144731557.0,,
FiniteLivedIntangibleAssetsGross / USD,,,,,,,5854000.0,,,,85847000.0,,,,96674000.0,,,,,101963000.0,,,,109604000.0,,,,112873000.0,104045000.0,104045000.0,106628000.0,106628000.0,108461000.0,108461000.0,108461000.0,108461000.0,107226000.0,107226000.0,107226000.0,107226000.0,106983000.0,106983000.0,106983000.0,106983000.0,,,,103964000.0,,,,103295000.0,,,,103036000.0,,,,102943000.0,,
FiniteLivedIntangibleAssetsNet / USD,,,,,,,2959000.0,,,,78994000.0,,,,80510000.0,,,,,77823000.0,,,,72288000.0,,,,67571000.0,49684000.0,49684000.0,49684000.0,49684000.0,42396000.0,42396000.0,42396000.0,42396000.0,36040000.0,36040000.0,36040000.0,36040000.0,32562000.0,32562000.0,32562000.0,32562000.0,,,,26491000.0,,,,24234000.0,,,,22003000.0,,,,11629000.0,,
ForeignCurrencyCashFlowHedgeAssetAtFairValue / USD,,,,,,,,,,,,,,,,,,,,,,,,,,,,,,,,,,,,950000.0,,,,,,285000.0,,,2259000.0,4035000.0,1308000.0,,1080000.0,4352000.0,185000.0,,418000.0,,,,1399000.0,148000.0,3380000.0,2238000.0,2238000.0,
ForeignCurrencyCashFlowHedgeLiabilityAtFairValue / USD,,,,,,,,,,,,,,,,,,,,,,,,,,,,,,,,,,,,153000.0,773000.0,172000.0,,,,831000.0,1211000.0,,,,9000.0,,,,498000.0,,90000.0,,,,267000.0,4688000.0,,64000.0,64000.0,
GainLossOnDispositionOfAssets1 / USD,,,,,,,,,,,,,,,,,,,,,,0.0,0.0,0.0,,938000.0,938000.0,0.0,-244000.0,-534000.0,-471000.0,1338000.0,-126000.0,-273000.0,-332000.0,-538000.0,-58000.0,94000.0,-87000.0,-387000.0,-59000.0,-391000.0,-679000.0,-277000.0,22000.0,-135000.0,-259000.0,-698000.0,-5000.0,-23000.0,-37000.0,-1019000.0,-15000.0,-24000.0,-18000.0,-107000.0,0.0,-145000.0,-235000.0,-2691000.0,-79000.0,-2811000.0
GainsLossesOnExtinguishmentOfDebt / USD,,,,,,,,,,,,,,,,,,,,,,,,,,,,,,,,,,0.0,0.0,0.0,,-445000.0,-447000.0,0.0,,,,-447000.0,,,,,,,0.0,0.0,,,-226000.0,0.0,,,,-226000.0,,
Goodwill / USD,6507000.0,,6507000.0,,,6507000.0,6507000.0,120045000.0,120045000.0,120045000.0,6507000.0,128725000.0,128725000.0,128725000.0,120045000.0,128725000.0,127934000.0,127934000.0,127934000.0,128725000.0,127934000.0,127934000.0,127934000.0,127934000.0,127934000.0,127934000.0,127934000.0,127934000.0,13990000.0,13990000.0,13990000.0,127934000.0,13990000.0,13990000.0,13990000.0,13990000.0,13990000.0,13990000.0,13990000.0,13990000.0,13990000.0,13990000.0,13990000.0,13990000.0,13990000.0,13990000.0,13990000.0,13990000.0,13990000.0,13990000.0,13990000.0,13990000.0,13990000.0,13990000.0,13990000.0,13990000.0,13990000.0,13990000.0,13990000.0,13990000.0,13990000.0,13990000.0
GoodwillGross / USD,,,,,,21932000.0,21932000.0,,,,21932000.0,,,,135876000.0,,,,,144556000.0,,,,143765000.0,,,,143765000.0,,,,143765000.0,,,,143765000.0,,,,143765000.0,,,,143765000.0,,,,143765000.0,,,,143765000.0,,,,143765000.0,,,,143765000.0,,
GoodwillImpairedAccumulatedImpairmentLoss / USD,,,,,,15425000.0,15425000.0,,,,15425000.0,,,,15831000.0,,,,,15831000.0,,,,15831000.0,,,,15831000.0,,,,15831000.0,,,,129775000.0,,,,129775000.0,,,,129775000.0,,,,129775000.0,,,,129775000.0,,,,129775000.0,,,,129775000.0,,
GrossProfit / USD,99698000.0,197649000.0,305318000.0,77907000.0,138650000.0,269603000.0,371090000.0,102478000.0,168390000.0,371243000.0,502938000.0,113288000.0,186867000.0,346160000.0,678995000.0,123559000.0,69832000.0,236724000.0,612924000.0,632154000.0,86772000.0,310645000.0,725784000.0,123559000.0,86596000.0,300709000.0,691726000.0,878108000.0,76252000.0,292677000.0,676311000.0,846668000.0,90625000.0,315742000.0,739213000.0,835235000.0,114965000.0,366852000.0,836945000.0,931642000.0,130019000.0,403043000.0,910675000.0,1040250000.0,142566000.0,461543000.0,1075440000.0,1103673000.0,260503000.0,627591000.0,1248812000.0,1374090000.0,294752000.0,716673000.0,1429202000.0,1607551000.0,346424000.0,929443000.0,1846012000.0,1825370000.0,470000000.0,1203272000.0
ImpairmentOfIntangibleAssetsFinitelived / USD,,,,,,,,,,,,,,,,,,,,,,,,,,,,8829000.0,,,,8829000.0,,,,,,,,0.0,,,,0.0,,,,0.0,,,,3522000.0,,,,0.0,,,,0.0,,
IncomeLossAttributableToParent / USD,,,,,,,,,,,,,,,,,,,,,,,,,,,,,,,,,,,202787000.0,-6986000.0,-39051000.0,50724000.0,295391000.0,220696000.0,-29605000.0,67618000.0,324221000.0,328934000.0,-8072000.0,119892000.0,448448000.0,340866000.0,61651000.0,189331000.0,482288000.0,501514000.0,57002000.0,185920000.0,551224000.0,564638000.0,81364000.0,315681000.0,814734000.0,666082000.0,149153000.0,468065000.0
IncomeLossFromContinuingOperationsBeforeIncomeTaxesDomestic / USD,,,,,,,194228000.0,,,,141368000.0,,,,141660000.0,,,,,141660000.0,,,,144706000.0,,,,125289000.0,,,,50947000.0,,,,-69997000.0,,,,71482000.0,,,,181730000.0,,,,206111000.0,,,,368328000.0,,,,396368000.0,,,,467231000.0,,
IncomeLossFromContinuingOperationsBeforeIncomeTaxesForeign / USD,,,,,,,27912000.0,,,,43327000.0,,,,108738000.0,,,,,51409000.0,,,,60851000.0,,,,95850000.0,,,,105938000.0,,,,63011000.0,,,,149214000.0,,,,147204000.0,,,,134755000.0,,,,133186000.0,,,,168270000.0,,,,198851000.0,,
IncomeTaxExpenseBenefit / USD,9268000.0,28702000.0,46631000.0,10746000.0,15549000.0,40104000.0,66304000.0,8500000.0,5273000.0,33539000.0,89732000.0,4299000.0,-4091000.0,11850000.0,83404000.0,1503000.0,-13777000.0,-1135000.0,58365000.0,55104000.0,-13708000.0,3204000.0,59814000.0,1503000.0,-17355000.0,-3890000.0,39847000.0,59359000.0,-19963000.0,-6796000.0,3064000.0,34620000.0,-14466000.0,2296000.0,109008000.0,-12696000.0,-8644000.0,6759000.0,55052000.0,106302000.0,-10254000.0,9159000.0,64169000.0,64626000.0,-99000.0,26311000.0,99331000.0,64724000.0,13527000.0,39144000.0,99158000.0,118939000.0,12153000.0,39547000.0,126189000.0,112689000.0,17812000.0,73582000.0,182716000.0,149260000.0,33528000.0,110119000.0
IncomeTaxReconciliationForeignIncomeTaxRateDifferential / USD,,,,,,,-7878000.0,,,,-11304000.0,,,,-24783000.0,,,,,-12908000.0,,,,-16399000.0,,,,-25535000.0,,,,-28233000.0,,,,-8062000.0,,,,-37090000.0,,,,-20105000.0,,,,-17966000.0,,,,-15507000.0,,,,-22188000.0,,,,-21420000.0,,
IncomeTaxReconciliationIncomeTaxExpenseBenefitAtFederalStatutoryIncomeTaxRate / USD,,,,,,,64105000.0,,,,87517000.0,,,,99842000.0,,,,,64282000.0,,,,71945000.0,,,,77399000.0,,,,54910000.0,,,,-2445000.0,,,,69556000.0,,,,69076000.0,,,,71582000.0,,,,105318000.0,,,,118574000.0,,,,139882000.0,,
IncomeTaxReconciliationOtherAdjustments / USD,,,,,,,2477000.0,,,,2953000.0,,,,1433000.0,,,,,168000.0,,,,-113000.0,,,,345000.0,,,,2100000.0,,,,189000.0,,,,-225000.0,,,,-1365000.0,,,,-2117000.0,,,,792000.0,,,,-4208000.0,,,,195000.0,,
IncomeTaxReconciliationRepatriationOfForeignEarnings / USD,,,,,,,,,,,,,,,,,,,,,,,,,,,,,,,,,,,,0.0,,,,57138000.0,,,,5848000.0,,,,2343000.0,,,,4252000.0,,,,4325000.0,,,,7672000.0,,
IncomeTaxReconciliationStateAndLocalIncomeTaxes / USD,,,,,,,7600000.0,,,,10566000.0,,,,6912000.0,,,,,3562000.0,,,,4435000.0,,,,3564000.0,,,,1298000.0,,,,-1403000.0,,,,9044000.0,,,,9329000.0,,,,11042000.0,,,,16479000.0,,,,16896000.0,,,,15881000.0,,
IncomeTaxesPaidNet / USD,28854000.0,29444000.0,58741000.0,18903000.0,27243000.0,33380000.0,66540000.0,27867000.0,35777000.0,36096000.0,82493000.0,34025000.0,35916000.0,39786000.0,62405000.0,27885000.0,1569000.0,2340000.0,11237000.0,66899000.0,2267000.0,5095000.0,10089000.0,39122000.0,4012000.0,6582000.0,8739000.0,53504000.0,-11500000.0,,,29916000.0,2266000.0,-14397000.0,-11989000.0,14099000.0,1961000.0,8682000.0,29646000.0,14407000.0,11833000.0,17508000.0,47482000.0,53657000.0,4216000.0,11764000.0,56957000.0,74573000.0,10811000.0,74312000.0,124651000.0,104068000.0,13313000.0,29242000.0,59418000.0,192090000.0,19716000.0,47150000.0,108439000.0,135986000.0,14998000.0,90833000.0
IncomeTaxesReceivable / USD,,,,,16285000.0,,,,16858000.0,16837000.0,,7702000.0,22899000.0,0.0,,,0.0,0.0,,0.0,15170000.0,15170000.0,15170000.0,15170000.0,23456000.0,23456000.0,23456000.0,23456000.0,24786000.0,24786000.0,24786000.0,24786000.0,2176000.0,2176000.0,2176000.0,2176000.0,2340000.0,2340000.0,2340000.0,2340000.0,8151000.0,8151000.0,8151000.0,8151000.0,6310000.0,6310000.0,6310000.0,6310000.0,18243000.0,18243000.0,18243000.0,18243000.0,4784000.0,4784000.0,4784000.0,4784000.0,43559000.0,43559000.0,43559000.0,43559000.0,36613000.0,36613000.0
IncreaseDecreaseInAccountsPayableTrade / USD,7901000.0,8415000.0,6739000.0,-17873000.0,32623000.0,25872000.0,3790000.0,-24063000.0,40302000.0,59530000.0,19742000.0,-69223000.0,80919000.0,53433000.0,38237000.0,-72295000.0,111729000.0,86816000.0,93546000.0,18932000.0,141117000.0,138252000.0,94365000.0,21251000.0,142136000.0,160514000.0,106425000.0,8912000.0,112130000.0,102324000.0,72158000.0,14775000.0,132108000.0,148894000.0,103310000.0,-7825000.0,168569000.0,183638000.0,134495000.0,-4462000.0,175129000.0,188413000.0,119794000.0,26667000.0,106203000.0,162289000.0,152797000.0,23312000.0,152144000.0,256028000.0,246964000.0,79176000.0,279790000.0,157155000.0,161512000.0,89184000.0,254063000.0,215374000.0,242496000.0,-74247000.0,266679000.0,155774000.0
IncreaseDecreaseInAccountsReceivable / USD,-44817000.0,5611000.0,38153000.0,-22869000.0,3822000.0,65086000.0,-31527000.0,-38607000.0,-9763000.0,97378000.0,39449000.0,-85010000.0,-69714000.0,47601000.0,63199000.0,-80751000.0,-429000.0,101730000.0,74133000.0,-491000.0,25004000.0,158662000.0,83207000.0,-6618000.0,-22443000.0,147330000.0,56819000.0,36885000.0,-56655000.0,140615000.0,54169000.0,23545000.0,-46733000.0,152607000.0,77600000.0,1336000.0,-11940000.0,158883000.0,115638000.0,-10770000.0,-19860000.0,156975000.0,108982000.0,16157000.0,-47709000.0,147832000.0,133708000.0,10493000.0,633000.0,154633000.0,118568000.0,33173000.0,19520000.0,136430000.0,27345000.0,86627000.0,-33282000.0,193071000.0,32379000.0,806000.0,3272000.0,249306000.0
IncreaseDecreaseInAccruedIncomeTaxesPayable / USD,-20384000.0,-2131000.0,7120000.0,-9150000.0,-12870000.0,4822000.0,-6525000.0,-22773000.0,-20902000.0,-13581000.0,5480000.0,-30318000.0,-25694000.0,-13351000.0,5722000.0,-21735000.0,-1649000.0,-570000.0,46121000.0,-5820000.0,1019000.0,787000.0,44444000.0,24386000.0,-1890000.0,-3705000.0,8738000.0,4883000.0,-584000.0,-2678000.0,25839000.0,-397000.0,-7228000.0,5208000.0,29190000.0,-3643000.0,-6204000.0,1921000.0,25373000.0,290000.0,-18625000.0,-3331000.0,23545000.0,4355000.0,1558000.0,20607000.0,45843000.0,-8179000.0,4048000.0,-19729000.0,-10151000.0,25817000.0,6439000.0,26915000.0,63936000.0,-24494000.0,10691000.0,44171000.0,92028000.0,4897000.0,4340000.0,23582000.0
IncreaseDecreaseInAccruedLiabilities / USD,-17715000.0,-9875000.0,9049000.0,-14238000.0,-15918000.0,-3952000.0,2583000.0,-27976000.0,-28959000.0,-8743000.0,16468000.0,-27961000.0,-25379000.0,-23623000.0,850000.0,-9169000.0,-523000.0,16635000.0,42725000.0,-9983000.0,1812000.0,7401000.0,33508000.0,33556000.0,-7757000.0,6124000.0,22984000.0,3761000.0,6050000.0,21845000.0,32776000.0,-16221000.0,-13273000.0,11132000.0,62026000.0,-403000.0,-1795000.0,-27928000.0,15455000.0,30904000.0,-8598000.0,-31056000.0,21504000.0,-2792000.0,-12091000.0,11434000.0,75658000.0,-11112000.0,-34418000.0,-37673000.0,10782000.0,53785000.0,-30580000.0,-14688000.0,42681000.0,-20370000.0,-33247000.0,-1479000.0,92042000.0,11528000.0,-71398000.0,-21506000.0
IncreaseDecreaseInIncomeTaxesReceivable / USD,,,,,16285000.0,,,,16285000.0,16838000.0,,4799000.0,16858000.0,16838000.0,,4799000.0,13873000.0,3997000.0,-4799000.0,0.0,16923000.0,4305000.0,-2303000.0,0.0,20458000.0,7507000.0,-17121000.0,15170000.0,5584000.0,-6665000.0,-20514000.0,8286000.0,8218000.0,-16999000.0,-20797000.0,1331000.0,229000.0,-445000.0,357000.0,-26999000.0,1499000.0,3152000.0,5781000.0,165000.0,6852000.0,3205000.0,2305000.0,5811000.0,-2472000.0,7505000.0,7743000.0,-1842000.0,349000.0,6134000.0,-13712000.0,11933000.0,13529000.0,8488000.0,10585000.0,-13459000.0,-14079000.0,-9737000.0
IncreaseDecreaseInInventories / USD,52755000.0,96275000.0,45749000.0,-17134000.0,34930000.0,112587000.0,-5247000.0,-16718000.0,88054000.0,230164000.0,38642000.0,-44817000.0,92987000.0,232897000.0,120730000.0,-43076000.0,103766000.0,186300000.0,2496000.0,46903000.0,144460000.0,269488000.0,81742000.0,-40580000.0,133811000.0,355242000.0,130844000.0,26748000.0,169253000.0,278117000.0,73591000.0,61492000.0,142797000.0,256709000.0,97458000.0,-1060000.0,136641000.0,227257000.0,54373000.0,751000.0,194552000.0,280032000.0,87104000.0,-8827000.0,123355000.0,172518000.0,-6321000.0,32777000.0,179463000.0,358028000.0,272508000.0,-33378000.0,332713000.0,418247000.0,216569000.0,228554000.0,207701000.0,193480000.0,6111000.0,26056000.0,278972000.0,306855000.0
IncreaseDecreaseInOtherNoncurrentLiabilities / USD,,,,,622000.0,1823000.0,2421000.0,1450000.0,1517000.0,2357000.0,2187000.0,2831000.0,757000.0,2425000.0,2519000.0,830000.0,356000.0,2614000.0,4788000.0,4264000.0,751000.0,361000.0,3400000.0,5618000.0,3136000.0,3875000.0,4740000.0,6716000.0,-3498000.0,-2370000.0,133000.0,7195000.0,564000.0,4810000.0,60828000.0,3023000.0,-4310000.0,-2675000.0,-1302000.0,62128000.0,-955000.0,-14000.0,1101000.0,2191000.0,2956000.0,-1157000.0,1318000.0,1418000.0,7130000.0,2797000.0,4745000.0,530000.0,2014000.0,-8143000.0,-6068000.0,999000.0,3495000.0,-4917000.0,-4411000.0,17600000.0,7482000.0,-7357000.0
IncreaseDecreaseInOtherOperatingAssets / USD,200000.0,556000.0,-115000.0,94000.0,564000.0,444000.0,1012000.0,2695000.0,3070000.0,3888000.0,1651000.0,2117000.0,2768000.0,3142000.0,5385000.0,-44000.0,1355000.0,4358000.0,4334000.0,3028000.0,1382000.0,607000.0,918000.0,4290000.0,-592000.0,215000.0,2650000.0,144000.0,556000.0,-858000.0,-1943000.0,3082000.0,118000.0,667000.0,1267000.0,-1882000.0,-1418000.0,-1722000.0,-3714000.0,1714000.0,547000.0,139000.0,5924000.0,-2630000.0,1357000.0,2417000.0,3023000.0,6558000.0,26451000.0,28387000.0,27331000.0,3103000.0,-1846000.0,-2308000.0,-14641000.0,28296000.0,1933000.0,1886000.0,6595000.0,-13240000.0,4073000.0,7018000.0
IncreaseDecreaseInPrepaidDeferredExpenseAndOtherAssets / USD,1047000.0,-167000.0,465000.0,59000.0,-585000.0,611000.0,3408000.0,5342000.0,5880000.0,42068000.0,6766000.0,-4198000.0,-25307000.0,-24486000.0,75525000.0,7413000.0,-11849000.0,10572000.0,51141000.0,-23511000.0,1993000.0,11235000.0,29481000.0,58554000.0,674000.0,7914000.0,22411000.0,10376000.0,-4681000.0,10090000.0,20029000.0,3681000.0,-10112000.0,2096000.0,9075000.0,-7975000.0,9295000.0,4965000.0,19808000.0,-11124000.0,7172000.0,15049000.0,19970000.0,515000.0,2895000.0,12012000.0,32387000.0,-2477000.0,25375000.0,10942000.0,33936000.0,22128000.0,-7633000.0,22791000.0,47782000.0,19095000.0,8472000.0,35269000.0,22498000.0,5609000.0,-39816000.0,-182000.0
IntangibleAssetsNetExcludingGoodwill / USD,17433000.0,,17433000.0,,,18411000.0,18411000.0,94449000.0,94449000.0,94449000.0,94449000.0,95965000.0,95965000.0,95965000.0,95965000.0,93278000.0,91411000.0,91411000.0,91411000.0,93278000.0,87743000.0,87743000.0,87743000.0,87743000.0,83026000.0,83026000.0,83026000.0,83026000.0,65138000.0,65138000.0,65138000.0,83026000.0,57850000.0,57850000.0,57850000.0,65138000.0,51494000.0,51494000.0,51494000.0,57850000.0,48016000.0,48016000.0,48016000.0,57850000.0,41945000.0,41945000.0,41945000.0,51494000.0,39688000.0,39688000.0,39688000.0,48016000.0,37457000.0,37457000.0,37457000.0,41945000.0,27083000.0,27083000.0,27083000.0,27083000.0,15699000.0,15699000.0
InterestExpenseNonoperating / USD,,,,,,,,,,,,,,,,,,,,,,,,,,,,,,,,,,,,,,,,,,,,,,,,,,,,,,,,,1005000.0,2016000.0,2927000.0,3442000.0,1031000.0,2182000.0
InterestPaidNet / USD,4000.0,9000.0,563000.0,2000.0,1000.0,25000.0,19000.0,6000.0,12000.0,14000.0,59000.0,47000.0,47000.0,453000.0,88000.0,68000.0,358000.0,1261000.0,2518000.0,3338000.0,290000.0,641000.0,2660000.0,2586000.0,782000.0,785000.0,2151000.0,4315000.0,913000.0,2289000.0,4179000.0,4640000.0,580000.0,1607000.0,3156000.0,5494000.0,1494000.0,2272000.0,3158000.0,3774000.0,563000.0,1118000.0,1749000.0,3811000.0,756000.0,1505000.0,2336000.0,2466000.0,493000.0,936000.0,1399000.0,2931000.0,525000.0,901000.0,1415000.0,1842000.0,473000.0,955000.0,1358000.0,1880000.0,414000.0,798000.0
InventoryNet / USD,85356000.0,85356000.0,85356000.0,124995000.0,124995000.0,124995000.0,124995000.0,253270000.0,253270000.0,253270000.0,253270000.0,300173000.0,300173000.0,300173000.0,300173000.0,260791000.0,211519000.0,211519000.0,211519000.0,260791000.0,238911000.0,238911000.0,238911000.0,238911000.0,299911000.0,299911000.0,299911000.0,299911000.0,298851000.0,298851000.0,298851000.0,298851000.0,299602000.0,299602000.0,299602000.0,299602000.0,278842000.0,278842000.0,278842000.0,278842000.0,311620000.0,311620000.0,311620000.0,311620000.0,278242000.0,278242000.0,278242000.0,278242000.0,506796000.0,506796000.0,506796000.0,506796000.0,532852000.0,532852000.0,532852000.0,532852000.0,474311000.0,474311000.0,474311000.0,474311000.0,495226000.0,495226000.0
InvestmentIncomeInterest / USD,872000.0,973000.0,3190000.0,19000.0,72000.0,167000.0,1010000.0,52000.0,87000.0,121000.0,234000.0,102000.0,171000.0,195000.0,180000.0,26000.0,9000.0,16000.0,34000.0,217000.0,54000.0,84000.0,122000.0,26000.0,116000.0,181000.0,230000.0,207000.0,204000.0,307000.0,476000.0,420000.0,452000.0,961000.0,1551000.0,778000.0,1586000.0,2400000.0,3306000.0,3057000.0,2866000.0,4396000.0,5244000.0,6028000.0,674000.0,1126000.0,1719000.0,7261000.0,482000.0,942000.0,1311000.0,2637000.0,1214000.0,3098000.0,6669000.0,1901000.0,11287000.0,21376000.0,33271000.0,15563000.0,17252000.0,32049000.0
LaborAndRelatedExpense / USD,,,,,,,,,,,,,,,,,,,,,,,,,,,,,,,,,,,,,,,,,,,,,,,,,,,,,,,,,,,,182288000.0,53343000.0,118542000.0
LeaseCost / USD,,,,,,,,,,,,,,,,,,,,,,,,,,,,,,,,,,,,,20243000.0,41551000.0,66106000.0,88294000.0,,,,88294000.0,,,,88294000.0,,,,79897000.0,,,,78819000.0,,,,88999000.0,,
LesseeOperatingLeaseLiabilityPaymentsDue / USD,,,,,,,,,,,,,,,,,,,,,,,,,,,,,,,,,,,,,285240000.0,279104000.0,267460000.0,296738000.0,,,,245418000.0,,,,238754000.0,,,,277175000.0,,,,303914000.0,,,,317823000.0,,
LesseeOperatingLeaseLiabilityPaymentsDueAfterYearFive / USD,,,,,,,,,,,,,,,,,,,,,,,,,,,,,,,,,,,,,82848000.0,84744000.0,87064000.0,81852000.0,,,,56950000.0,,,,42550000.0,,,,62359000.0,,,,64136000.0,,,,60330000.0,,
LesseeOperatingLeaseLiabilityPaymentsDueNextTwelveMonths / USD,,,,,,,,,,,,,,,,,,,,,,,,,,,,,,,,,,,,,,,,53212000.0,,,,49528000.0,,,,53886000.0,,,,54948000.0,,,,59556000.0,,,,62445000.0,,
LesseeOperatingLeaseLiabilityPaymentsDueYearFive / USD,,,,,,,,,,,,,,,,,,,,,,,,,,,,,,,,,,,,,33334000.0,33990000.0,33995000.0,30254000.0,,,,26400000.0,,,,27057000.0,,,,32838000.0,,,,28755000.0,,,,29538000.0,,
LesseeOperatingLeaseLiabilityPaymentsDueYearFour / USD,,,,,,,,,,,,,,,,,,,,,,,,,,,,,,,,,,,,,37983000.0,38797000.0,39097000.0,37964000.0,,,,30307000.0,,,,31594000.0,,,,39779000.0,,,,42563000.0,,,,42019000.0,,
LesseeOperatingLeaseLiabilityPaymentsDueYearThree / USD,,,,,,,,,,,,,,,,,,,,,,,,,,,,,,,,,,,,,42737000.0,43816000.0,44406000.0,43343000.0,,,,38068000.0,,,,36646000.0,,,,44557000.0,,,,50891000.0,,,,56414000.0,,
LesseeOperatingLeaseLiabilityPaymentsDueYearTwo / USD,,,,,,,,,,,,,,,,,,,,,,,,,,,,,,,,,,,,,50069000.0,51849000.0,52556000.0,50113000.0,,,,44165000.0,,,,47021000.0,,,,42694000.0,,,,58013000.0,,,,67077000.0,,
LesseeOperatingLeaseLiabilityUndiscountedExcessAmount / USD,,,,,,,,,,,,,,,,,,,,,,,,,,,,,,,,,,,,,30213000.0,28582000.0,27377000.0,31923000.0,,,,22376000.0,,,,16684000.0,,,,30687000.0,,,,37035000.0,,,,40848000.0,,
LiabilitiesAndStockholdersEquity / USD,599043000.0,599043000.0,599043000.0,808994000.0,808994000.0,808994000.0,808994000.0,1146196000.0,1146196000.0,1146196000.0,1146196000.0,1068064000.0,1068064000.0,1068064000.0,1068064000.0,1259729000.0,1064204000.0,1064204000.0,1064204000.0,1259729000.0,1169933000.0,1169933000.0,1169933000.0,1169933000.0,1278068000.0,1278068000.0,1278068000.0,1278068000.0,1191780000.0,1191780000.0,1191780000.0,1191780000.0,1264379000.0,1264379000.0,1264379000.0,1264379000.0,1427206000.0,1427206000.0,1427206000.0,1427206000.0,1765118000.0,1765118000.0,1765118000.0,1765118000.0,2167705000.0,2167705000.0,2167705000.0,2167705000.0,2332250000.0,2332250000.0,2332250000.0,2332250000.0,2556203000.0,2556203000.0,2556203000.0,2556203000.0,3135579000.0,3135579000.0,3135579000.0,3135579000.0,3570252000.0,3570252000.0
LiabilitiesCurrent / USD,100870000.0,100870000.0,100870000.0,144863000.0,144863000.0,144863000.0,144863000.0,232079000.0,232079000.0,232079000.0,232079000.0,267017000.0,267017000.0,267017000.0,267017000.0,320518000.0,122215000.0,122215000.0,122215000.0,320518000.0,167542000.0,167542000.0,167542000.0,167542000.0,238498000.0,238498000.0,238498000.0,238498000.0,159051000.0,159051000.0,159051000.0,159051000.0,189166000.0,189166000.0,189166000.0,189166000.0,250524000.0,250524000.0,250524000.0,250524000.0,300946000.0,300946000.0,300946000.0,300946000.0,468368000.0,468368000.0,468368000.0,468368000.0,541684000.0,541684000.0,541684000.0,541684000.0,497380000.0,497380000.0,497380000.0,497380000.0,719993000.0,719993000.0,719993000.0,719993000.0,769941000.0,769941000.0
LiabilitiesFairValueDisclosure / USD,,,,,,,,,,,,,,,,,,,,,,,,,,,,,,,,,,,,,,,,,,,,,,,,,,,,,,,,11326000.0,16637000.0,16637000.0,16637000.0,16637000.0,25202000.0,25202000.0
LiabilitiesNoncurrent / USD,6269000.0,6269000.0,6269000.0,8456000.0,8456000.0,8456000.0,8456000.0,72687000.0,72687000.0,72687000.0,72687000.0,62246000.0,62246000.0,62246000.0,62246000.0,51092000.0,53140000.0,53140000.0,53140000.0,51092000.0,65379000.0,65379000.0,65379000.0,65379000.0,72099000.0,72099000.0,72099000.0,72099000.0,78474000.0,78474000.0,78474000.0,78474000.0,134434000.0,134434000.0,134434000.0,134434000.0,131552000.0,131552000.0,131552000.0,131552000.0,324052000.0,324052000.0,324052000.0,324052000.0,255112000.0,255112000.0,255112000.0,255112000.0,251741000.0,251741000.0,251741000.0,251741000.0,293090000.0,293090000.0,293090000.0,293090000.0,308118000.0,308118000.0,308118000.0,308118000.0,287298000.0,287298000.0
MarketingAndAdvertisingExpense / USD,,,,,,,28727000.0,,,,33104000.0,,,,57259000.0,,,,,78528000.0,,,,86510000.0,,,,111162000.0,,,,109738000.0,,,,109579000.0,,,,111658000.0,,,,118291000.0,,,,144948000.0,,,,188345000.0,,,,255881000.0,,,,271140000.0,68486000.0,189547000.0
NetCashProvidedByUsedInFinancingActivities / USD,-465000.0,-20383000.0,2267000.0,205000.0,-2489000.0,,,,,,,,,,,,,,-3351000.0,,-3632000.0,180385000.0,14933000.0,,-7715000.0,241484000.0,-53213000.0,,22352000.0,187240000.0,-71762000.0,-36811000.0,-1026000.0,130968000.0,-32592000.0,-103757000.0,-10637000.0,-69404000.0,-167157000.0,-157715000.0,-32752000.0,-179403000.0,-186927000.0,-167193000.0,3000.0,3816000.0,-1770000.0,-192114000.0,-82182000.0,-144270000.0,-278342000.0,-129581000.0,-100036000.0,-152466000.0,-198897000.0,-367482000.0,-25619000.0,-217149000.0,-316098000.0,-309031000.0,-151861000.0,-267014000.0
NetCashProvidedByUsedInInvestingActivities / USD,-58283000.0,-46449000.0,66716000.0,19651000.0,16156000.0,,,,,,,,,,,,,,-73093000.0,,-18734000.0,-47979000.0,-76152000.0,,-23455000.0,-38749000.0,-52800000.0,,-20114000.0,-31626000.0,-36710000.0,-67221000.0,-3835000.0,-10151000.0,-21402000.0,-44499000.0,-7239000.0,-14023000.0,-21764000.0,-34697000.0,-7166000.0,-14704000.0,-23398000.0,-29018000.0,-9212000.0,-13284000.0,-21251000.0,-31964000.0,-15515000.0,-26719000.0,-41315000.0,-32169000.0,-12467000.0,-24254000.0,-56053000.0,-51009000.0,-30732000.0,-57402000.0,-74044000.0,-81013000.0,-22521000.0,-34442000.0
NetCashProvidedByUsedInOperatingActivities / USD,-9895000.0,-34432000.0,53276000.0,21617000.0,4174000.0,,,,,,,,,,,,,,246358000.0,,-64959000.0,-259370000.0,193545000.0,,-27020000.0,-328387000.0,145631000.0,,-43334000.0,-288532000.0,168061000.0,125813000.0,-7348000.0,-182790000.0,253096000.0,199330000.0,8073000.0,-160736000.0,279740000.0,327355000.0,-46629000.0,-216156000.0,238725000.0,359505000.0,21169000.0,-15961000.0,522262000.0,286334000.0,-36332000.0,-172674000.0,227370000.0,596217000.0,-28921000.0,-236846000.0,477883000.0,172353000.0,125262000.0,121528000.0,1061858000.0,537422000.0,112650000.0,22100000.0
NetIncomeLoss / USD,15219000.0,49044000.0,73948000.0,17895000.0,26861000.0,,,,,,,,,,,,,,,,,,,,,,145971000.0,,,,,122265000.0,-42121000.0,7438000.0,93779000.0,5710000.0,-30407000.0,-30407000.0,-30407000.0,114394000.0,-19351000.0,-19351000.0,-19351000.0,264308000.0,-7973000.0,-7973000.0,-7973000.0,276142000.0,48124000.0,48124000.0,48124000.0,382575000.0,44849000.0,44849000.0,44849000.0,451949000.0,63552000.0,63552000.0,63552000.0,516822000.0,115625000.0,115625000.0
NonoperatingIncomeExpense / USD,1837000.0,1942000.0,3583000.0,65000.0,562000.0,775000.0,1976000.0,138000.0,181000.0,131000.0,1021000.0,401000.0,580000.0,-27000.0,424000.0,-142000.0,-301000.0,-1096000.0,-2198000.0,-2830000.0,-288000.0,-2229000.0,-3494000.0,-142000.0,-974000.0,-2345000.0,-4187000.0,-3280000.0,-562000.0,-2113000.0,-4476000.0,-5242000.0,-331000.0,-1365000.0,-1503000.0,-5067000.0,363000.0,-274000.0,-325000.0,-1888000.0,1812000.0,1904000.0,2741000.0,1614000.0,-373000.0,-1013000.0,-1112000.0,2731000.0,-181000.0,-682000.0,-1121000.0,-2691000.0,661000.0,1748000.0,4392000.0,-69000.0,10628000.0,20328000.0,31482000.0,13331000.0,16346000.0,30172000.0
NumberOfReportableSegments / segment,,,,,,,,,,,,,,,6.0,,,,,6.0,,,,5.0,,,,5.0,5.0,5.0,5.0,5.0,6.0,6.0,6.0,6.0,6.0,6.0,6.0,6.0,6.0,6.0,6.0,6.0,6.0,6.0,6.0,6.0,6.0,6.0,6.0,6.0,6.0,6.0,6.0,6.0,6.0,5.0,5.0,6.0,3.0,3.0
OperatingIncomeLoss / USD,22551000.0,75631000.0,116919000.0,28821000.0,42037000.0,108351000.0,181247000.0,28195000.0,17397000.0,108058000.0,249088000.0,11933000.0,-16775000.0,42834000.0,284838000.0,2652000.0,-42751000.0,3746000.0,205245000.0,186948000.0,-50482000.0,9101000.0,223682000.0,2652000.0,-63708000.0,-12495000.0,190005000.0,224419000.0,-78319000.0,-24296000.0,28954000.0,162127000.0,-56256000.0,11099000.0,204290000.0,-1919000.0,-39414000.0,50998000.0,295716000.0,222584000.0,-31417000.0,65714000.0,321480000.0,327320000.0,-7699000.0,120905000.0,449560000.0,338135000.0,61832000.0,190013000.0,483409000.0,504205000.0,56341000.0,184172000.0,546832000.0,564707000.0,70736000.0,295353000.0,783252000.0,652751000.0,132807000.0,437893000.0
OperatingLeaseCost / USD,,,,,,,,,,,,,,,,,,,,,,,,,,,,,,,,,,,,,14247000.0,28702000.0,43478000.0,57966000.0,,,,57966000.0,,,,57966000.0,,,,52849000.0,,,,51126000.0,,,,52961000.0,,
OperatingLeaseLiability / USD,,,,,,,,,,,,,,,,,,,,,,,,,,,,,,,,,,,,,255027000.0,250522000.0,240083000.0,264815000.0,,,,223042000.0,,,,222070000.0,,,,246488000.0,,,,266879000.0,,,,276975000.0,,
OperatingLeaseLiabilityCurrent / USD,,,,,,,,,,,,,,,,,,,,,,,,,,,,,,,,,,,,,48139000.0,48944000.0,47521000.0,49091000.0,49091000.0,49091000.0,49091000.0,49091000.0,46768000.0,46768000.0,46768000.0,46768000.0,50098000.0,50098000.0,50098000.0,50098000.0,50765000.0,50765000.0,50765000.0,50765000.0,53581000.0,53581000.0,53581000.0,53581000.0,54453000.0,54453000.0
OperatingLeaseLiabilityNoncurrent / USD,,,,,,,,,,,,,,,,,,,,,,,,,,,,,,,,,,,,,206888000.0,201578000.0,192562000.0,215724000.0,215724000.0,215724000.0,215724000.0,215724000.0,176274000.0,176274000.0,176274000.0,176274000.0,171972000.0,171972000.0,171972000.0,171972000.0,195723000.0,195723000.0,195723000.0,195723000.0,213298000.0,213298000.0,213298000.0,213298000.0,222522000.0,222522000.0
OperatingLeasePayments / USD,,,,,,,,,,,,,,,,,,,,,,,,,,,,,,,,,,,,,15265000.0,30093000.0,45732000.0,61120000.0,15265000.0,30093000.0,45732000.0,61120000.0,14185000.0,28911000.0,43263000.0,61120000.0,14055000.0,28470000.0,43257000.0,57376000.0,17589000.0,31572000.0,45244000.0,55588000.0,14974000.0,31370000.0,49283000.0,60353000.0,16339000.0,33269000.0
OperatingLeaseRightOfUseAsset / USD,,,,,,,,,,,,,,,,,,,,,,,,,,,,,,,,,,,,,232071000.0,227988000.0,216420000.0,243522000.0,243522000.0,243522000.0,243522000.0,243522000.0,186991000.0,186991000.0,186991000.0,186991000.0,182459000.0,182459000.0,182459000.0,182459000.0,213302000.0,213302000.0,213302000.0,213302000.0,225669000.0,225669000.0,225669000.0,225669000.0,237352000.0,237352000.0
OperatingLeaseWeightedAverageDiscountRatePercent / pure,,,,,,,,,,,,,,,,,,,,,,,,,,,,,,,,,,,,,0.033,0.033,0.033,0.033,,,,0.033,,,,0.031,,,,0.026,,,,0.032,,,,0.039,,
OtherAccruedLiabilitiesCurrent / USD,12985000.0,12985000.0,12985000.0,17515000.0,17515000.0,17515000.0,17515000.0,57744000.0,57744000.0,57744000.0,57744000.0,59597000.0,59597000.0,59597000.0,43858000.0,45301000.0,11624000.0,11624000.0,11624000.0,45301000.0,41066000.0,41066000.0,41066000.0,41066000.0,39449000.0,39449000.0,39449000.0,39449000.0,31816000.0,31816000.0,31816000.0,31815000.0,24446000.0,24446000.0,24446000.0,24446000.0,47963000.0,47963000.0,47963000.0,47963000.0,46281000.0,46281000.0,46281000.0,46281000.0,68995000.0,68995000.0,68995000.0,68995000.0,81400000.0,81400000.0,81400000.0,81400000.0,86753000.0,86753000.0,86753000.0,86753000.0,106785000.0,106785000.0,106785000.0,106785000.0,142120000.0,142120000.0
OtherAssetsCurrent / USD,,,,,,,8918000.0,84540000.0,84540000.0,84540000.0,84540000.0,59028000.0,59028000.0,59028000.0,59028000.0,112514000.0,27118000.0,27118000.0,27118000.0,112514000.0,35057000.0,35057000.0,35057000.0,35057000.0,38039000.0,38039000.0,38039000.0,38039000.0,30781000.0,30781000.0,30781000.0,30781000.0,17599000.0,17599000.0,17599000.0,17599000.0,26028000.0,26028000.0,26028000.0,26028000.0,21548000.0,21548000.0,21548000.0,21548000.0,44244000.0,44244000.0,44244000.0,44244000.0,55264000.0,55264000.0,55264000.0,55264000.0,55523000.0,55523000.0,55523000.0,55523000.0,92713000.0,92713000.0,92713000.0,92713000.0,67282000.0,67282000.0
OtherAssetsNoncurrent / USD,1570000.0,1570000.0,1970000.0,5486000.0,5486000.0,5486000.0,5486000.0,10320000.0,10320000.0,10320000.0,10320000.0,13046000.0,13046000.0,13046000.0,13046000.0,18605000.0,19365000.0,19365000.0,19365000.0,18605000.0,20329000.0,20329000.0,20329000.0,20329000.0,23461000.0,23461000.0,23461000.0,23461000.0,21592000.0,21592000.0,21592000.0,21592000.0,23306000.0,23306000.0,23306000.0,23306000.0,21651000.0,21651000.0,21651000.0,21651000.0,28209000.0,28209000.0,28209000.0,28209000.0,30576000.0,30576000.0,30576000.0,30576000.0,57319000.0,57319000.0,57319000.0,57319000.0,41930000.0,41930000.0,41930000.0,41930000.0,50648000.0,50648000.0,50648000.0,50648000.0,39546000.0,39546000.0
OtherComprehensiveIncomeForeignCurrencyTransactionAndTranslationAdjustmentNetOfTaxPortionAttributableToParent / USD,,,,,,,146000.0,,,,,,,,,,,,,,,,,,,,,,,,,,,,6555000.0,-6598000.0,-7463000.0,-11324000.0,-10543000.0,14081000.0,68000.0,-3323000.0,-656000.0,-9428000.0,653000.0,7048000.0,14995000.0,-2905000.0,1893000.0,-644000.0,-3388000.0,8816000.0,-15724000.0,-29253000.0,-15084000.0,-8212000.0,-8651000.0,-14171000.0,-3449000.0,-14080000.0,-4656000.0,10441000.0
OtherComprehensiveIncomeLossCashFlowHedgeGainLossAfterReclassificationAndTaxParent / USD,,,,,,,,,,,,,,,,,,,,,,,,,,,,,,,,,,,,,,,,,,,,,,,,,,2491000.0,974000.0,,758000.0,1846000.0,-237000.0,0.0,352000.0,3755000.0,110000.0,0.0,856000.0,-3466000.0
OtherComprehensiveIncomeLossCashFlowHedgeGainLossAfterReclassificationTax / USD,,,,,,,,,,,,,,,,,,,,,,,,,,,,,,,,,,,,,,,,,,,,,,,,,,,,,,,,,,1212000.0,36000.0,0.0,276000.0,
OtherComprehensiveIncomeLossCashFlowHedgeGainLossBeforeReclassificationAndTax / USD,,,,,,,,,,,,,,,,,,,,,,,,,,,,,,,,,,,,,,,,,,1773000.0,1322000.0,1516000.0,464000.0,-709000.0,-1265000.0,1516000.0,1924000.0,4049000.0,4154000.0,-1223000.0,1000000.0,2805000.0,1535000.0,,411000.0,5116000.0,3798000.0,1504000.0,1132000.0,
OtherComprehensiveIncomeLossCashFlowHedgeGainLossReclassificationBeforeTax / USD,,,,,,,,,,,,,,,,,,,,,,,,,,,,,,,,,,,,,,,,,,-216000.0,-1049000.0,-1516000.0,,121000.0,310000.0,-1516000.0,,762000.0,2869000.0,1223000.0,0.0,369000.0,1848000.0,,-21000.0,149000.0,3652000.0,1504000.0,0.0,
OtherComprehensiveIncomeLossNetOfTaxPortionAttributableToParent / USD,,,,,,,,,,,,,,,,,,,,,,,,,,,,,,,,,,,4381000.0,-5894000.0,-2140000.0,-2140000.0,-2140000.0,13468000.0,-249000.0,-249000.0,-249000.0,-9671000.0,1006000.0,1006000.0,1006000.0,-2905000.0,3351000.0,3351000.0,3351000.0,8816000.0,-14966000.0,-14966000.0,-14966000.0,-8212000.0,-8299000.0,-8299000.0,-8299000.0,-14080000.0,-3800000.0,-3800000.0
OtherLiabilitiesNoncurrent / USD,,,,,,,,,,,,,,,,,,,,38886000.0,11475000.0,11475000.0,11475000.0,11475000.0,14256000.0,14256000.0,14256000.0,14256000.0,14743000.0,14743000.0,14743000.0,14743000.0,15696000.0,15696000.0,15696000.0,15696000.0,18928000.0,18928000.0,18928000.0,18928000.0,14518000.0,14518000.0,14518000.0,14518000.0,18744000.0,18744000.0,18744000.0,18744000.0,25510000.0,25510000.0,25510000.0,25510000.0,35335000.0,35335000.0,35335000.0,35335000.0,42350000.0,42350000.0,42350000.0,42350000.0,51189000.0,51189000.0
OtherNonoperatingIncomeExpense / USD,42000.0,54000.0,251000.0,64000.0,614000.0,948000.0,91000.0,28000.0,49000.0,113000.0,1353000.0,348000.0,508000.0,609000.0,493000.0,171000.0,70000.0,335000.0,508000.0,793000.0,96000.0,125000.0,130000.0,171000.0,-55000.0,41000.0,225000.0,733000.0,669000.0,958000.0,1086000.0,152000.0,224000.0,212000.0,990000.0,1474000.0,11000.0,200000.0,213000.0,-360000.0,92000.0,178000.0,295000.0,247000.0,143000.0,256000.0,523000.0,516000.0,233000.0,185000.0,376000.0,700000.0,499000.0,740000.0,968000.0,113000.0,346000.0,968000.0,1138000.0,1210000.0,125000.0,305000.0
PaymentsForRepurchaseOfCommonStock / USD,2635000.0,20000000.0,20000000.0,,2635000.0,10082000.0,20000000.0,19999000.0,19918000.0,19918000.0,10082000.0,19999000.0,100000000.0,184695000.0,19918000.0,,,,0.0,220695000.0,0.0,0.0,13306000.0,0.0,45407000.0,69201000.0,69201000.0,107239000.0,,,12572000.0,94200000.0,0.0,0.0,24687000.0,12572000.0,9999000.0,134735000.0,161395000.0,149687000.0,35005000.0,190405000.0,190405000.0,161395000.0,0.0,0.0,0.0,190405000.0,82166000.0,135973000.0,266684000.0,99147000.0,99993000.0,150240000.0,194862000.0,356653000.0,25469000.0,210938000.0,310635000.0,297372000.0,151967000.0,256290000.0
PaymentsOfFinancingCosts / USD,,,,,,,,,,,,,,,,,,,,1807000.0,,,,0.0,,,59000.0,818000.0,,,,62000.0,,0.0,0.0,0.0,,1276000.0,1292000.0,0.0,,,,1297000.0,,,,,,,,0.0,,,1537000.0,0.0,,,,1537000.0,,
PaymentsRelatedToTaxWithholdingForShareBasedCompensation / USD,,,,,1417000.0,1972000.0,1982000.0,5286000.0,10682000.0,17024000.0,2584000.0,3353000.0,4725000.0,5750000.0,22634000.0,1804000.0,1591000.0,3041000.0,4932000.0,6535000.0,73000.0,643000.0,3956000.0,6736000.0,198000.0,413000.0,1790000.0,5674000.0,1106000.0,4037000.0,6313000.0,3691000.0,893000.0,1871000.0,7716000.0,8452000.0,499000.0,4590000.0,4900000.0,8105000.0,374000.0,5744000.0,5995000.0,5328000.0,90000.0,7054000.0,7203000.0,6148000.0,85000.0,9280000.0,13776000.0,7432000.0,43000.0,5102000.0,5414000.0,14024000.0,698000.0,8457000.0,9153000.0,16688000.0,495000.0,13056000.0
PaymentsToAcquirePropertyPlantAndEquipment / USD,6563000.0,11261000.0,22218000.0,3238000.0,6733000.0,14496000.0,13699000.0,5060000.0,13910000.0,21483000.0,22489000.0,11188000.0,25951000.0,42002000.0,55538000.0,12104000.0,16714000.0,43656000.0,67725000.0,61575000.0,18734000.0,38490000.0,66663000.0,79829000.0,18755000.0,36484000.0,50535000.0,91147000.0,20114000.0,31626000.0,36710000.0,66186000.0,3835000.0,10158000.0,21409000.0,44499000.0,7286000.0,14091000.0,21832000.0,34813000.0,7393000.0,14944000.0,23664000.0,29086000.0,9253000.0,13333000.0,21300000.0,32455000.0,15515000.0,26719000.0,41315000.0,32218000.0,12467000.0,24254000.0,56059000.0,51017000.0,30732000.0,57436000.0,74078000.0,81025000.0,22521000.0,45367000.0
PreferredStockSharesAuthorized / shares,,,,,,,,,,,,,,,,,,,,,,,,,,,,,,,,,,,,,,,,,,,,,,,,,,,,,,,,,,5000000.0,5000000.0,5000000.0,,
PreferredStockSharesOutstanding / shares,,,,,,,,,,,,,,,,,,,,,,,,,,,,,,,,,,,,,,,,,,,,,,,,,,,,,,,,,,0.0,0.0,0.0,,
PrepaidAdvertising / USD,,,,,,,368000.0,,,,139000.0,,,,119000.0,,,,,212000.0,,,,1899000.0,,,,1084000.0,,,,900000.0,,,,2545000.0,,,,6006000.0,,,,2664000.0,,,,1762000.0,,,,2759000.0,,,,4930000.0,,,,1130000.0,,
PrepaidExpenseCurrent / USD,,,,,,,7928000.0,8697000.0,8697000.0,8697000.0,8697000.0,14092000.0,14092000.0,14092000.0,14092000.0,14980000.0,12067000.0,12067000.0,12067000.0,14980000.0,15141000.0,15141000.0,15141000.0,15141000.0,18249000.0,18249000.0,18249000.0,18249000.0,15996000.0,15996000.0,15996000.0,15996000.0,17639000.0,17639000.0,17639000.0,17639000.0,19901000.0,19901000.0,19901000.0,19901000.0,17760000.0,17760000.0,17760000.0,17760000.0,16924000.0,16924000.0,16924000.0,16924000.0,25610000.0,25610000.0,25610000.0,25610000.0,33788000.0,33788000.0,33788000.0,33788000.0,34284000.0,34284000.0,34284000.0,34284000.0,39294000.0,39294000.0
ProceedsFromIssuanceOfCommonStock / USD,,,,,,,,,,,,,,,,,,,,,,,,,,,,,,,,,,,,,0.0,0.0,0.0,0.0,,618000.0,618000.0,1025000.0,,698000.0,698000.0,1288000.0,,914000.0,914000.0,1502000.0,,1046000.0,1046000.0,1991000.0,,1165000.0,1165000.0,2170000.0,,1638000.0
ProceedsFromSaleOfProductiveAssets / USD,,,,,,,,,,,,,,,,,,,,,,1500000.0,1500000.0,1500000.0,,,,,,,,,,,,,,,,,,,,,,,,,,,,,,,,,,34000.0,34000.0,,0.0,10925000.0
ProceedsFromSaleOfPropertyPlantAndEquipment / USD,,,,,,,,,,,,,,,,,,,,,,,,,,,,,,,,830000.0,0.0,7000.0,7000.0,0.0,47000.0,68000.0,68000.0,116000.0,227000.0,240000.0,266000.0,68000.0,41000.0,49000.0,49000.0,491000.0,,,0.0,49000.0,,0.0,6000.0,8000.0,,,,12000.0,,
ProceedsFromStockOptionsExercised / USD,84000.0,86000.0,404000.0,78000.0,84000.0,86000.0,107000.0,,,,89000.0,,,,62000.0,,,,52000.0,0.0,,,,52000.0,,,,,,,,,,,,,,,,,,2959000.0,3145000.0,0.0,247000.0,1381000.0,5583000.0,3615000.0,69000.0,69000.0,1204000.0,6775000.0,0.0,1830000.0,1870000.0,1204000.0,548000.0,1081000.0,2525000.0,4396000.0,601000.0,694000.0
ProductionAndDistributionCosts / USD,,,,,,,,,,,,,,,,,,,,,,,,,,,,,,,,,,,,,,,,,,,,,,,,,,,,,,,,172385000.0,,,,206191000.0,,
PropertyPlantAndEquipmentGross / USD,,,,,,,81210000.0,,,,137452000.0,,,,194950000.0,,,,,273539000.0,,,,361319000.0,,,,401053000.0,,,,416289000.0,,,,430925000.0,,,,449735000.0,,,,451175000.0,,,,473115000.0,,,,505020000.0,,,,584187000.0,,,,651260000.0,,
PropertyPlantAndEquipmentNet / USD,35442000.0,35442000.0,35442000.0,47737000.0,47737000.0,47737000.0,47737000.0,90257000.0,90257000.0,90257000.0,90257000.0,125370000.0,125370000.0,125370000.0,125370000.0,174066000.0,184570000.0,184570000.0,184570000.0,174066000.0,232317000.0,232317000.0,232317000.0,232317000.0,237246000.0,237246000.0,237246000.0,237246000.0,225531000.0,225531000.0,225531000.0,225531000.0,220162000.0,220162000.0,220162000.0,220162000.0,213796000.0,213796000.0,213796000.0,213796000.0,209037000.0,209037000.0,209037000.0,209037000.0,206210000.0,206210000.0,206210000.0,206210000.0,222449000.0,222449000.0,222449000.0,222449000.0,266679000.0,266679000.0,266679000.0,266679000.0,302122000.0,302122000.0,302122000.0,302122000.0,325599000.0,325599000.0
ProvisionForDoubtfulAccounts / USD,468000.0,1034000.0,2233000.0,-1025000.0,-1398000.0,-719000.0,399000.0,-171000.0,-53000.0,-825000.0,,,,,,,13000.0,68000.0,439000.0,2128000.0,512000.0,1069000.0,987000.0,125000.0,3262000.0,3531000.0,3225000.0,1107000.0,549000.0,610000.0,1167000.0,5120000.0,3015000.0,4678000.0,3649000.0,2847000.0,608000.0,2394000.0,1971000.0,4168000.0,-937000.0,976000.0,693000.0,2849000.0,2664000.0,7163000.0,6392000.0,3498000.0,-2454000.0,-10000.0,-254000.0,3053000.0,212000.0,4444000.0,3692000.0,-342000.0,-2974000.0,6905000.0,2212000.0,1983000.0,-3291000.0,8845000.0
ResearchAndDevelopmentExpense / USD,,,,,,,8111000.0,,,,11833000.0,,,,14160000.0,,,,,15617000.0,,,,19257000.0,,,,20872000.0,,,,22176000.0,,,,21256000.0,,,,22372000.0,,,,23187000.0,,,,27555000.0,,,,28626000.0,,,,33344000.0,,,,38657000.0,,
RetainedEarningsAccumulatedDeficit / USD,365304000.0,365304000.0,365304000.0,513459000.0,365304000.0,513459000.0,513459000.0,692595000.0,692595000.0,692595000.0,692595000.0,600811000.0,600811000.0,600811000.0,600811000.0,746500000.0,743815000.0,743815000.0,743815000.0,746500000.0,798370000.0,798370000.0,798370000.0,798370000.0,826449000.0,826449000.0,826449000.0,826449000.0,819589000.0,819589000.0,819589000.0,819589000.0,785871000.0,785871000.0,785871000.0,785871000.0,889266000.0,889266000.0,889266000.0,889266000.0,973948000.0,973948000.0,973948000.0,973948000.0,1257379000.0,1257379000.0,1257379000.0,1257379000.0,1352685000.0,1352685000.0,1352685000.0,1352685000.0,1571574000.0,1571574000.0,1571574000.0,1571574000.0,1912797000.0,1913615000.0,1913615000.0,1913615000.0,2307699000.0,2307699000.0
RevenueFromContractWithCustomerExcludingAssessedTax / USD,,,,,,,,,,,,,,,,,,,,,,,,,,,,,,,,,209717000.0,692177000.0,1502655000.0,1790147000.0,250594000.0,752507000.0,1626307000.0,1903339000.0,276839000.0,819044000.0,1757779000.0,2020437000.0,283169000.0,906694000.0,1984453000.0,2132689000.0,504678000.0,1226580000.0,2414332000.0,2545641000.0,614461000.0,1490075000.0,2835715000.0,3150339000.0,675791000.0,1767698000.0,3328005000.0,3627286000.0,825347000.0,2136667000.0
RightOfUseAssetObtainedInExchangeForOperatingLeaseLiability / USD,,,,,,,,,,,,,,,,,,,,,,,,,,,,,,,,,,,,,16422000.0,28137000.0,28657000.0,71097000.0,16422000.0,28137000.0,28964000.0,71097000.0,2491000.0,5869000.0,6882000.0,71097000.0,13364000.0,26294000.0,35153000.0,9861000.0,6207000.0,13209000.0,26058000.0,50190000.0,21587000.0,34739000.0,67668000.0,84988000.0,12336000.0,16098000.0
SegmentReportingOtherItemAmount / USD,,,,,,,,,,,,,,,,,,,,,,,,,,,,,,,,,,,,,,,,,,,,,,,,,,,,,,,,,,,,127964000.0,33772000.0,81998000.0
SellingGeneralAndAdministrativeExpense / USD,76147000.0,121018000.0,152574000.0,49086000.0,96613000.0,161252000.0,189843000.0,74283000.0,150993000.0,263185000.0,253850000.0,101355000.0,203642000.0,303326000.0,394157000.0,120907000.0,112583000.0,232978000.0,407679000.0,445206000.0,137254000.0,301544000.0,502102000.0,120907000.0,150304000.0,313204000.0,501721000.0,653689000.0,154571000.0,316973000.0,647357000.0,684541000.0,146881000.0,304643000.0,534923000.0,837154000.0,154379000.0,315854000.0,541229000.0,709058000.0,161436000.0,337329000.0,589195000.0,712930000.0,150265000.0,340638000.0,625880000.0,765538000.0,198671000.0,437578000.0,765403000.0,869885000.0,238411000.0,532501000.0,882370000.0,1042844000.0,275688000.0,634090000.0,1062760000.0,1172619000.0,337193000.0,765379000.0
ShareBasedCompensation / USD,4873000.0,7378000.0,10193000.0,2942000.0,6557000.0,10212000.0,13016000.0,2827000.0,6830000.0,10894000.0,12782000.0,3970000.0,8957000.0,12029000.0,14803000.0,2404000.0,4002000.0,7417000.0,10732000.0,14661000.0,2991000.0,6933000.0,9450000.0,13136000.0,2284000.0,6235000.0,5417000.0,13524000.0,2070000.0,4661000.0,4024000.0,6622000.0,2704000.0,6798000.0,10485000.0,6011000.0,3526000.0,7362000.0,11540000.0,14306000.0,3473000.0,8497000.0,12766000.0,14774000.0,3687000.0,7635000.0,17559000.0,14477000.0,5558000.0,11792000.0,18281000.0,22701000.0,3834000.0,10550000.0,18130000.0,26816000.0,6989000.0,16719000.0,28687000.0,26897000.0,8346000.0,19916000.0
ShareBasedCompensationArrangementByShareBasedPaymentAwardPerShareWeightedAveragePriceOfSharesPurchased / USD/shares,,,,,,,,,,,,,,,,,,,,,,,,,,,,,,,,,,,,,,,,,,,,,,,,,,269.41,362.36,,260.12,269.41,284.44,,485.95,88.03,86.92,,,
ShortTermLeaseCost / USD,,,,,,,,,,,,,,,,,,,,,,,,,,,,,,,,,,,,,542000.0,1260000.0,2437000.0,3332000.0,,,,3332000.0,,,,3332000.0,,,,3015000.0,,,,3428000.0,,,,5729000.0,,
SignificantChangeInUnrecognizedTaxBenefitsIsReasonablyPossibleAmountOfUnrecordedBenefit / USD,,,,,,,,,,,,,,,,,,,,,,,,,,,,856000.0,3053000.0,3053000.0,,0.0,-2446000.0,-2488000.0,-4037000.0,3272000.0,,,,788000.0,,,,4544000.0,,,,1351000.0,,,,-7917000.0,,,,9088000.0,,,,2858000.0,,
StockIssuedDuringPeriodValueRestrictedStockAwardNetOfForfeitures / USD,,,1000.0,,,,1000.0,,,,,,,,0.0,,,,,,,,,,,,,0.0,,,,0.0,,,0.0,798000.0,0.0,0.0,0.0,765000.0,0.0,0.0,618000.0,1025000.0,,698000.0,698000.0,1288000.0,,914000.0,914000.0,1502000.0,,1046000.0,1046000.0,1991000.0,,1165000.0,1165000.0,2170000.0,0.0,0.0
StockIssuedDuringPeriodValueStockOptionsExercised / USD,,,404000.0,,,,107000.0,,,,89000.0,,,,62000.0,,,,,9000.0,,,,52000.0,,,,,,,,,,,,,2773000.0,2773000.0,2773000.0,3615000.0,2773000.0,2773000.0,2773000.0,3615000.0,247000.0,247000.0,247000.0,3615000.0,69000.0,69000.0,69000.0,6775000.0,548000.0,1830000.0,1830000.0,1204000.0,548000.0,548000.0,548000.0,4396000.0,601000.0,601000.0
StockRepurchaseProgramAuthorizedAmount1 / USD,,,,,,,,,,,,,,,,,,,,,,,,200000000.0,,,,200000000.0,,,,,,,,,,,,,,,,261000000.0,,,,261000000.0,,,,,,,,,,,,1200000000.0,2250000000.0,2250000000.0
StockRepurchaseProgramRemainingAuthorizedRepurchaseAmount1 / USD,,,,,,,,,,,,,,,,,,,,,,,,200000000.0,,,,,,,,,,,,350212000.0,315207000.0,159807000.0,159807000.0,159807000.0,159807000.0,159807000.0,159807000.0,60660000.0,728495000.0,674687000.0,543976000.0,454007000.0,354014000.0,1503767000.0,1459145000.0,1356635000.0,1331166000.0,1145697000.0,1046000000.0,941704000.0,789737000.0,685413000.0,640692000.0,374701000.0,2441711000.0,2159714000.0
StockRepurchasedAndRetiredDuringPeriodValue / USD,,,,,,,,,,,,,,,,,,,,,,,,,,,,,,,,,,,,,,,,,,,,,,,,,,,,,,,,,,,,297372000.0,151967000.0,151967000.0
StockRepurchasedDuringPeriodShares / shares,,,,,,,,,636000.0,,,,,,,,,,,,,,,,,,,,,,,,,,1400699.0,222471.0,226776.0,1296201.0,1296201.0,1702653.0,0.0,0.0,0.0,1400699.0,249331.0,381861.0,735976.0,1296201.0,384413.0,557675.0,735976.0,307080.0,384413.0,557675.0,685075.0,1043554.0,52410.0,2396328.0,3573960.0,5569572.0,1061736.0,
StockRepurchasedDuringPeriodValue / USD,,,20000000.0,,10080000.0,10080000.0,20000000.0,-19996000.0,99983000.0,184660000.0,10082000.0,,,,19918000.0,,,,13305000.0,220695000.0,45401000.0,69190000.0,69190000.0,107239000.0,,,,107239000.0,,,,94200000.0,,,9999000.0,12572000.0,9999000.0,9999000.0,9999000.0,149687000.0,35005000.0,35005000.0,35005000.0,161395000.0,82166000.0,82166000.0,82166000.0,190405000.0,82166000.0,82166000.0,82166000.0,99147000.0,99993000.0,99993000.0,99993000.0,356653000.0,25469000.0,25469000.0,25469000.0,297372000.0,151967000.0,
StockholdersEquity / USD,491358000.0,491358000.0,491358000.0,652987000.0,652987000.0,652987000.0,652987000.0,835936000.0,835936000.0,835936000.0,835936000.0,738801000.0,738801000.0,738801000.0,738801000.0,888119000.0,888849000.0,888849000.0,888849000.0,888119000.0,937012000.0,937012000.0,937012000.0,937012000.0,967471000.0,967471000.0,967471000.0,888849000.0,954255000.0,954255000.0,954255000.0,937012000.0,940779000.0,940779000.0,940779000.0,967471000.0,940779000.0,940779000.0,940779000.0,954255000.0,1045130000.0,1045130000.0,1045130000.0,940779000.0,1140120000.0,1140120000.0,1140120000.0,1045130000.0,1444225000.0,1444225000.0,1444225000.0,1140120000.0,1538825000.0,1538825000.0,1538825000.0,1444225000.0,1765733000.0,1765733000.0,1765733000.0,1538825000.0,2107468000.0,2107468000.0
StockholdersEquityNoteStockSplitConversionRatio1 / pure,,,,,,,,,,,,,,,,,,,,,,,,,,,,,,,,,,,,,,,,,,,,,,,,,,,,,,,,,,6.0,6.0,6.0,,
SupplierFinanceProgramObligationCurrent / USD,,,,,,,,,,,,,,,,,,,,,,,,,,,,,,,,,,,,,,,,,,,,,,,,,,,,,7740000.0,7740000.0,7740000.0,7740000.0,3483000.0,3483000.0,3483000.0,3483000.0,,
SupplierFinanceProgramObligationDecreaseSettlement / USD,,,,,,,,,,,,,,,,,,,,,,,,,,,,,,,,,,,,,,,,,,,,,,,,,,,,,,,,,,,,31960000.0,,
SupplierFinanceProgramObligationIncrease / USD,,,,,,,,,,,,,,,,,,,,,,,,,,,,,,,,,,,,,,,,,,,,,,,,,,,,,,,,,,,,29373000.0,,
TreasuryStockAcquiredAverageCostPerShare / USD/shares,,,,,,,,,,,,,,,,,,,,,,,,,,,,,,,,,,,115.22,56.51,154.36,146.89,146.89,87.91,,,,115.22,329.55,356.08,362.36,146.89,260.12,,,322.87,,,,341.77,,,,53.39,143.13,146.65
UndistributedEarningsOfForeignSubsidiaries / USD,,,,,,,,,,,,,,,,,,,,,,,,,,,,,,,,627787000.0,,,,388535000.0,,,,363140000.0,,,,303171000.0,,,,336582000.0,,,,523957000.0,,,,267926000.0,,,,16346000.0,,
UnrecognizedTaxBenefits / USD,,,,,,,5011000.0,,,,5506000.0,,,,3271000.0,,,,,0.0,,,,0.0,,,,4667000.0,11252000.0,,,8695000.0,,,,8695000.0,,,,11727000.0,,,19439000.0,9594000.0,,,,10942000.0,,,,17638000.0,,,,25270000.0,,,,24779000.0,,
UnrecognizedTaxBenefitsDecreasesResultingFromPriorPeriodTaxPositions / USD,,,,,,,,,,,,,,,,,,,,,,,,,,,,,,,,,,,,,,,,,,,,1215000.0,,,,243000.0,,,,243000.0,,,,243000.0,,,,456000.0,,
UnrecognizedTaxBenefitsDecreasesResultingFromSettlementsWithTaxingAuthorities / USD,,,,,,,-1740000.0,,,,3271000.0,,,,3271000.0,,,,,,,,,363000.0,,,,363000.0,,,4437000.0,4501000.0,,,,4501000.0,,,,4501000.0,,,,1157000.0,,,,246000.0,,,,1215000.0,,,,795000.0,,,,0.0,,
UnrecognizedTaxBenefitsIncomeTaxPenaltiesAndInterestAccrued / USD,,,,,,,,,,,,,,,,,,2000000.0,,,,,,,,,,,,12872000.0,10250000.0,2990000.0,,,,3224000.0,14518000.0,16098000.0,,2456000.0,,,,3631000.0,,,,4782000.0,,,,4722000.0,,,,5828000.0,,,,6314000.0,,
UnrecognizedTaxBenefitsIncomeTaxPenaltiesAndInterestExpense / USD,,,,,,,,,,,,,,,,,,1100000.0,1100000.0,,100000.0,350000.0,497000.0,,196000.0,302000.0,884000.0,,196000.0,,,369000.0,,,,1148000.0,,,,369000.0,,,,-110000.0,,,,1176000.0,,,,1151000.0,,,,-60000.0,,,,1106000.0,,
UnrecognizedTaxBenefitsIncreasesResultingFromCurrentPeriodTaxPositions / USD,,,,,,,2235000.0,,,,-2235000.0,,,,0.0,,,,,1293000.0,,,,1293000.0,,,,2332000.0,,,717000.0,1878000.0,,,3141000.0,1878000.0,,,,1168000.0,,,,1027000.0,,,,1153000.0,,,,2242000.0,,,,2520000.0,,,,6865000.0,,
UnrecognizedTaxBenefitsIncreasesResultingFromPriorPeriodTaxPositions / USD,,,,,,,-2235000.0,,,,,,,,,,,,,3374000.0,,,,3374000.0,,,813000.0,2059000.0,,,,1154000.0,,,,1154000.0,,,,1243000.0,,,,3282000.0,,,,8152000.0,,,,8566000.0,,,,2750000.0,,,,16243000.0,,
UnrecognizedTaxBenefitsReductionsResultingFromLapseOfApplicableStatuteOfLimitations / USD,,,,,,,,,,,,,,,,,,,,,,,,,,,,,,,,43000.0,,,4592000.0,43000.0,,,3272000.0,43000.0,,,,1804000.0,,,,2363000.0,,,,1961000.0,,,,4723000.0,,,,2530000.0,,
UnrecordedUnconditionalPurchaseObligationBalanceSheetAmount / USD,,,,,,,,,,,,,,,,,,,,,,,,,,,,,,,,,,,,,,,,,,,,,,,,,,,,,,,,,15289000.0,15734000.0,,10096000.0,37975000.0,
ValuationAllowancesAndReservesBalance / USD,,,,,,,,,,,,,,,,,,,,,,,,25068000.0,,,,18218000.0,,,,30195000.0,,,,32354000.0,,,,33462000.0,,,,18824000.0,,,,21146000.0,,,,26516000.0,,,,30591000.0,,,,32504000.0,,
VariableLeaseCost / USD,,,,,,,,,,,,,,,,,,,,,,,,,,,,,,,,,,,,,5454000.0,11589000.0,20191000.0,26996000.0,,,,26996000.0,,,,26996000.0,,,,24033000.0,,,,24265000.0,,,,30309000.0,,
WeightedAverageNumberDilutedSharesOutstandingAdjustment / shares,,,,,432000.0,620000.0,369000.0,788000.0,664000.0,681000.0,677000.0,480000.0,,,660000.0,,,,,455000.0,,,,356000.0,,,,300000.0,0.0,0.0,359000.0,483000.0,0.0,253000.0,230000.0,355000.0,0.0,193000.0,256000.0,238000.0,0.0,254000.0,317000.0,262000.0,0.0,290000.0,321000.0,309000.0,249000.0,247000.0,274000.0,351000.0,171000.0,169000.0,170000.0,281000.0,156000.0,917000.0,954000.0,1088000.0,616000.0,575000.0
WeightedAverageNumberOfDilutedSharesOutstanding / shares,39624000.0,39480000.0,39585000.0,39060000.0,39081000.0,39258000.0,39393000.0,39397000.0,39304000.0,39276000.0,39292000.0,39094000.0,38244000.0,37994000.0,39265000.0,34788000.0,34452000.0,34796000.0,34855000.0,37334000.0,34626000.0,34941000.0,34912000.0,34788000.0,33117000.0,32812000.0,33157000.0,34733000.0,32024000.0,32041000.0,32377000.0,33039000.0,31991000.0,32256000.0,32186000.0,32355000.0,30423000.0,30327000.0,30063000.0,31996000.0,29089000.0,29039000.0,28832000.0,29903000.0,28001000.0,28314000.0,28375000.0,28694000.0,28062000.0,27978000.0,27904000.0,28406000.0,26948000.0,26815000.0,26740000.0,27789000.0,26321000.0,157503000.0,156670000.0,160111000.0,153483000.0,153127000.0
WeightedAverageNumberOfSharesOutstandingBasic / shares,39309000.0,39183000.0,39126000.0,38631000.0,38649000.0,38638000.0,39024000.0,38609000.0,38640000.0,38595000.0,38615000.0,38614000.0,38244000.0,37534000.0,38605000.0,34404000.0,34452000.0,34474000.0,34496000.0,36879000.0,34626000.0,34629000.0,34598000.0,34404000.0,33117000.0,32812000.0,32655000.0,34433000.0,32024000.0,32041000.0,32018000.0,32556000.0,31991000.0,32003000.0,31956000.0,32000000.0,30423000.0,30134000.0,29807000.0,31758000.0,29089000.0,28785000.0,28515000.0,29641000.0,28001000.0,28024000.0,28054000.0,28385000.0,27813000.0,27731000.0,27630000.0,28055000.0,26777000.0,26646000.0,26570000.0,27508000.0,26165000.0,156586000.0,155716000.0,159023000.0,152867000.0,152552000.0
