fact_unit,2011-06-01,2011-08-30,2011-12-05,2012-03-22,2012-06-04,2012-09-05,2012-12-11,2013-03-25,2013-06-04,2013-09-04,2013-12-05,2014-03-20,2014-06-03,2014-08-28,2014-12-04,2015-03-20,2015-06-02,2015-08-27,2015-12-03,2016-03-22,2016-05-26,2016-08-25,2016-12-01,2017-03-24,2017-06-01,2017-08-31,2017-12-07,2018-03-23,2018-05-31,2018-08-30,2018-12-04,2019-03-22,2019-05-30,2019-08-29,2019-12-05,2020-03-19,2020-05-28,2020-08-27,2020-12-03,2021-03-19,2021-05-27,2021-08-26,2021-12-02,2022-03-18,2022-05-26,2022-08-25,2022-12-01,2023-03-24,2023-06-01,2023-08-31,2023-12-07,2024-03-25,2024-05-30,2024-08-29,2024-12-05,2025-03-21,2025-06-03,2025-08-28,2025-12-04
AccountsPayableCurrent / USD,953641000.0,953641000.0,953641000.0,953641000.0,1064087000.0,1064087000.0,1064087000.0,1064087000.0,1261607000.0,1261607000.0,1261607000.0,1261607000.0,1286484000.0,1286484000.0,1286484000.0,1286484000.0,1388154000.0,1388154000.0,1388154000.0,1388154000.0,1494225000.0,1494225000.0,1494225000.0,1494225000.0,1557596000.0,1557596000.0,1557596000.0,1557596000.0,2009771000.0,2009771000.0,2009771000.0,2009771000.0,2385469000.0,2385469000.0,2385469000.0,2385469000.0,2860682000.0,2860682000.0,2860682000.0,2860682000.0,3614089000.0,3614089000.0,3614089000.0,3614089000.0,3738604000.0,3738604000.0,3738604000.0,3738604000.0,3552991000.0,3552991000.0,3552991000.0,3552991000.0,3587374000.0,3587374000.0,3587374000.0,3587374000.0,3833133000.0,3833133000.0,3833133000.0
AccruedIncomeTaxesCurrent / USD,25980000.0,25980000.0,25980000.0,25980000.0,44428000.0,44428000.0,44428000.0,44428000.0,95387000.0,95387000.0,95387000.0,95387000.0,59148000.0,59148000.0,59148000.0,59148000.0,59400000.0,59400000.0,59400000.0,59400000.0,32870000.0,32870000.0,32870000.0,32870000.0,63393000.0,63393000.0,63393000.0,63393000.0,4104000.0,4104000.0,4104000.0,4104000.0,10033000.0,10033000.0,10033000.0,10033000.0,8362000.0,8362000.0,8362000.0,8362000.0,16063000.0,16063000.0,16063000.0,16063000.0,8055000.0,8055000.0,8055000.0,8055000.0,8919000.0,8919000.0,8919000.0,8919000.0,10709000.0,10709000.0,10709000.0,10709000.0,10136000.0,10136000.0,10136000.0
AccruedLiabilitiesCurrent / USD,347741000.0,347741000.0,347741000.0,347741000.0,397075000.0,397075000.0,397075000.0,397075000.0,357438000.0,357438000.0,357438000.0,357438000.0,368578000.0,368578000.0,368578000.0,368578000.0,413760000.0,413760000.0,413760000.0,413760000.0,467122000.0,467122000.0,467122000.0,467122000.0,500866000.0,500866000.0,500866000.0,500866000.0,549658000.0,549658000.0,549658000.0,549658000.0,618405000.0,618405000.0,618405000.0,618405000.0,709156000.0,709156000.0,709156000.0,709156000.0,1006552000.0,1006552000.0,1006552000.0,1006552000.0,1049139000.0,1049139000.0,1049139000.0,1049139000.0,1036919000.0,1036919000.0,1036919000.0,1036919000.0,971890000.0,971890000.0,971890000.0,971890000.0,1045856000.0,1045856000.0,1045856000.0
AccumulatedDepreciationDepletionAndAmortizationPropertyPlantAndEquipment / USD,,,,652694000.0,,,,886025000.0,,,,1138233000.0,,,,1372611000.0,,,,1637482000.0,,,,1906424000.0,,,,2160546000.0,,,,2474010000.0,,,,2548171000.0,,,,2819611000.0,,,,3364333000.0,,,,3591647000.0,,,,3909423000.0,,,,4510504000.0,,,
AccumulatedOtherComprehensiveIncomeLossNetOfTax / USD,-20296000.0,-20296000.0,-20296000.0,-20296000.0,-5191000.0,-5191000.0,-5191000.0,-5191000.0,-2938000.0,-2938000.0,-2938000.0,-2938000.0,-9910000.0,-9910000.0,-9910000.0,-9910000.0,-7327000.0,-7327000.0,-7327000.0,-7327000.0,-5807000.0,-5807000.0,-5807000.0,-5807000.0,-4990000.0,-4990000.0,-4990000.0,-4990000.0,-4181000.0,-4181000.0,-4181000.0,-4181000.0,-3207000.0,-3207000.0,-3207000.0,-3207000.0,-3135000.0,-3135000.0,-3135000.0,-3135000.0,-2163000.0,-2163000.0,-2163000.0,-2163000.0,-1192000.0,-1192000.0,-1192000.0,-1192000.0,43000.0,43000.0,43000.0,43000.0,493000.0,493000.0,493000.0,493000.0,2987000.0,2987000.0,2987000.0
AdditionalPaidInCapitalCommonStock / USD,2945024000.0,2945024000.0,2945024000.0,2945024000.0,2960940000.0,2960940000.0,2967027000.0,2967027000.0,2991351000.0,2991351000.0,2991351000.0,2991351000.0,3009226000.0,3009226000.0,3009226000.0,3009226000.0,3048806000.0,3048806000.0,3048806000.0,3048806000.0,3107283000.0,3107283000.0,3107283000.0,3107283000.0,3154606000.0,3154606000.0,3154606000.0,3154606000.0,3196462000.0,3196462000.0,3196462000.0,3196462000.0,3252421000.0,3252421000.0,3252421000.0,3252421000.0,3322531000.0,3322531000.0,3322531000.0,3322531000.0,3446612000.0,3446612000.0,3446612000.0,3446612000.0,3587914000.0,3587914000.0,3587914000.0,3587914000.0,3693871000.0,3693871000.0,3693871000.0,3693871000.0,3757005000.0,3757005000.0,3757005000.0,3757005000.0,3812590000.0,3812590000.0,3812590000.0
AdjustmentsToAdditionalPaidInCapitalSharebasedCompensationRequisiteServicePeriodRecognitionValue / USD,,,,15009000.0,,,,12805000.0,,,,15250000.0,,,,21664000.0,,,,20961000.0,,,,37338000.0,,,,38547000.0,,,,36967000.0,12406000.0,21779000.0,31191000.0,34323000.0,13631000.0,24505000.0,35605000.0,40879000.0,18968000.0,34477000.0,51366000.0,48589000.0,23533000.0,39903000.0,59518000.0,68609000.0,,42093000.0,57562000.0,78178000.0,25083000.0,33893000.0,40704000.0,72712000.0,21846000.0,34641000.0,48694000.0
AdvertisingExpense / USD,,,,41500000.0,,,,46900000.0,,,,50400000.0,,,,61700000.0,,,,70500000.0,,,,77300000.0,,,,89300000.0,,,,82700000.0,,,,68800000.0,,,,70500000.0,,,,91000000.0,,,,107400000.0,,,,117200000.0,,,,126000000.0,,,
AllocatedShareBasedCompensationExpense / USD,,,,22245000.0,,,,30171000.0,,,,23981000.0,,,,21664000.0,,,,20961000.0,,,,37338000.0,,,,38547000.0,,,,36967000.0,,,,34323000.0,,,,40879000.0,,,,48589000.0,,,,68609000.0,,,,78178000.0,,,,72671000.0,,,
AllocatedShareBasedCompensationExpenseNetOfTax / USD,,,,13587000.0,,,,18393000.0,,,,14604000.0,,,,13200000.0,,,,12765000.0,,,,22780000.0,,,,23513000.0,,,,22550000.0,,,,21373000.0,,,,30618000.0,,,,36393000.0,,,,50702000.0,,,,57774000.0,,,,56334000.0,,,
AntidilutiveSecuritiesExcludedFromComputationOfEarningsPerShareAmount / shares,,400000.0,300000.0,200000.0,400000.0,300000.0,300000.0,400000.0,500000.0,1000000.0,800000.0,0.0,1200000.0,1500000.0,1100000.0,800000.0,1500000.0,1600000.0,1400000.0,1200000.0,1100000.0,1100000.0,1200000.0,1200000.0,1600000.0,1400000.0,1600000.0,1300000.0,2600000.0,2600000.0,2600000.0,1700000.0,900000.0,900000.0,800000.0,2100000.0,600000.0,600000.0,400000.0,800000.0,700000.0,300000.0,200000.0,300000.0,100000.0,100000.0,100000.0,200000.0,100000.0,100000.0,100000.0,100000.0,100000.0,100000.0,100000.0,100000.0,100000.0,100000.0,100000.0
AssetImpairmentCharges / USD,,,,,,,,,,,,,,,,,,,,,,,,,,,,,,,,,,,,,,,,,,,,,,,,,,,,,,,,214169000.0,,,
Assets / USD,9546222000.0,9546222000.0,9546222000.0,9546222000.0,9688520000.0,9688520000.0,9688520000.0,9688520000.0,10367682000.0,10367682000.0,10367682000.0,10367682000.0,10867524000.0,10867524000.0,10867524000.0,10867524000.0,11224104000.0,11224104000.0,11208642000.0,11208642000.0,11257885000.0,11257885000.0,11257885000.0,11257885000.0,11672298000.0,11672298000.0,11672298000.0,11672298000.0,12516911000.0,12516911000.0,12516911000.0,12516911000.0,13204038000.0,13204038000.0,13204038000.0,13204038000.0,22825084000.0,22825084000.0,22825084000.0,22825084000.0,25862624000.0,25862624000.0,25862624000.0,25862624000.0,26327371000.0,26327371000.0,26327371000.0,26327371000.0,29083367000.0,29083367000.0,29083367000.0,29083367000.0,30795591000.0,30795591000.0,30795591000.0,30795591000.0,31132733000.0,31132733000.0,31132733000.0
AssetsCurrent / USD,2367825000.0,2367825000.0,2367825000.0,2367825000.0,2275074000.0,2275074000.0,2275074000.0,2275074000.0,2677113000.0,2677113000.0,2677113000.0,2677113000.0,3205607000.0,3205607000.0,3205607000.0,3205607000.0,3532609000.0,3532609000.0,3532609000.0,3532609000.0,3432410000.0,3432410000.0,3432410000.0,3432410000.0,3677771000.0,3677771000.0,3677771000.0,3677771000.0,4247852000.0,4247852000.0,4247852000.0,4247852000.0,4663020000.0,4663020000.0,4663020000.0,4663020000.0,5177868000.0,5177868000.0,5177868000.0,5177868000.0,6914219000.0,6914219000.0,6914219000.0,6914219000.0,6303843000.0,6303843000.0,6303843000.0,6303843000.0,7581009000.0,7581009000.0,7581009000.0,7581009000.0,8010724000.0,8010724000.0,8010724000.0,8010724000.0,8163925000.0,8163925000.0,8163925000.0
CapitalExpendituresIncurredButNotYetPaid / USD,25669000.0,27206000.0,24046000.0,30393000.0,35649000.0,32276000.0,44225000.0,29658000.0,39726000.0,46917000.0,40569000.0,35662000.0,54162000.0,43251000.0,32040000.0,39147000.0,25639000.0,31996000.0,34961000.0,27082000.0,38676000.0,46427000.0,37659000.0,31586000.0,40285000.0,44800000.0,46647000.0,32020000.0,47464000.0,69912000.0,75249000.0,38914000.0,66684000.0,77541000.0,79627000.0,63178000.0,91384000.0,82055000.0,96950000.0,63662000.0,93801000.0,89290000.0,100288000.0,110248000.0,93599000.0,119336000.0,98421000.0,118059000.0,141202000.0,139023000.0,152579000.0,143589000.0,160510000.0,171527000.0,140724000.0,150694000.0,128936000.0,123740000.0,111360000.0
CashAndCashEquivalentsAtCarryingValue / USD,222076000.0,222076000.0,222076000.0,377995000.0,497446000.0,497446000.0,497446000.0,222076000.0,126126000.0,126126000.0,126126000.0,497446000.0,140809000.0,140809000.0,140809000.0,126126000.0,505566000.0,505566000.0,505566000.0,140809000.0,579823000.0,579823000.0,579823000.0,505566000.0,157947000.0,157947000.0,157947000.0,579823000.0,187915000.0,187915000.0,267441000.0,267441000.0,235487000.0,235487000.0,235487000.0,235487000.0,240320000.0,240320000.0,240320000.0,240320000.0,1376577000.0,1376577000.0,1376577000.0,1376577000.0,344829000.0,344829000.0,344829000.0,344829000.0,381576000.0,381576000.0,381576000.0,381576000.0,537283000.0,537283000.0,537283000.0,537283000.0,932576000.0,932576000.0,932576000.0
CashCashEquivalentsRestrictedCashAndRestrictedCashEquivalents / USD,,,,,,,,,,,,,,,,,,,,,,,,,,,,,,,187915000.0,157947000.0,267441000.0,267441000.0,267441000.0,187915000.0,235487000.0,235487000.0,235487000.0,267441000.0,240320000.0,240320000.0,240320000.0,235487000.0,1376577000.0,1376577000.0,1376577000.0,240320000.0,344829000.0,344829000.0,344829000.0,1376577000.0,381576000.0,381576000.0,381576000.0,344829000.0,537283000.0,537283000.0,537283000.0
CashCashEquivalentsRestrictedCashAndRestrictedCashEquivalentsPeriodIncreaseDecreaseIncludingExchangeRateEffect / USD,,,,,,,,,,,,,,,,,,,,,,,,,,,,,,,38277000.0,29968000.0,16529000.0,-2153000.0,-6753000.0,79526000.0,35624000.0,24081000.0,40589000.0,-31954000.0,2433592000.0,2719284000.0,1959123000.0,4833000.0,-688522000.0,-1062911000.0,-887915000.0,1136257000.0,-9216000.0,-18566000.0,17902000.0,-1031748000.0,-68512000.0,-28558000.0,-16129000.0,36747000.0,183417000.0,685408000.0,-26000.0
CommonStockDividendsPerShareCashPaid / USD/shares,,,,0.7525,,,,,,,,,,,,,0.22,0.22,0.22,0.22,0.22,0.44,0.66,0.88,0.25,0.5,0.75,0.88,0.26,0.52,0.78,1.0,0.29,0.58,0.87,1.04,0.32,0.64,0.96,1.16,0.36,0.72,1.08,1.28,0.42,0.84,1.26,1.44,0.55,1.1,1.65,1.68,0.59,1.18,1.77,2.2,0.59,1.18,1.77
CommonStockParOrStatedValuePerShare / USD/shares,,,,0.875,,,,0.875,,,,0.875,,,,0.875,,,,0.875,,,,0.875,,,,0.875,,,,0.875,,,,0.875,,,,0.875,,,,0.875,,,,0.875,,,,0.875,,,,0.875,,,
CommonStockSharesAuthorized / shares,,,,1000000000.0,,,,1000000000.0,,,,1000000000.0,,,,1000000000.0,,,,1000000000.0,,,,1000000000.0,,,,1000000000.0,,,,1000000000.0,,,,1000000000.0,,,,1000000000.0,,,,1000000000.0,,,,1000000000.0,,,,1000000000.0,,,,1000000000.0,,,
CommonStockSharesIssued / shares,,,,341507000.0,,,,338089000.0,,,,327069000.0,,,,317058000.0,,,,303447000.0,,,,286694000.0,,,,275212000.0,,,,268733000.0,,,,259511000.0,,,,251936000.0,,,,240785000.0,,,,230016000.0,,,,219105000.0,,,,219663000.0,,,
CommonStockSharesOutstanding / shares,,,,341507000.0,,,,338089000.0,,,,327069000.0,,,,317058000.0,,,,303447000.0,,,,286694000.0,,,,275212000.0,,,,268733000.0,,,,259511000.0,,,,251936000.0,,,,240785000.0,,,,230016000.0,,,,219105000.0,,,,219663000.0,,,
CommonStockValue / USD,298819000.0,298819000.0,298819000.0,298819000.0,295828000.0,295828000.0,295828000.0,295828000.0,286185000.0,286185000.0,286185000.0,286185000.0,277424000.0,277424000.0,277424000.0,277424000.0,265514000.0,265514000.0,265514000.0,265514000.0,250855000.0,250855000.0,250855000.0,250855000.0,240811000.0,240811000.0,240811000.0,240811000.0,235141000.0,235141000.0,235141000.0,235141000.0,227072000.0,227072000.0,227072000.0,227072000.0,220444000.0,220444000.0,220444000.0,220444000.0,210687000.0,210687000.0,210687000.0,210687000.0,201265000.0,201265000.0,201265000.0,201265000.0,191718000.0,191718000.0,191718000.0,191718000.0,192206000.0,192206000.0,192206000.0,192206000.0,192447000.0,192447000.0,192447000.0
ComprehensiveIncomeNetOfTax / USD,,,412723000.0,344705000.0,161669000.0,312325000.0,486594000.0,641728000.0,215944000.0,427574000.0,635823000.0,781790000.0,211315000.0,457999000.0,695550000.0,954915000.0,222796000.0,474760000.0,711731000.0,1018144000.0,253993000.0,536697000.0,790219000.0,1067928000.0,295324000.0,602043000.0,837558000.0,1166600000.0,279690000.0,574678000.0,827412000.0,1251950000.0,365095000.0,772576000.0,1106961000.0,1539769000.0,385257000.0,812055000.0,1177848000.0,1590446000.0,650689000.0,1438533000.0,2013036000.0,1713528000.0,677991000.0,1315253000.0,1802527000.0,2656022000.0,552847000.0,1230913000.0,1757323000.0,2400203000.0,514985000.0,984187000.0,1259672000.0,2417224000.0,363237000.0,739299000.0,937046000.0
CooperativeAdvertisingAmount / USD,,,,9000000.0,,,,14200000.0,,,,20800000.0,,,,23600000.0,,,,31900000.0,,,,35000000.0,,,,36700000.0,,,,35900000.0,,,,33800000.0,,,,35000000.0,,,,34700000.0,,,,33400000.0,,,,34300000.0,,,,33400000.0,,,
CostOfGoodsAndServicesSold / USD,,,,,,,,,,,,,,,,,,,,,,,,,,,,,3910642000.0,7948425000.0,12085575000.0,15203960000.0,4252214000.0,8720650000.0,13243053000.0,16249608000.0,4620909000.0,9453726000.0,14380033000.0,17821173000.0,5852757000.0,11718763000.0,17350148000.0,19264912000.0,5645296000.0,11557835000.0,17456235000.0,23027977000.0,6012989000.0,12390479000.0,18970175000.0,23407443000.0,6387358000.0,13138853000.0,20020407000.0,26024765000.0,6921872000.0,14072754000.0,21319882000.0
CreditAndDebitCardReceivablesAtCarryingValue / USD,,,,26100000.0,,,,38700000.0,,,,45200000.0,,,,44000000.0,,,,58500000.0,,,,59500000.0,,,,73900000.0,,,,90400000.0,,,,99500000.0,,,,101900000.0,,,,125300000.0,,,,133900000.0,,,,157300000.0,,,,109300000.0,,,
CurrentFederalTaxExpenseBenefit / USD,,,,173027000.0,,,,273005000.0,,,,385277000.0,,,,457370000.0,,,,530728000.0,,,,543089000.0,,,,590120000.0,,,,613009000.0,,,,426933000.0,,,,320361000.0,,,,368451000.0,,,,614207000.0,,,,472913000.0,,,,400752000.0,,,
CurrentForeignTaxExpenseBenefit / USD,,,,1465000.0,,,,1269000.0,,,,1449000.0,,,,1209000.0,,,,1324000.0,,,,1245000.0,,,,1678000.0,,,,135000.0,,,,105000.0,,,,159000.0,,,,102000.0,,,,127000.0,,,,384000.0,,,,279000.0,,,
CurrentIncomeTaxExpenseBenefit / USD,,,,195494000.0,,,,302336000.0,,,,442998000.0,,,,536604000.0,,,,633226000.0,,,,626150000.0,,,,675819000.0,,,,702134000.0,,,,506049000.0,,,,373611000.0,,,,433768000.0,,,,714336000.0,,,,549558000.0,,,,464593000.0,,,
CurrentStateAndLocalTaxExpenseBenefit / USD,,,,21002000.0,,,,28062000.0,,,,56272000.0,,,,78025000.0,,,,101174000.0,,,,81816000.0,,,,84021000.0,,,,88990000.0,,,,79011000.0,,,,53091000.0,,,,65215000.0,,,,100002000.0,,,,76261000.0,,,,63562000.0,,,
DebtInstrumentCarryingAmount / USD,,,,,,,,,,,,,,,,,,,,,,,,,,,,,,,,,,,,,,,,,,,,,,,,,,,,7100418000.0,,,,6331076000.0,,,
DebtInstrumentRedemptionPricePercentage / pure,,,,,,,,,,,,,,,,,,,,,,,,,,,,,,,,,,,,,,,,,,,,,,,,,,,,1.01,,,,1.01,,,
DeferredFederalIncomeTaxExpenseBenefit / USD,,,,12412000.0,,,,42024000.0,,,,8313000.0,,,,9734000.0,,,,-16132000.0,,,,-7697000.0,,,,6410000.0,,,,11053000.0,,,,-159728000.0,,,,48262000.0,,,,45966000.0,,,,32433000.0,,,,93114000.0,,,,195529000.0,,,
DeferredFinanceCostsNoncurrentNet / USD,,,,,,,,,,,,,,,,,,,15462000.0,15462000.0,,,,18100000.0,14094000.0,14094000.0,14094000.0,14094000.0,16515000.0,16515000.0,16515000.0,16515000.0,17055000.0,17055000.0,17055000.0,17055000.0,16012000.0,16012000.0,16012000.0,16012000.0,26150000.0,26150000.0,26150000.0,26150000.0,24652000.0,24652000.0,24652000.0,24652000.0,36431000.0,36431000.0,36431000.0,36431000.0,41527000.0,41527000.0,41527000.0,41527000.0,36724000.0,36724000.0,36724000.0
DeferredForeignIncomeTaxExpenseBenefit / USD,,,,-49000.0,,,,,,,,,,,,,,,,,,,,,,,,-22000.0,,,,-22000.0,,,,-22000.0,,,,-38000.0,,,,-15000.0,,,,-104000.0,,,,-38000.0,,,,-24000.0,,,
DeferredIncomeTaxExpenseBenefit / USD,10029000.0,-4860000.0,31620000.0,17180000.0,,,,54779000.0,,,,15606000.0,,,,8128000.0,,,,-30012000.0,,,,-10634000.0,,,,12125000.0,,,,12361000.0,,,,-137729000.0,,,,52333000.0,,,,55407000.0,,,,34994000.0,,,,114359000.0,,,,236032000.0,,,
DeferredIncomeTaxLiabilities / USD,,,,,,,,802254000.0,,,,814820000.0,,,,809682000.0,,,,810841000.0,,,,834040000.0,,,,844719000.0,,,,600826000.0,,,,701818000.0,,,,2915643000.0,,,,3315747000.0,,,,3556417000.0,,,,3916581000.0,,,,4080332000.0,,,
DeferredIncomeTaxLiabilitiesNet / USD,,,,,,,,,,,,,,,,,,,,,,,,,,,,,,,,,,609687000.0,609687000.0,609687000.0,675227000.0,675227000.0,675227000.0,675227000.0,710549000.0,710549000.0,710549000.0,710549000.0,825254000.0,825254000.0,825254000.0,825254000.0,1060906000.0,1060906000.0,1060906000.0,1060906000.0,1133784000.0,1133784000.0,1133784000.0,1133784000.0,1103701000.0,1103701000.0,1103701000.0
DeferredStateAndLocalIncomeTaxExpenseBenefit / USD,,,,4817000.0,,,,12755000.0,,,,7293000.0,,,,-1606000.0,,,,-13880000.0,,,,-2937000.0,,,,5715000.0,,,,1308000.0,,,,22021000.0,,,,4109000.0,,,,9456000.0,,,,2665000.0,,,,21283000.0,,,,40527000.0,,,
DeferredTaxAssetsGross / USD,,,,157481000.0,,,,146417000.0,,,,146357000.0,,,,175254000.0,,,,186828000.0,,,,195559000.0,,,,191878000.0,,,,89559000.0,,,,96564000.0,,,,2244493000.0,,,,2609275000.0,,,,2736398000.0,,,,2864676000.0,,,,2963548000.0,,,
DeferredTaxAssetsNet / USD,,,,150398000.0,,,,141536000.0,,,,144527000.0,,,,173861000.0,,,,183983000.0,,,,194085000.0,,,,191878000.0,,,,85124000.0,,,,92131000.0,,,,2240416000.0,,,,2605198000.0,,,,2731163000.0,,,,2855675000.0,,,,2946548000.0,,,
DeferredTaxAssetsOther / USD,,,,16321000.0,,,,16010000.0,,,,13914000.0,,,,3045000.0,,,,3550000.0,,,,9440000.0,,,,12591000.0,,,,3900000.0,,,,3942000.0,,,,3702000.0,,,,6823000.0,,,,16715000.0,,,,22756000.0,,,,22882000.0,,,
DeferredTaxAssetsTaxDeferredExpenseCompensationAndBenefits / USD,,,,6653000.0,,,,7851000.0,,,,9276000.0,,,,8666000.0,,,,8842000.0,,,,8200000.0,,,,7626000.0,,,,6522000.0,,,,6490000.0,,,,7556000.0,,,,9161000.0,,,,11563000.0,,,,12029000.0,,,,13441000.0,,,
DeferredTaxAssetsTaxDeferredExpenseCompensationAndBenefitsEmployeeBonuses / USD,,,,20116000.0,,,,16686000.0,,,,15399000.0,,,,3385000.0,,,,14866000.0,,,,19902000.0,,,,15170000.0,,,,6394000.0,,,,15219000.0,,,,16721000.0,,,,46083000.0,,,,30716000.0,,,,26534000.0,,,,5356000.0,,,
DeferredTaxAssetsTaxDeferredExpenseCompensationAndBenefitsShareBasedCompensationCost / USD,,,,,,,,,,,,,,,,12049000.0,,,,17623000.0,,,,17988000.0,,,,18908000.0,,,,13442000.0,,,,15713000.0,,,,16321000.0,,,,19495000.0,,,,16605000.0,,,,15309000.0,,,,17052000.0,,,
DeferredTaxAssetsTaxDeferredExpenseReservesAndAccrualsAccruedLiabilities / USD,,,,,,,,,,,,,,,,,,,,,,,,,,,,,,,,,,,,,,,,,,,,,,,,,,,,7274000.0,,,,13112000.0,,,
DeferredTaxAssetsTaxDeferredExpenseReservesAndAccrualsDeferredRent / USD,,,,8581000.0,,,,11125000.0,,,,15450000.0,,,,17375000.0,,,,19360000.0,,,,20793000.0,,,,24077000.0,,,,23418000.0,,,,22668000.0,,,,401000.0,,,,650000.0,,,,552000.0,,,,473000.0,,,,306000.0,,,
DeferredTaxAssetsTaxDeferredExpenseReservesAndAccrualsSelfInsurance / USD,,,,67634000.0,,,,70180000.0,,,,72442000.0,,,,78557000.0,,,,76197000.0,,,,72676000.0,,,,72990000.0,,,,8630000.0,,,,6869000.0,,,,5895000.0,,,,6550000.0,,,,6971000.0,,,,7514000.0,,,,8732000.0,,,
DeferredTaxAssetsValuationAllowance / USD,,,,7083000.0,,,,4881000.0,,,,1830000.0,,,,1393000.0,,,,2845000.0,,,,1474000.0,,,,4435000.0,,,,4435000.0,,,,4433000.0,,,,4077000.0,,,,4077000.0,,,,5235000.0,,,,9001000.0,,,,17000000.0,,,
DeferredTaxLiabilities / USD,,,,785817000.0,,,,660718000.0,,,,670293000.0,,,,635821000.0,,,,,,,,,,,,,,,,,,,,,,,,,,,,,,,,,,,,,,,,1133784000.0,,,
DeferredTaxLiabilitiesDeferredExpenseCapitalizedInventoryCosts / USD,,,,,,,,49345000.0,,,,67246000.0,,,,64481000.0,,,,73188000.0,,,,72456000.0,,,,65844000.0,,,,46244000.0,,,,56221000.0,,,,59075000.0,,,,74985000.0,,,,68780000.0,,,,176798000.0,,,,199603000.0,,,
DeferredTaxLiabilitiesGoodwillAndIntangibleAssetsIntangibleAssets / USD,,,,,,,,435611000.0,,,,435529000.0,,,,433130000.0,,,,433328000.0,,,,433548000.0,,,,434045000.0,,,,269820000.0,,,,308793000.0,,,,310862000.0,,,,312258000.0,,,,310011000.0,,,,307734000.0,,,,306915000.0,,,
DeferredTaxLiabilitiesLeasingArrangements / USD,,,,,,,,,,,,,,,,,,,,,,,,,,,,,,,,,,,,2143996000.0,,,,2143996000.0,,,,2433195000.0,,,,2588709000.0,,,,2728507000.0,,,,2815466000.0,,,
DeferredTaxLiabilitiesOther / USD,,,,3551000.0,,,,3539000.0,,,,4498000.0,,,,4427000.0,,,,1794000.0,,,,7417000.0,,,,10400000.0,,,,6672000.0,,,,1590000.0,,,,697000.0,,,,498000.0,,,,1353000.0,,,,1204000.0,,,,1751000.0,,,
DeferredTaxLiabilitiesPrepaidExpenses / USD,,,,,,,,,,,,,,,,,,,,,,,,,,,,22875000.0,,,,22875000.0,,,,12639000.0,,,,11933000.0,,,,13532000.0,,,,15278000.0,,,,17870000.0,,,,20275000.0,,,
DeferredTaxLiabilitiesPropertyPlantAndEquipment / USD,,,,222757000.0,,,,287447000.0,,,,294204000.0,,,,307644000.0,,,,302531000.0,,,,320619000.0,,,,334430000.0,,,,255215000.0,,,,322575000.0,,,,389080000.0,,,,481279000.0,,,,572286000.0,,,,684468000.0,,,,736322000.0,,,
DefinedContributionPlanCostRecognized / USD,,,,8400000.0,,,,9500000.0,,,,10900000.0,,,,11900000.0,,,,13000000.0,,,,13700000.0,,,,15000000.0,,,,16000000.0,,,,17500000.0,,,,20200000.0,,,,25000000.0,,,,30100000.0,,,,34000000.0,,,,35700000.0,,,
Depreciation / USD,,,,201100000.0,,,,215700000.0,,,,243700000.0,,,,277200000.0,,,,315300000.0,,,,335900000.0,,,,350600000.0,,,,378300000.0,,,,403300000.0,,,,454100000.0,,,,500400000.0,,,,569300000.0,,,,635900000.0,,,,717800000.0,,,
DepreciationDepletionAndAmortization / USD,63252000.0,126156000.0,189739000.0,256771000.0,67486000.0,135871000.0,204771000.0,254927000.0,72271000.0,146260000.0,222398000.0,275408000.0,80493000.0,163237000.0,247672000.0,302911000.0,84158000.0,169498000.0,255759000.0,332837000.0,87152000.0,174734000.0,263287000.0,342353000.0,92324000.0,186942000.0,282386000.0,352431000.0,98586000.0,197616000.0,298571000.0,379931000.0,109335000.0,221511000.0,336363000.0,404231000.0,122485000.0,245908000.0,372378000.0,454134000.0,137655000.0,278617000.0,424466000.0,504804000.0,154146000.0,312682000.0,474945000.0,574237000.0,172563000.0,349722000.0,532514000.0,641316000.0,201907000.0,410287000.0,625817000.0,724877000.0,232286000.0,471079000.0,718093000.0
DividendsCash / USD,,,,,,,,,,,,,,,,,,,,258328000.0,,,,258328000.0,,,,258328000.0,,,,281147000.0,77657000.0,154748000.0,231267000.0,282941000.0,82756000.0,165147000.0,246787000.0,306562000.0,90617000.0,180276000.0,268638000.0,327578000.0,99832000.0,198136000.0,295449000.0,355934000.0,125262000.0,249468000.0,372428000.0,392217000.0,129402000.0,258904000.0,388400000.0,493732000.0,129736000.0,259483000.0,389240000.0
EarningsPerShareBasic / USD/shares,0.4,0.81,1.19,1.05,0.46,0.89,1.39,1.84,0.64,1.28,1.9,2.25,0.67,1.43,2.17,2.87,0.72,1.55,2.33,3.17,0.84,1.79,2.66,3.5,1.03,2.11,2.96,3.96,1.02,2.09,3.02,4.45,1.36,2.89,4.15,5.64,1.49,3.14,4.57,5.99,2.58,5.73,8.06,6.68,2.84,5.55,7.66,10.7,2.42,5.41,7.76,10.24,2.35,4.48,5.74,10.73,1.65,3.35,4.25
EarningsPerShareDiluted / USD/shares,0.39,0.8,1.18,1.04,0.45,0.88,1.37,1.82,0.63,1.27,1.89,2.22,0.67,1.42,2.16,2.85,0.72,1.54,2.32,3.17,0.84,1.79,2.65,3.49,1.03,2.11,2.95,3.95,1.02,2.09,3.02,4.43,1.36,2.88,4.14,5.63,1.48,3.13,4.54,5.97,2.56,5.69,8.0,6.64,2.82,5.52,7.61,10.62,2.41,5.39,7.72,10.17,2.34,4.47,5.73,10.68,1.65,3.35,4.24
EffectiveIncomeTaxRateContinuingOperations / pure,,0.375,0.369,0.385,0.381,0.375,0.374,0.363,0.382,0.362,0.366,0.374,0.374,0.374,0.368,0.364,0.378,0.38,0.375,0.37,0.377,0.378,0.376,0.366,0.354,0.361,0.361,0.371,0.372,0.372,0.368,0.363,0.216,0.216,0.211,0.193,0.208,0.219,0.219,0.211,0.222,0.218,0.218,0.222,0.22,0.217,0.218,0.22,0.218,0.22,0.222,0.217,0.218,0.223,0.221,0.225,0.233,0.228,0.229
EffectiveIncomeTaxRateReconciliationAtFederalStatutoryIncomeTaxRate / pure,,,,0.35,,,,0.35,,,,0.35,,,,0.35,,,,0.35,,,,0.35,,,,0.35,0.35,0.35,0.35,0.35,,,,0.35,,,,0.21,,,,0.21,,,,0.21,,,,0.21,,,,0.21,,,
EffectiveIncomeTaxRateReconciliationOtherAdjustments / pure,,,,0.02,,,,0.001,,,,0.003,,,,0.001,,,,0.001,,,,0.003,,,,0.003,,,,-0.001,,,,0.001,,,,-0.007,,,,-0.003,,,,-0.006,,,,-0.005,,,,0.001,,,
EffectiveIncomeTaxRateReconciliationStateAndLocalIncomeTaxes / pure,,,,0.033,,,,0.027,,,,0.035,,,,0.035,,,,0.035,,,,0.03,,,,0.032,,,,0.031,,,,0.032,,,,0.022,,,,0.028,,,,0.024,,,,0.025,,,,0.026,,,
EffectiveIncomeTaxRateReconciliationTaxCreditsOther / pure,,,,-0.016,,,,-0.009,,,,-0.012,,,,0.011,,,,0.012,,,,0.011,,,,0.012,,,,0.01,,,,0.014,,,,0.014,,,,0.013,,,,0.008,,,,0.013,,,,0.012,,,
EmployeeRelatedLiabilitiesCurrent / USD,,,,81786000.0,,,,76989000.0,,,,76981000.0,,,,47909000.0,,,,78645000.0,,,,111191000.0,,,,91243000.0,,,,118755000.0,,,,121375000.0,,,,135492000.0,,,,269032000.0,,,,215355000.0,,,,214472000.0,,,,145665000.0,,,
EmployeeServiceShareBasedCompensationNonvestedAwardsTotalCompensationCostNotYetRecognized / USD,,,,,,,,27700000.0,,,,53500000.0,,,,55200000.0,,,,48200000.0,,,,53700000.0,,,,60600000.0,,,,65100000.0,,,,76100000.0,,,,88900000.0,,,,87400000.0,,,,119600000.0,,,,69600000.0,,,,85500000.0,,,
EntityCommonStockSharesOutstanding / shares,341535481.0,341532297.0,342263844.0,338091175.0,332326972.0,333695858.0,328712549.0,327091344.0,327395122.0,323608057.0,320255172.0,313596983.0,303303655.0,303397106.0,303425920.0,303415449.0,297108500.0,294659578.0,290934510.0,286468872.0,283778285.0,281744265.0,276264260.0,275095294.0,274225125.0,273259005.0,271563597.0,268741400.0,267557504.0,265534401.0,262884331.0,259518801.0,258322808.0,257068296.0,254600137.0,251941312.0,251721828.0,249033698.0,245000903.0,239264252.0,236205490.0,233310218.0,231706504.0,228868368.0,226997018.0,225571729.0,223574799.0,219108477.0,219341145.0,219476497.0,219497254.0,219671316.0,219894652.0,219915184.0,219925670.0,219947078.0,220070611.0,220106028.0,220118871.0
EntityPublicFloat / USD,,,,3120000000.0,,,,11460000000.0,,,,18010000000.0,,,,16890000000.0,,,,23660000000.0,,,,26700000000.0,,,,18100000000.0,,,,23200000000.0,,,,34300000000.0,,,,37700000000.0,,,,54200000000.0,,,,55900000000.0,,,,36700000000.0,,,,17800000000.0,,,
FinanceLeaseLiabilityNoncurrent / USD,,,,,,,,,,,,,,,,,,,,,,,,,,,,,,,,,,,,,,,,,,,,,,,,,210998000.0,209055000.0,205619000.0,,196254000.0,200418000.0,200418000.0,200418000.0,,,
FinanceLeaseRightOfUseAssetBeforeAccumulatedAmortization / USD,,,,,,,,,,,,,,,,,,,,,,,,,,,,,,,,,,,,,,,,163108000.0,,,,163108000.0,,,,162772000.0,,,,215052000.0,,,,233349000.0,,,
Goodwill / USD,4338589000.0,4338589000.0,4338589000.0,4338589000.0,4338589000.0,4338589000.0,4338589000.0,4338589000.0,4338589000.0,4338589000.0,4338589000.0,4338589000.0,4338589000.0,4338589000.0,4338589000.0,4338589000.0,4338589000.0,4338589000.0,4338589000.0,4338589000.0,4338589000.0,4338589000.0,4338589000.0,4338589000.0,4338589000.0,4338589000.0,4338589000.0,4338589000.0,4338589000.0,4338589000.0,4338589000.0,4338589000.0,4338589000.0,4338589000.0,4338589000.0,4338589000.0,4338589000.0,4338589000.0,4338589000.0,4338589000.0,4338589000.0,4338589000.0,4338589000.0,4338589000.0,4338589000.0,4338589000.0,4338589000.0,4338589000.0,4338589000.0,4338589000.0,4338589000.0,4338589000.0,4338589000.0,4338589000.0,4338589000.0,4338589000.0,4338589000.0,4338589000.0,4338589000.0
GoodwillAndIntangibleAssetImpairment / USD,,,,,,,,0.0,,,,0.0,,,,0.0,,,,0.0,,,,0.0,,,,0.0,,,,0.0,,,,0.0,,,,0.0,,,,0.0,,,,0.0,,,,0.0,,,,0.0,,,
GrossProfit / USD,999756000.0,2035735000.0,3046403000.0,3689871000.0,1087397000.0,2235739000.0,3351541000.0,4176556000.0,1228256000.0,2491479000.0,3717602000.0,4697910000.0,1295148000.0,2672438000.0,4000931000.0,5085401000.0,1357746000.0,2813320000.0,4237068000.0,5435742000.0,1498705000.0,3086860000.0,4623822000.0,5802507000.0,1612614000.0,3294381000.0,4881891000.0,6306091000.0,1698983000.0,3489505000.0,5255961000.0,6782638000.0,1862249000.0,3837122000.0,5732181000.0,7221359000.0,2002276000.0,4151212000.0,6216298000.0,7803870000.0,2595692000.0,5413927000.0,7982167000.0,8489061000.0,2755668000.0,5493327000.0,8112766000.0,10718862000.0,2738363000.0,5786586000.0,8671781000.0,10813006000.0,2955474000.0,6000160000.0,8812688000.0,11820098000.0,2992149000.0,6051628000.0,8987928000.0
ImpairmentOfLongLivedAssetsHeldForUse / USD,,,,5000000.0,,,,1700000.0,,,,1000000.0,,,,2700000.0,,,,500000.0,,,,1900000.0,,,,5900000.0,,,,6300000.0,,,,7800000.0,,,,4100000.0,,,,3600000.0,,,,2700000.0,,,,2600000.0,,,,2100000.0,,,
ImpairmentOfLongLivedAssetsToBeDisposedOf / USD,,,,,,,,,,,,,,,,,,,,,,,,,,,,,,,,,,,,,,,,,,,,,,,,,,,,,,,,95257000.0,,,
IncomeLossFromContinuingOperationsBeforeIncomeTaxesExtraordinaryItemsNoncontrollingInterest / USD,,,,,,,,,,,,,,,,,,,,,,,,,,,,,,,,,,,,,,,,,,1839592000.0,2572424000.0,2201730000.0,868458000.0,1678596000.0,2304986000.0,3404380000.0,706481000.0,1576809000.0,2258258000.0,3063149000.0,657820000.0,1265797000.0,1616982000.0,3116614000.0,473671000.0,955503000.0,1211456000.0
IncomeTaxExpenseBenefit / USD,,,,,,,,,,243015000.0,367265000.0,458604000.0,131530000.0,278246000.0,409578000.0,544732000.0,135043000.0,289711000.0,425703000.0,603214000.0,153383000.0,326147000.0,474965000.0,615516000.0,161538000.0,339765000.0,473564000.0,687944000.0,165800000.0,340415000.0,481318000.0,714495000.0,100559000.0,212328000.0,295743000.0,368320000.0,101291000.0,227701000.0,329304000.0,425944000.0,185845000.0,401545000.0,560117000.0,489175000.0,190709000.0,363828000.0,503187000.0,749330000.0,153824000.0,346122000.0,501404000.0,663917000.0,143440000.0,282582000.0,357521000.0,700625000.0,110354000.0,217996000.0,277420000.0
IncomeTaxReconciliationIncomeTaxExpenseBenefitAtFederalStatutoryIncomeTaxRate / USD,,,,193241000.0,,,,344740000.0,,,,428851000.0,,,,524088000.0,,,,569916000.0,,,,588303000.0,,,,648558000.0,,,,687969000.0,,,,643326000.0,,,,423237000.0,,,,462364000.0,,,,714920000.0,,,,643262000.0,,,,654489000.0,,,
IncomeTaxReconciliationOtherAdjustments / USD,,,,10447000.0,,,,350000.0,,,,4334000.0,,,,719000.0,,,,2652000.0,,,,1351000.0,,,,4460000.0,,,,-1140000.0,,,,937000.0,,,,-14371000.0,,,,-6357000.0,,,,-19228000.0,,,,-16495000.0,,,,1641000.0,,,
IncomeTaxReconciliationStateAndLocalIncomeTaxes / USD,,,,18375000.0,,,,26877000.0,,,,42774000.0,,,,52713000.0,,,,56822000.0,,,,49819000.0,,,,59700000.0,,,,60168000.0,,,,61201000.0,,,,44584000.0,,,,60936000.0,,,,81117000.0,,,,77086000.0,,,,82134000.0,,,
IncomeTaxReconciliationTaxCreditsOther / USD,,,,8590000.0,,,,8845000.0,,,,15153000.0,,,,16062000.0,,,,19348000.0,,,,18961000.0,,,,21366000.0,,,,18952000.0,,,,26759000.0,,,,27506000.0,,,,27768000.0,,,,27479000.0,,,,39936000.0,,,,37639000.0,,,
IncomeTaxesPaidNet / USD,,,,187983000.0,,,,314123000.0,,,,382294000.0,,,,422333000.0,,,,646811000.0,,,,631483000.0,,,,697357000.0,,,,679633000.0,,,,660510000.0,,,,313457000.0,,,,457119000.0,,,,721570000.0,,,,568267000.0,,,,500814000.0,,,
IncomeTaxesReceivable / USD,,43435000.0,48807000.0,,5210000.0,89473000.0,13554000.0,,,7894000.0,9786000.0,,,4237000.0,,,,14646000.0,11877000.0,6843000.0,6843000.0,6843000.0,6843000.0,6843000.0,11050000.0,11050000.0,11050000.0,11050000.0,108265000.0,108265000.0,108265000.0,108265000.0,57804000.0,57804000.0,57804000.0,57804000.0,76537000.0,76537000.0,76537000.0,76537000.0,90760000.0,90760000.0,90760000.0,90760000.0,97394000.0,97394000.0,97394000.0,97394000.0,135775000.0,135775000.0,135775000.0,135775000.0,112262000.0,112262000.0,112262000.0,112262000.0,127132000.0,127132000.0,127132000.0
IncreaseDecreaseInAccountsPayable / USD,-36954000.0,113976000.0,146933000.0,106049000.0,-25922000.0,166690000.0,164336000.0,123424000.0,-82227000.0,68515000.0,130733000.0,104442000.0,-138227000.0,-10855000.0,-3106000.0,194035000.0,-62361000.0,104382000.0,100510000.0,36942000.0,40123000.0,133615000.0,75880000.0,97166000.0,-55267000.0,213767000.0,439259000.0,105637000.0,56630000.0,292074000.0,384101000.0,56477000.0,5043000.0,270862000.0,310552000.0,427911000.0,39707000.0,323217000.0,425414000.0,375214000.0,110126000.0,560918000.0,919806000.0,428627000.0,-295206000.0,-245382000.0,-61756000.0,745596000.0,172110000.0,622346000.0,377478000.0,98735000.0,116363000.0,107810000.0,108757000.0,-194722000.0,-95686000.0,306290000.0,494807000.0
IncreaseDecreaseInAccruedLiabilitiesAndOtherOperatingLiabilities / USD,,,,,,,,,,,,,,,,,,,,,,,,,,,,,,,,,-55124000.0,61096000.0,84008000.0,75647000.0,-47679000.0,58614000.0,108906000.0,65857000.0,81113000.0,273208000.0,357320000.0,100322000.0,-136743000.0,-25479000.0,36910000.0,388597000.0,-116384000.0,22389000.0,54134000.0,-37328000.0,-176804000.0,-12438000.0,3802000.0,-25409000.0,14814000.0,109762000.0,137937000.0
IncreaseDecreaseInDeferredIncomeTaxes / USD,,,,,,,,,1119000.0,844000.0,-24221000.0,-10232000.0,-7999000.0,-5163000.0,-6483000.0,2605000.0,18542000.0,38880000.0,35944000.0,36851000.0,10095000.0,32680000.0,59026000.0,17734000.0,-7541000.0,-7159000.0,3207000.0,-12126000.0,-9516000.0,-6750000.0,-37573000.0,-12359000.0,-8046000.0,-12500000.0,-25790000.0,137648000.0,-10303000.0,-8118000.0,-14308000.0,-52325000.0,-24784000.0,-14493000.0,-11207000.0,-55407000.0,-58794000.0,-70755000.0,-70422000.0,-34976000.0,-81679000.0,-81419000.0,-166965000.0,-114359000.0,-50442000.0,-58147000.0,-91158000.0,-235299000.0,-23876000.0,-5045000.0,-4302000.0
IncreaseDecreaseInIncomeTaxesPayableNetOfIncomeTaxesReceivable / USD,,,,,,,-57575000.0,42903000.0,19306000.0,-74001000.0,28350000.0,51550000.0,-3214000.0,-61584000.0,-76371000.0,138711000.0,71527000.0,-28469000.0,-14274000.0,-5249000.0,75865000.0,-4769000.0,-12246000.0,12399000.0,89294000.0,-26352000.0,-74892000.0,-19675000.0,146137000.0,-92940000.0,-147375000.0,26316000.0,85276000.0,43058000.0,-5649000.0,-156504000.0,71394000.0,-10611000.0,-52076000.0,56390000.0,156849000.0,48245000.0,-32251000.0,-20404000.0,116013000.0,-44080000.0,-34284000.0,-6522000.0,64814000.0,2829000.0,-90737000.0,-14642000.0,86992000.0,-17613000.0,-61462000.0,-37517000.0,83797000.0,52259000.0,314000.0
IncreaseDecreaseInOtherNoncurrentAssets / USD,,,,,,,,,,1813000.0,2235000.0,195000.0,740000.0,1303000.0,1900000.0,3071000.0,484000.0,1162000.0,1345000.0,2200000.0,282000.0,569000.0,1220000.0,1555000.0,260000.0,311000.0,456000.0,905000.0,143000.0,1368000.0,1645000.0,500000.0,176000.0,84000.0,339000.0,1633000.0,2542000.0,5198000.0,5723000.0,152000.0,1086000.0,3567000.0,4161000.0,6959000.0,2236000.0,4549000.0,5625000.0,3611000.0,50000.0,1609000.0,4813000.0,7494000.0,-2126000.0,-1412000.0,-7238000.0,6750000.0,2408000.0,4934000.0,7908000.0
IncreaseDecreaseInPrepaidDeferredExpenseAndOtherAssets / USD,13503000.0,15822000.0,26412000.0,7298000.0,32369000.0,37136000.0,30899000.0,10157000.0,-5370000.0,1847000.0,-12399000.0,34554000.0,13162000.0,14245000.0,-5269000.0,-5553000.0,24210000.0,29055000.0,29479000.0,4947000.0,12241000.0,30754000.0,24242000.0,25048000.0,16676000.0,34535000.0,30471000.0,24626000.0,12342000.0,43240000.0,15198000.0,25046000.0,-3294000.0,25727000.0,13559000.0,49406000.0,7392000.0,8516000.0,24345000.0,12097000.0,12000000.0,27237000.0,13525000.0,14453000.0,41831000.0,72072000.0,70038000.0,16516000.0,34482000.0,87244000.0,81836000.0,47471000.0,56866000.0,78358000.0,50846000.0,65102000.0,42650000.0,75427000.0,37952000.0
IncreaseDecreaseInRetailRelatedInventories / USD,85176000.0,219589000.0,366903000.0,100248000.0,5275000.0,222669000.0,350932000.0,251809000.0,-6499000.0,139998000.0,326076000.0,291492000.0,16411000.0,133414000.0,187490000.0,391409000.0,51536000.0,235890000.0,239302000.0,144943000.0,57103000.0,246793000.0,317273000.0,233559000.0,-3476000.0,191682000.0,405456000.0,290001000.0,42456000.0,205385000.0,340090000.0,171908000.0,-12356000.0,292934000.0,388113000.0,348363000.0,14252000.0,321085000.0,401006000.0,521342000.0,-567902000.0,-283957000.0,352261000.0,578783000.0,-135732000.0,80038000.0,160097000.0,575827000.0,538921000.0,1528744000.0,1885434000.0,550114000.0,601138000.0,817001000.0,661611000.0,1665352000.0,-49562000.0,23369000.0,147512000.0
IntangibleAssetsNetExcludingGoodwill / USD,1256922000.0,1256922000.0,1256922000.0,1256922000.0,1235954000.0,1235954000.0,1235954000.0,1235954000.0,1219543000.0,1219543000.0,1219543000.0,1219543000.0,1207645000.0,1207645000.0,1207645000.0,1207645000.0,1201870000.0,1201870000.0,1201870000.0,1201870000.0,1200994000.0,1200994000.0,1200994000.0,1200994000.0,1200659000.0,1200659000.0,1200659000.0,1200659000.0,1200428000.0,1200428000.0,1200428000.0,1200428000.0,1200217000.0,1200217000.0,1200217000.0,1200217000.0,1200006000.0,1200006000.0,1200006000.0,1200006000.0,1199870000.0,1199870000.0,1199870000.0,1199870000.0,1199750000.0,1199750000.0,1199750000.0,1199750000.0,1199700000.0,1199700000.0,1199700000.0,1199700000.0,1199700000.0,1199700000.0,1199700000.0,1199700000.0,1199700000.0,1199700000.0,1199700000.0
InterestCostsCapitalized / USD,,,,1500000.0,,,,0.0,,,,1500000.0,,,,600000.0,,,,1200000.0,,,,200000.0,,,,1400000.0,,,,1400000.0,,,,2000000.0,,,,3700000.0,,,,2700000.0,,,,100000.0,,,,1200000.0,,,,4800000.0,,,
InterestIncomeExpenseNonoperatingNet / USD,,,,,,,,,,,,,,,,,,,,,,,,,,,,,,,,,,,,,,,,,,,,,,,,,,,,,,-167375000.0,-249664000.0,-211273000.0,-72433000.0,-140563000.0,-208412000.0
InterestPaidNet / USD,,,,,,,,,,,,,,,,,,,,,,,,,,,,76354000.0,,,,92952000.0,,,,88749000.0,,,,98012000.0,,,,100033000.0,,,,128211000.0,,,,159803000.0,,,,195312000.0,,,
InventoryLIFOReserve / USD,,,,52800000.0,,,,100500000.0,,,,101900000.0,,,,90900000.0,,,,95100000.0,,,,92900000.0,,,,80700000.0,,,,78500000.0,,,,103700000.0,,,,110700000.0,,,,115900000.0,,,,296300000.0,,,,813600000.0,,,,875100000.0,,,
InventoryLIFOReservePeriodCharge / USD,,700000.0,700000.0,-2500000.0,3600000.0,14200000.0,25400000.0,5300000.0,1600000.0,1100000.0,1200000.0,47700000.0,-500000.0,-2800000.0,-6600000.0,1400000.0,100000.0,900000.0,3100000.0,-11000000.0,400000.0,-600000.0,-2300000.0,4200000.0,-1400000.0,-4300000.0,-8100000.0,-2300000.0,800000.0,300000.0,800000.0,-12200000.0,2100000.0,5500000.0,18000000.0,-2200000.0,3400000.0,6600000.0,9700000.0,25200000.0,1600000.0,1700000.0,3300000.0,7000000.0,12300000.0,48200000.0,108700000.0,5100000.0,61400000.0,205800000.0,353600000.0,180400000.0,28100000.0,48400000.0,59700000.0,517300000.0,10300000.0,20800000.0,27900000.0
InventoryNet / USD,1765433000.0,1765433000.0,1765433000.0,1765433000.0,2009206000.0,2009206000.0,2009206000.0,2009206000.0,2397175000.0,2397175000.0,2397175000.0,2397175000.0,2552993000.0,2552993000.0,2552993000.0,2552993000.0,2782521000.0,2782521000.0,2782521000.0,2782521000.0,3074153000.0,3074153000.0,3074153000.0,3074153000.0,3258785000.0,3258785000.0,3258785000.0,3258785000.0,3609025000.0,3609025000.0,3609025000.0,3609025000.0,4097004000.0,4097004000.0,4097004000.0,4097004000.0,4676848000.0,4676848000.0,4676848000.0,4676848000.0,5247477000.0,5247477000.0,5247477000.0,5247477000.0,5614325000.0,5614325000.0,5614325000.0,5614325000.0,6760733000.0,6760733000.0,6760733000.0,6760733000.0,6994266000.0,6994266000.0,6994266000.0,6994266000.0,6711242000.0,6711242000.0,6711242000.0
InventoryWriteDown / USD,,,,,,,,,,,,,,,,,,,,,,,,,,,,,,,,,,,,,,,,,,,,,,,,,,,,,,,,17900000.0,,,
LesseeOperatingLeaseLiabilityPaymentsDue / USD,,,,,,,,,,,,,,,,,,,,,,,,,,,,,,,,,10105528000.0,10386146000.0,10626795000.0,10769061000.0,,,,11366117000.0,,,,11941185000.0,,,,12737264000.0,,,,13479370000.0,,,,13761782000.0,,,
LesseeOperatingLeaseLiabilityPaymentsDueAfterYearFive / USD,,,,,,,,,,,,,,,,,,,,,,,,,,,,,,,,,4803513000.0,5180000000.0,5551316000.0,4806745000.0,,,,4936773000.0,,,,5063197000.0,,,,5271366000.0,,,,5481482000.0,,,,5471916000.0,,,
LesseeOperatingLeaseLiabilityPaymentsDueNextTwelveMonths / USD,,,,,,,,,,,,,,,,,,,,,,,,,,,,,,,,,,,,,,,,1419082000.0,,,,1529978000.0,,,,1675193000.0,,,,1822383000.0,,,,1921426000.0,,,
LesseeOperatingLeaseLiabilityPaymentsDueYearFive / USD,,,,,,,,,,,,,,,,,,,,,,,,,,,,,,,,,982135000.0,1037980000.0,1089967000.0,1052032000.0,,,,1106494000.0,,,,1166717000.0,,,,1255062000.0,,,,1318226000.0,,,,1322309000.0,,,
LesseeOperatingLeaseLiabilityPaymentsDueYearFour / USD,,,,,,,,,,,,,,,,,,,,,,,,,,,,,,,,,1061229000.0,1112780000.0,1158951000.0,1132968000.0,,,,1231261000.0,,,,1295775000.0,,,,1396714000.0,,,,1491141000.0,,,,1524602000.0,,,
LesseeOperatingLeaseLiabilityPaymentsDueYearThree / USD,,,,,,,,,,,,,,,,,,,,,,,,,,,,,,,,,1134275000.0,1182516000.0,1224926000.0,1200056000.0,,,,1305624000.0,,,,1407824000.0,,,,1518975000.0,,,,1627370000.0,,,,1694935000.0,,,
LesseeOperatingLeaseLiabilityPaymentsDueYearTwo / USD,,,,,,,,,,,,,,,,,,,,,,,,,,,,,,,,,1195237000.0,1238277000.0,1276770000.0,1264655000.0,,,,1366883000.0,,,,1477694000.0,,,,1619954000.0,,,,1738768000.0,,,,1826594000.0,,,
LesseeOperatingLeaseLiabilityUndiscountedExcessAmount / USD,,,,,,,,,,,,,,,,,,,,,,,,,,,,,,,,,1972114000.0,1990200000.0,1997368000.0,1984573000.0,,,,1906650000.0,,,,1866917000.0,,,,2085564000.0,,,,2388788000.0,,,,2536885000.0,,,
Liabilities / USD,,,,,,,,,,,,,,,,,,,,,,,,,,,,,,,,,,,,,,,,,,,,,,,,,,,,,,,,,23719026000.0,23719026000.0,23719026000.0
LiabilitiesAndStockholdersEquity / USD,9546222000.0,9546222000.0,9546222000.0,9546222000.0,9688520000.0,9688520000.0,9688520000.0,9688520000.0,10367682000.0,10367682000.0,10367682000.0,10367682000.0,10867524000.0,10867524000.0,10867524000.0,10867524000.0,11224104000.0,11224104000.0,11208642000.0,11208642000.0,11257885000.0,11257885000.0,11257885000.0,11257885000.0,11672298000.0,11672298000.0,11672298000.0,11672298000.0,12516911000.0,12516911000.0,12516911000.0,12516911000.0,13204038000.0,13204038000.0,13204038000.0,13204038000.0,22825084000.0,22825084000.0,22825084000.0,22825084000.0,25862624000.0,25862624000.0,25862624000.0,25862624000.0,26327371000.0,26327371000.0,26327371000.0,26327371000.0,29083367000.0,29083367000.0,29083367000.0,29083367000.0,30795591000.0,30795591000.0,30795591000.0,30795591000.0,31132733000.0,31132733000.0,31132733000.0
LiabilitiesCurrent / USD,1365373000.0,1365373000.0,1365373000.0,1365373000.0,1509902000.0,1509902000.0,1509902000.0,1509902000.0,1738547000.0,1738547000.0,1738547000.0,1738547000.0,1811971000.0,1811971000.0,1811971000.0,1811971000.0,1987740000.0,1987740000.0,1987740000.0,1962472000.0,1995596000.0,1995596000.0,1995596000.0,1995596000.0,2622805000.0,2622805000.0,2622805000.0,2622805000.0,2964878000.0,2964878000.0,2964878000.0,2964878000.0,3015857000.0,3015857000.0,3015857000.0,3015857000.0,4543560000.0,4543005000.0,4543005000.0,4543005000.0,5710783000.0,5710783000.0,5710783000.0,5710783000.0,5979357000.0,5979357000.0,5979357000.0,5979357000.0,5887768000.0,5887768000.0,5887768000.0,5887768000.0,6725701000.0,6725701000.0,6725701000.0,6725701000.0,6868702000.0,6868702000.0,6868702000.0
LiabilityForUncertainTaxPositionsNoncurrent / USD,,27900000.0,41400000.0,27255000.0,38100000.0,22900000.0,24900000.0,41130000.0,25700000.0,25900000.0,18500000.0,23383000.0,18900000.0,19200000.0,10400000.0,18802000.0,10800000.0,11000000.0,8300000.0,10700000.0,8800000.0,8500000.0,8200000.0,8700000.0,4900000.0,4800000.0,2900000.0,4800000.0,2600000.0,2800000.0,2800000.0,2500000.0,6800000.0,6900000.0,5400000.0,6700000.0,5500000.0,5600000.0,5900000.0,5500000.0,8100000.0,8800000.0,9000000.0,8000000.0,6500000.0,6500000.0,10100000.0,6400000.0,8500000.0,12500000.0,15800000.0,8300000.0,13900000.0,13600000.0,16400000.0,15400000.0,14500000.0,14800000.0,17600000.0
LongTermDebtAndCapitalLeaseObligations / USD,3287070000.0,3287070000.0,3287070000.0,3287070000.0,2617891000.0,2617891000.0,2617891000.0,2617891000.0,2771336000.0,2771336000.0,2771336000.0,2771336000.0,2742788000.0,2742788000.0,2742788000.0,2742788000.0,2639427000.0,2639427000.0,2623965000.0,2623965000.0,2969175000.0,2969175000.0,2969175000.0,2969175000.0,2710576000.0,2710576000.0,2710576000.0,2710576000.0,2604613000.0,2604613000.0,2604613000.0,2604613000.0,2862740000.0,2862740000.0,2862740000.0,2862740000.0,,,,,,,,,,,,4172068000.0,7009399000.0,7009399000.0,7009399000.0,7009399000.0,6231539000.0,6231539000.0,6231539000.0,6231539000.0,5719025000.0,5719025000.0,5719025000.0
LongTermDebtAndCapitalLeaseObligationsCurrent / USD,1157000.0,,,,,,,,,892000.0,892000.0,892000.0,75966000.0,75966000.0,75966000.0,75966000.0,101158000.0,101158000.0,101158000.0,101158000.0,1379000.0,1379000.0,1379000.0,1379000.0,500950000.0,500950000.0,500950000.0,500950000.0,401345000.0,401345000.0,401345000.0,401345000.0,1950000.0,1950000.0,1950000.0,1950000.0,,,,,,,,,,,,,,,,768645000.0,768645000.0,768645000.0,768645000.0,768645000.0,519463000.0,519463000.0,519463000.0
LongTermDebtMaturitiesRepaymentsOfPrincipalAfterYearFive / USD,,,,468012000.0,,,,16543000.0,,,,,,,,,,,,,,,,,,,,,,,,,,,,1601850000.0,,,,2732751000.0,,,,2726074000.0,,,,3128329000.0,,,,3614187000.0,,,,3604629000.0,,,
LongTermDebtMaturitiesRepaymentsOfPrincipalInNextTwelveMonths / USD,,,,590000.0,,,,892000.0,,,,,,,,,,,,,,,,,,,,,,,,,,,,425755000.0,,,,4127000.0,,,,61774000.0,,,,1516478000.0,,,,768645000.0,,,,519463000.0,,,
LongTermDebtMaturitiesRepaymentsOfPrincipalInYearFive / USD,,,,618000.0,,1400000000.0,1400000000.0,1380990000.0,,,,,,,,,,,,,,,,,,,,,,,,,,,,665000.0,,,,506963000.0,,,,6437000.0,,,,1164532000.0,,,,1015222000.0,,,,8507000.0,,,
LongTermDebtMaturitiesRepaymentsOfPrincipalInYearFour / USD,,,,454000.0,,,,1379000.0,,,,,,,,,,,,,,,,,,,,,,,,,,,,900635000.0,,,,6759000.0,,,,506263000.0,,,,14378000.0,,,,1165917000.0,,,,1015161000.0,,,
LongTermDebtMaturitiesRepaymentsOfPrincipalInYearThree / USD,,,,1963815000.0,,,,1158000.0,,,,,,,,,,,,,,,,,,,,,,,,,,,,610000.0,,,,906564000.0,,,,6714000.0,,,,514524000.0,,,,17478000.0,,,,1165843000.0,,,
LongTermDebtMaturitiesRepaymentsOfPrincipalInYearTwo / USD,,,,184992000.0,,1500000000.0,1600000000.0,1371266000.0,,,,,,,,,,,,,,,,,,,,,,,,,,,,580000.0,,,,7201000.0,,,,906564000.0,,,,764355000.0,,,,518969000.0,,,,17473000.0,,,
NetCashProvidedByUsedInFinancingActivities / USD,161000.0,-57447000.0,,,,,,,,,,,,,,,,,,,,,,,,-500862000.0,-680559000.0,-1310179000.0,-349012000.0,-446265000.0,-616992000.0,-1024137000.0,-368120000.0,-729823000.0,-971789000.0,-1077554000.0,-394267000.0,-814847000.0,-1104380000.0,-1443901000.0,892234000.0,235065000.0,-728406000.0,-1450680000.0,-1114590000.0,-1863794000.0,-2339193000.0,-1714992000.0,-177888000.0,-309964000.0,-154465000.0,-2832002000.0,101975000.0,9422000.0,-222604000.0,-392462000.0,-139228000.0,-273163000.0,-1160219000.0
NetCashProvidedByUsedInInvestingActivities / USD,-90740000.0,-162514000.0,,,,,,,,,,,,,,,,,,,,,,,,-265386000.0,-401566000.0,-503383000.0,-143388000.0,-313707000.0,-487611000.0,-550936000.0,-163999000.0,-369619000.0,-549081000.0,-645028000.0,-144304000.0,-291593000.0,-516141000.0,-731603000.0,-194968000.0,-423116000.0,-696011000.0,-782485000.0,-276923000.0,-516661000.0,-775438000.0,-1024910000.0,-280844000.0,-656618000.0,-1075820000.0,-1065557000.0,-361602000.0,-764701000.0,-1235544000.0,-1555346000.0,-341161000.0,-694158000.0,-1034970000.0
NetCashProvidedByUsedInOperatingActivities / USD,91212000.0,279306000.0,,,,,,,,,,,,,,,,,,,,,,,,793334000.0,1124414000.0,1391686000.0,510462000.0,786230000.0,1142880000.0,1605041000.0,548648000.0,1097289000.0,1514117000.0,1802108000.0,574195000.0,1130521000.0,1661110000.0,2143550000.0,1736326000.0,2907335000.0,3383540000.0,2237998000.0,702991000.0,1317544000.0,2226716000.0,3876159000.0,449516000.0,948016000.0,1248187000.0,2865811000.0,191115000.0,726721000.0,1442019000.0,1984555000.0,663806000.0,1652729000.0,2195163000.0
NetIncomeLoss / USD,,,,,,,,,,,,,,,,,,,,,,,,,,,836957000.0,1165080000.0,279489000.0,574272000.0,826805000.0,1251133000.0,364852000.0,772089000.0,1106231000.0,1538960000.0,385013000.0,811568000.0,1177118000.0,1589472000.0,650446000.0,1438047000.0,2012307000.0,1712555000.0,677749000.0,1314768000.0,1801799000.0,2655050000.0,552657000.0,1230687000.0,1756854000.0,2399232000.0,514380000.0,983215000.0,1259461000.0,2415989000.0,363317000.0,737507000.0,934036000.0
NetIncomeLossAvailableToCommonStockholdersDiluted / USD,,277191000.0,405311000.0,339442000.0,156969000.0,303011000.0,474175000.0,627857000.0,213415000.0,427555000.0,635240000.0,766685000.0,220083000.0,465558000.0,702943000.0,952662000.0,222398000.0,473658000.0,709974000.0,1025116000.0,253235000.0,535584000.0,788905000.0,1065345000.0,295124000.0,601642000.0,836957000.0,1165080000.0,279489000.0,574272000.0,826805000.0,1251133000.0,364852000.0,772089000.0,1106231000.0,1538960000.0,385013000.0,811568000.0,1177118000.0,1589472000.0,650446000.0,1438047000.0,2012307000.0,1712555000.0,677749000.0,1314768000.0,1801799000.0,2655050000.0,552657000.0,1230687000.0,1756854000.0,2399232000.0,514380000.0,983215000.0,1259461000.0,2415989000.0,363317000.0,737507000.0,934036000.0
NumberOfReportableSegments / segment,,,,,,,,1.0,1.0,1.0,1.0,1.0,1.0,1.0,1.0,1.0,1.0,1.0,1.0,1.0,1.0,1.0,1.0,1.0,1.0,1.0,1.0,1.0,1.0,1.0,1.0,1.0,1.0,1.0,1.0,1.0,1.0,1.0,1.0,1.0,1.0,1.0,1.0,1.0,1.0,1.0,1.0,1.0,1.0,1.0,1.0,1.0,1.0,1.0,1.0,1.0,1.0,1.0,1.0
NumberOfStatesInWhichEntityOperates / state,,,,,,,,,,,,,,,,40.0,,,,43.0,,,,43.0,,,,44.0,,,,44.0,,,,44.0,,,,46.0,,,,46.0,,,,47.0,,,,48.0,,,,48.0,,,
NumberOfStores / store,,,,,,,,,,,,,,,,11789.0,,,,12483.0,,,,13320.0,,,,14534.0,,,,15370.0,,,,16278.0,,,,17177.0,,,,18130.0,,,,19104.0,,,,19986.0,,,,20594.0,,,
OperatingIncomeLoss / USD,290723000.0,591480000.0,865814000.0,953258000.0,321618000.0,671647000.0,982564000.0,1274065000.0,384324000.0,771538000.0,1132927000.0,1490804000.0,395000000.0,807822000.0,1198063000.0,1655276000.0,379708000.0,808234000.0,1202377000.0,1736185000.0,428194000.0,904006000.0,1327865000.0,1769093000.0,480743000.0,989840000.0,1382831000.0,1940294000.0,473795000.0,966941000.0,1384372000.0,2063449000.0,490184000.0,1035660000.0,1477803000.0,2007818000.0,512237000.0,1090012000.0,1581429000.0,2116306000.0,866784000.0,1909411000.0,2682541000.0,2302304000.0,908850000.0,1758418000.0,2424006000.0,3554765000.0,746157000.0,1659583000.0,2395128000.0,3220675000.0,740858000.0,1433172000.0,1866646000.0,3328302000.0,546104000.0,1096066000.0,1419868000.0
OperatingLeaseCost / USD,,,,,,,,,,,,,,,,,,,,,,,,,,,,,,,,,308100000.0,622400000.0,944800000.0,1270000000.0,308100000.0,622400000.0,940000000.0,1270000000.0,336500000000.0,678600000000.0,1030000000.0,1270000000.0,361900000.0,730000000.0,1110000000.0,1380000000.0,389700000.0,787000000.0,1190000000.0,1490000000.0,424600000.0,855300000.0,1300000000.0,1610000000.0,459800000.0,929200000.0,1410000000.0
OperatingLeaseLiability / USD,,,,,,,,,,,,,,,,,,,,,,,,,,,,,,,,,8133414000.0,8395946000.0,8629427000.0,8784488000.0,,,,9459467000.0,,,,10074268000.0,,,,10651700000.0,,,,11090582000.0,,,,11224897000.0,,,
OperatingLeaseLiabilityCurrent / USD,,,,,,,,,,,,,,,,,,,,,,,,,,,,,,,,,894469000.0,915075000.0,940504000.0,964805000.0,964805000.0,964805000.0,964805000.0,964805000.0,1074079000.0,1074079000.0,1074079000.0,1074079000.0,1183559000.0,1183559000.0,1183559000.0,1183559000.0,1288939000.0,1288939000.0,1288939000.0,1288939000.0,1387083000.0,1387083000.0,1387083000.0,1387083000.0,1460114000.0,1460114000.0,1460114000.0
OperatingLeaseLiabilityNoncurrent / USD,,,,,,,,,,,,,,,,,,,,,,,,,,,,,,,,,7238945000.0,7480871000.0,7688923000.0,7819683000.0,7819683000.0,7819683000.0,7819683000.0,7819683000.0,8385388000.0,8385388000.0,8385388000.0,8385388000.0,8890709000.0,8890709000.0,8890709000.0,8890709000.0,9362761000.0,9362761000.0,9362761000.0,9362761000.0,9703499000.0,9703499000.0,9703499000.0,9703499000.0,9764783000.0,9764783000.0,9764783000.0
OperatingLeasePayments / USD,,,,,,,,,,,,,,,,,,,,,,,,,,,,,,,,,310200000.0,626300000.0,949000000.0,1280000000.0,310200000.0,626300000.0,950000000.0,1280000000.0,337100000000.0,680400000000.0,1030000000.0,1280000000.0,364200000.0,735800000.0,1110000000.0,1390000000.0,396600000.0,794700000.0,1200000000.0,1500000000.0,426300000000.0,861500000.0,1300000000.0,1620000000.0,466700000.0,938900000.0,1420000000.0
OperatingLeaseRightOfUseAsset / USD,,,,,,,,,,,,,,,,,,,,,,,,,,,,,,,,,8140326000.0,8405346000.0,8639378000.0,8796183000.0,8796183000.0,8796183000.0,8796183000.0,8796183000.0,9473330000.0,9473330000.0,9473330000.0,9473330000.0,10092930000.0,10092930000.0,10092930000.0,10092930000.0,10670014000.0,10670014000.0,10670014000.0,10670014000.0,11098228000.0,11098228000.0,11098228000.0,11098228000.0,11163763000.0,11163763000.0,11163763000.0
OperatingLeaseWeightedAverageDiscountRatePercent / pure,,,,,,,,,,,,,,,,,,,,,,,,,,,,,,,,,0.044,0.044,0.043,0.042,0.042,0.041,0.04,0.039,0.039,0.038,0.037,0.037,0.037,0.038,0.039,0.039,0.04,0.04,0.041,0.043,0.043,0.043,0.045,0.045,0.046,0.046,0.046
OtherAccruedLiabilitiesCurrent / USD,,,,114683000.0,,,,133898000.0,,,,104939000.0,,,,130982000.0,,,,128278000.0,,,,136987000.0,,,,149284000.0,,,,170175000.0,,,,205709000.0,,,,271717000.0,,,,308647000.0,,,,381627000.0,,,,389193000.0,,,,399272000.0,,,
OtherAssetsNoncurrent / USD,58311000.0,58311000.0,58311000.0,58311000.0,43943000.0,43943000.0,43943000.0,43943000.0,43772000.0,43772000.0,43772000.0,43772000.0,35378000.0,35378000.0,35378000.0,35378000.0,34961000.0,34961000.0,19499000.0,19499000.0,21830000.0,21830000.0,21830000.0,21830000.0,20823000.0,20823000.0,20823000.0,20823000.0,28760000.0,28760000.0,28760000.0,28760000.0,31406000.0,31406000.0,31406000.0,31406000.0,34079000.0,34079000.0,34079000.0,34079000.0,36619000.0,36619000.0,36619000.0,36619000.0,46132000.0,46132000.0,46132000.0,46132000.0,57746000.0,57746000.0,57746000.0,57746000.0,60628000.0,60628000.0,60628000.0,60628000.0,57275000.0,57275000.0,57275000.0
OtherComprehensiveIncomeLossCashFlowHedgeGainLossAfterReclassificationAndTaxParent / USD,,,,,,,,,,,,,,,,,,,,,,,,,,,,,,,,,,,,,,,,,,486000.0,729000.0,973000.0,242000.0,485000.0,728000.0,972000.0,190000.0,226000.0,469000.0,971000.0,605000.0,972000.0,211000.0,1235000.0,-80000.0,1792000.0,3010000.0
OtherComprehensiveIncomeLossCashFlowHedgeGainLossAfterReclassificationTaxParent / USD,,,,,,,,,,,,,,,,,,,,,,,,,,,,,,,,,,,,,,,,,,173000.0,260000.0,345000.0,87000.0,173000.0,260000.0,346000.0,87000.0,173000.0,260000.0,346000.0,86000.0,61000.0,61000.0,353000.0,0.0,0.0,11000.0
OtherLiabilitiesNoncurrent / USD,231582000.0,231582000.0,231582000.0,231582000.0,229149000.0,229149000.0,229149000.0,229149000.0,225399000.0,225399000.0,225399000.0,225399000.0,296546000.0,296546000.0,296546000.0,296546000.0,285309000.0,285309000.0,285309000.0,285309000.0,275283000.0,275283000.0,275283000.0,275283000.0,279782000.0,279782000.0,279782000.0,279782000.0,305944000.0,305944000.0,305944000.0,305944000.0,298361000.0,298361000.0,298361000.0,298361000.0,172676000.0,172676000.0,172676000.0,172676000.0,263691000.0,263691000.0,263691000.0,263691000.0,197997000.0,197997000.0,197997000.0,197997000.0,220761000.0,220761000.0,220761000.0,220761000.0,251949000.0,251949000.0,251949000.0,251949000.0,262815000.0,262815000.0,262815000.0
OtherNoncashIncomeExpense / USD,,-6466000.0,-7920000.0,-7920000.0,-4574000.0,-17709000.0,-31656000.0,-13549000.0,-2828000.0,-3332000.0,-9548000.0,-54190000.0,-148000.0,176000.0,3552000.0,-6774000.0,-224000.0,-3539000.0,-7574000.0,12747000.0,-1407000.0,-7734000.0,-7130000.0,-8551000.0,440000.0,-2081000.0,-1935000.0,-7797000.0,-2122000.0,-11359000.0,-12787000.0,3625000.0,-3340000.0,-12120000.0,-26623000.0,-11088000.0,-3527000.0,-4001000.0,-10531000.0,-42870000.0,-1569000.0,-6177000.0,-9266000.0,-8293000.0,-13040000.0,-51036000.0,-114922000.0,-11570000.0,-68585000.0,-214128000.0,-365500000.0,-191040000.0,-28630000.0,-57367000.0,-79001000.0,-530530000.0,-15052000.0,-39876000.0,-50351000.0
OtherNonoperatingIncomeExpense / USD,-145000.0,-6671000.0,-14983000.0,-55542000.0,-2272000.0,-60511000.0,-60564000.0,-15101000.0,-1671000.0,-28228000.0,-29956000.0,-60615000.0,-18871000.0,-18871000.0,-18871000.0,-29956000.0,,,-326000.0,-18871000.0,,,-326000.0,-326000.0,-3502000.0,-3502000.0,-3502000.0,-326000.0,-3502000.0,-3502000.0,-3502000.0,-3502000.0,,-1019000.0,-1019000.0,-3502000.0,,,,-1019000.0,,,,,,,-415000.0,-415000.0,,,-415000.0,-415000.0,,,,-415000.0,,,
PaymentsForRepurchaseOfCommonStock / USD,,,,185000000.0,300000000.0,300000000.0,596442000.0,186597000.0,300000000.0,300000000.0,596442000.0,186597000.0,20000000.0,219981000.0,419974000.0,671459000.0,800095000.0,800095000.0,800095000.0,620052000.0,534654000.0,734334000.0,1009411000.0,800095000.0,230961000.0,454508000.0,679416000.0,1299613000.0,88755000.0,163736000.0,298735000.0,990474000.0,150001000.0,349538000.0,647502000.0,579712000.0,199986000.0,384974000.0,785301000.0,1007494000.0,63080000.0,664616000.0,1566546000.0,1200376000.0,1000352000.0,1700148000.0,2059907000.0,2466434000.0,746773000.0,1095396000.0,1641851000.0,2549669000.0,,,,2748014000.0,,,
PaymentsOfDebtIssuanceCosts / USD,,,,,7663000.0,15067000.0,15278000.0,15278000.0,7663000.0,15067000.0,15278000.0,15278000.0,15938000.0,15996000.0,15996000.0,15278000.0,,,7011000.0,15996000.0,,,7011000.0,6991000.0,,,,6991000.0,,,,9524000.0,,,,9524000.0,13623000.0,13574000.0,1675000.0,4384000.0,13623000.0,13574000.0,13574000.0,1675000.0,,,16521000.0,13574000.0,,12448000.0,16521000.0,2268000.0,,12448000.0,12438000.0,16925000.0,,487000.0,2320000.0
PaymentsOfDividendsCommonStock / USD,,,,239731000.0,,,,,,,,,,,,,66037000.0,131204000.0,195169000.0,258328000.0,66037000.0,131204000.0,195169000.0,258328000.0,71308000.0,142161000.0,212249000.0,258328000.0,71294000.0,142339000.0,212934000.0,281135000.0,77657000.0,154708000.0,231228000.0,282931000.0,82756000.0,165136000.0,246776000.0,306523000.0,90617000.0,180268000.0,268630000.0,327568000.0,99832000.0,198107000.0,295420000.0,355926000.0,125262000.0,249462000.0,372423000.0,392188000.0,129401000.0,258885000.0,388381000.0,493726000.0,129736000.0,259482000.0,389237000.0
PaymentsToAcquireProductiveAssets / USD,90998000.0,163058000.0,259243000.0,250747000.0,91958000.0,218123000.0,363099000.0,420395000.0,145857000.0,303988000.0,453626000.0,514861000.0,149652000.0,308526000.0,443978000.0,571596000.0,84088000.0,191414000.0,288537000.0,538444000.0,99929000.0,247051000.0,386886000.0,373967000.0,98968000.0,267812000.0,405899000.0,504806000.0,143519000.0,314050000.0,488616000.0,560296000.0,164630000.0,370968000.0,550916000.0,646456000.0,144757000.0,293060000.0,518051000.0,734380000.0,195434000.0,424167000.0,697598000.0,784843000.0,277730000.0,518466000.0,779406000.0,1027963000.0,281580000.0,658784000.0,1078208000.0,1070460000.0,363141000.0,767935000.0,1240507000.0,1560582000.0,341975000.0,695683000.0,1037097000.0
PrepaidExpenseAndOtherAssetsCurrent / USD,,104946000.0,104946000.0,104946000.0,139742000.0,139742000.0,139742000.0,139742000.0,139129000.0,139129000.0,139129000.0,139129000.0,147048000.0,147048000.0,147048000.0,147048000.0,170265000.0,170265000.0,170265000.0,170265000.0,193467000.0,193467000.0,193467000.0,193467000.0,220021000.0,220021000.0,220021000.0,220021000.0,263121000.0,263121000.0,263121000.0,263121000.0,272725000.0,272725000.0,272725000.0,272725000.0,184163000.0,184163000.0,184163000.0,184163000.0,199405000.0,199405000.0,199405000.0,199405000.0,247295000.0,247295000.0,247295000.0,247295000.0,302925000.0,302925000.0,302925000.0,302925000.0,366913000.0,366913000.0,366913000.0,366913000.0,392975000.0,392975000.0,392975000.0
ProceedsFromIssuanceOfSeniorLongTermDebt / USD,,,,,,,500000000.0,500000000.0,2297177000.0,500000000.0,500000000.0,500000000.0,2297177000.0,2297177000.0,2297177000.0,500000000.0,,,499220000.0,2297177000.0,,,499220000.0,499220000.0,599556000.0,599556000.0,599556000.0,499220000.0,599556000.0,599556000.0,599556000.0,599556000.0,499495000.0,499495000.0,499495000.0,599556000.0,1494315000.0,1494315000.0,1494315000.0,499495000.0,1494315000.0,1494315000.0,1494315000.0,1494315000.0,,,2296053000.0,1494315000.0,,1498260000.0,2296053000.0,2296053000.0,,1498260000.0,1498260000.0,2296053000.0,,,
ProceedsFromRepaymentsOfCommercialPaper / USD,,,,,,,,,,,,,,,,,,,,,,,453000000.0,490500000.0,-22800000.0,25000000.0,453000000.0,490500000.0,-22800000.0,25000000.0,59400000.0,490500000.0,-237200000.0,-149400000.0,-23200000.0,-60300000.0,-121300000.0,-280700000.0,-90800000.0,-63300000.0,-425200000.0,-425200000.0,-425200000.0,58300000.0,705300000.0,18400000.0,456800000.0,-425200000.0,705300000.0,1041233000.0,456800000.0,54300000.0,3068000.0,-1205400000.0,-1303800000.0,1447600000.0,,,
ProceedsFromSaleOfProductiveAssets / USD,258000.0,544000.0,868000.0,2701000.0,367000.0,473000.0,729000.0,1448000.0,119000.0,426000.0,1144000.0,1026000.0,75000.0,258000.0,950000.0,1760000.0,103000.0,692000.0,1588000.0,288466000.0,163000.0,257000.0,813000.0,2268000.0,323000.0,2426000.0,4333000.0,1423000.0,131000.0,343000.0,1005000.0,9360000.0,631000.0,1349000.0,1835000.0,1428000.0,453000.0,1467000.0,1910000.0,2777000.0,466000.0,1051000.0,1587000.0,2358000.0,807000.0,1805000.0,3968000.0,3053000.0,736000.0,2166000.0,2388000.0,4903000.0,1539000.0,3234000.0,4963000.0,5236000.0,814000.0,1525000.0,2127000.0
ProceedsFromShortTermDebt / USD,,,,,,,,,,,,,,,,,,,,,,,,,,,,,,,,,,,,,,,,,,,,,,,,,500000000.0,500000000.0,500000000.0,500000000.0,500000000.0,500000000.0,500000000.0,500000000.0,,,
ProfitLoss / USD,135996000.0,277191000.0,,,,,,,,,,,,,,,,,,,,,,,,,836957000.0,1165080000.0,279489000.0,574272000.0,826805000.0,1251133000.0,364852000.0,772089000.0,1106231000.0,1538960000.0,385013000.0,811568000.0,1177118000.0,1589472000.0,650446000.0,1438047000.0,2012307000.0,1712555000.0,677749000.0,1314768000.0,1801799000.0,2655050000.0,552657000.0,1230687000.0,1756854000.0,2399232000.0,514380000.0,983215000.0,1259461000.0,2415989000.0,363317000.0,737507000.0,934036000.0
PropertyPlantAndEquipmentGross / USD,,,,2177269000.0,,,,2680985000.0,,,,3226898000.0,,,,3452916000.0,,,,3753557000.0,,,,4170486000.0,,,,4595002000.0,,,,5175292000.0,,,,5518977000.0,,,,6097970000.0,,,,7264330000.0,,,,7937774000.0,,,,9145732000.0,,,,10598226000.0,,,
PropertyPlantAndEquipmentNet / USD,1524575000.0,1524575000.0,1524575000.0,1524575000.0,1794960000.0,1794960000.0,1794960000.0,1794960000.0,2088665000.0,2088665000.0,2088665000.0,2088665000.0,2080305000.0,2080305000.0,2080305000.0,2080305000.0,2116075000.0,2116075000.0,2116075000.0,2116075000.0,2264062000.0,2264062000.0,2264062000.0,2264062000.0,2434456000.0,2434456000.0,2434456000.0,2434456000.0,2701282000.0,2701282000.0,2701282000.0,2701282000.0,2970806000.0,2970806000.0,2970806000.0,2970806000.0,3278359000.0,3278359000.0,3278359000.0,3278359000.0,3899997000.0,3899997000.0,3899997000.0,3899997000.0,4346127000.0,4346127000.0,4346127000.0,4346127000.0,5236309000.0,5236309000.0,5236309000.0,5236309000.0,6087722000.0,6087722000.0,6087722000.0,6087722000.0,6209481000.0,6209481000.0,6209481000.0
RepaymentsOfLongTermDebtAndCapitalSecurities / USD,463000.0,58137000.0,130654000.0,784180000.0,27151000.0,911361000.0,911708000.0,131180000.0,202000.0,477846000.0,478026000.0,911951000.0,2119316000.0,2119536000.0,2119760000.0,478255000.0,1434000.0,26672000.0,51914000.0,2119991000.0,25346000.0,50605000.0,502120000.0,78467000.0,497000.0,816000.0,1302000.0,502401000.0,750275000.0,750584000.0,751927000.0,3138000.0,400330000.0,575664000.0,576977000.0,752676000.0,,,,,,,,,,,,,,,,,4505000.0,8843000.0,14362000.0,911330000.0,5205000.0,10341000.0,765625000.0
RepaymentsOfShortTermDebt / USD,,,,,,,,,,,,,,,,,,,,,,,,,,,,,,,,,,,,,,,,,,,,,,,,,250000000.0,500000000.0,500000000.0,500000000.0,250000000.0,500000000.0,500000000.0,500000000.0,,,
RetainedEarningsAccumulatedDeficit / USD,830932000.0,830932000.0,830932000.0,830932000.0,1416918000.0,1416918000.0,1416918000.0,1416918000.0,1710732000.0,1710732000.0,1710732000.0,1710732000.0,2125453000.0,2125453000.0,2125453000.0,2125453000.0,2403045000.0,2403045000.0,2403045000.0,2403045000.0,2025545000.0,2025545000.0,2025545000.0,2025545000.0,2015867000.0,2015867000.0,2015867000.0,2015867000.0,2698352000.0,2698352000.0,2698352000.0,2698352000.0,2941107000.0,2941107000.0,2941107000.0,2941107000.0,3162660000.0,3162660000.0,3162660000.0,3162660000.0,3006102000.0,3006102000.0,3006102000.0,3006102000.0,2473999000.0,2473999000.0,2473999000.0,2473999000.0,1656140000.0,1656140000.0,1656140000.0,1656140000.0,2799415000.0,2799415000.0,2799415000.0,2799415000.0,3405683000.0,3405683000.0,3405683000.0
RevenueFromContractWithCustomerExcludingAssessedTax / USD,,,,,,,,,,,,,,,,,,,,,,,,,,,,,5609625000.0,11437930000.0,17341536000.0,21986598000.0,6114463000.0,12557772000.0,18975234000.0,23470967000.0,6623185000.0,13604938000.0,20596331000.0,25625043000.0,8448449000.0,17132690000.0,25332315000.0,27753973000.0,8400964000.0,17051162000.0,25569001000.0,33746839000.0,8751352000.0,18177065000.0,27641956000.0,34220449000.0,9342832000.0,19139013000.0,28833095000.0,37844863000.0,9914021000.0,20124382000.0,30307810000.0
RightOfUseAssetObtainedInExchangeForOperatingLeaseLiability / USD,,,,,,,,,,,,,,,,,,,,,,,,,,,,,,,,,358806000.0,847498000.0,1311734000.0,1705988000.0,358806000.0,847498000.0,1311734000.0,1705988000.0,418239000.0,869137000.0,1319711000.0,1705988000.0,417749000.0,893773000.0,1373392000.0,1721530000.0,396628000.0,843900000.0,1314045000.0,1778564000.0,386055000.0,745786000.0,1248662000.0,1836718000.0,404716000.0,842846000.0,1321389000.0
SelfInsuranceReserveCurrent / USD,,,,76372000.0,,,,78235000.0,,,,86189000.0,,,,84697000.0,,,,81944000.0,,,,82182000.0,,,,85240000.0,,,,96277000.0,,,,107380000.0,,,,109291000.0,,,,110321000.0,,,,127719000.0,,,,136911000.0,,,,151317000.0,,,
SelfInsuranceReserveNoncurrent / USD,,,,131912000.0,,,,137891000.0,,,,137451000.0,,,,145162000.0,,,,140916000.0,,,,137798000.0,,,,137743000.0,,,,134256000.0,,,,130022000.0,,,,131281000.0,,,,134765000.0,,,,129700000.0,,,,137800000.0,,,,156600000.0,,,
SellingGeneralAndAdministrativeExpense / USD,709033000.0,1444255000.0,2180589000.0,2736613000.0,765779000.0,1564092000.0,2368977000.0,2902491000.0,843932000.0,1719941000.0,2584675000.0,3207106000.0,900148000.0,1864616000.0,2802868000.0,3430125000.0,978038000.0,2005086000.0,3034691000.0,3699557000.0,1070511000.0,2182854000.0,3295957000.0,4033414000.0,1131871000.0,2304541000.0,3499060000.0,4365797000.0,1225188000.0,2522564000.0,3871589000.0,4719189000.0,1372065000.0,2801462000.0,4254378000.0,5213541000.0,1490039000.0,3061200000.0,4634869000.0,5687564000.0,1728908000.0,3504516000.0,5299626000.0,6186757000.0,1846818000.0,3734909000.0,5688760000.0,7164097000.0,1992206000.0,4127003000.0,6276653000.0,7592331000.0,2214616000.0,4566988000.0,6946042000.0,8491796000.0,2446045000.0,4955562000.0,7568060000.0
ShareBasedCompensation / USD,4979000.0,8366000.0,11620000.0,17295000.0,3519000.0,6798000.0,10969000.0,15956000.0,4759000.0,10224000.0,15357000.0,15250000.0,5310000.0,10843000.0,16372000.0,21664000.0,8752000.0,18320000.0,27698000.0,20961000.0,10125000.0,19642000.0,28890000.0,37338000.0,10253000.0,19488000.0,27676000.0,38547000.0,8932000.0,16839000.0,24948000.0,36967000.0,12406000.0,21779000.0,31191000.0,34323000.0,13631000.0,24505000.0,35605000.0,40879000.0,18968000.0,34477000.0,51366000.0,48589000.0,23533000.0,39903000.0,59518000.0,68609000.0,26945000.0,42093000.0,57562000.0,78178000.0,25083000.0,33893000.0,40704000.0,72712000.0,21846000.0,34641000.0,48695000.0
ShareBasedCompensationArrangementByShareBasedPaymentAwardNumberOfSharesAuthorized / shares,,,,,,,,,,,,,,,,,,,,31142858.0,,,,31142858.0,,,,31142858.0,,,,31142858.0,,,,31142858.0,,,,31142858.0,,,,11838143.0,,,,11838143.0,,,,11838143.0,,,,11838143.0,,,
SignificantChangeInUnrecognizedTaxBenefitsIsReasonablyPossibleAmountOfUnrecordedBenefit / USD,,1400000.0,-30400000.0,-30400000.0,-26200000.0,-1000000.0,15000000.0,15400000.0,9900000.0,10000000.0,11900000.0,11200000.0,8800000.0,8700000.0,3200000.0,3000000.0,3000000.0,3000000.0,2600000.0,2600000.0,2600000.0,2100000.0,5200000.0,2200000.0,2200000.0,2200000.0,300000.0,,,,,,,,,,,,,3400000.0,3400000.0,4100000.0,2200000.0,1700000.0,1700000.0,1700000.0,1700000.0,2400000.0,2400000.0,3100000.0,1900000.0,2100000.0,2700000.0,2100000.0,2100000.0,3500000.0,3500000.0,3500000.0,3500000.0
StockRepurchasedAndRetiredDuringPeriodValue / USD,,,,,,,,,,,,,,,,,,,,,,,,,,,,,,,,,,,,,,,,,,,,,,,,,,,,,,,,2748014000.0,,,
StockholdersEquity / USD,,,4054479000.0,2831695000.0,4668495000.0,4668495000.0,4674582000.0,3408784000.0,4985330000.0,4985330000.0,4985330000.0,4063632000.0,5402193000.0,5402193000.0,5402193000.0,4674582000.0,5710038000.0,5710038000.0,5710038000.0,4985330000.0,5377876000.0,5377876000.0,5377876000.0,5402193000.0,5406294000.0,5406294000.0,5406294000.0,5710038000.0,6125774000.0,6125774000.0,6125774000.0,5377876000.0,6125774000.0,6125774000.0,6125774000.0,5406294000.0,6417393000.0,6417393000.0,6417393000.0,6125774000.0,6702500000.0,6702500000.0,6702500000.0,6417393000.0,6661238000.0,6661238000.0,6661238000.0,6702500000.0,6261986000.0,6261986000.0,6261986000.0,6661238000.0,5541772000.0,5541772000.0,5541772000.0,6261986000.0,6749119000.0,6749119000.0,6749119000.0
StockholdersEquityOther / USD,,,,,,,,,,,,-172000.0,,,,-1728000.0,,,,26341000.0,,,,2373000.0,,,,-6934000.0,,,,-11122000.0,-2017000.0,-4415000.0,-12047000.0,-8041000.0,-10300000.0,-16498000.0,-20707000.0,-15666000.0,9006000.0,-25453000.0,-53801000.0,-22114000.0,12653000.0,-19025000.0,-21874000.0,-56475000.0,8119000.0,1637000.0,-31214000.0,-64253000.0,17187000.0,3243000.0,1864000.0,-33886000.0,4287000.0,3338000.0,3034000.0
SupplierFinanceProgramObligationCurrent / USD,,,,,,,,,,,,,,,,,,,,,,,,,,,,,,,,,,,,,,,,,,,,,,,,,,,,,,,,306781000.0,,,
SupplierFinanceProgramObligationDecreaseSettlement / USD,,,,,,,,,,,,,,,,,,,,,,,,,,,,,,,,,,,,,,,,,,,,,,,,,,,,,,,,1192586000.0,,,
SupplierFinanceProgramObligationIncrease / USD,,,,,,,,,,,,,,,,,,,,,,,,,,,,,,,,,,,,,,,,,,,,,,,,,,,,,,,,1285484000.0,,,
TaxCreditCarryforwardAmount / USD,,,,16400000.0,,,,14000000.0,,,,12700000.0,,,,17000000.0,,,,16500000.0,,,,13500000.0,,,,10600000.0,,,,8200000.0,,,,7500000.0,,,,6600000.0,,,,7000000.0,,,,7800000.0,,,,19400000.0,,,,16200000.0,,,
UnrecognizedTaxBenefits / USD,,26500000.0,42400000.0,59057000.0,37900000.0,21300000.0,22700000.0,67636000.0,24700000.0,24900000.0,20100000.0,26429000.0,17200000.0,17200000.0,9400000.0,42018000.0,9400000.0,9400000.0,7000000.0,22237000.0,7000000.0,6600000.0,6300000.0,19583000.0,3100000.0,3100000.0,1300000.0,9343000.0,1100000.0,1100000.0,1100000.0,6964000.0,5000000.0,5000000.0,5000000.0,3117000.0,5000000.0,5100000.0,5600000.0,1041000.0,7500000.0,8200000.0,8300000.0,4960000.0,6200000.0,6200000.0,9700000.0,5090000.0,8000000.0,11700000.0,14800000.0,7502000.0,11700000.0,11200000.0,13700000.0,6191000.0,11700000.0,11700000.0,14300000.0
UnrecognizedTaxBenefitsDecreasesResultingFromPriorPeriodTaxPositions / USD,,,,1111000.0,,,,36973000.0,,,,22669000.0,,,,22669000.0,,,,608000.0,,,,8636000.0,,,,106000.0,,,,1435000.0,,,,1109000.0,,,,1109000.0,,,,1109000.0,,,,1445000.0,,,,,,,,5722000.0,,,
UnrecognizedTaxBenefitsDecreasesResultingFromSettlementsWithTaxingAuthorities / USD,,,,8050000.0,,,,2789000.0,,,,204000.0,,,,204000.0,,,,908000.0,,,,743000.0,,,,52000.0,,,,52000.0,,,,90000.0,,,,90000.0,,,,2658000.0,,,,2658000.0,,,,2658000.0,,,,463000.0,,,
UnrecognizedTaxBenefitsIncomeTaxPenaltiesAccrued / USD,,500000.0,600000.0,500000.0,300000.0,400000.0,400000.0,600000.0,400000.0,400000.0,400000.0,400000.0,400000.0,400000.0,400000.0,400000.0,400000.0,500000.0,500000.0,400000.0,800000.0,900000.0,900000.0,800000.0,900000.0,800000.0,800000.0,900000.0,800000.0,900000.0,900000.0,800000.0,900000.0,900000.0,0.0,900000.0,0.0,0.0,0.0,0.0,0.0,0.0,0.0,0.0,0.0,0.0,0.0,0.0,0.0,0.0,0.0,0.0,800000.0,800000.0,800000.0,0.0,800000.0,800000.0,800000.0
UnrecognizedTaxBenefitsIncomeTaxPenaltiesExpense / USD,,,,400000.0,,,,-700000.0,,,,63000.0,,,,-200000.0,,,,30000.0,,,,51000.0,,,,373000.0,,,,50000.0,,,,-9000.0,,,,33000.0,,,,-882000.0,,,,,,,,,,,,826000.0,,,
UnrecognizedTaxBenefitsIncreasesResultingFromCurrentPeriodTaxPositions / USD,,,,13701000.0,,,,125000.0,,,,125000.0,,,,2114000.0,,,,3484000.0,,,,198000.0,,,,214000.0,,,,41000.0,,,,66000.0,,,,95000.0,,,,,,,,,,,,665000.0,,,,665000.0,,,
UnrecognizedTaxBenefitsIncreasesResultingFromPriorPeriodTaxPositions / USD,,,,4039000.0,,,,15840000.0,,,,15840000.0,,,,1144000.0,,,,3000000.0,,,,62000.0,,,,17000.0,,,,52000.0,,,,27000.0,,,,3914000.0,,,,1239000.0,,,,3857000.0,,,,2803000.0,,,,3499000.0,,,
UnrecognizedTaxBenefitsInterestOnIncomeTaxesAccrued / USD,,2400000.0,1000000.0,1900000.0,1500000.0,1800000.0,2100000.0,1200000.0,2600000.0,2900000.0,2400000.0,2300000.0,1900000.0,2100000.0,800000.0,2400000.0,1000000.0,1100000.0,800000.0,1000000.0,1000000.0,1000000.0,1000000.0,900000.0,900000.0,900000.0,800000.0,800000.0,700000.0,800000.0,800000.0,700000.0,900000.0,1000000.0,400000.0,800000.0,500000.0,500000.0,300000.0,400000.0,600000.0,600000.0,700000.0,500000.0,300000.0,300000.0,400000.0,200000.0,500000.0,800000.0,1000000.0,300000.0,1400000.0,1600000.0,1900000.0,1000000.0,2000000.0,2300000.0,2500000.0
UnrecognizedTaxBenefitsInterestOnIncomeTaxesExpense / USD,,,,2300000.0,,,,-5800000.0,,,,968000.0,,,,344000.0,,,,590000.0,,,,-1445000.0,,,,-23000.0,,,,-31000.0,,,,-123000.0,,,,133000.0,,,,-406000.0,,,,104000.0,,,,-281000.0,,,,28000.0,,,
UnrecognizedTaxBenefitsReductionsResultingFromLapseOfApplicableStatuteOfLimitations / USD,,,,1570000.0,,,,1570000.0,,,,376000.0,,,,166000.0,,,,7622000.0,,,,1121000.0,,,,2504000.0,,,,2453000.0,,,,2169000.0,,,,,,,,1456000.0,,,,1456000.0,,,,1456000.0,,,,1239000.0,,,
UnrecognizedTaxBenefitsThatWouldImpactEffectiveTaxRate / USD,,26500000.0,42400000.0,42000000.0,37900000.0,21300000.0,22700000.0,22200000.0,24700000.0,24900000.0,20100000.0,19600000.0,17200000.0,17200000.0,9400000.0,9300000.0,9400000.0,9400000.0,7000000.0,7000000.0,7000000.0,6600000.0,6300000.0,3100000.0,3100000.0,3100000.0,1300000.0,1000000.0,1100000.0,1100000.0,1100000.0,5000000.0,5000000.0,5000000.0,5000000.0,5000000.0,5000000.0,5100000.0,5600000.0,5100000.0,7500000.0,8200000.0,8300000.0,7500000.0,6200000.0,6200000.0,8800000.0,6200000.0,8000000.0,9600000.0,12600000.0,8000000.0,11700000.0,11200000.0,13700000.0,11500000.0,11700000.0,11700000.0,14300000.0
UnrecordedUnconditionalPurchaseObligationBalanceSheetAmount / USD,,,,,,,,,,,,,,,,,,,,,,,,,,,,,,,,,,,,,,,,,,,,,,,,,,,,,,,,322500000.0,,,
ValuationAllowanceDeferredTaxAssetChangeInAmount / USD,,,,-1700000.0,,,,-1000000.0,,,,-2200000.0,,,,-3100000.0,,,,-400000.0,,,,1500000.0,,,,-1500000.0,,,,-1500000.0,,,,4435000.0,,,,4400000.0,,,,,,,,,,,,3800000.0,,,,8000000.0,,,
VariableLeaseCost / USD,,,,,,,,,,,,,,,,,,,,,,,,,,,,,,,,,9100000.0,120000000.0,180700000.0,230000000.0,,,,,,,,230000000.0,,,,260000000.0,,,,280000000.0,,,,310000000.0,,,
WeightedAverageNumberDilutedSharesOutstandingAdjustment / shares,,3662000.0,3667000.0,2058000.0,3871000.0,3981000.0,3928000.0,3753000.0,3410000.0,2966000.0,2533000.0,3883000.0,1157000.0,1014000.0,953000.0,2215000.0,964000.0,918000.0,955000.0,968000.0,887000.0,868000.0,867000.0,1048000.0,1092000.0,1039000.0,974000.0,881000.0,523000.0,483000.0,509000.0,944000.0,868000.0,818000.0,890000.0,611000.0,1244000.0,1276000.0,1404000.0,950000.0,1847000.0,1877000.0,1896000.0,1500000.0,1753000.0,1618000.0,1590000.0,1905000.0,1132000.0,1145000.0,1153000.0,1551000.0,914000.0,731000.0,594000.0,1149000.0,304000.0,233000.0,181000.0
WeightedAverageNumberOfDilutedSharesOutstanding / shares,344397000.0,344572000.0,344628000.0,324836000.0,345393000.0,345509000.0,345598000.0,344800000.0,339490000.0,337507000.0,336339000.0,345117000.0,328132000.0,326886000.0,325438000.0,334469000.0,310295000.0,307091000.0,306097000.0,323854000.0,302089000.0,299308000.0,297174000.0,305681000.0,286978000.0,285547000.0,284126000.0,295211000.0,275215000.0,274674000.0,274076000.0,282261000.0,269135000.0,268180000.0,267294000.0,273362000.0,260265000.0,259683000.0,259022000.0,266105000.0,253627000.0,252908000.0,251627000.0,258053000.0,240301000.0,238354000.0,236911000.0,250076000.0,229609000.0,228533000.0,227587000.0,235812000.0,220107000.0,220029000.0,219953000.0,226297000.0,220052000.0,220059000.0,220038000.0
WeightedAverageNumberOfSharesOutstandingBasic / shares,340819000.0,340910000.0,340961000.0,322778000.0,341522000.0,341528000.0,341670000.0,341047000.0,336080000.0,334541000.0,333806000.0,341234000.0,326975000.0,325872000.0,324485000.0,332254000.0,309331000.0,306173000.0,305142000.0,322886000.0,301202000.0,298440000.0,296307000.0,304633000.0,285886000.0,284508000.0,283152000.0,294330000.0,274692000.0,274191000.0,273567000.0,281317000.0,268267000.0,267362000.0,266404000.0,272751000.0,259021000.0,258407000.0,257618000.0,265155000.0,251780000.0,251031000.0,249731000.0,256553000.0,238548000.0,236736000.0,235321000.0,248171000.0,228477000.0,227388000.0,226434000.0,234261000.0,219193000.0,219298000.0,219359000.0,225148000.0,219748000.0,219826000.0,219857000.0
