fact_unit,2009-08-10,2009-11-09,2010-03-01,2010-05-10,2010-07-30,2010-08-09,2010-11-09,2011-03-01,2011-05-10,2011-08-09,2011-11-09,2012-02-29,2012-05-11,2012-08-09,2012-11-09,2013-03-01,2013-05-10,2013-08-06,2013-11-06,2014-02-27,2014-05-07,2014-08-06,2014-11-06,2015-02-27,2015-05-06,2015-08-05,2015-11-04,2016-02-25,2016-05-05,2016-08-04,2016-11-03,2017-03-03,2017-05-04,2017-08-03,2017-11-02,2018-02-22,2018-05-02,2018-08-01,2018-10-30,2019-02-27,2019-05-09,2019-08-06,2019-11-05,2020-02-27,2020-04-29,2020-05-11,2020-08-10,2020-11-09,2021-02-02,2021-03-01,2021-04-30,2021-05-13,2021-08-10,2021-11-02,2022-02-24,2022-05-06,2022-08-02,2022-11-01,2023-02-22,2023-05-02,2023-08-01,2023-10-31,2024-02-21,2024-04-30,2024-07-29,2024-10-29,2025-02-26,2025-04-29,2025-07-29,2025-10-28
AccountsPayableCurrent / USD,,1611000000.0,1611000000.0,957000000.0,957000000.0,957000000.0,957000000.0,957000000.0,2069000000.0,2069000000.0,2069000000.0,2069000000.0,3311000000.0,3311000000.0,3311000000.0,3311000000.0,1710000000.0,1710000000.0,1710000000.0,1710000000.0,1596000000.0,1596000000.0,1596000000.0,1596000000.0,2049000000.0,2049000000.0,2049000000.0,2049000000.0,944000000.0,944000000.0,944000000.0,944000000.0,672000000.0,672000000.0,672000000.0,672000000.0,654000000.0,654000000.0,654000000.0,654000000.0,654000000.0,763000000.0,763000000.0,763000000.0,,498000000.0,498000000.0,498000000.0,763000000.0,498000000.0,,346000000.0,346000000.0,346000000.0,346000000.0,415000000.0,415000000.0,415000000.0,415000000.0,603000000.0,603000000.0,603000000.0,415000000.0,425000000.0,425000000.0,425000000.0,425000000.0,777000000.0,777000000.0,777000000.0
AccountsPayableOtherCurrent / USD,,,,,,,,,,,,,,,,,,,,,,,,,,,,,,,,,,,,,,,,,,,,,,,,,,,,,,,,,,,23000000.0,,,,150000000.0,,,,64000000.0,,,
AccountsReceivableNetCurrent / USD,1324000000.0,1324000000.0,1324000000.0,1325000000.0,1325000000.0,1325000000.0,1325000000.0,1325000000.0,1974000000.0,1974000000.0,1974000000.0,1974000000.0,2505000000.0,2505000000.0,2505000000.0,2505000000.0,2245000000.0,2245000000.0,2245000000.0,2245000000.0,2222000000.0,2222000000.0,2222000000.0,2222000000.0,2236000000.0,2236000000.0,2236000000.0,2236000000.0,1129000000.0,1129000000.0,1129000000.0,1129000000.0,1057000000.0,1057000000.0,1057000000.0,1057000000.0,1322000000.0,1322000000.0,1322000000.0,1322000000.0,1322000000.0,1247000000.0,1247000000.0,1247000000.0,,990000000.0,990000000.0,990000000.0,1247000000.0,990000000.0,,746000000.0,746000000.0,746000000.0,746000000.0,1115000000.0,1115000000.0,1115000000.0,1115000000.0,1438000000.0,1438000000.0,1438000000.0,1438000000.0,593000000.0,593000000.0,593000000.0,593000000.0,1226000000.0,1226000000.0,1226000000.0
AccruedLiabilitiesCurrent / USD,,880000000.0,880000000.0,920000000.0,920000000.0,920000000.0,920000000.0,,,,,,,,,,,,,,,,,,,,,,,,,,,,169000000.0,169000000.0,216000000.0,216000000.0,216000000.0,216000000.0,216000000.0,258000000.0,258000000.0,258000000.0,,326000000.0,326000000.0,326000000.0,258000000.0,326000000.0,,104000000.0,104000000.0,104000000.0,104000000.0,142000000.0,142000000.0,142000000.0,142000000.0,253000000.0,253000000.0,253000000.0,253000000.0,211000000.0,211000000.0,211000000.0,211000000.0,296000000.0,296000000.0,296000000.0
AccruedRoyaltiesCurrent / USD,,431000000.0,431000000.0,565000000.0,565000000.0,565000000.0,565000000.0,565000000.0,,,,732000000.0,,,,1090000000.0,1337000000.0,1337000000.0,1337000000.0,1337000000.0,1409000000.0,1409000000.0,1409000000.0,1409000000.0,1176000000.0,1176000000.0,1176000000.0,1176000000.0,500000000.0,500000000.0,500000000.0,500000000.0,543000000.0,543000000.0,543000000.0,543000000.0,612000000.0,612000000.0,612000000.0,612000000.0,612000000.0,687000000.0,687000000.0,687000000.0,,516000000.0,516000000.0,516000000.0,687000000.0,516000000.0,,236000000.0,236000000.0,236000000.0,236000000.0,617000000.0,617000000.0,617000000.0,617000000.0,734000000.0,734000000.0,734000000.0,734000000.0,360000000.0,360000000.0,360000000.0,360000000.0,734000000.0,734000000.0,734000000.0
AccumulatedDepreciationDepletionAndAmortizationPropertyPlantAndEquipment / USD,496000000.0,496000000.0,496000000.0,833000000.0,833000000.0,833000000.0,833000000.0,,,,,26314000000.0,28290000000.0,28290000000.0,28290000000.0,28290000000.0,34302000000.0,34302000000.0,34302000000.0,34302000000.0,37161000000.0,37161000000.0,37161000000.0,37161000000.0,39043000000.0,39043000000.0,39043000000.0,39043000000.0,59365000000.0,59365000000.0,59365000000.0,59365000000.0,62726000000.0,62726000000.0,62726000000.0,62726000000.0,63664000000.0,63664000000.0,63664000000.0,63664000000.0,18907000000.0,17886000000.0,17886000000.0,17886000000.0,,20002000000.0,20002000000.0,20002000000.0,17886000000.0,20002000000.0,,23806000000.0,23806000000.0,23806000000.0,23806000000.0,0.0,0.0,0.0,0.0,2431000000.0,2431000000.0,2431000000.0,0.0,3674000000.0,3674000000.0,3674000000.0,3674000000.0,5362000000.0,5362000000.0,5362000000.0
AdditionalPaidInCapital / USD,11680000000.0,11680000000.0,11680000000.0,12146000000.0,12146000000.0,12146000000.0,12146000000.0,12146000000.0,12194000000.0,12194000000.0,12194000000.0,12194000000.0,12146000000.0,12146000000.0,12146000000.0,12146000000.0,12293000000.0,12293000000.0,12293000000.0,12293000000.0,12446000000.0,12446000000.0,12446000000.0,12446000000.0,12531000000.0,12531000000.0,12531000000.0,12531000000.0,12403000000.0,12403000000.0,12403000000.0,12403000000.0,14486000000.0,14486000000.0,14486000000.0,14486000000.0,14437000000.0,14437000000.0,14437000000.0,14437000000.0,14437000000.0,14378000000.0,14378000000.0,14378000000.0,,16973000000.0,16973000000.0,16973000000.0,14387000000.0,16973000000.0,,16937000000.0,16937000000.0,16937000000.0,16937000000.0,4845000000.0,4845000000.0,4845000000.0,4845000000.0,5724000000.0,5724000000.0,5724000000.0,0.0,5754000000.0,5754000000.0,5754000000.0,5754000000.0,13687000000.0,13687000000.0,13687000000.0
AllocatedShareBasedCompensationExpense / USD,,,,,,126000000.0,198000000.0,241000000.0,75000000.0,139000000.0,205000000.0,253000000.0,71000000.0,139000000.0,209000000.0,266000000.0,52000000.0,101000000.0,148000000.0,0.0,11000000.0,88000000.0,123000000.0,191000000.0,27000000.0,56000000.0,81000000.0,150000000.0,24000000.0,52000000.0,,,,,,,,,,,,,,,,,18000000.0,18000000.0,,18000000.0,,,10000000.0,17000000.0,32000000.0,3000000.0,3000000.0,3000000.0,22000000.0,4000000.0,12000000.0,19000000.0,3000000.0,8000000.0,19000000.0,29000000.0,26000000.0,11000000.0,32000000.0,43000000.0
AllowanceForDoubtfulAccountsReceivableCurrent / USD,,,,,,,,,,,,,,,,,,,,,,,,,,,,,,,,,,,,,30000000.0,30000000.0,30000000.0,30000000.0,30000000.0,17000000.0,17000000.0,17000000.0,,21000000.0,21000000.0,21000000.0,17000000.0,21000000.0,,30000000.0,30000000.0,30000000.0,30000000.0,3000000.0,3000000.0,3000000.0,3000000.0,3000000.0,3000000.0,3000000.0,3000000.0,1000000.0,1000000.0,1000000.0,1000000.0,11000000.0,11000000.0,11000000.0
AssetRetirementObligation / USD,,,,,,,,269000000.0,,,,282000000.0,,,,301000000.0,,,,323000000.0,,,,375000000.0,,,,405000000.0,,,,465000000.0,,,,473000000.0,,,,261000000.0,261000000.0,,,177000000.0,,,,,177000000.0,166000000.0,,,,,211000000.0,,,,144000000.0,,,,360000000.0,,,,335000000.0,,,
AssetRetirementObligationAccretionExpense / USD,,,,,,,,-17000000.0,,,,15000000.0,,,,19000000.0,,,,22000000.0,,,,22000000.0,,,,22000000.0,,,,23000000.0,,,,24000000.0,,,,15000000.0,15000000.0,,,10000000.0,,,,,10000000.0,11000000.0,,,,,12000000.0,,,,1000000.0,,,,17000000.0,,,,16000000.0,,,
AssetRetirementObligationCurrent / USD,,,,,,,,,,,,,,,,,,,,,,,,0.0,,,,18000000.0,,,,21000000.0,,,,14000000.0,,,,15000000.0,15000000.0,,,11000000.0,,,,,11000000.0,11000000.0,,,,,5000000.0,,,,5000000.0,,,,12000000.0,,,,11000000.0,,,
AssetRetirementObligationLiabilitiesIncurred / USD,,,,,,,,14000000.0,,,,16000000.0,,,,20000000.0,,,,29000000.0,,,,20000000.0,,,,29000000.0,,,,6000000.0,,,,4000000.0,,,,5000000.0,5000000.0,,,3000000.0,,,,,3000000.0,21000000.0,,,,,1000000.0,,,,0.0,,,,53000000.0,,,,9000000.0,,,
AssetRetirementObligationLiabilitiesSettled / USD,,,,,,,,15000000.0,,,,12000000.0,,,,-16000000.0,,,,41000000.0,,,,20000000.0,,,,92000000.0,,,,34000000.0,,,,182000000.0,,,,70000000.0,70000000.0,,,35000000.0,,,,,35000000.0,5000000.0,,,,,66000000.0,,,,1000000.0,,,,54000000.0,,,,75000000.0,,,
AssetRetirementObligationRevisionOfEstimate / USD,,,,,,,,-3000000.0,,,,-1000000.0,,,,-1000000.0,,,,42000000.0,,,,8000000.0,,,,101000000.0,,,,13000000.0,,,,-58000000.0,,,,-34000000.0,-34000000.0,,,11000000.0,,,,,11000000.0,18000000.0,,,,,-14000000.0,,,,0.0,,,,16000000.0,,,,-9000000.0,,,
AssetRetirementObligationsNoncurrent / USD,269000000.0,269000000.0,269000000.0,282000000.0,282000000.0,282000000.0,282000000.0,282000000.0,301000000.0,301000000.0,301000000.0,301000000.0,323000000.0,323000000.0,323000000.0,323000000.0,375000000.0,375000000.0,375000000.0,375000000.0,405000000.0,405000000.0,405000000.0,405000000.0,447000000.0,447000000.0,447000000.0,447000000.0,452000000.0,452000000.0,452000000.0,452000000.0,247000000.0,247000000.0,247000000.0,247000000.0,162000000.0,162000000.0,162000000.0,162000000.0,162000000.0,155000000.0,155000000.0,155000000.0,,200000000.0,200000000.0,200000000.0,155000000.0,200000000.0,,139000000.0,139000000.0,139000000.0,139000000.0,349000000.0,236000000.0,236000000.0,236000000.0,323000000.0,323000000.0,323000000.0,236000000.0,265000000.0,265000000.0,265000000.0,265000000.0,499000000.0,499000000.0,499000000.0
Assets / USD,38593000000.0,38593000000.0,38593000000.0,29914000000.0,29914000000.0,29914000000.0,29914000000.0,38593000000.0,37179000000.0,37179000000.0,37179000000.0,29914000000.0,41835000000.0,41835000000.0,41835000000.0,41835000000.0,41611000000.0,41611000000.0,41611000000.0,41611000000.0,41782000000.0,41782000000.0,41782000000.0,41611000000.0,40751000000.0,40751000000.0,40751000000.0,41782000000.0,17314000000.0,17314000000.0,17314000000.0,40655000000.0,13028000000.0,13028000000.0,13028000000.0,13028000000.0,12425000000.0,12425000000.0,12425000000.0,12425000000.0,14925000000.0,12735000000.0,12735000000.0,12735000000.0,,16193000000.0,16193000000.0,16193000000.0,12735000000.0,16193000000.0,,6584000000.0,6584000000.0,6584000000.0,6584000000.0,6814000000.0,6814000000.0,6814000000.0,6814000000.0,15468000000.0,15468000000.0,15468000000.0,6814000000.0,14376000000.0,14376000000.0,14376000000.0,14376000000.0,27894000000.0,27894000000.0,27894000000.0
AssetsCurrent / USD,4292000000.0,4292000000.0,4292000000.0,2446000000.0,2446000000.0,2446000000.0,2446000000.0,2446000000.0,3266000000.0,3266000000.0,3266000000.0,3266000000.0,3177000000.0,3177000000.0,3177000000.0,3177000000.0,2948000000.0,2948000000.0,2948000000.0,2948000000.0,3656000000.0,3656000000.0,3656000000.0,3656000000.0,7468000000.0,7468000000.0,7468000000.0,7468000000.0,2480000000.0,2480000000.0,2480000000.0,2480000000.0,2142000000.0,2142000000.0,2142000000.0,2142000000.0,1525000000.0,1525000000.0,1525000000.0,1525000000.0,1526000000.0,1598000000.0,1598000000.0,1598000000.0,,1251000000.0,1251000000.0,1251000000.0,1598000000.0,1251000000.0,,1108000000.0,1108000000.0,1108000000.0,1108000000.0,1030000000.0,1030000000.0,1030000000.0,1030000000.0,2698000000.0,2698000000.0,2698000000.0,1030000000.0,2609000000.0,2609000000.0,2609000000.0,2609000000.0,1997000000.0,1997000000.0,1997000000.0
BusinessAcquisitionProFormaEarningsPerShareBasic / USD/shares,,,,,,,,,,,,,,,,,,,,,,,,,,,,,,,,,,,,,,,,,,,,,,,,,,,,,,,,,-4.54,-13.7,-0.04,-6.83,2.9,10.0,-0.04,,,,16.86,0.36,-1.51,-1.76
BusinessAcquisitionProFormaEarningsPerShareDiluted / USD/shares,,,,,,,,,,,,,,,,,,,,,,,,,,,,,,,,,,,,,,,,,,,,,,,,,,,,,,,,,-4.54,-13.7,-0.04,-6.83,2.48,8.5,-0.04,,,,16.14,0.35,-1.51,-1.76
BusinessAcquisitionsProFormaNetIncomeLoss / USD,,,,,,,,,,,,,,,,,,,,,,,,,,,,,,,,,,,,,,,,,,,,,,,,,,,,,,,,,-573000000.0,-1732000000.0,-5000000.0,-868000000.0,369000000.0,1252000000.0,-5000000.0,,,,3852000000.0,83000000.0,-341000000.0,-401000000.0
BusinessAcquisitionsProFormaRevenue / USD,,,,,,,,,,,,,,,,,,,,,,,,,,,,,,,,,,,,,,,,,,,,,,,,,,,,,,,,,1744000000.0,2254000000.0,5891000000.0,935000000.0,4455000000.0,7617000000.0,5891000000.0,,,,14247000000.0,2750000000.0,4434000000.0,6192000000.0
CapitalizedCostsAccumulatedDepreciationDepletionAmortizationAndValuationAllowanceForRelatingToOilAndGasProducingActivities / USD,,,,,,,,24220000000.0,,,,25595000000.0,,,,-27208000000.0,,,,,,,,,,,,,,,,,,,,,,,,,,,,,,,,,,,,,,,,,,,882000000.0,,,,2373000000.0,,,,3584000000.0,,,
CapitalizedCostsOilAndGasProducingActivitiesGross / USD,,,,,,,,45012000000.0,,,,53421000000.0,,,,58408000000.0,,,,,,,,,,,,,,,,,,,,,,,,,,,,,,,,,,,,,,,,,,,9212000000.0,,,,13118000000.0,,,,13274000000.0,,,
CapitalizedCostsOilAndGasProducingActivitiesNet / USD,,,,,,,,20792000000.0,,,,27826000000.0,,,,31200000000.0,,,,,,,,,,,,,,,,,,,,,,,,,,,,,,,,,,,,,,,,,,,8330000000.0,,,,10745000000.0,,,,9690000000.0,,,
CapitalizedCostsProvedProperties / USD,,,,,,,,,,,,38952000000.0,41723000000.0,41723000000.0,41723000000.0,41723000000.0,50172000000.0,50172000000.0,50172000000.0,50172000000.0,56157000000.0,56157000000.0,56157000000.0,56157000000.0,58594000000.0,58594000000.0,58594000000.0,58594000000.0,63843000000.0,63843000000.0,63843000000.0,63843000000.0,66451000000.0,66451000000.0,66451000000.0,66451000000.0,68858000000.0,68858000000.0,68858000000.0,68858000000.0,,,,,,,,,,,,,,,,,,,7682000000.0,,,,11096000000.0,,,,11468000000.0,,,
CapitalizedCostsUnprovedProperties / USD,,,,,,,,585000000.0,,,,627000000.0,,,,711000000.0,,,,,,,,,,,,,,,,,,,,,,,,,,,,,,,,,,,,,,,,,,,1530000000.0,,,,2022000000.0,,,,1806000000.0,,,
CashAndCashEquivalentsAtCarryingValue / USD,1000000.0,1000000.0,3000000.0,1749000000.0,1749000000.0,1749000000.0,1749000000.0,1000000.0,307000000.0,307000000.0,307000000.0,1749000000.0,102000000.0,102000000.0,102000000.0,307000000.0,351000000.0,351000000.0,351000000.0,102000000.0,287000000.0,287000000.0,287000000.0,351000000.0,837000000.0,837000000.0,837000000.0,287000000.0,4108000000.0,4108000000.0,4108000000.0,837000000.0,825000000.0,825000000.0,882000000.0,882000000.0,5000000.0,5000000.0,5000000.0,825000000.0,825000000.0,4000000.0,4000000.0,4000000.0,,6000000.0,6000000.0,6000000.0,4000000.0,6000000.0,,82000000.0,82000000.0,306000000.0,6000000.0,40000000.0,40000000.0,40000000.0,279000000.0,19000000.0,17000000.0,74000000.0,40000000.0,130000000.0,903000000.0,713000000.0,130000000.0,1179000000.0,1019000000.0,1044000000.0
CashCashEquivalentsRestrictedCashAndRestrictedCashEquivalents / USD,,,,,,,,,,,,,,,,,,,,,,,,,,,,,,,,,,,825000000.0,4108000000.0,882000000.0,882000000.0,882000000.0,,5000000.0,5000000.0,5000000.0,882000000.0,,4000000.0,4000000.0,4000000.0,882000000.0,5000000.0,,6000000.0,6000000.0,6000000.0,4000000.0,279000000.0,279000000.0,279000000.0,6000000.0,914000000.0,914000000.0,914000000.0,279000000.0,192000000.0,192000000.0,192000000.0,914000000.0,1153000000.0,1153000000.0,1153000000.0
CashCashEquivalentsRestrictedCashAndRestrictedCashEquivalentsPeriodIncreaseDecreaseIncludingExchangeRateEffect / USD,,,,,,,,,,,,,,,,,,,,,,,,,,,,,,,,,,,-821000000.0,-3283000000.0,-633000000.0,-869000000.0,-877000000.0,,-1000000.0,-2000000.0,-1000000.0,-877000000.0,,4000000.0,0.0,10000000.0,-877000000.0,-1000000.0,,76000000.0,76000000.0,300000000.0,2000000.0,-153000000.0,-153000000.0,-153000000.0,273000000.0,-886000000.0,-888000000.0,-784000000.0,-153000000.0,5000000.0,783000000.0,594000000.0,-722000000.0,101000000.0,-58000000.0,-33000000.0
CashFlowHedgesDerivativeInstrumentsAtFairValueNet / USD,,,,,,,,,,,,,,,,,,,,,,,,,,,,,,,,,,,,,,,,,,,,,,,,,,,,,,,,,,,,,,,,,,,0.0,,,
ClassOfWarrantOrRightNumberOfSecuritiesCalledByEachWarrantOrRight / shares,,,,,,,,,,,,,,,,,,,,,,,,,,,,,,,,,,,,,,,,,,,,,,,,,,,,,,,,,,1.12,1.12,,,,1.22,,,,1.22,,,
CommonStockDividendsPerShareCashPaid / USD/shares,,,,,,,,,,,,0.3375,0.3375,,,,,,,,,,,,,,,,,,,,,,,,,,,,,,,,,,,,,,,,,,,,,,,,,,,1.29,1.29,1.29,,0.575,,
CommonStockParOrStatedValuePerShare / USD/shares,0.01,0.01,0.01,0.01,0.01,0.01,0.01,0.01,0.01,0.01,0.01,0.01,0.01,0.01,0.01,0.01,0.01,0.01,0.01,0.01,0.01,0.01,0.01,0.01,0.01,0.01,0.01,0.01,0.01,0.01,0.01,0.01,0.01,0.01,0.01,0.01,0.01,0.01,0.01,0.01,0.01,0.01,0.01,0.01,,0.01,0.01,0.01,0.01,0.01,,0.01,0.01,0.01,0.01,0.01,0.01,0.01,0.01,0.01,0.01,0.01,0.01,0.01,0.01,0.01,0.01,0.01,0.01,0.01
CommonStockSharesAuthorized / shares,750000000.0,750000000.0,750000000.0,1000000000.0,1000000000.0,1000000000.0,1000000000.0,1000000000.0,1000000000.0,1000000000.0,1000000000.0,1000000000.0,1000000000.0,1000000000.0,1000000000.0,1000000000.0,1000000000.0,1000000000.0,1000000000.0,1000000000.0,1000000000.0,1000000000.0,1000000000.0,1000000000.0,1000000000.0,1000000000.0,1000000000.0,1000000000.0,1000000000.0,1000000000.0,1000000000.0,1000000000.0,1500000000.0,1500000000.0,1500000000.0,1500000000.0,2000000000.0,2000000000.0,2000000000.0,2000000000.0,2000000000.0,2000000000.0,2000000000.0,2000000000.0,,15000000.0,15000000.0,15000000.0,15000000.0,15000000.0,,22500000.0,22500000.0,22500000.0,22500000.0,450000000.0,450000000.0,450000000.0,450000000.0,450000000.0,450000000.0,450000000.0,450000000.0,450000000.0,450000000.0,450000000.0,450000000.0,450000000.0,450000000.0,450000000.0
CommonStockSharesIssued / shares,607953437.0,607953437.0,607953437.0,648549165.0,648549165.0,607953000.0,607953000.0,511648000.0,655251275.0,655251275.0,648549000.0,607953000.0,655251000.0,655251000.0,655251000.0,648549000.0,660888000.0,660888000.0,660888159.0,655251000.0,666468000.0,666468000.0,666468000.0,660888000.0,666192000.0,666192000.0,666192000.0,666468000.0,664944000.0,664795509.0,664795509.0,664795509.0,896279353.0,896279353.0,896279353.0,896279353.0,908732809.0,908732809.0,908732809.0,908732809.0,908732809.0,913715512.0,908733000.0,896279000.0,,4568000.0,4568000.0,4568000.0,4481000.0,4543000.0,,9780547.0,9780547.0,9780547.0,9780547.0,117917349.0,117917349.0,117917349.0,117917349.0,134715094.0,134715094.0,134715094.0,134715094.0,130789936.0,130789936.0,130789936.0,130789936.0,231769886.0,231769886.0,231769886.0
CommonStockValue / USD,6000000.0,6000000.0,6000000.0,6000000.0,6000000.0,6000000.0,6000000.0,6000000.0,7000000.0,7000000.0,7000000.0,7000000.0,7000000.0,7000000.0,7000000.0,7000000.0,7000000.0,7000000.0,7000000.0,7000000.0,7000000.0,7000000.0,7000000.0,7000000.0,7000000.0,7000000.0,7000000.0,7000000.0,7000000.0,7000000.0,7000000.0,7000000.0,9000000.0,9000000.0,9000000.0,9000000.0,9000000.0,9000000.0,9000000.0,9000000.0,9000000.0,9000000.0,9000000.0,9000000.0,,0.0,0.0,0.0,0.0,0.0,,0.0,0.0,0.0,0.0,1000000.0,1000000.0,1000000.0,1000000.0,1000000.0,1000000.0,1000000.0,1000000.0,1000000.0,1000000.0,1000000.0,1000000.0,2000000.0,2000000.0,2000000.0
CostsAndExpenses / USD,3792000000.0,5806000000.0,5150000000.0,11048000000.0,11048000000.0,12297000000.0,13712000000.0,10172000000.0,1586000000.0,3151000000.0,4915000000.0,16647000000.0,1896000000.0,4229000000.0,6723000000.0,6561000000.0,2413000000.0,5064000000.0,11228000000.0,8714000000.0,3207000000.0,6714000000.0,11145000000.0,14010000000.0,4313000000.0,8855000000.0,13385000000.0,17011000000.0,8258000000.0,17286000000.0,26115000000.0,19648000000.0,3052000000.0,6457000000.0,9967000000.0,31683000000.0,2512000000.0,4394000000.0,6243000000.0,12283000000.0,11961000000.0,4931000000.0,7273000000.0,10177000000.0,,2378000000.0,4486000000.0,6527000000.0,10177000000.0,9648000000.0,,10752000000.0,11800000000.0,12871000000.0,8563000000.0,494000000.0,494000000.0,494000000.0,13943000000.0,1729000000.0,3908000000.0,6065000000.0,494000000.0,1550000000.0,2924000000.0,4357000000.0,7963000000.0,1049000000.0,1848000000.0,2651000000.0
CostsIncurredAcquisitionOfOilAndGasPropertiesWithProvedReserves / USD,,,,,,,,355000000.0,,,,61000000.0,,,,243000000.0,,,,,,,,,,,,,,,,,,,,,,,,,,,,,,,,,,,,,,,,,,,3000000.0,,,,0.0,,,,2321000000.0,,,
CostsIncurredAcquisitionOfUnprovedOilAndGasProperties / USD,,,,,,,,8250000000.0,,,,2793000000.0,,,,6953000000.0,,,,,,,,,,,,,,,,,,,,,,,,,,,,,,,,,,,,,,,,,,,6000000.0,,,,0.0,,,,795000000.0,,,
CostsIncurredDevelopmentCosts / USD,,,,,,,,,,,,,,,,,,,,,,,,,,,,,,,,,,,,,,,,,,,,,,,,,,,,,,,,,,,887000000.0,,,,58000000.0,,,,1918000000.0,,,
CostsIncurredExplorationCosts / USD,,,,,,,,,,,,,,,,,,,,,,,,,,,,,,,,,,,,,,,,,,,,,,,,,,,,,,,,,,,8000000.0,,,,0.0,,,,15000000.0,,,
CostsIncurredOilAndGasPropertyAcquisitionExplorationAndDevelopmentActivities / USD,,,,,,,,,,,,,,,,,,,,,,,,,,,,,,,,,,,,,,,,,,,,,,,,,,,,,,,,,,,904000000.0,,,,58000000.0,,,,5049000000.0,,,
CurrentFederalTaxExpenseBenefit / USD,,,,,,,,,,,,,,,,,,,,0.0,,,,0.0,,,,0.0,,,,0.0,,,,0.0,,,,-14000000.0,-14000000.0,,,-14000000.0,,,,,-14000000.0,0.0,,,,,0.0,,,,-3000000.0,,,,0.0,,,,37000000.0,,,
CurrentIncomeTaxExpenseBenefit / USD,3000000.0,196000000.0,29000000.0,,,1000000.0,1000000.0,423000000.0,6000000.0,5000000.0,4000000.0,4000000.0,6000000.0,12000000.0,11000000.0,0.0,0.0,2000000.0,24000000.0,13000000.0,1000000.0,3000000.0,9000000.0,47000000.0,3000000.0,8000000.0,10000000.0,22000000.0,0.0,-6000000.0,-6000000.0,47000000.0,,,,-36000000.0,,,,-19000000.0,-19000000.0,,,-9000000.0,,,,,-9000000.0,0.0,,,,,-26000000.0,,,,-9000000.0,,,,0.0,26000000.0,132000000.0,213000000.0,47000000.0,0.0,0.0,0.0
CurrentStateAndLocalTaxExpenseBenefit / USD,,,,,,,,,,,,,,,,,,,,13000000.0,,,,47000000.0,,,,22000000.0,,,,47000000.0,,,,-36000000.0,,,,-5000000.0,-5000000.0,,,5000000.0,,,,,5000000.0,0.0,,,,,-26000000.0,,,,-6000000.0,,,,0.0,,,,10000000.0,,,
DebtInstrumentCarryingAmount / USD,,,,,,,,,12640000000.0,12640000000.0,12640000000.0,12640000000.0,10626000000.0,10626000000.0,10626000000.0,,12620000000.0,12620000000.0,12620000000.0,12620000000.0,12886000000.0,1500000000.0,1500000000.0,11756000000.0,,,,11535000000.0,10692000000.0,10692000000.0,10692000000.0,10692000000.0,10441000000.0,10441000000.0,10441000000.0,10441000000.0,9973000000.0,9973000000.0,9973000000.0,9973000000.0,9973000000.0,7722000000.0,7722000000.0,7722000000.0,,9458000000.0,9458000000.0,9458000000.0,7722000000.0,9458000000.0,,9095000000.0,9095000000.0,9095000000.0,9095000000.0,,,,,,,,,,,,5686000000.0,,,
DebtInstrumentFairValue / USD,,,,,,,,,,,,,,,,,,,,,,,,,,,,,,,,,,,,,,,,,,,,,,,,,,,,,,,,,2313000000.0,2313000000.0,2313000000.0,2927000000.0,2927000000.0,2927000000.0,2927000000.0,1943000000.0,1943000000.0,1943000000.0,1943000000.0,5548000000.0,5548000000.0,5548000000.0
DebtInstrumentUnamortizedDiscountPremiumNet / USD,,,,,,,,,,,,,,,,,,,,,,,,,,,,,,,,,,,,,,,,,,,,,,,,,,,,,,,,,,,,,,,,,,,,,-4000000.0,-4000000.0
DebtInstrumentUnamortizedPremium / USD,,,,,,,,,,,,,,,,,,,,,,,,,,,,,,,,,,,,,,,,,,,,,,,,,,,,,,,,,,,116000000.0,100000000.0,100000000.0,100000000.0,100000000.0,83000000.0,83000000.0,83000000.0,83000000.0,4000000.0,,
DecreaseDueToSalesOfMineralsInPlace / USD,,,,,,,,1696000000.0,,,,377000000.0,,,,-2235000000.0,,,,,,,,,,,,,,,,,,,,,,,,,,,,,,,,,,,,,,,,,,,112000000.0,,,,0.0,,,,402000000.0,,,
DeferredFederalIncomeTaxExpenseBenefit / USD,,,,,,,,,,,,,,,,,,,,1044000000.0,,,,-358000000.0,,,,502000000.0,,,,1115000000.0,,,,-4385000000.0,,,,-147000000.0,-147000000.0,,,13000000.0,,,,,13000000.0,3000000.0,,,,,-297000000.0,,,,0.0,,,,-54000000.0,,,,-1112000000.0,,,
DeferredIncomeTaxAssetsNet / USD,,,,,,,,,,,,,,,,,,,,,,,,,,,,,,,,,,,,,,,,,,,,,,,,,,,,,,,,,,,0.0,1351000000.0,1351000000.0,1351000000.0,1351000000.0,933000000.0,933000000.0,933000000.0,933000000.0,589000000.0,589000000.0,589000000.0
DeferredIncomeTaxExpenseBenefit / USD,-1081000000.0,806000000.0,863000000.0,-3444000000.0,-3444000000.0,-3299000000.0,-3185000000.0,-36000000.0,462000000.0,616000000.0,966000000.0,-3487000000.0,-110000000.0,210000000.0,801000000.0,1110000000.0,-2000000.0,659000000.0,-623000000.0,1110000000.0,62000000.0,443000000.0,585000000.0,-427000000.0,277000000.0,413000000.0,849000000.0,526000000.0,-1372000000.0,-2872000000.0,-3808000000.0,1097000000.0,,,,-4427000000.0,,,,-171000000.0,-171000000.0,-9000000.0,-10000000.0,11000000.0,,-314000000.0,-314000000.0,-314000000.0,11000000.0,-10000000.0,,-10000000.0,-10000000.0,-10000000.0,-305000000.0,-57000000.0,-57000000.0,-57000000.0,-10000000.0,0.0,0.0,19000000.0,-57000000.0,378000000.0,399000000.0,319000000.0,-1332000000.0,7000000.0,-61000000.0,-105000000.0
DeferredIncomeTaxLiabilities / USD,,,,,,,,87000000.0,,,,,,,,-5422000000.0,,,,4283000000.0,,,,4657000000.0,,,,5837000000.0,,,,1173000000.0,,,,285000000.0,,,,149000000.0,683000000.0,,,1220000000.0,,,,,1220000000.0,654000000.0,,,,,3000000.0,,,,3000000.0,,,,288000000.0,,,,490000000.0,,,
DeferredIncomeTaxLiabilitiesNet / USD,,,,,,,,,,,,,,,,,,,,,,,,,,,,,,,,,,,,,,,,,,,0.0,10000000.0,,,,,10000000.0,,,,,,,,,,,,,,,,,,0.0,,,
DeferredStateAndLocalIncomeTaxExpenseBenefit / USD,,,,,,,,,,,,,,,,,,,,66000000.0,,,,-69000000.0,,,,24000000.0,,,,-18000000.0,,,,-42000000.0,,,,-24000000.0,-24000000.0,,,-2000000.0,,,,,-2000000.0,-13000000.0,,,,,-8000000.0,,,,-10000000.0,,,,-3000000.0,,,,-220000000.0,,,
DeferredTaxAssetsCapitalLossCarryforwards / USD,,,,,,,,,,,,,,,,,,,,,,,,,,,,,,,,,,,,,,,,,,,,,,,,,,,,,,,,,,,,,,,101000000.0,,,,78000000.0,,,
DeferredTaxAssetsDerivativeInstruments / USD,,,,,,,,115000000.0,,,,115000000.0,,,,395000000.0,,,,172000000.0,,,,108000000.0,,,,,,,,0.0,,,,161000000.0,,,,17000000.0,18000000.0,,,,,,,,,0.0,,,,,53000000.0,,,,289000000.0,,,,137000000.0,,,,0.0,,,
DeferredTaxAssetsGross / USD,,,,,,,,919000000.0,,,,1900000000.0,,,,2323000000.0,,,,1726000000.0,,,,1621000000.0,,,,1667000000.0,,,,4122000000.0,,,,4690000000.0,,,,2826000000.0,2805000000.0,,,3231000000.0,,,,,3231000000.0,2449000000.0,,,,,3811000000.0,,,,2386000000.0,,,,1984000000.0,,,,1735000000.0,,,
DeferredTaxAssetsInvestments / USD,,,,,,,,,,,,,,,,,,,,,,,,130000000.0,,,,84000000.0,,,,260000000.0,,,,275000000.0,,,,161000000.0,140000000.0,,,111000000.0,,,,,111000000.0,83000000.0,,,,,71000000.0,,,,66000000.0,,,,11000000.0,,,,1000000.0,,,
DeferredTaxAssetsLiabilitiesNet / USD,,,,,,,,-1035000000.0,,,,2245000000.0,,,,3099000000.0,,,,-2717000000.0,,,,,,,,,,,,0.0,,,,16000000.0,,,,3000000.0,3000000.0,,,,,,,,,,,,,,,,,,0.0,,,,1351000000.0,,,,933000000.0,,,
DeferredTaxAssetsNet / USD,,,,,,,,,,,,,,,,,,,,1566000000.0,,,,1473000000.0,,,,1445000000.0,,,,1173000000.0,,,,301000000.0,,,,152000000.0,686000000.0,,,1220000000.0,,,,,1220000000.0,644000000.0,,,,,3000000.0,,,,3000000.0,,,,1639000000.0,,,,1423000000.0,,,
DeferredTaxAssetsOperatingLossCarryforwards / USD,,,,,,,,592000000.0,,,,1386000000.0,,,,1198000000.0,,,,711000000.0,,,,535000000.0,,,,945000000.0,,,,1556000000.0,,,,2587000000.0,,,,2248000000.0,2248000000.0,,,2737000000.0,,,,,2737000000.0,1971000000.0,,,,,2066000000.0,,,,784000000.0,,,,870000000.0,,,,848000000.0,,,
DeferredTaxAssetsOther / USD,,,,,,,,32000000.0,,,,32000000.0,,,,-29000000.0,,,,55000000.0,,,,40000000.0,,,,234000000.0,,,,123000000.0,,,,118000000.0,,,,71000000.0,71000000.0,,,60000000.0,,,,,60000000.0,87000000.0,,,,,51000000.0,,,,68000000.0,,,,29000000.0,,,,17000000.0,,,
DeferredTaxAssetsTaxCreditCarryforwards / USD,,,,,,,,,,,,,,,,,,,,,,,,,,,,,,,,,,,,,,,,,,,,,,,,,,,,,,,,,,,4000000.0,,,,4000000.0,,,,15000000.0,,,
DeferredTaxAssetsTaxCreditCarryforwardsGeneralBusiness / USD,,,,,,,,,,,,,,,,,,,,,,,,,,,,,,,,,,,,,,,,0.0,0.0,,,194000000.0,,,,,194000000.0,25000000.0,,,,,293000000.0,,,,684000000.0,,,,665000000.0,,,,646000000.0,,,
DeferredTaxAssetsTaxDeferredExpenseReservesAndAccrualsAccruedLiabilities / USD,,,,,,,,22000000.0,,,,25000000.0,,,,82000000.0,,,,90000000.0,,,,120000000.0,,,,239000000.0,,,,333000000.0,,,,319000000.0,,,,125000000.0,125000000.0,,,89000000.0,,,,,89000000.0,64000000.0,,,,,288000000.0,,,,38000000.0,,,,21000000.0,,,,15000000.0,,,
DeferredTaxAssetsTaxDeferredExpenseReservesAndAccrualsAssetRetirementObligations / USD,,,,,,,,107000000.0,,,,114000000.0,,,,123000000.0,,,,142000000.0,,,,153000000.0,,,,165000000.0,,,,174000000.0,,,,98000000.0,,,,42000000.0,42000000.0,,,40000000.0,,,,,40000000.0,50000000.0,,,,,34000000.0,,,,86000000.0,,,,91000000.0,,,,65000000.0,,,
DeferredTaxAssetsValuationAllowance / USD,,,,,,,,,,,,,,,,,,,,160000000.0,,,,148000000.0,,,,222000000.0,,,,2949000000.0,,,,4389000000.0,,,,2674000000.0,2119000000.0,,,2011000000.0,,,,,2011000000.0,1805000000.0,,,,,3808000000.0,,,,2383000000.0,,,,345000000.0,,,,312000000.0,,,
DeferredTaxLiabilitiesDerivatives / USD,,,,,,,,265000000.0,,,,1000000.0,,,,,,,,,,,,0.0,,,,428000000.0,,,,300000000.0,,,,,,,,0.0,0.0,,,56000000.0,,,,,56000000.0,14000000.0,,,,,,,,,,,,,0.0,,,,166000000.0,,,
DeferredTaxLiabilitiesOther / USD,,,,,,,,8000000.0,,,,,,,,,,,,,,,,,,,,114000000.0,,,,71000000.0,,,,62000000.0,,,,20000000.0,20000000.0,,,7000000.0,,,,,7000000.0,5000000.0,,,,,3000000.0,,,,3000000.0,,,,5000000.0,,,,4000000.0,,,
DeferredTaxLiabilitiesPropertyPlantAndEquipment / USD,,,,,,,,184000000.0,,,,184000000.0,,,,-634000000.0,,,,436000000.0,,,,371000000.0,,,,3829000000.0,,,,,,,,,,,,0.0,580000000.0,,,976000000.0,,,,,976000000.0,546000000.0,,,,,,,,,0.0,,,,253000000.0,,,,295000000.0,,,
DepreciationDepletionAndAmortization / USD,,1642000000.0,1988000000.0,504000000.0,504000000.0,857000000.0,1214000000.0,2144000000.0,358000000.0,750000000.0,1184000000.0,1615000000.0,426000000.0,855000000.0,1353000000.0,1614000000.0,590000000.0,1260000000.0,2089000000.0,1923000000.0,726000000.0,1447000000.0,2179000000.0,2811000000.0,706000000.0,1445000000.0,2171000000.0,2903000000.0,719000000.0,1354000000.0,1873000000.0,2915000000.0,292000000.0,598000000.0,874000000.0,2229000000.0,218000000.0,441000000.0,689000000.0,1107000000.0,1698000000.0,930000000.0,1335000000.0,1697000000.0,,519000000.0,1099000000.0,1672000000.0,1697000000.0,1737000000.0,,603000000.0,761000000.0,931000000.0,2264000000.0,72000000.0,72000000.0,72000000.0,1097000000.0,409000000.0,860000000.0,1300000000.0,72000000.0,390000000.0,766000000.0,1148000000.0,1753000000.0,399000000.0,747000000.0,1082000000.0
DerivativeAssetCollateralObligationToReturnCashOffset / USD,,,,,,,,,,,,,,,,,,,,,,,,,,,,,,,,,,,,,,,,,,,,,,,,,,,,,,,,,,,,,,,,,,,0.0,,,
DerivativeAssetsCurrent / USD,1082000000.0,1082000000.0,1082000000.0,692000000.0,692000000.0,692000000.0,692000000.0,692000000.0,947000000.0,947000000.0,947000000.0,947000000.0,13000000.0,13000000.0,13000000.0,13000000.0,58000000.0,58000000.0,58000000.0,58000000.0,0.0,0.0,0.0,0.0,879000000.0,879000000.0,879000000.0,879000000.0,366000000.0,366000000.0,366000000.0,366000000.0,0.0,0.0,0.0,0.0,27000000.0,27000000.0,27000000.0,27000000.0,27000000.0,209000000.0,209000000.0,209000000.0,,134000000.0,134000000.0,134000000.0,209000000.0,134000000.0,,19000000.0,19000000.0,19000000.0,19000000.0,5000000.0,0.0,0.0,0.0,34000000.0,34000000.0,34000000.0,0.0,637000000.0,637000000.0,637000000.0,637000000.0,84000000.0,84000000.0,84000000.0
DerivativeAssetsNoncurrent / USD,261000000.0,261000000.0,261000000.0,60000000.0,60000000.0,60000000.0,60000000.0,60000000.0,,7000000.0,,,,8000000.0,0.0,0.0,2000000.0,2000000.0,2000000.0,2000000.0,4000000.0,4000000.0,4000000.0,4000000.0,6000000.0,6000000.0,6000000.0,6000000.0,246000000.0,246000000.0,246000000.0,246000000.0,0.0,0.0,,,,,,0.0,0.0,76000000.0,76000000.0,76000000.0,,,,,76000000.0,,,0.0,,,,0.0,0.0,,0.0,47000000.0,47000000.0,47000000.0,47000000.0,74000000.0,74000000.0,74000000.0,74000000.0,1000000.0,1000000.0,1000000.0
DerivativeLiabilitiesCurrent / USD,66000000.0,66000000.0,66000000.0,27000000.0,27000000.0,27000000.0,27000000.0,27000000.0,15000000.0,15000000.0,15000000.0,15000000.0,191000000.0,191000000.0,191000000.0,191000000.0,105000000.0,105000000.0,105000000.0,105000000.0,208000000.0,208000000.0,208000000.0,208000000.0,15000000.0,15000000.0,15000000.0,15000000.0,40000000.0,40000000.0,40000000.0,40000000.0,562000000.0,562000000.0,562000000.0,562000000.0,58000000.0,58000000.0,58000000.0,58000000.0,58000000.0,3000000.0,3000000.0,3000000.0,,2000000.0,2000000.0,2000000.0,3000000.0,2000000.0,,93000000.0,93000000.0,93000000.0,93000000.0,899000000.0,398000000.0,398000000.0,398000000.0,432000000.0,432000000.0,432000000.0,398000000.0,3000000.0,3000000.0,3000000.0,3000000.0,71000000.0,71000000.0,71000000.0
DerivativeLiabilitiesNoncurrent / USD,111000000.0,111000000.0,111000000.0,787000000.0,787000000.0,787000000.0,787000000.0,787000000.0,1693000000.0,1693000000.0,1693000000.0,1693000000.0,1541000000.0,1541000000.0,1541000000.0,1541000000.0,934000000.0,934000000.0,934000000.0,934000000.0,445000000.0,445000000.0,445000000.0,445000000.0,218000000.0,218000000.0,218000000.0,218000000.0,60000000.0,60000000.0,60000000.0,60000000.0,15000000.0,15000000.0,15000000.0,15000000.0,4000000.0,4000000.0,4000000.0,4000000.0,4000000.0,0.0,,0.0,,2000000.0,2000000.0,2000000.0,0.0,2000000.0,,44000000.0,44000000.0,44000000.0,44000000.0,249000000.0,90000000.0,90000000.0,90000000.0,174000000.0,174000000.0,174000000.0,90000000.0,9000000.0,9000000.0,9000000.0,9000000.0,68000000.0,68000000.0,68000000.0
Dividends / USD,,,,,,,,,,,,,,,,,,,,,,,,,,,,,,,,,,,,,,,,,,,,,,,,,,,,,,,34000000.0,210000000.0,210000000.0,210000000.0,34000000.0,210000000.0,210000000.0,210000000.0,34000000.0,,175000000.0,175000000.0,,,,
DividendsCommonStock / USD,,,,,,,,,,,,,,,,,,,,,,,,,,,,,,,,,,,,,,,,,,,,,,,,,,,,,34000000.0,68000000.0,120000000.0,211000000.0,34000000.0,34000000.0,120000000.0,211000000.0,211000000.0,211000000.0,120000000.0,175000000.0,175000000.0,175000000.0,1222000000.0,77000000.0,77000000.0,77000000.0
EarningsPerShareBasic / USD/shares,-3.52,2.88,2.7,-9.63,-9.63,-9.18,-8.78,0.94,1.17,1.54,2.35,-9.57,-0.32,0.41,1.79,2.63,-0.11,1.34,-1.86,2.47,0.02,0.72,0.96,-1.46,0.57,0.79,1.04,0.73,-5.72,-11.99,-19.07,1.93,-1.66,-4.21,-5.8,-22.26,0.08,0.6,0.56,-6.43,-5.26,-0.31,-0.49,-0.7,,-6.37,4.12,-8.92,-139.32,29.26,,-852.97,-880.18,-955.99,-49.97,550.35,550.35,550.35,-998.26,-6.32,3.82,11.03,550.35,10.31,13.27,13.86,38.71,0.2,-1.53,-2.39
EarningsPerShareDiluted / USD/shares,-3.52,2.76,2.63,-9.63,-9.63,-9.18,-8.78,0.93,1.14,1.49,2.24,-9.57,-0.32,0.41,1.69,2.51,-0.11,1.25,-1.86,2.32,0.02,0.72,0.96,-1.46,0.54,0.78,1.04,0.73,-5.72,-11.99,-19.07,1.87,-1.66,-4.21,-5.8,-22.26,0.08,0.59,0.56,-6.43,-5.26,-0.31,-0.49,-0.7,,-6.37,4.12,-8.92,-139.32,29.26,,-852.97,-880.18,-955.99,-49.97,534.51,534.51,534.51,-998.26,-6.32,3.25,9.35,534.51,9.6,12.36,12.9,33.36,0.18,-1.53,-2.39
EffectiveIncomeTaxRateContinuingOperations / pure,,,,,,,,,,,,,,,,,,,,,,,,,,,,,,,,,,,,,,,,,0.0,0.0,0.0,,,0.001,0.001,0.001,,,,0.002,0.002,0.001,,0.011,-0.011,-0.011,,0.057,0.062,0.059,,0.225,0.23,0.223,-0.352,0.212,0.233,0.25
EffectiveIncomeTaxRateReconciliationAtFederalStatutoryIncomeTaxRate / pure,,,,,,,,,,,,0.35,,,,,,,,,,,,,,,,,,,,0.35,,,,0.35,,,,0.35,0.35,,,0.35,,,,,0.35,,,,,,,,,,,,,,,,,,0.21,,,
EffectiveIncomeTaxRateReconciliationOtherAdjustments / pure,,,,,,,,,,,,,,,,,,,,,,,,,,,,,,,,,,,,,,,,,,,,,,,,,,,,,,,,,,,,,,,,,,,0.005,,,
EffectiveIncomeTaxRateReconciliationStateAndLocalIncomeTaxes / pure,,,,,,,,,,,,,,,,,,,,,,,,,,,,,,,,,,,,,,,,,,,,,,,,,,,,,,,,,,,,,,,,,,,0.012,,,
EmployeeRelatedLiabilitiesCurrent / USD,,,,,,,,,,,,,,,,199000000.0,224000000.0,224000000.0,225000000.0,225000000.0,320000000.0,320000000.0,320000000.0,320000000.0,344000000.0,344000000.0,344000000.0,344000000.0,264000000.0,264000000.0,264000000.0,264000000.0,239000000.0,239000000.0,239000000.0,239000000.0,214000000.0,214000000.0,214000000.0,214000000.0,214000000.0,202000000.0,202000000.0,202000000.0,,156000000.0,156000000.0,156000000.0,202000000.0,156000000.0,,59000000.0,59000000.0,59000000.0,59000000.0,91000000.0,91000000.0,91000000.0,91000000.0,72000000.0,72000000.0,72000000.0,72000000.0,64000000.0,64000000.0,64000000.0,64000000.0,124000000.0,124000000.0,124000000.0
EmployeeServiceShareBasedCompensationTaxBenefitFromCompensationExpense / USD,,,,,,,,,,,,26000000.0,,,,,,,,,,,,,,,,,,,,,,,,,,,,,,,,,,,,,,,,,,,,,,,0.0,0.0,0.0,0.0,0.0,1000000.0,4000000.0,6000000.0,6000000.0,2000000.0,9000000.0,10000000.0
EntityCommonStockSharesOutstanding / shares,641652116.0,647707733.0,651861064.0,650913021.0,650913021.0,654329768.0,653915007.0,657634451.0,657664995.0,660841196.0,659266080.0,662498825.0,662343738.0,665405451.0,664655404.0,667567791.0,667000000.0,665524165.0,665098207.0,666212515.0,666211707.0,665775653.0,665110655.0,665038368.0,665135444.0,665366523.0,665070706.0,664992714.0,684606831.0,776956037.0,887389891.0,906830905.0,908067225.0,908339499.0,908685855.0,909242558.0,911815100.0,912274017.0,913710098.0,1631724765.0,1633677751.0,1634513223.0,1954162667.0,1954583780.0,9783101.0,9783101.0,9780335.0,9780371.0,,97907081.0,97907081.0,97914260.0,98280695.0,117105845.0,118558307.0,127262019.0,120848720.0,133971136.0,134719821.0,133869079.0,132356423.0,131072227.0,130794770.0,131048463.0,131275152.0,231034791.0,232699939.0,237979439.0,238145675.0,238169697.0
EntityPublicFloat / USD,29500000000.0,,12500000000.0,,,,,13600000000.0,,,,19400000000.0,,,,12200000000.0,,,,13600000000.0,,,,20500000000.0,,,,7400000000.0,,,,3300000000.0,,,,4500000000.0,,,,4700000000.0,,,,2200000000.0,2200000000.0,,,,,48000000.0,48000000.0,,,,1600000000.0,,,,3600000000.0,,,,7600000000.0,,,,6500000000.0,,,
ExplorationExpense / USD,,,,,,,,,,,,,,,,,,,,,,,,,,,,,,,,,,,,,,,,,,,,214000000.0,,,,,214000000.0,96000000.0,,,,,49000000.0,,2000000.0,2000000.0,427000000.0,5000000.0,12000000.0,14000000.0,2000000.0,7000000.0,15000000.0,19000000.0,23000000.0,2000000.0,5000000.0,7000000.0
ExtensionsDiscoveriesAdditionsAndImprovedRecoveryLessRelatedCosts / USD,,,,,,,,2752000000.0,,,,2374000000.0,,,,5580000000.0,,,,,,,,,,,,,,,,,,,,,,,,,,,,,,,,,,,,,,,,,,,71000000.0,,,,2834000000.0,,,,251000000.0,,,
FutureNetCashFlowsRelatingToProvedOilAndGasReservesCashInflows / USD,,,,,,,,,,,,,,,,,,,,,,,,,,,,,,,,,,,,,,,,,,,,,,,,,,,,,,,,,,,8247000000.0,,,,33700000000.0,,,,76626000000.0,,,
FutureNetCashFlowsRelatingToProvedOilAndGasReservesDevelopmentCosts / USD,,,,,,,,,,,,,,,,,,,,,,,,,,,,,,,,,,,,,,,,,,,,,,,,,,,,,,,,,,,563000000.0,,,,3687000000.0,,,,5343000000.0,,,
FutureNetCashFlowsRelatingToProvedOilAndGasReservesIncomeTaxExpense / USD,,,,,,,,,,,,,,,,,,,,,,,,,,,,,,,,,,,,,,,,,,,,,,,,,,,,,,,,,,,9000000.0,,,,2254000000.0,,,,10440000000.0,,,
FutureNetCashFlowsRelatingToProvedOilAndGasReservesNetCashFlows / USD,,,,,,,,,,,,,,,,,,,,,,,,,,,,,,,,,,,,,,,,,,,,,,,,,,,,,,,,,,,4712000000.0,,,,21024000000.0,,,,50666000000.0,,,
FutureNetCashFlowsRelatingToProvedOilAndGasReservesProductionCosts / USD,,,,,,,,,,,,,,,,,,,,,,,,,,,,,,,,,,,,,,,,,,,,,,,,,,,,,,,,,,,2963000000.0,,,,6735000000.0,,,,10177000000.0,,,
FutureNetCashFlowsRelatingToProvedOilAndGasReservesTenPercentAnnualDiscountForEstimatedTimingOfCashFlows / USD,,,,,,,,,,,,,,,,,,,,,,,,,,,,,,,,,,,,,,,,,,,,,,,,,,,,,,,,,,,1626000000.0,,,,8737000000.0,,,,24361000000.0,,,
GainLossOnDispositionOfAssets1 / USD,,,,,,,,,,,,,,,,,,,,,,,,,,,,,,,,,,,,,,,,,626000000.0,37000000.0,27000000.0,476000000.0,,19000000.0,20000000.0,33000000.0,476000000.0,-264000000.0,,0.0,0.0,1000000.0,43000000.0,5000000.0,5000000.0,5000000.0,30000000.0,279000000.0,300000000.0,298000000.0,5000000.0,335000000.0,807000000.0,807000000.0,300000000.0,8000000.0,10000000.0,12000000.0
GainLossOnOilAndGasHedgingActivity / USD,,,,,,,,,,,,,,,,,,,,,,,,,,,,,,,,,,,,,,,,,,,,,,,,,,,,,,,,,-382000000.0,-382000000.0,596000000.0,-2125000000.0,-2639000000.0,-3668000000.0,-382000000.0,930000000.0,1089000000.0,1195000000.0,-2680000000.0,172000000.0,161000000.0,207000000.0
GainsLossesOnExtinguishmentOfDebt / USD,,-31000000.0,0.0,-2000000.0,-2000000.0,-2000000.0,-19000000.0,-4000000.0,-2000000.0,-39000000.0,-29000000.0,-40000000.0,-2000000.0,-33000000.0,,-29000000.0,,0.0,0.0,5000000.0,,-17000000.0,-37000000.0,-200000000.0,,-61000000.0,-61000000.0,-40000000.0,0.0,0.0,0.0,-63000000.0,100000000.0,168000000.0,255000000.0,304000000.0,-6000000.0,185000000.0,185000000.0,236000000.0,236000000.0,,-68000000.0,235000000.0,,0.0,0.0,70000000.0,235000000.0,263000000.0,,63000000.0,65000000.0,65000000.0,79000000.0,,,,65000000.0,,,,0.0,,0.0,0.0,-5000000.0,,-2000000.0,-2000000.0
GainsLossesOnRestructuringOfDebt / USD,0.0,-31000000.0,0.0,-2000000.0,-2000000.0,-2000000.0,-19000000.0,-4000000.0,-2000000.0,-71000000.0,-130000000.0,-40000000.0,-2000000.0,-176000000.0,-176000000.0,-129000000.0,,0.0,0.0,-176000000.0,,-70000000.0,-70000000.0,-200000000.0,,-195000000.0,-195000000.0,-193000000.0,0.0,,,-197000000.0,100000000.0,168000000.0,255000000.0,279000000.0,-7000000.0,184000000.0,183000000.0,236000000.0,236000000.0,,-68000000.0,233000000.0,,0.0,0.0,70000000.0,233000000.0,263000000.0,,63000000.0,65000000.0,65000000.0,75000000.0,,,,65000000.0,,,,0.0,,0.0,0.0,-5000000.0,,,
GeneralAndAdministrativeExpense / USD,180000000.0,288000000.0,243000000.0,90000000.0,90000000.0,164000000.0,259000000.0,377000000.0,109000000.0,215000000.0,340000000.0,349000000.0,130000000.0,259000000.0,410000000.0,453000000.0,136000000.0,291000000.0,436000000.0,548000000.0,110000000.0,216000000.0,336000000.0,535000000.0,79000000.0,169000000.0,229000000.0,457000000.0,56000000.0,125000000.0,174000000.0,322000000.0,48000000.0,109000000.0,172000000.0,235000000.0,65000000.0,135000000.0,189000000.0,240000000.0,322000000.0,192000000.0,273000000.0,333000000.0,,103000000.0,192000000.0,258000000.0,333000000.0,335000000.0,,65000000.0,177000000.0,229000000.0,315000000.0,21000000.0,21000000.0,21000000.0,267000000.0,26000000.0,62000000.0,102000000.0,21000000.0,35000000.0,66000000.0,95000000.0,142000000.0,47000000.0,94000000.0,133000000.0
HedgingLiabilitiesCurrent / USD,,,,,,,,,,,,,,,,,,,,,,,,,,,,,,,,,,,,,,,,,,,,,,,,,,,,,7000000.0,7000000.0,,113000000.0,113000000.0,113000000.0,113000000.0,109000000.0,109000000.0,109000000.0,109000000.0,2000000.0,2000000.0,2000000.0,2000000.0,,,
IncomeLossFromContinuingOperationsBeforeIncomeTaxesExtraordinaryItemsNoncontrollingInterest / USD,,,,,,,,,,,,,,,,,,,,,,,,,,,2246000000.0,1442000000.0,-5092000000.0,-10688000000.0,-16264000000.0,3200000000.0,-1068000000.0,-2844000000.0,-4058000000.0,-19098000000.0,142000000.0,638000000.0,621000000.0,-4589000000.0,-3680000000.0,-240000000.0,-385000000.0,-500000000.0,,-335000000.0,-237000000.0,-299000000.0,-500000000.0,218000000.0,,-8326000000.0,-8602000000.0,-9347000000.0,-639000000.0,5326000000.0,5326000000.0,5326000000.0,-9769000000.0,-810000000.0,504000000.0,1461000000.0,5326000000.0,1793000000.0,2311000000.0,2382000000.0,3651000000.0,33000000.0,-262000000.0,-420000000.0
IncomeTaxExpenseBenefit / USD,-1078000000.0,1002000000.0,892000000.0,-3444000000.0,-3444000000.0,-3298000000.0,-3184000000.0,387000000.0,462000000.0,621000000.0,970000000.0,-3483000000.0,-104000000.0,222000000.0,812000000.0,1110000000.0,-2000000.0,661000000.0,-599000000.0,1123000000.0,63000000.0,446000000.0,594000000.0,-380000000.0,280000000.0,421000000.0,859000000.0,548000000.0,-1372000000.0,-2878000000.0,-3814000000.0,1144000000.0,0.0,0.0,0.0,-4463000000.0,1000000.0,2000000.0,2000000.0,-190000000.0,-190000000.0,-9000000.0,-8000000.0,2000000.0,,-314000000.0,-314000000.0,-315000000.0,2000000.0,-10000000.0,,-13000000.0,-13000000.0,-13000000.0,-331000000.0,-57000000.0,-57000000.0,-57000000.0,-19000000.0,-46000000.0,31000000.0,105000000.0,-57000000.0,404000000.0,531000000.0,532000000.0,-1285000000.0,7000000.0,-61000000.0,-105000000.0
IncomeTaxReceivable / USD,,,,,,,,,,,,,,,,,,,,,,,,,,,,,,,,,,,,,,,,,,,,,,,,,,,,,,,,,,,168000000.0,,,,168000000.0,,,,33000000.0,,,
IncomeTaxReconciliationIncomeTaxExpenseBenefitAtFederalStatutoryIncomeTaxRate / USD,,,,,,,,347000000.0,,,,-3251000000.0,,,,1009000000.0,,,,1008000000.0,,,,-341000000.0,,,,505000000.0,,,,1120000000.0,,,,-6684000000.0,,,,-1606000000.0,-1288000000.0,,,-175000000.0,,,,,-175000000.0,45000000.0,,,,,-134000000.0,,,,-2051000000.0,,,,1119000000.0,,,,767000000.0,,,
IncomeTaxReconciliationOtherAdjustments / USD,,,,,,,,16000000.0,,,,43000000.0,,,,23000000.0,,,,41000000.0,,,,18000000.0,,,,5000000.0,,,,-4000000.0,,,,-100000000.0,,,,23000000.0,23000000.0,,,12000000.0,,,,,12000000.0,6000000.0,,,,,17000000.0,,,,22000000.0,,,,7000000.0,,,,18000000.0,,,
IncomeTaxReconciliationStateAndLocalIncomeTaxes / USD,,,,,,,,24000000.0,,,,-275000000.0,,,,78000000.0,,,,74000000.0,,,,-38000000.0,,,,88000000.0,,,,68000000.0,,,,-406000000.0,,,,-30000000.0,33000000.0,,,5000000.0,,,,,5000000.0,27000000.0,,,,,-21000000.0,,,,-41000000.0,,,,238000000.0,,,,45000000.0,,,
IncomeTaxesPaid / USD,,,,,,,,,,,,,,,,,,,,,,,,,,,,,,,,,,,,,,,,,,,,,,,,,,,,,,,,,,,,,,,,,12000000.0,12000000.0,,,,
IncomeTaxesPaidNet / USD,5000000.0,5000000.0,55000000.0,114000000.0,114000000.0,176000000.0,176000000.0,296000000.0,-8000000.0,-291000000.0,-291000000.0,7000000.0,,-25000000.0,-25000000.0,-291000000.0,0.0,6000000.0,31000000.0,-25000000.0,0.0,13000000.0,14000000.0,44000000.0,0.0,13000000.0,17000000.0,26000000.0,47000000.0,60000000.0,50000000.0,10000000.0,-19000000.0,-20000000.0,-20000000.0,44000000.0,1000000.0,-14000000.0,-15000000.0,-27000000.0,-27000000.0,-7000000.0,-3000000.0,-16000000.0,,-5000000.0,-5000000.0,-6000000.0,-16000000.0,-3000000.0,,0.0,-2000000.0,1000000.0,-6000000.0,0.0,0.0,0.0,0.0,-5000000.0,113000000.0,181000000.0,0.0,0.0,-60000000.0,-18000000.0,193000000.0,0.0,-2000000.0,-2000000.0
IncreaseDecreaseInAccountsPayable / USD,,,,,,,,80000000.0,,,,-100000000.0,,,,717000000.0,,,,1946000000.0,,,,-1015000000.0,,,,-391000000.0,,,,-491000000.0,,,,-2220000000.0,,,,-757000000.0,-1764000000.0,,,-375000000.0,,,,,-375000000.0,75000000.0,,,,,,,,,,,,,,,,,49000000.0,-93000000.0,-129000000.0,-127000000.0
IncreaseDecreaseInAccountsReceivable / USD,,,192000000.0,,,,,-22000000.0,,,,31000000.0,,,,769000000.0,,,,530000000.0,,,,68000000.0,,,,-5000000.0,,,,21000000.0,,,,-1186000000.0,,,,4000000.0,4000000.0,,,163000000.0,,,,,163000000.0,-16000000.0,,,,,254000000.0,,,,,,,,,,,,106000000.0,-286000000.0,-239000000.0,-326000000.0
IncreaseDecreaseInAccruedLiabilitiesAndOtherOperatingLiabilities / USD,,,,,,,,,,,,,,,,,26000000.0,-55000000.0,-103000000.0,176000000.0,-79000000.0,-60000000.0,-97000000.0,-75000000.0,-168000000.0,-125000000.0,-64000000.0,-63000000.0,63000000.0,-46000000.0,-124000000.0,-84000000.0,-9000000.0,-13000000.0,,,,,,,,,,,,,,,,,,,,,,,,,,,,,,,,,148000000.0,-59000000.0,-62000000.0,-72000000.0
IncreaseDecreaseInEstimatedFutureDevelopmentCosts / USD,,,,,,,,1043000000.0,,,,1910000000.0,,,,173000000.0,,,,,,,,,,,,,,,,,,,,,,,,,,,,,,,,,,,,,,,,,,,1933000000.0,,,,-459000000.0,,,,-1512000000.0,,,
IncreaseDecreaseInFutureIncomeTaxExpenseEstimatesOnFutureCashFlowsRelatedToProvedOilAndGasReserves / USD,,,,,,,,1843000000.0,,,,2521000000.0,,,,-716000000.0,,,,,,,,,,,,,,,,,,,,,,,,,,,,,,,,,,,,,,,,,,,14000000.0,,,,-1423000000.0,,,,-4972000000.0,,,
IncreaseDecreaseInOperatingCapital / USD,202000000.0,-142000000.0,,-262000000.0,-262000000.0,7000000.0,-10000000.0,,78000000.0,-414000000.0,-173000000.0,,,,,,,,,,,,,,,,,,,,,,,,,,,,,,,,,,,,,,,,,,,,,,-851000000.0,-851000000.0,-915000000.0,70000000.0,324000000.0,170000000.0,-851000000.0,-263000000.0,-359000000.0,-368000000.0,123000000.0,-76000000.0,55000000.0,-30000000.0
IncreaseDecreaseInOtherCurrentAssets / USD,,,,,,,,,,,,,,,,,,,,,,,,,,,,,,,,,,,,,,,,,,,,,,,,,,,,,,,,,,,,,,,,,,,182000000.0,-1000000.0,-6000000.0,-13000000.0
IncreaseDecreaseInOtherCurrentLiabilities / USD,,,,,,,,,,,,,,,,,,,,,,,,,,,,,,,,,,,,,,,,,,,,,,,,,,,,,,,,,,,,,,,,,,,116000000.0,-118000000.0,-171000000.0,-182000000.0
IncreaseDueToPurchasesOfMineralsInPlace / USD,,,,,,,,362000000.0,,,,41000000.0,,,,255000000.0,,,,,,,,,,,,,,,,,,,,,,,,,,,,,,,,,,,,,,,,,,,0.0,,,,2807000000.0,,,,7047000000.0,,,
IncrementalCommonSharesAttributableToCallOptionsAndWarrants / shares,,,,,,,,,,,,,,,,,,,,,,,,,,,,,,,,,,,,,,,,,,,,,,,,,,,,0.0,0.0,0.0,0.0,0.0,0.0,0.0,0.0,0.0,21295000.0,21692000.0,0.0,9560000.0,9529000.0,9639000.0,19734000.0,10302000.0,0.0,0.0
InterestAndOtherIncome / USD,,,,,,,,,,,,,,,,,,,,,,,,,,,,,,,,,,,,,,,,,,,,,,,,,,,,,,,,,,,,,,,,,,,1000000.0,14000000.0,28000000.0,41000000.0
InterestExpenseNonoperating / USD,,,,,,,,,,,,,,,,,,,,,,,,,,,,,,,,,,,,,,,,,,,,,,,,,,,,,,,,,,,,,,,,,59000000.0,82000000.0,160000000.0,19000000.0,39000000.0,59000000.0
InterestPaidNet / USD,96000000.0,133000000.0,273000000.0,27000000.0,27000000.0,2000000.0,111000000.0,97000000.0,89000000.0,57000000.0,103000000.0,64000000.0,41000000.0,,18000000.0,11000000.0,36000000.0,0.0,0.0,0.0,60000000.0,0.0,62000000.0,0.0,75000000.0,88000000.0,88000000.0,43000000.0,43000000.0,65000000.0,134000000.0,96000000.0,39000000.0,154000000.0,209000000.0,235000000.0,92000000.0,217000000.0,342000000.0,344000000.0,576000000.0,316000000.0,527000000.0,667000000.0,,145000000.0,296000000.0,487000000.0,667000000.0,664000000.0,,113000000.0,177000000.0,201000000.0,691000000.0,13000000.0,13000000.0,13000000.0,224000000.0,31000000.0,69000000.0,107000000.0,13000000.0,41000000.0,68000000.0,90000000.0,146000000.0,20000000.0,45000000.0,64000000.0
InterestPayableCurrent / USD,,167000000.0,167000000.0,218000000.0,218000000.0,218000000.0,218000000.0,218000000.0,191000000.0,191000000.0,191000000.0,191000000.0,183000000.0,183000000.0,183000000.0,183000000.0,226000000.0,226000000.0,226000000.0,226000000.0,200000000.0,200000000.0,200000000.0,200000000.0,150000000.0,150000000.0,150000000.0,150000000.0,101000000.0,101000000.0,101000000.0,101000000.0,113000000.0,113000000.0,113000000.0,113000000.0,137000000.0,137000000.0,137000000.0,137000000.0,137000000.0,141000000.0,141000000.0,141000000.0,,75000000.0,75000000.0,75000000.0,141000000.0,75000000.0,,3000000.0,3000000.0,3000000.0,3000000.0,38000000.0,0.0,0.0,0.0,42000000.0,42000000.0,42000000.0,0.0,39000000.0,39000000.0,39000000.0,39000000.0,100000000.0,100000000.0,100000000.0
LeaseCost / USD,,,,,,,,,,,,,,,,,,,,,,,,,,,,,,,,,,,,,,,,,32000000.0,70000000.0,113000000.0,148000000.0,,,,,148000000.0,148000000.0,,,,,148000000.0,,,,59000000.0,,,,4000000.0,,,,125000000.0,,,
LesseeOperatingLeaseLiabilityPaymentsDue / USD,,,,,,,,,,,,,,,,,,,,,,,,,,,,,,,,,,,,,,,,,37000000.0,30000000.0,28000000.0,28000000.0,,,,,28000000.0,30000000.0,,,,,38000000.0,,,,126000000.0,,,,103000000.0,,,,159000000.0,,,
LesseeOperatingLeaseLiabilityPaymentsDueAfterYearFive / USD,,,,,,,,,,,,,,,,,,,,,,,,,,,,,,,,,,,,,,,,,7000000.0,7000000.0,7000000.0,5000000.0,,,,,5000000.0,,,,,,,,,,,,,,,,,,1000000.0,,,
LesseeOperatingLeaseLiabilityPaymentsDueNextTwelveMonths / USD,,,,,,,,,,,,,,,,,,,,,,,,,,,,,,,,,,,,,,,,,,,,10000000.0,,,,,10000000.0,28000000.0,,,,,29000000.0,,,,88000000.0,,,,85000000.0,,,,71000000.0,,,
LesseeOperatingLeaseLiabilityPaymentsDueYearFive / USD,,,,,,,,,,,,,,,,,,,,,,,,,,,,,,,,,,,,,,,,,2000000.0,2000000.0,2000000.0,2000000.0,,,,,2000000.0,,,,,,,,,,,,,,,,,,6000000.0,,,
LesseeOperatingLeaseLiabilityPaymentsDueYearFour / USD,,,,,,,,,,,,,,,,,,,,,,,,,,,,,,,,,,,,,,,,,2000000.0,2000000.0,3000000.0,2000000.0,,,,,2000000.0,,,,,,,,,,,,,,,,,,14000000.0,,,
LesseeOperatingLeaseLiabilityPaymentsDueYearThree / USD,,,,,,,,,,,,,,,,,,,,,,,,,,,,,,,,,,,,,,,,,2000000.0,3000000.0,5000000.0,4000000.0,,,,,4000000.0,,,,,,1000000.0,,,,0.0,,,,1000000.0,,,,30000000.0,,,
LesseeOperatingLeaseLiabilityPaymentsDueYearTwo / USD,,,,,,,,,,,,,,,,,,,,,,,,,,,,,,,,,,,,,,,,,6000000.0,8000000.0,9000000.0,5000000.0,,,,,5000000.0,2000000.0,,,,,8000000.0,,,,38000000.0,,,,17000000.0,,,,37000000.0,,,
LesseeOperatingLeaseLiabilityUndiscountedExcessAmount / USD,,,,,,,,,,,,,,,,,,,,,,,,,,,,,,,,,,,,,,,,,3000000.0,3000000.0,3000000.0,3000000.0,,,,,3000000.0,1000000.0,,,,,0.0,,,,7000000.0,,,,4000000.0,,,,14000000.0,,,
Liabilities / USD,,,,,,,,,,,,,,,,,,,,,,,,,,,,,,,,,,,,,,,,,,,,,,,11792000000.0,11792000000.0,,11792000000.0,,11925000000.0,11925000000.0,11925000000.0,11925000000.0,3228000000.0,3228000000.0,3228000000.0,3228000000.0,6344000000.0,6344000000.0,6344000000.0,3228000000.0,3647000000.0,3647000000.0,3647000000.0,3647000000.0,10329000000.0,10329000000.0,10329000000.0
LiabilitiesAndStockholdersEquity / USD,38593000000.0,38593000000.0,38593000000.0,29914000000.0,29914000000.0,29914000000.0,29914000000.0,29914000000.0,37179000000.0,37179000000.0,37179000000.0,37179000000.0,41835000000.0,41835000000.0,41835000000.0,41835000000.0,41611000000.0,41611000000.0,41611000000.0,41611000000.0,41782000000.0,41782000000.0,41782000000.0,41782000000.0,40751000000.0,40751000000.0,40751000000.0,40751000000.0,17314000000.0,17314000000.0,17314000000.0,17314000000.0,13028000000.0,13028000000.0,13028000000.0,13028000000.0,12425000000.0,12425000000.0,12425000000.0,12425000000.0,14925000000.0,12735000000.0,12735000000.0,12735000000.0,,16193000000.0,16193000000.0,16193000000.0,12735000000.0,16193000000.0,,6584000000.0,6584000000.0,6584000000.0,6584000000.0,6814000000.0,6814000000.0,6814000000.0,6814000000.0,15468000000.0,15468000000.0,15468000000.0,6814000000.0,14376000000.0,14376000000.0,14376000000.0,14376000000.0,27894000000.0,27894000000.0,27894000000.0
LiabilitiesCurrent / USD,3621000000.0,3621000000.0,3621000000.0,2688000000.0,2688000000.0,2688000000.0,2688000000.0,2688000000.0,4490000000.0,4490000000.0,4490000000.0,4490000000.0,7082000000.0,7082000000.0,7082000000.0,7082000000.0,6266000000.0,6266000000.0,6266000000.0,6266000000.0,5515000000.0,5515000000.0,5515000000.0,5515000000.0,5863000000.0,5863000000.0,5863000000.0,5656000000.0,3685000000.0,3685000000.0,3685000000.0,3685000000.0,3648000000.0,3648000000.0,3648000000.0,3648000000.0,2356000000.0,2356000000.0,2356000000.0,2356000000.0,2419000000.0,2887000000.0,2887000000.0,2887000000.0,,2392000000.0,2392000000.0,2392000000.0,2887000000.0,2392000000.0,,3094000000.0,3094000000.0,3094000000.0,3094000000.0,1582000000.0,1582000000.0,1582000000.0,1582000000.0,2704000000.0,2704000000.0,2704000000.0,1582000000.0,1314000000.0,1314000000.0,1314000000.0,1314000000.0,3123000000.0,3123000000.0,3123000000.0
LongTermDebt / USD,,,,,,,,,,,,,,,,10626000000.0,,,,13230000000.0,,12886000000.0,12886000000.0,12886000000.0,11535000000.0,11535000000.0,11535000000.0,,,,,,,,,,,,,,,,,,,,,,,,,,1313000000.0,1313000000.0,1313000000.0,1313000000.0,1313000000.0,1313000000.0,1313000000.0,,,,1313000000.0,,,,2028000000.0,5680000000.0,5680000000.0,5680000000.0
LongTermDebtCurrent / USD,,,,,,,,,,,,,,,0.0,0.0,463000000.0,463000000.0,463000000.0,463000000.0,0.0,,,0.0,381000000.0,381000000.0,381000000.0,381000000.0,381000000.0,381000000.0,381000000.0,381000000.0,503000000.0,503000000.0,503000000.0,503000000.0,52000000.0,52000000.0,52000000.0,52000000.0,52000000.0,381000000.0,381000000.0,381000000.0,,385000000.0,385000000.0,385000000.0,381000000.0,385000000.0,,1929000000.0,1929000000.0,1929000000.0,1929000000.0,0.0,0.0,0.0,0.0,,,,0.0,,,,0.0,389000000.0,389000000.0,389000000.0
LongTermDebtMaturitiesRepaymentsOfPrincipalAfterYearFive / USD,,,,,,,,,,,,,,,,6240000000.0,,,,5250000000.0,,,,6100000000.0,,,,4323000000.0,,,,5458000000.0,,,,4188000000.0,,,,5100000000.0,5100000000.0,,,4060000000.0,,,,,4060000000.0,,,,,,,,,,1450000000.0,,,,1450000000.0,,,,3100000000.0,,,
LongTermDebtMaturitiesRepaymentsOfPrincipalInNextTwelveMonths / USD,,,,,,,,,,,,,,,,464000000.0,,,,0.0,,,,396000000.0,,,,381000000.0,,,,506000000.0,,,,53000000.0,,,,381000000.0,381000000.0,,,385000000.0,,,,,385000000.0,,,,,,,,,,0.0,,,,0.0,,,,389000000.0,,,
LongTermDebtMaturitiesRepaymentsOfPrincipalInYearFive / USD,,,,,,,,,,,,,,,,4282000000.0,,,,1113000000.0,,,,1500000000.0,,,,1128000000.0,,,,2320000000.0,,,,1867000000.0,,,,757000000.0,757000000.0,,,2124000000.0,,,,,2124000000.0,,,,,,,,,,1050000000.0,,,,0.0,,,,2150000000.0,,,
LongTermDebtMaturitiesRepaymentsOfPrincipalInYearFour / USD,,,,,,,,,,,,,,,,418000000.0,,,,4301000000.0,,,,1016000000.0,,,,1104000000.0,,,,1061000000.0,,,,2048000000.0,,,,451000000.0,451000000.0,,,1764000000.0,,,,,1764000000.0,,,,,,,,,,500000000.0,,,,0.0,,,,0.0,,,
LongTermDebtMaturitiesRepaymentsOfPrincipalInYearThree / USD,,,,,,,,,,,,,,,,1661000000.0,,,,905000000.0,,,,2244000000.0,,,,878000000.0,878000000.0,846000000.0,,380000000.0,,,,664000000.0,,,,815000000.0,815000000.0,,,289000000.0,,,,,289000000.0,,,,,,,,,,0.0,,,,500000000.0,,,,0.0,,,
LongTermDebtMaturitiesRepaymentsOfPrincipalInYearTwo / USD,,,,,,,,,,,,,,,,0.0,,,,1661000000.0,,,,500000000.0,,,,1892000000.0,,1382000000.0,,264000000.0,,,,1161000000.0,,,,664000000.0,664000000.0,,,294000000.0,,,,,294000000.0,,,,,,,,,,0.0,,,,0.0,,,,47000000.0,,,
LongTermDebtNoncurrent / USD,13175000000.0,13175000000.0,13175000000.0,12295000000.0,12295000000.0,12295000000.0,12295000000.0,12295000000.0,12640000000.0,12640000000.0,12640000000.0,12640000000.0,10626000000.0,10626000000.0,10626000000.0,10626000000.0,12157000000.0,12157000000.0,12157000000.0,12157000000.0,12886000000.0,12886000000.0,12886000000.0,12886000000.0,11154000000.0,11154000000.0,11154000000.0,11154000000.0,10311000000.0,10311000000.0,10311000000.0,10311000000.0,9938000000.0,9938000000.0,9938000000.0,9938000000.0,9921000000.0,9921000000.0,9921000000.0,9921000000.0,9921000000.0,7341000000.0,7341000000.0,7341000000.0,,9073000000.0,9073000000.0,9073000000.0,7341000000.0,9073000000.0,,0.0,0.0,0.0,0.0,2278000000.0,2278000000.0,2278000000.0,2278000000.0,3093000000.0,3093000000.0,3093000000.0,3093000000.0,2028000000.0,2028000000.0,2028000000.0,2028000000.0,5291000000.0,5291000000.0,5291000000.0
NetCashProvidedByUsedInFinancingActivities / USD,3574000000.0,5859000000.0,2988000000.0,-560000000.0,-560000000.0,272000000.0,-706000000.0,6356000000.0,40000000.0,1048000000.0,1996000000.0,-336000000.0,-2197000000.0,-1846000000.0,0.0,3181000000.0,3463000000.0,4572000000.0,5981000000.0,158000000.0,567000000.0,-240000000.0,-839000000.0,2083000000.0,-125000000.0,-238000000.0,-1614000000.0,-1097000000.0,-152000000.0,-282000000.0,-499000000.0,-1817000000.0,-115000000.0,-396000000.0,-292000000.0,-1066000000.0,-1112000000.0,-588000000.0,-548000000.0,921000000.0,921000000.0,-450000000.0,-404000000.0,-434000000.0,,404000000.0,519000000.0,763000000.0,-434000000.0,-2186000000.0,,190000000.0,159000000.0,103000000.0,859000000.0,-66000000.0,-66000000.0,-66000000.0,101000000.0,208000000.0,-288000000.0,-1002000000.0,-66000000.0,-1279000000.0,-1469000000.0,-1684000000.0,-1446000000.0,-77000000.0,-179000000.0,-257000000.0
NetCashProvidedByUsedInInvestingActivities / USD,-6373000000.0,-8283000000.0,-7964000000.0,-2367000000.0,-2367000000.0,-3465000000.0,-3654000000.0,-9965000000.0,-1014000000.0,-3732000000.0,-5665000000.0,-5462000000.0,2226000000.0,-240000000.0,-3715000000.0,-8503000000.0,-3650000000.0,-4921000000.0,-8154000000.0,-5812000000.0,-1745000000.0,-1575000000.0,-2047000000.0,-4984000000.0,-999000000.0,-1780000000.0,-2938000000.0,-2967000000.0,-1472000000.0,-2512000000.0,-2905000000.0,454000000.0,-273000000.0,-99000000.0,-579000000.0,-3451000000.0,380000000.0,-223000000.0,-602000000.0,-660000000.0,116000000.0,-503000000.0,-992000000.0,-918000000.0,,-856000000.0,-1372000000.0,-1935000000.0,-918000000.0,455000000.0,,-511000000.0,-856000000.0,-958000000.0,-2480000000.0,-66000000.0,-66000000.0,-66000000.0,-992000000.0,-1947000000.0,-2362000000.0,-2857000000.0,-66000000.0,395000000.0,848000000.0,368000000.0,-3401000000.0,-374000000.0,-640000000.0,-959000000.0
NetCashProvidedByUsedInOperatingActivities / USD,2798000000.0,4387000000.0,4974000000.0,1261000000.0,1261000000.0,1998000000.0,3131000000.0,5357000000.0,1183000000.0,2978000000.0,3971000000.0,4356000000.0,718000000.0,2093000000.0,3724000000.0,5117000000.0,274000000.0,1029000000.0,1978000000.0,5903000000.0,924000000.0,2205000000.0,3586000000.0,2837000000.0,1291000000.0,2643000000.0,3805000000.0,4614000000.0,423000000.0,737000000.0,1055000000.0,4634000000.0,-421000000.0,-326000000.0,50000000.0,1234000000.0,99000000.0,-58000000.0,273000000.0,-204000000.0,-980000000.0,951000000.0,1395000000.0,475000000.0,,456000000.0,853000000.0,1182000000.0,475000000.0,1730000000.0,,397000000.0,773000000.0,1155000000.0,1623000000.0,-21000000.0,-21000000.0,-21000000.0,1164000000.0,853000000.0,1762000000.0,3075000000.0,-21000000.0,889000000.0,1404000000.0,1910000000.0,4125000000.0,552000000.0,761000000.0,1183000000.0
NetIncomeLoss / USD,-1722000000.0,1600000000.0,1455000000.0,-5740000000.0,-5740000000.0,-5498000000.0,-5306000000.0,604000000.0,,,,-5830000000.0,-162000000.0,347000000.0,1269000000.0,1774000000.0,-28000000.0,944000000.0,-1069000000.0,1742000000.0,58000000.0,639000000.0,840000000.0,-769000000.0,425000000.0,616000000.0,1277000000.0,724000000.0,-3739000000.0,-7847000000.0,-12500000000.0,1917000000.0,-1068000000.0,-2844000000.0,-4059000000.0,-14567000000.0,140000000.0,634000000.0,616000000.0,-4390000000.0,-3493000000.0,-232000000.0,-378000000.0,-505000000.0,,-21000000.0,77000000.0,16000000.0,-505000000.0,226000000.0,,-8297000000.0,-8573000000.0,-9318000000.0,-308000000.0,5383000000.0,5383000000.0,5383000000.0,-9734000000.0,-764000000.0,-764000000.0,-764000000.0,5383000000.0,1389000000.0,1389000000.0,1389000000.0,4936000000.0,26000000.0,26000000.0,26000000.0
NetIncomeLossAvailableToCommonStockholdersBasic / USD,-1785000000.0,1506000000.0,1233000000.0,-5746000000.0,-5746000000.0,-5510000000.0,-5324000000.0,504000000.0,732000000.0,968000000.0,1482000000.0,-5853000000.0,-205000000.0,262000000.0,1141000000.0,1663000000.0,-71000000.0,858000000.0,-1197000000.0,1570000000.0,15000000.0,473000000.0,629000000.0,-940000000.0,374000000.0,518000000.0,687000000.0,474000000.0,-3782000000.0,-7933000000.0,-12628000000.0,1273000000.0,-1111000000.0,-2929000000.0,-4186000000.0,-14738000000.0,75000000.0,547000000.0,506000000.0,-4915000000.0,-4018000000.0,-278000000.0,-447000000.0,-631000000.0,,-44000000.0,31000000.0,-70000000.0,-631000000.0,133000000.0,,-8319000000.0,-8595000000.0,-9340000000.0,-416000000.0,5383000000.0,5383000000.0,5383000000.0,-9756000000.0,-764000000.0,473000000.0,1356000000.0,5383000000.0,1389000000.0,1780000000.0,1850000000.0,4869000000.0,26000000.0,-201000000.0,-315000000.0
NetIncomeLossAvailableToCommonStockholdersDiluted / USD,,,,,,237000000.0,186000000.0,504000000.0,738000000.0,993000000.0,1550000000.0,1774000000.0,,,,,,944000000.0,,,417000000.0,500000000.0,,1444000000.0,417000000.0,593000000.0,,1444000000.0,,,,1444000000.0,75000000.0,619000000.0,,,75000000.0,619000000.0,506000000.0,,,,,,,,,,,,,-8319000.0,-8595000.0,-9340000000.0,-416000000.0,5383000000.0,5383000000.0,5383000000.0,-9756000000.0,-764000000.0,473000000.0,1356000000.0,5383000000.0,1389000000.0,1780000000.0,1850000000.0,4869000000.0,26000000.0,-201000000.0,-315000000.0
NetIncreaseDecreaseInSalesAndTransferPricesAndProductionCosts / USD,,,,,,,,-5025000000.0,,,,-7297000000.0,,,,3337000000.0,,,,,,,,,,,,,,,,,,,,,,,,,,,,,,,,,,,,,,,,,,,-5576000000.0,,,,6674000000.0,,,,14256000000.0,,,
NonoperatingIncomeExpense / USD,-164000000.0,-240000000.0,-303000000.0,-131000000.0,-131000000.0,-167000000.0,-258000000.0,-466000000.0,-12000000.0,-45000000.0,44000000.0,-343000000.0,18000000.0,-132000000.0,-104000000.0,79000000.0,-11000000.0,951000000.0,913000000.0,-41000000.0,-52000000.0,-210000000.0,-259000000.0,720000000.0,13000000.0,-226000000.0,-270000000.0,-627000000.0,-52000000.0,-141000000.0,-264000000.0,-277000000.0,31000000.0,38000000.0,58000000.0,-179000000.0,-99000000.0,-2000000.0,-113000000.0,-178000000.0,-424000000.0,-122000000.0,-349000000.0,-362000000.0,,-153000000.0,-333000000.0,-441000000.0,-362000000.0,-164000000.0,,-99000000.0,166000000.0,-468000000.0,-608000000.0,5560000000.0,5560000000.0,5560000000.0,-1066000000.0,-16000000.0,-43000000.0,-91000000.0,5560000000.0,-27000000.0,-26000000.0,-34000000.0,-129000000.0,1000000.0,0.0,-3000000.0
NumberOfReportableSegments / segment,,,,,,,,,,,,,,,,,,,,,,,,,,,,,,,,,,,,,,,,1.0,1.0,,,1.0,,,,,1.0,1.0,,1.0,1.0,1.0,1.0,1.0,1.0,1.0,1.0,1.0,1.0,1.0,1.0,1.0,1.0,1.0,1.0,1.0,1.0,1.0
OperatingIncomeLoss / USD,-2636000000.0,2842000000.0,2650000000.0,-9053000000.0,-9053000000.0,-8629000000.0,-8232000000.0,1457000000.0,1212000000.0,1659000000.0,2476000000.0,-8945000000.0,-284000000.0,701000000.0,2185000000.0,2805000000.0,6000000.0,743000000.0,-2450000000.0,2921000000.0,217000000.0,1384000000.0,1820000000.0,-1694000000.0,733000000.0,1343000000.0,2516000000.0,2069000000.0,-5040000000.0,-10547000000.0,-16000000000.0,3477000000.0,-1099000000.0,-2882000000.0,-4116000000.0,-18919000000.0,241000000.0,640000000.0,734000000.0,-4411000000.0,-3256000000.0,-118000000.0,-36000000.0,-138000000.0,,-182000000.0,96000000.0,142000000.0,-138000000.0,382000000.0,,-8227000000.0,-8768000000.0,-8879000000.0,-31000000.0,-234000000.0,-234000000.0,-234000000.0,-8703000000.0,-794000000.0,547000000.0,1552000000.0,-234000000.0,1820000000.0,2337000000.0,2416000000.0,3780000000.0,32000000.0,-262000000.0,-417000000.0
OperatingLeaseCost / USD,,,,,,,,,,,,,,,,,,,,,,,,,,,,,,,,,,,,,,,,,7000000.0,17000000.0,24000000.0,26000000.0,,,,,26000000.0,26000000.0,,,,,26000000.0,,,,,,,,3000000.0,,,,51000000.0,,,
OperatingLeaseLiability / USD,,,,,,,,,,,,,,,,,,,,,,,,,,,,,,,,,,,,,,,,,34000000.0,27000000.0,25000000.0,25000000.0,,,,,25000000.0,25000000.0,,,,,29000000.0,,,,38000000.0,,,,119000000.0,,,,99000000.0,,,
OperatingLeaseLiabilityCurrent / USD,,,,,,,,,,,,,,,,,,,,,,,,,,,,,,,,,,,,,,,,,19000000.0,12000000.0,9000000.0,9000000.0,,,,9000000.0,9000000.0,9000000.0,,24000000.0,24000000.0,24000000.0,27000000.0,29000000.0,29000000.0,29000000.0,29000000.0,86000000.0,86000000.0,86000000.0,86000000.0,84000000.0,84000000.0,84000000.0,84000000.0,71000000.0,71000000.0,71000000.0
OperatingLeaseLiabilityNoncurrent / USD,,,,,,,,,,,,,,,,,,,,,,,,,,,,,,,,,,,,,,,,,15000000.0,15000000.0,16000000.0,16000000.0,,,,,16000000.0,16000000.0,,,,,2000000.0,,,,9000000.0,,,,33000000.0,,,,15000000.0,,,
OperatingLeasePayments / USD,,,,,,,,,,,,,,,,,,,,,,,,,,,,,,,,,,,,,,,,,2000000.0,5000000.0,8000000.0,11000000.0,,,,,11000000.0,11000000.0,,,,,11000000.0,,,,9000000.0,,,,0.0,,,,15000000.0,,,
OperatingLeaseRightOfUseAsset / USD,,,,,,,,,,,,,,,,,,,,,,,,,,,,,,,,,,,,,,,,,32000000.0,25000000.0,22000000.0,22000000.0,,,,,22000000.0,22000000.0,,,,,29000000.0,,,,38000000.0,,,,119000000.0,,,,99000000.0,,,
OperatingLeaseWeightedAverageDiscountRatePercent / pure,,,,,,,,,,,,,,,,,,,,,,,,,,,,,,,,,,,,,,,,,0.0509,0.0483,0.0417,0.0485,,,,,0.0485,0.0485,,,,,0.0646,,,,0.038,,,,0.0664,,,,0.0702,,,
OtherAccruedLiabilitiesCurrent / USD,,,,,,,,196000000.0,,,,280000000.0,,,,473000000.0,805000000.0,805000000.0,674000000.0,674000000.0,599000000.0,599000000.0,599000000.0,599000000.0,811000000.0,592000000.0,592000000.0,451000000.0,397000000.0,397000000.0,397000000.0,397000000.0,304000000.0,304000000.0,304000000.0,304000000.0,296000000.0,296000000.0,296000000.0,296000000.0,296000000.0,212000000.0,212000000.0,212000000.0,,177000000.0,177000000.0,168000000.0,212000000.0,168000000.0,,141000000.0,134000000.0,134000000.0,134000000.0,110000000.0,110000000.0,110000000.0,110000000.0,111000000.0,111000000.0,111000000.0,111000000.0,34000000.0,34000000.0,34000000.0,34000000.0,122000000.0,122000000.0,122000000.0
OtherAssetsCurrent / USD,137000000.0,137000000.0,79000000.0,98000000.0,98000000.0,98000000.0,98000000.0,98000000.0,104000000.0,104000000.0,104000000.0,104000000.0,125000000.0,125000000.0,125000000.0,125000000.0,153000000.0,153000000.0,153000000.0,153000000.0,299000000.0,299000000.0,299000000.0,299000000.0,207000000.0,207000000.0,207000000.0,207000000.0,160000000.0,160000000.0,160000000.0,160000000.0,203000000.0,203000000.0,203000000.0,203000000.0,171000000.0,171000000.0,171000000.0,171000000.0,172000000.0,138000000.0,138000000.0,138000000.0,,121000000.0,121000000.0,121000000.0,138000000.0,121000000.0,,64000000.0,64000000.0,64000000.0,64000000.0,69000000.0,69000000.0,69000000.0,69000000.0,215000000.0,215000000.0,215000000.0,215000000.0,226000000.0,226000000.0,226000000.0,226000000.0,292000000.0,292000000.0,292000000.0
OtherAssetsNoncurrent / USD,288000000.0,288000000.0,288000000.0,294000000.0,294000000.0,294000000.0,294000000.0,294000000.0,327000000.0,327000000.0,327000000.0,327000000.0,388000000.0,388000000.0,388000000.0,367000000.0,766000000.0,766000000.0,766000000.0,766000000.0,511000000.0,511000000.0,511000000.0,511000000.0,497000000.0,497000000.0,497000000.0,497000000.0,290000000.0,290000000.0,290000000.0,290000000.0,277000000.0,277000000.0,277000000.0,277000000.0,220000000.0,220000000.0,220000000.0,220000000.0,220000000.0,243000000.0,243000000.0,243000000.0,,186000000.0,186000000.0,186000000.0,243000000.0,186000000.0,,234000000.0,234000000.0,234000000.0,234000000.0,114000000.0,114000000.0,114000000.0,114000000.0,185000000.0,185000000.0,185000000.0,114000000.0,663000000.0,663000000.0,663000000.0,663000000.0,1025000000.0,1025000000.0,1025000000.0
OtherLiabilitiesCurrent / USD,,,,,,2688000000.0,2688000000.0,1486000000.0,2215000000.0,2215000000.0,2215000000.0,2215000000.0,3397000000.0,3397000000.0,3397000000.0,3397000000.0,3741000000.0,3741000000.0,3741000000.0,3741000000.0,3511000000.0,3511000000.0,3511000000.0,3511000000.0,3061000000.0,3061000000.0,3061000000.0,3061000000.0,2219000000.0,2219000000.0,2219000000.0,2219000000.0,1798000000.0,1798000000.0,1798000000.0,1798000000.0,1455000000.0,1455000000.0,1455000000.0,1455000000.0,1518000000.0,1599000000.0,1599000000.0,1599000000.0,,1432000000.0,1432000000.0,1432000000.0,1599000000.0,1432000000.0,,723000000.0,723000000.0,723000000.0,723000000.0,769000000.0,769000000.0,769000000.0,769000000.0,1627000000.0,1627000000.0,1627000000.0,769000000.0,847000000.0,847000000.0,847000000.0,847000000.0,1786000000.0,1786000000.0,1786000000.0
OtherLiabilitiesNoncurrent / USD,200000000.0,200000000.0,151000000.0,389000000.0,389000000.0,389000000.0,389000000.0,462000000.0,407000000.0,407000000.0,407000000.0,407000000.0,818000000.0,818000000.0,818000000.0,818000000.0,1176000000.0,1176000000.0,1176000000.0,1176000000.0,984000000.0,984000000.0,984000000.0,984000000.0,679000000.0,679000000.0,679000000.0,679000000.0,409000000.0,409000000.0,409000000.0,409000000.0,383000000.0,383000000.0,383000000.0,383000000.0,354000000.0,354000000.0,354000000.0,354000000.0,476000000.0,219000000.0,219000000.0,219000000.0,,125000000.0,125000000.0,125000000.0,219000000.0,125000000.0,,5000000.0,5000000.0,5000000.0,5000000.0,15000000.0,15000000.0,15000000.0,7000000.0,50000000.0,50000000.0,50000000.0,7000000.0,31000000.0,31000000.0,31000000.0,31000000.0,121000000.0,121000000.0,121000000.0
OtherNoncashIncomeExpense / USD,,,,,,,,,-5000000.0,-21000000.0,-12000000.0,-39000000.0,-7000000.0,3000000.0,-12000000.0,-110000000.0,14000000.0,1000000.0,76000000.0,-3000000.0,10000000.0,-6000000.0,-30000000.0,-72000000.0,-5000000.0,-71000000.0,-57000000.0,-122000000.0,7000000.0,-9000000.0,-24000000.0,-220000000.0,8000000.0,51000000.0,76000000.0,-244000000.0,34000000.0,43000000.0,27000000.0,145000000.0,127000000.0,93000000.0,90000000.0,132000000.0,,-40000000.0,-41000000.0,-42000000.0,132000000.0,118000000.0,,-31000000.0,-1000000.0,23000000.0,-59000000.0,-45000000.0,-45000000.0,-45000000.0,41000000.0,8000000.0,-5000000.0,-19000000.0,-45000000.0,-12000000.0,-29000000.0,-35000000.0,-45000000.0,13000000.0,7000000.0,16000000.0
OtherNonoperatingIncomeExpense / USD,-11000000.0,-23000000.0,15000000.0,,,5000000.0,-25000000.0,27000000.0,2000000.0,-4000000.0,12000000.0,11000000.0,2000000.0,5000000.0,9000000.0,16000000.0,6000000.0,11000000.0,2000000.0,23000000.0,6000000.0,8000000.0,18000000.0,8000000.0,6000000.0,13000000.0,12000000.0,26000000.0,6000000.0,5000000.0,3000000.0,22000000.0,3000000.0,6000000.0,13000000.0,8000000.0,3000000.0,2000000.0,6000000.0,19000000.0,5000000.0,56000000.0,62000000.0,6000000.0,,9000000.0,27000000.0,30000000.0,6000000.0,67000000.0,,-17000000.0,-11000000.0,-9000000.0,-32000000.0,2000000.0,2000000.0,2000000.0,-4000000.0,16000000.0,25000000.0,29000000.0,2000000.0,10000000.0,33000000.0,48000000.0,36000000.0,20000000.0,41000000.0,58000000.0
OtherOperatingIncomeExpenseNet / USD,,,,,,,,,,,,,,,,,,,,,,,,,,,,,,,,,-33000000.0,-104000000.0,-112000000.0,-353000000.0,2000000.0,-417000000.0,-423000000.0,-365000000.0,-377000000.0,1000000.0,1000000.0,-416000000.0,,-61000000.0,-64000000.0,-79000000.0,-416000000.0,0.0,,-68000000.0,-66000000.0,-67000000.0,-48000000.0,12000000.0,12000000.0,12000000.0,-80000000.0,-23000000.0,-31000000.0,-32000000.0,12000000.0,-3000000.0,-12000000.0,-15000000.0,-49000000.0,-17000000.0,-33000000.0,-55000000.0
PaymentsForRepurchaseOfCommonStock / USD,,,0.0,,,,,,,,,,,,,,,,,,,,,,,,,,,,,,,,,,,,,,,,,,,,,,,,,,,,,0.0,0.0,0.0,0.0,83000000.0,558000000.0,667000000.0,0.0,54000000.0,181000000.0,313000000.0,1073000000.0,,0.0,0.0
PaymentsOfDebtIssuanceCosts / USD,,,,,,,,,,,,,,,,,,,,,,,,,,,,,,,,,,,,,,,,,,,,,,,,,,,,,,,,,8000000.0,8000000.0,109000000.0,,,,8000000.0,,0.0,0.0,17000000.0,,4000000.0,4000000.0
PaymentsOfDividendsCommonStock / USD,66000000.0,106000000.0,115000000.0,44000000.0,44000000.0,89000000.0,135000000.0,148000000.0,47000000.0,95000000.0,142000000.0,181000000.0,48000000.0,95000000.0,151000000.0,189000000.0,56000000.0,112000000.0,170000000.0,207000000.0,58000000.0,116000000.0,175000000.0,227000000.0,58000000.0,117000000.0,175000000.0,233000000.0,59000000.0,118000000.0,118000000.0,234000000.0,,,,118000000.0,,,,,,,,,,,,,,,,,0.0,0.0,0.0,0.0,0.0,0.0,0.0,210000000.0,508000000.0,788000000.0,0.0,175000000.0,335000000.0,412000000.0,1212000000.0,77000000.0,176000000.0,254000000.0
PaymentsToAcquireBusinessesNetOfCashAcquired / USD,,,,,,,,,,339000000.0,339000000.0,339000000.0,,339000000.0,339000000.0,0.0,,,,339000000.0,,,,,,,,,,,,,,,,,,,,,0.0,0.0,0.0,0.0,,353000000.0,353000000.0,353000000.0,0.0,0.0,,,,,353000000.0,0.0,0.0,0.0,0.0,2006000000.0,2006000000.0,1967000000.0,0.0,,,,1967000000.0,,,
PaymentsToAcquireEquityMethodInvestments / USD,,,,,,,,,,,,,,,,,,,,,,,,,,,,,,,,,,,,,,,,,,,,,,,,,,,,,,,,,,,,,,,,,,,18000000.0,16000000.0,37000000.0,58000000.0
PaymentsToAcquireInvestments / USD,,61000000.0,8000000.0,8000000.0,8000000.0,,40000000.0,74000000.0,,,,,,,,,,,,,,,,,,,,,,,,,,,,,,,,,,,,,,,,,,,,,,,,,,,0.0,0.0,0.0,0.0,0.0,39000000.0,88000000.0,149000000.0,18000000.0,19000000.0,45000000.0,71000000.0
PaymentsToAcquirePropertyPlantAndEquipment / USD,,,,,,,,,,,,,,,,,,,,,,,,,,,,,,,,,,,,,,,,,,,,,,,,,,,,518000000.0,867000000.0,973000000.0,,66000000.0,66000000.0,66000000.0,1142000000.0,344000000.0,759000000.0,1299000000.0,66000000.0,497000000.0,1027000000.0,1450000000.0,1823000000.0,421000000.0,723000000.0,1021000000.0
PreviouslyEstimatedDevelopmentCostsIncurred / USD,,,,,,,,,,,,,,,,,,,,,,,,,,,,,,,,,,,,,,,,,,,,,,,,,,,,,,,,,,,665000000.0,,,,130000000.0,,,,690000000.0,,,
ProceedsFromIncomeTaxRefunds / USD,,,,,,,,,,,,,,,,,,,,,,,,,,,,,,,,,,,,,,,,,,,,,,,,,,,,,,,,,,,,,,,,,14000000.0,14000000.0,,,,
ProceedsFromIssuanceOfSeniorLongTermDebt / USD,,,,,,,,,,,637000000.0,,,,,,,,,,,,,,,,,,,,,,,,,,,742000000.0,742000000.0,1236000000.0,1236000000.0,,1237000000.0,1585000000.0,,,,,1585000000.0,,,0.0,0.0,0.0,108000000.0,1000000000.0,1000000000.0,1000000000.0,0.0,,,,1000000000.0,,,,0.0,,,
ProceedsFromLongTermLinesOfCredit / USD,,,,,,,,,,,,,,,,,,,,,,,,,,,,,,,,,,,,,,,,,,,,,,,,0.0,,0.0,,0.0,0.0,0.0,0.0,0.0,0.0,0.0,0.0,1565000000.0,4550000000.0,7255000000.0,0.0,1000000000.0,1125000000.0,1125000000.0,9583000000.0,0.0,0.0,0.0
ProceedsFromPaymentsForOtherFinancingActivities / USD,-23000000.0,-58000000.0,-27000000.0,-25000000.0,-25000000.0,-28000000.0,-97000000.0,-30000000.0,-26000000.0,-21000000.0,-55000000.0,-118000000.0,-28000000.0,-48000000.0,-114000000.0,-88000000.0,-64000000.0,82000000.0,-227000000.0,213000000.0,-30000000.0,-43000000.0,-71000000.0,-251000000.0,-15000000.0,0.0,-25000000.0,-105000000.0,-21000000.0,-21000000.0,-32000000.0,-34000000.0,-5000000.0,-18000000.0,-45000000.0,-41000000.0,-14000000.0,-17000000.0,-17000000.0,-21000000.0,-21000000.0,-4000000.0,-24000000.0,-17000000.0,,-8000000.0,-18000000.0,-21000000.0,-17000000.0,-33000000.0,,-5000000.0,-8000000.0,-10000000.0,-36000000.0,0.0,0.0,0.0,-13000000.0,,,,0.0,,,,0.0,,,
ProceedsFromSaleOfPropertyPlantAndEquipment / USD,,,,,,228000000.0,1729000000.0,7670000000.0,1224000000.0,1933000000.0,3107000000.0,1926000000.0,5182000000.0,6173000000.0,4000000.0,,59000000.0,,,,,,,,,,,,,,,,,,,,,,,,,,,,,,,,,,,7000000.0,11000000.0,15000000.0,,0.0,0.0,0.0,150000000.0,403000000.0,403000000.0,409000000.0,0.0,931000000.0,1963000000.0,1967000000.0,407000000.0,6000000.0,12000000.0,17000000.0
ProceedsFromWarrantExercises / USD,,,,,,,,,,,,,,,,,,,,,,,,,,,,,,,,,,,,,,,,,,,,,,,,,,,,,0.0,0.0,0.0,0.0,0.0,0.0,0.0,1000000.0,3000000.0,3000000.0,0.0,,0.0,0.0,27000000.0,0.0,1000000.0,1000000.0
ProductionTaxExpense / USD,,,,,,,,,,,,,,,,,,,,,,,,,,,,,,,,,,,54000000.0,99000000.0,22000000.0,43000000.0,64000000.0,74000000.0,74000000.0,57000000.0,91000000.0,134000000.0,,51000000.0,113000000.0,168000000.0,134000000.0,189000000.0,,54000000.0,79000000.0,116000000.0,224000000.0,18000000.0,18000000.0,18000000.0,149000000.0,63000000.0,120000000.0,187000000.0,18000000.0,69000000.0,109000000.0,136000000.0,242000000.0,29000000.0,47000000.0,58000000.0
PropertyPlantAndEquipmentGross / USD,,,,,,,,51763000000.0,58692000000.0,58692000000.0,58692000000.0,58692000000.0,65029000000.0,65029000000.0,65029000000.0,65050000000.0,70835000000.0,70835000000.0,70835000000.0,70835000000.0,73565000000.0,73565000000.0,73565000000.0,73565000000.0,71465000000.0,71465000000.0,71465000000.0,71465000000.0,73568000000.0,73568000000.0,73568000000.0,73568000000.0,73306000000.0,73306000000.0,73306000000.0,73306000000.0,74328000000.0,74328000000.0,74328000000.0,74328000000.0,31942000000.0,28689000000.0,28689000000.0,28689000000.0,,34748000000.0,34748000000.0,34748000000.0,28689000000.0,34748000000.0,,29038000000.0,29038000000.0,29038000000.0,29038000000.0,9707000000.0,5668000000.0,5668000000.0,5668000000.0,13618000000.0,13618000000.0,13618000000.0,5668000000.0,13771000000.0,13771000000.0,13771000000.0,13771000000.0,29644000000.0,29644000000.0,29644000000.0
PropertyPlantAndEquipmentNet / USD,33308000000.0,33308000000.0,33308000000.0,26710000000.0,26710000000.0,26710000000.0,26710000000.0,26710000000.0,32378000000.0,32378000000.0,32378000000.0,32378000000.0,36739000000.0,36739000000.0,36739000000.0,36760000000.0,37167000000.0,37167000000.0,37167000000.0,37167000000.0,37134000000.0,37134000000.0,37134000000.0,37134000000.0,32515000000.0,32515000000.0,32515000000.0,32515000000.0,14298000000.0,14298000000.0,14298000000.0,14298000000.0,10609000000.0,10609000000.0,10609000000.0,10609000000.0,10680000000.0,10680000000.0,10680000000.0,10680000000.0,13179000000.0,10818000000.0,10818000000.0,10818000000.0,,,,,10818000000.0,14756000000.0,,,5670000000.0,5670000000.0,5242000000.0,5670000000.0,5670000000.0,5670000000.0,5670000000.0,11187000000.0,11187000000.0,11187000000.0,5670000000.0,10097000000.0,10097000000.0,10097000000.0,10097000000.0,24282000000.0,24282000000.0,24282000000.0
PropertyPlantAndEquipmentOther / USD,482000000.0,482000000.0,482000000.0,550000000.0,550000000.0,550000000.0,550000000.0,3235000000.0,3726000000.0,3726000000.0,3726000000.0,2805000000.0,3360000000.0,3247000000.0,3555000000.0,3555000000.0,3778000000.0,3778000000.0,3778000000.0,3778000000.0,3203000000.0,3203000000.0,3203000000.0,3203000000.0,3083000000.0,3083000000.0,3083000000.0,3083000000.0,2927000000.0,2927000000.0,2927000000.0,2927000000.0,2053000000.0,2053000000.0,2053000000.0,2053000000.0,1986000000.0,1986000000.0,1986000000.0,1986000000.0,1986000000.0,1721000000.0,1721000000.0,1721000000.0,,1810000000.0,1810000000.0,1810000000.0,1721000000.0,1810000000.0,,1754000000.0,1754000000.0,1754000000.0,1754000000.0,499000000.0,499000000.0,499000000.0,499000000.0,500000000.0,500000000.0,500000000.0,499000000.0,497000000.0,497000000.0,497000000.0,497000000.0,654000000.0,654000000.0,654000000.0
PropertyPlantAndEquipmentOtherAccumulatedDepreciation / USD,,,,,,,,,,,,,,,,,,,,,,,,1584000000.0,,,,804000000.0,,,,813000000.0,,,,632000000.0,,,,672000000.0,672000000.0,,,630000000.0,,,,,630000000.0,,,,,,,,,,26000000.0,,,,58000000.0,,,,90000000.0,,,
PropertyPlantAndEquipmentOtherNet / USD,,,,,,,,,,,,,,,5539000000.0,5560000000.0,4615000000.0,4615000000.0,4615000000.0,4615000000.0,3811000000.0,3811000000.0,3811000000.0,3811000000.0,2279000000.0,2279000000.0,2279000000.0,2279000000.0,,,,2114000000.0,,,,1421000000.0,1314000000.0,1314000000.0,1314000000.0,1314000000.0,1314000000.0,1091000000.0,1091000000.0,1091000000.0,,,,,1091000000.0,,,,,,,,,,469000000.0,,,,442000000.0,,,,407000000.0,,,
ProvedDevelopedAndUndevelopedReserveExtensionAndDiscoveryEnergy / Bcfe,,,,,,,,,,,,,,,,,,,,,,,,,,,,,,,,,,,,,,,,,,,,,,,,,,,,,,,,,,,109.0,,,,2091.0,,,,82.0,,,
ProvedDevelopedAndUndevelopedReserveNetEnergy / Bcfe,,,,,,,,,,,,,,,,,,,,,,,,,,,,,,,,,,,,,,,,,,,,,,,,,,,,,,,,,,,9434.0,,,,4809.0,,,,9573.0,,,
ProvedDevelopedAndUndevelopedReserveProductionEnergy / Bcfe,,,,,,,,,,,,,,,,,,,,,,,,,,,,,,,,,,,35400000000.0,,,,,,,,,,,,,,,,,,,,,,,,976.0,,,,1010.0,,,,1461.0,,,
ProvedDevelopedAndUndevelopedReservePurchaseOfMineralInPlaceEnergy / Bcfe,,,,,,,,,,,,,,,,,,,,,,,,,,,,,,,,,,,,,,,,,,,,,,,,,,,,,,,,,,,0.0,,,,1835.0,,,,2926.0,,,
ProvedDevelopedAndUndevelopedReserveRevisionOfPreviousEstimateEnergy / Bcfe,,,,,,,,,,,,,,,,,,,,,,,,,,,,,,,,,,,,,,,,,,,,,,,,,,,,,,,,,,,-3519.0,,,,1848.0,,,,2155.0,,,
ProvedDevelopedAndUndevelopedReservesSaleOfMineralInPlaceEnergy / Bcfe,,,,,,,,,,,,,,,,,,,,,,,,,,,,,,,,,,,,,,,,,,,,,,,,,,,,,,,,,,,239.0,,,,0.0,,,,273.0,,,
ProvedDevelopedReservesBOE1 / Bcfe,,,,,,,,,,,,,,,,,,,,,,,,,,,,,,,,,,,,,,,,,,,,,,,,,,,,,,,,,,,5078.0,,,,4452.0,,,,5610.0,,,
ProvedOilAndGasPropertySuccessfulEffortMethod / USD,,,,,,,,,,,,,,,,,,,,,,,,,,,,,,,,,,,,,,,,,27932000000.0,25407000000.0,25407000000.0,25407000000.0,,30765000000.0,30765000000.0,30765000000.0,25407000000.0,30765000000.0,,25734000000.0,25734000000.0,25734000000.0,25734000000.0,7682000000.0,4686000000.0,4686000000.0,4686000000.0,11096000000.0,11096000000.0,11096000000.0,4686000000.0,11468000000.0,11468000000.0,11468000000.0,11468000000.0,23093000000.0,23093000000.0,23093000000.0
ProvedUndevelopedReserveBOE1 / Bcfe,,,,,,,,,,,,,,,,,,,,,,,,,,,,,,,,,,,,,,,,,,,,,,,,,,,,,,,,,,,4356.0,,,,357.0,,,,3963.0,,,
RepaymentsOfDebt / USD,,,,,,,,,,,,,,,,,,,,,,,,,,,,,,,,,,,,,,,,,,,,,,,,,,,,,,,,,,,94000000.0,,,,,,,,0.0,0.0,0.0,0.0
RepaymentsOfLongTermLinesOfCredit / USD,,,,,,,,,,,,,,,,,,,,,,,,,,,,,,,,,,,,,,,,,,,,,,,,,,,,0.0,0.0,0.0,0.0,479000000.0,479000000.0,479000000.0,0.0,1065000000.0,3775000000.0,6805000000.0,479000000.0,2050000000.0,2175000000.0,2175000000.0,9804000000.0,0.0,0.0,0.0
RestrictedCash / USD,,,,,,,,,,,,,,,,,,,,,,,,,,,,,,,,,,,,,,,,,,,,,,,,,,,,0.0,0.0,0.0,0.0,86000000.0,86000000.0,86000000.0,0.0,9000000.0,9000000.0,56000000.0,86000000.0,67000000.0,72000000.0,73000000.0,62000000.0,75000000.0,76000000.0,76000000.0
RestrictedCashCurrent / USD,,,,,,,,,,,,,,,,,,,,,,,,,,,,,,,,,,,,,,,,,,,,,,,,,,,,0.0,0.0,0.0,,9000000.0,9000000.0,9000000.0,9000000.0,62000000.0,62000000.0,62000000.0,62000000.0,74000000.0,74000000.0,74000000.0,74000000.0,78000000.0,78000000.0,78000000.0
RestructuringCharges / USD,,,,,,,,34000000.0,,,,34000000.0,,,,0.0,,,4000000.0,0.0,133000000.0,140000000.0,203000000.0,7000000.0,-7000000.0,26000000.0,12000000.0,248000000.0,-10000000.0,-14000000.0,39000000.0,7000000.0,,3000000.0,3000000.0,36000000.0,0.0,0.0,0.0,6000000.0,6000000.0,38000000.0,38000000.0,0.0,,0.0,0.0,0.0,0.0,38000000.0,,5000000.0,27000000.0,43000000.0,12000000.0,22000000.0,22000000.0,22000000.0,44000000.0,,0.0,0.0,22000000.0,,3000000.0,3000000.0,5000000.0,,23000000.0,23000000.0
ResultsOfOperationsAccretionOfAssetRetirementObligations / USD,,,,,,,,,,,,,,,,,,,,,,,,,,,,,,,,,,,,,,,,,,,,,,,,,,,,,,,,,,,12000000.0,,,,1000000.0,,,,17000000.0,,,
ResultsOfOperationsDepreciationDepletionAndAmortizationAndValuationProvisions / USD,,,,,,,,,,,,,,,,,,,,,,,,,,,,,,,,,,,,,,,,,,,,,,,,,,,,,,,,,,,1014000000.0,,,,64000000.0,,,,1703000000.0,,,
ResultsOfOperationsExplorationExpense / USD,,,,,,,,,,,,,,,,,,,,,,,,,,,,,,,,,,,,,,,,,,,,134000000.0,,,,,134000000.0,,,,,,,,,,427000000.0,,,,2000000.0,,,,23000000.0,,,
ResultsOfOperationsIncomeTaxExpense / USD,,,,,,,,747000000.0,,,,-3114000000.0,,,,1233000000.0,,,,,,,,,,,,,,,,,,,,,,,,,,,,,,,,,,,,,,,,,,,-1988000000.0,,,,42000000.0,,,,1440000000.0,,,
ResultsOfOperationsOilAndGasProducingActivitiesNetIncomeExcludingCorporateOverheadAndInterestCosts / USD,,,,,,,,1168000000.0,,,,-5191000000.0,,,,1970000000.0,,,,,,,,,,,,,,,,,,,,,,,,,,,,,,,,,,,,,,,,,,,-6770000000.0,,,,137000000.0,,,,4933000000.0,,,
ResultsOfOperationsProductionOrLiftingCosts / USD,,,,,,,,,,,,,,,,,,,,,,,,,,,,,,,,,,,,,,,,,,,,,,,,,,,,,,,,,32000000.0,32000000.0,373000000.0,110000000.0,228000000.0,349000000.0,32000000.0,131000000.0,220000000.0,293000000.0,475000000.0,59000000.0,108000000.0,158000000.0
ResultsOfOperationsRevenueFromOilAndGasProducingActivities / USD,,,,,,,,,,,,,,,,,,,,,,,,,,,,,,,,,,,,,,,,,,,,,,,,,,,,,,,,,,,2745000000.0,,,,398000000.0,,,,9892000000.0,,,
ResultsOfOperationsTransportationCosts / USD,,,,,,,,,,,,,,,,,,,,,,,,,,,,1574000000.0,458000000.0,946000000.0,1429000000.0,2174000000.0,482000000.0,963000000.0,1436000000.0,2119000000.0,355000000.0,712000000.0,1081000000.0,,,,,,,,,,,,,,,,,,102000000.0,102000000.0,1082000000.0,242000000.0,516000000.0,802000000.0,102000000.0,264000000.0,471000000.0,663000000.0,1059000000.0,173000000.0,327000000.0,479000000.0
RetainedEarningsAccumulatedDeficit / USD,4569000000.0,4569000000.0,4569000000.0,-1261000000.0,-1261000000.0,-1261000000.0,-1261000000.0,-1261000000.0,190000000.0,190000000.0,190000000.0,190000000.0,1608000000.0,1608000000.0,1608000000.0,1608000000.0,437000000.0,437000000.0,437000000.0,437000000.0,688000000.0,688000000.0,688000000.0,688000000.0,1483000000.0,1483000000.0,1483000000.0,1483000000.0,-13202000000.0,-13202000000.0,-13202000000.0,-13202000000.0,-17603000000.0,-17603000000.0,-17603000000.0,-17474000000.0,-16525000000.0,-16525000000.0,-16525000000.0,-16525000000.0,-14130000000.0,-13912000000.0,-13912000000.0,-13912000000.0,,-14220000000.0,-14220000000.0,-14220000000.0,-13912000000.0,-14220000000.0,,-23954000000.0,-23954000000.0,-23954000000.0,-23954000000.0,0.0,0.0,0.0,0.0,3399000000.0,3399000000.0,3399000000.0,0.0,4974000000.0,4974000000.0,4974000000.0,4974000000.0,3876000000.0,3876000000.0,3876000000.0
Revenues / USD,1156000000.0,8648000000.0,7800000000.0,1995000000.0,1995000000.0,3668000000.0,5480000000.0,11629000000.0,2798000000.0,4810000000.0,7391000000.0,7702000000.0,1612000000.0,4930000000.0,8908000000.0,9366000000.0,2419000000.0,5807000000.0,8778000000.0,11635000000.0,3424000000.0,8098000000.0,12965000000.0,12316000000.0,5046000000.0,10198000000.0,15901000000.0,19080000000.0,3218000000.0,6739000000.0,10115000000.0,23125000000.0,1953000000.0,3575000000.0,5851000000.0,12764000000.0,2753000000.0,5034000000.0,6977000000.0,7872000000.0,8705000000.0,4813000000.0,7237000000.0,10039000000.0,,2196000000.0,4582000000.0,6669000000.0,10039000000.0,10030000000.0,,2525000000.0,3032000000.0,3992000000.0,8532000000.0,260000000.0,260000000.0,260000000.0,5240000000.0,935000000.0,4455000000.0,7617000000.0,260000000.0,3370000000.0,5261000000.0,6773000000.0,11743000000.0,1081000000.0,1586000000.0,2234000000.0
RevisionsOfPreviousQuantityEstimates / USD,,,,,,,,1524000000.0,,,,-1290000000.0,,,,199000000.0,,,,,,,,,,,,,,,,,,,,,,,,,,,,,,,,,,,,,,,,,,,-1839000000.0,,,,2034000000.0,,,,6697000000.0,,,
SalesAndTransfersOfOilAndGasProducedNetOfProductionCosts / USD,,,,,,,,-5896000000.0,,,,-2307000000.0,,,,-3199000000.0,,,,,,,,,,,,,,,,,,,,,,,,,,,,,,,,,,,,,,,,,,,-1140000000.0,,,,-3414000000.0,,,,8116000000.0,,,
SegmentExpenditureAdditionToLongLivedAssets / USD,,,,,,,,,,,,,,,,,,,,,,,,,,,,,,,,,,,,,,,,,,,,,,,,,,,,,,,,,,,,,,,,,,,1936000000.0,354000000.0,647000000.0,936000000.0
ShareBasedCompensation / USD,61000000.0,100000000.0,84000000.0,34000000.0,34000000.0,68000000.0,104000000.0,132000000.0,32000000.0,67000000.0,111000000.0,140000000.0,40000000.0,79000000.0,119000000.0,147000000.0,32000000.0,63000000.0,93000000.0,153000000.0,32000000.0,56000000.0,78000000.0,120000000.0,20000000.0,40000000.0,59000000.0,98000000.0,23000000.0,43000000.0,61000000.0,59000000.0,12000000.0,25000000.0,40000000.0,78000000.0,11000000.0,27000000.0,38000000.0,52000000.0,52000000.0,18000000.0,25000000.0,49000000.0,,6000000.0,17000000.0,24000000.0,49000000.0,32000000.0,,5000000.0,9000000.0,16000000.0,30000000.0,3000000.0,3000000.0,3000000.0,21000000.0,4000000.0,10000000.0,16000000.0,3000000.0,7000000.0,16000000.0,25000000.0,22000000.0,9000000.0,19000000.0,29000000.0
ShortTermLeaseCost / USD,,,,,,,,,,,,,,,,,,,,,,,,,,,,,,,,,,,,,,,,,22000000.0,48000000.0,82000000.0,112000000.0,,,,,112000000.0,112000000.0,,,,,112000000.0,,,,32000000.0,,,,0.0,,,,74000000.0,,,
StandardizedMeasureOfDiscountedFutureNetCashFlowOfProvedOilAndGasReservesOther / USD,,,,,,,,,,,,,,,,,,,,,,,,,,,,,,,,,,,,,,,,,,,,,,,,,,,,,,,,,,,-832000000.0,,,,-291000000.0,,,,-1292000000.0,,,
StandardizedMeasureOfDiscountedFutureNetCashFlowRelatingToProvedOilAndGasReservesAccretionOfDiscount / USD,,,,,,,,,,,,,,,,,,,,,,,,,,,,,,,,,,,,,,,,,,,,,,,,,,,,,,,,,,,902000000.0,,,,309000000.0,,,,1371000000.0,,,
StandardizedMeasureOfDiscountedFutureNetCashFlowsRelatingToProvedOilAndGasReserves / USD,,,,,,,,,,,,11833000000.0,,,,8203000000.0,,,,,,,,,,,,,,,,,,,,,,,,,,,,,,,,,,,,,,,,,,,9000000000.0,,,,3086000000.0,,,,12287000000.0,,,
StockIssuedDuringPeriodValueAcquisitions / USD,,,,,,,,,,,,,,,,,,,,,,,,,,,,,,,,,,,,,,,,,,,,,,,,,,,,,,,2037000000.0,0.0,0.0,0.0,1237000000.0,764000000.0,764000000.0,764000000.0,1237000000.0,,,,764000000.0,,,
StockIssuedDuringPeriodValueShareBasedCompensation / USD,,,,,,,,,,,,,,,,,,,,,,,,,,,,,,,,,,,,,,,,,,,,,,,,,,,,-31000000.0,-27000000.0,-20000000.0,27000000.0,3000000.0,3000000.0,3000000.0,-14000000.0,5000000.0,5000000.0,5000000.0,3000000.0,5000000.0,5000000.0,5000000.0,21000000.0,4000000.0,4000000.0,4000000.0
StockRepurchaseProgramAuthorizedAmount1 / USD,,,,,,,,,,,,,,,,,,,,,,,,,,,,,,,,,,,,,,,,,,,,,,,,,,,,,,,,1000000000.0,1000000000.0,1000000000.0,1000000000.0,1000000000.0,1000000000.0,1000000000.0,1000000000.0,,,,1000000000.0,1000000000.0,1000000000.0,1000000000.0
StockRepurchasedAndRetiredDuringPeriodShares / shares,,,,,,,,,,,,,,,,,,,,,,,,,,,,,,,,,,,,,,,,,,,,,,,,,,,,,,,,,1000000.0,1000000.0,11700000.0,1000000.0,1000000.0,1000000.0,1000000.0,,,,1000000.0,,,
StockRepurchasedAndRetiredDuringPeriodValue / USD,,,,,,,,,,,,,,,,,,,,,,,,,,,,,,,,,,,,,,,,,,,,,,,,,,,,,,,,83000000.0,83000000.0,83000000.0,1073000000.0,83000000.0,83000000.0,83000000.0,83000000.0,60000000.0,60000000.0,60000000.0,83000000.0,,100000000.0,100000000.0
StockRepurchasedDuringPeriodShares / shares,,,,,,,,,,,,,,,,,,,,,,,,,,,,,,,,,,,,,,,,,,,,,,,,,,,,,,,,1000000.0,,,,,,,,0.0,0.0,0.0,,0.0,900000.0,900000.0
StockRepurchasedDuringPeriodValue / USD,,,,,,,,,,,,,,,,,,,,,,,,,,,,,,,,,,,,,,,,,,,,,,,,,,,,,,,,83000000.0,,,,,,,,,,,,,100000000.0,100000000.0
StockholdersEquity / USD,11111000000.0,17017000000.0,17017000000.0,11444000000.0,11444000000.0,11444000000.0,11444000000.0,11444000000.0,,,,15264000000.0,16624000000.0,16624000000.0,16624000000.0,16624000000.0,15569000000.0,15569000000.0,15569000000.0,15569000000.0,15995000000.0,15995000000.0,15995000000.0,15995000000.0,16903000000.0,16903000000.0,16903000000.0,16903000000.0,2138000000.0,2138000000.0,2138000000.0,2138000000.0,-1460000000.0,-1460000000.0,-1460000000.0,-1331000000.0,-496000000.0,-496000000.0,-496000000.0,-496000000.0,1899000000.0,2092000000.0,2092000000.0,2092000000.0,,4364000000.0,4364000000.0,4364000000.0,2092000000.0,4364000000.0,,-5341000000.0,-5341000000.0,-5341000000.0,-5341000000.0,3586000000.0,3586000000.0,3586000000.0,3586000000.0,9124000000.0,5671000000.0,5671000000.0,-5341000000.0,9124000000.0,9124000000.0,9124000000.0,5671000000.0,10729000000.0,10729000000.0,10729000000.0
TaxCreditCarryforwardAmount / USD,,,,,,,,,,,,,,,,,,,,,,,,,,,,,,,,,,,,,,3000000.0,3000000.0,,,,,,,,,,,,,,,,,,,,,,,,,,,,9000000.0,,,
TaxesPayableCurrent / USD,,,,,,,,,,,,,,,,,,,,,,,,,,,,,,,,,,,,,,,,,,,,,,,,,,,,,,,,,,,,,84000000.0,84000000.0,84000000.0,84000000.0,84000000.0,84000000.0,84000000.0,142000000.0,142000000.0,142000000.0
TreasuryStockAcquiredAverageCostPerShare / USD/shares,,,,,,,,,,,,,,,,,,,,,,,,,,,,,,,,,,,,,,,,,,,,,,,,,,,,,,,,,,,,,82.98,82.98,82.98,,,,82.98,,,
UnamortizedDebtIssuanceExpense / USD,,,,,,,,162000000.0,,,,162000000.0,,,,163000000.0,,,,182000000.0,,,,145000000.0,,,,130000000.0,,,,,,,,,,,,,,,,,,,,,,,,,,,,,9000000.0,9000000.0,,7000000.0,7000000.0,7000000.0,,5000000.0,5000000.0,5000000.0,5000000.0,10000000.0,10000000.0,10000000.0
UnprovedOilAndGasPropertySuccessfulEffortMethod / USD,,,,,,,,,,,,,,,,,,,,,,,,,,,,,,,,,,,,,,,,,2024000000.0,1561000000.0,1561000000.0,1561000000.0,,2173000000.0,2173000000.0,2173000000.0,1561000000.0,2173000000.0,,1550000000.0,1550000000.0,1550000000.0,1550000000.0,1530000000.0,483000000.0,483000000.0,483000000.0,2022000000.0,2022000000.0,2022000000.0,483000000.0,1806000000.0,1806000000.0,1806000000.0,1806000000.0,5897000000.0,5897000000.0,5897000000.0
UnrealizedGainLossOnDerivatives / USD,-4538000000.0,89000000.0,-415000000.0,145000000.0,145000000.0,-29000000.0,-295000000.0,712000000.0,342000000.0,-5000000.0,45000000.0,-497000000.0,-1188000000.0,-1087000000.0,-456000000.0,,,,,,,,,-561000000.0,,,,,,,,,,,,,,,,,,,,,,,,,,,,,,,,,,,,,,,-9000000.0,21000000.0,21000000.0,6000000.0,,,,
UnrecognizedTaxBenefits / USD,,,,,,,,133000000.0,,,,60000000.0,,,,369000000.0,,,,34000000.0,,317000000.0,,369000000.0,,45000000.0,45000000.0,599000000.0,,,64000000.0,644000000.0,,,,303000000.0,,,,280000000.0,280000000.0,,,202000000.0,,,,,202000000.0,106000000.0,,,,,79000000.0,,,,74000000.0,,,,74000000.0,,,,74000000.0,,,
UnrecognizedTaxBenefitsDecreasesResultingFromPriorPeriodTaxPositions / USD,,,,,,,,-120000000.0,,,,,,,,,,,,,,,,0.0,,,,0.0,,,,354000000.0,,,,50000000.0,,1000000.0,2000000.0,0.0,0.0,,,0.0,,,,,0.0,4000000.0,,,,,0.0,,,,0.0,,,,0.0,,,,9000000.0,,,
UnrecognizedTaxBenefitsDecreasesResultingFromSettlementsWithTaxingAuthorities / USD,,,,,,,,,,,,,,,,,,,,,,,,,,,,,,,,0.0,,,,0.0,,,,111000000.0,111000000.0,,,100000000.0,,,,,100000000.0,0.0,,,,,32000000.0,,,,0.0,,,,0.0,,,,0.0,,,
UnrecognizedTaxBenefitsIncreasesResultingFromAcquisition / USD,,,,,,,,,,,,,,,,,,,,,,,,,,,,,,,,,,,,,,,,,,,,,,,,,,,,,,,,,,,,,,,,,,,0.0,,,
UnrecognizedTaxBenefitsIncreasesResultingFromCurrentPeriodTaxPositions / USD,,,,,,,,48000000.0,,,,171000000.0,,,,0.0,,,,135000000.0,,,,134000000.0,,,,15000000.0,,,,13000000.0,,,,27000000.0,,,,0.0,0.0,,,0.0,,,,,0.0,0.0,,,,,0.0,,,,0.0,,,,0.0,,,,2000000.0,,,
UnrecognizedTaxBenefitsIncreasesResultingFromPriorPeriodTaxPositions / USD,,,,,,,,,,,,-197000000.0,,,,-197000000.0,,,,200000000.0,,,,96000000.0,,,,30000000.0,,,,0.0,,,,0.0,,,,33000000.0,33000000.0,,,4000000.0,,,,,4000000.0,0.0,,,,,27000000.0,,,,0.0,,,,0.0,,,,2000000.0,,,
UnrecognizedTaxBenefitsInterestOnIncomeTaxesAccrued / USD,,,,,,,,,,,,,,,,,,,,,,,,13000000.0,,,,5000000.0,,,,20000000.0,,,,20000000.0,,,,23000000.0,23000000.0,,,20000000.0,,,,,20000000.0,,,,,,,,,,,,,,,,,,0.0,,,
UnrecognizedTaxBenefitsReductionsResultingFromLapseOfApplicableStatuteOfLimitations / USD,,,,,,,,,,,,,,,,,,,,,,,,,,,,,,,,,,,,,,,,0.0,0.0,,,0.0,,,,,0.0,23000000.0,,,,,0.0,,,,0.0,,,,0.0,,,,0.0,,,
UnrecognizedTaxBenefitsThatWouldImpactEffectiveTaxRate / USD,,,,,,,,,,,,,,,,,,,,,,,,,,,,,,,,,,,,,,,,61000000.0,61000000.0,,,29000000.0,,,,,29000000.0,29000000.0,,,,,29000000.0,,,,33000000.0,,,,34000000.0,,,,47000000.0,,,
ValuationAllowanceDeferredTaxAssetChangeInAmount / USD,,,,,,,,,,,,,,,,,,,,,,,,,,,,,,,,1440000000.0,,,,1715000000.0,,,,241000000.0,108000000.0,,,206000000.0,,,,,206000000.0,2003000000.0,,,,,1425000000.0,,,,-2038000000.0,,,,-33000000.0,,,,31000000.0,,,
WeightedAverageNumberOfDilutedSharesOutstanding / shares,507000000.0,557000000.0,487000000.0,597000000.0,597000000.0,600000000.0,606000000.0,545000000.0,647000000.0,665000000.0,692000000.0,612000000.0,634000000.0,645000000.0,752000000.0,706000000.0,642000000.0,752000000.0,643000000.0,752000000.0,651000000.0,653000000.0,654000000.0,643000000.0,765000000.0,760000000.0,659000000.0,653000000.0,661000000.0,662000000.0,662000000.0,772000000.0,668000000.0,695000000.0,722000000.0,662000000.0,907000000.0,1053000000.0,908000000.0,764000000.0,764000000.0,908000000.0,909000000.0,906000000.0,,6902000.0,7524000.0,7848000.0,4529000.0,4546000.0,,9753000.0,9765000.0,9770000.0,8325000.0,10071000.0,10071000.0,10071000.0,9773000.0,120805000.0,145534000.0,145031000.0,10071000.0,144731000.0,144007000.0,143463000.0,145961000.0,141752000.0,131030000.0,131958000.0
WeightedAverageNumberOfSharesOutstandingBasic / shares,507000000.0,523000000.0,456000000.0,597000000.0,597000000.0,600000000.0,606000000.0,536000000.0,630000000.0,630000000.0,631000000.0,612000000.0,634000000.0,635000000.0,636000000.0,631000000.0,642000000.0,642000000.0,643000000.0,637000000.0,651000000.0,653000000.0,654000000.0,643000000.0,658000000.0,658000000.0,659000000.0,653000000.0,661000000.0,662000000.0,662000000.0,659000000.0,668000000.0,695000000.0,722000000.0,662000000.0,906000000.0,907000000.0,908000000.0,764000000.0,764000000.0,908000000.0,909000000.0,906000000.0,,6902000.0,7524000.0,7848000.0,4529000.0,4546000.0,,9753000.0,9765000.0,9770000.0,8325000.0,9781000.0,9781000.0,9781000.0,9773000.0,120805000.0,123826000.0,122924000.0,9781000.0,134742000.0,134125000.0,133460000.0,125785000.0,130893000.0,131030000.0,131958000.0
