fact_unit,2010-07-30,2010-10-29,2011-02-11,2011-04-29,2011-07-29,2011-11-07,2012-02-10,2012-04-27,2012-07-27,2012-10-26,2013-02-06,2013-04-26,2013-07-26,2013-10-31,2014-02-07,2014-05-02,2014-08-01,2014-10-31,2015-02-06,2015-05-01,2015-07-31,2015-10-30,2015-11-16,2016-02-11,2016-04-29,2016-07-29,2016-10-28,2017-02-10,2017-04-28,2017-07-28,2017-10-27,2018-02-09,2018-04-27,2018-07-27,2018-10-26,2019-02-08,2019-05-03,2019-07-25,2019-11-07,2020-02-14,2020-04-29,2020-05-21,2020-07-31,2020-11-05,2021-02-12,2021-05-07,2021-08-06,2021-11-05,2022-02-11,2022-05-03,2022-08-05,2022-11-04,2023-02-10,2023-05-05,2023-08-03,2023-11-03,2024-02-09,2024-05-03,2024-08-09,2024-11-08,2025-02-07,2025-05-09,2025-08-08,2025-11-07
AccountsPayableOtherCurrent / USD,,,,,,,,,,,,,,283029000.0,283029000.0,261288000.0,261288000.0,261288000.0,261288000.0,361382000.0,361382000.0,361382000.0,261288000.0,361382000.0,485557000.0,485557000.0,485557000.0,485557000.0,577012000.0,577012000.0,577012000.0,577012000.0,698000000.0,698000000.0,698000000.0,698000000.0,788000000.0,788000000.0,788000000.0,788000000.0,,906000000.0,906000000.0,906000000.0,906000000.0,496000000.0,496000000.0,496000000.0,496000000.0,688000000.0,688000000.0,688000000.0,688000000.0,947000000.0,947000000.0,947000000.0,947000000.0,1077000000.0,1077000000.0,1077000000.0,1077000000.0,1039000000.0,1039000000.0,1039000000.0
AccountsReceivableNetCurrent / USD,307817000.0,307817000.0,307817000.0,328468000.0,328468000.0,328468000.0,275846000.0,339427000.0,339427000.0,339427000.0,339427000.0,461531000.0,461531000.0,461531000.0,461531000.0,614735000.0,614735000.0,614735000.0,614735000.0,778334000.0,778334000.0,778334000.0,614735000.0,778334000.0,1082406000.0,1082406000.0,1082406000.0,1082406000.0,1343247000.0,1343247000.0,1343247000.0,1343247000.0,1866000000.0,1866000000.0,1866000000.0,1866000000.0,2151000000.0,2151000000.0,2151000000.0,2151000000.0,,2524000000.0,2524000000.0,2524000000.0,2524000000.0,701000000.0,701000000.0,701000000.0,701000000.0,1264000000.0,1264000000.0,1264000000.0,1264000000.0,2078000000.0,2078000000.0,2078000000.0,2078000000.0,2786000000.0,2786000000.0,2786000000.0,2786000000.0,3213000000.0,3213000000.0,3213000000.0
AccruedIncomeTaxesCurrent / USD,,,,,,,,,,,,,,,62025000.0,61874000.0,61874000.0,61874000.0,61874000.0,59661000.0,59661000.0,59661000.0,61874000.0,59661000.0,68019000.0,68019000.0,68019000.0,68019000.0,49739000.0,49739000.0,49739000.0,49739000.0,33000000.0,33000000.0,33000000.0,33000000.0,74000000.0,74000000.0,74000000.0,74000000.0,,88000000.0,88000000.0,88000000.0,88000000.0,50000000.0,50000000.0,50000000.0,50000000.0,16000000.0,16000000.0,16000000.0,16000000.0,21000000.0,21000000.0,21000000.0,21000000.0,26000000.0,26000000.0,26000000.0,26000000.0,51000000.0,51000000.0,51000000.0
AccruedLiabilitiesCurrent / USD,325184000.0,325184000.0,325184000.0,322827000.0,322827000.0,322827000.0,272770000.0,333237000.0,333237000.0,333237000.0,333237000.0,590505000.0,590505000.0,590505000.0,556244000.0,536895000.0,536895000.0,536895000.0,536895000.0,753625000.0,753625000.0,753625000.0,536895000.0,753625000.0,1469725000.0,1469725000.0,1469725000.0,1469725000.0,1090826000.0,1090826000.0,1090826000.0,1090826000.0,1265000000.0,1265000000.0,1265000000.0,1265000000.0,808000000.0,808000000.0,808000000.0,808000000.0,,1050000000.0,1050000000.0,1050000000.0,1050000000.0,979000000.0,979000000.0,979000000.0,979000000.0,824000000.0,824000000.0,824000000.0,824000000.0,787000000.0,787000000.0,787000000.0,787000000.0,752000000.0,752000000.0,752000000.0,752000000.0,766000000.0,766000000.0,766000000.0
AccumulatedDepreciationDepletionAndAmortizationPropertyPlantAndEquipment / USD,,,,,,,434296000.0,,,,552241000.0,,,,655301000.0,,,,781477000.0,,,,781477000.0,1011085000.0,,,,1201744000.0,,,,1575879000.0,,,,2056000000.0,,,,2552000000.0,,,,,2833000000.0,,,,3289000000.0,,,,2568000000.0,,,,2744000000.0,,,,2765000000.0,,,
AccumulatedOtherComprehensiveIncomeLossNetOfTax / USD,3379000.0,3379000.0,3379000.0,-8803000.0,-8803000.0,-8803000.0,-8803000.0,-17350000.0,-17350000.0,-17350000.0,-17350000.0,22000.0,22000.0,22000.0,22000.0,18197000.0,18197000.0,18197000.0,18197000.0,-138774000.0,-138774000.0,-138774000.0,18197000.0,-138774000.0,-284894000.0,-284894000.0,-284894000.0,-284894000.0,-280399000.0,-280399000.0,-280399000.0,-280399000.0,-149000000.0,-149000000.0,-149000000.0,-149000000.0,-220000000.0,-220000000.0,-220000000.0,-220000000.0,,-217000000.0,-217000000.0,-217000000.0,-217000000.0,-178000000.0,-178000000.0,-178000000.0,-178000000.0,-149000000.0,-149000000.0,-149000000.0,-149000000.0,-234000000.0,-234000000.0,-234000000.0,-234000000.0,-209000000.0,-209000000.0,-209000000.0,-209000000.0,-232000000.0,-232000000.0,-232000000.0
AdditionalPaidInCapitalCommonStock / USD,,,,,,,,,,,,,,,,,,,,,,,,5921140000.0,8696508000.0,8696508000.0,8696508000.0,8696508000.0,8794298000.0,8794298000.0,8794298000.0,8794298000.0,9163000000.0,9163000000.0,9163000000.0,9163000000.0,9549000000.0,9549000000.0,9549000000.0,9549000000.0,,12978000000.0,12978000000.0,12978000000.0,12978000000.0,13566000000.0,13566000000.0,13566000000.0,13566000000.0,14229000000.0,14229000000.0,14229000000.0,14229000000.0,14795000000.0,14795000000.0,14795000000.0,14795000000.0,15398000000.0,15398000000.0,15398000000.0,15398000000.0,16043000000.0,16043000000.0,16043000000.0
AdjustmentsRelatedToTaxWithholdingForShareBasedCompensation / USD,,,,,,,,,,,,,,,,,,,,,,,,85033000.0,,,,85033000.0,,,,85033000.0,,,,1000000.0,2000000.0,2000000.0,2000000.0,9000000.0,,,2000000.0,2000000.0,2000000.0,7000000.0,7000000.0,7000000.0,2000000.0,7000000.0,7000000.0,7000000.0,20000000.0,,4000000.0,5000000.0,20000000.0,2000000.0,4000000.0,5000000.0,7000000.0,2000000.0,2000000.0,2000000.0
AdjustmentsToAdditionalPaidInCapitalSharebasedCompensationRequisiteServicePeriodRecognitionValue / USD,,,60094000.0,,,,59805000.0,,,,56427000.0,,,,77075000.0,,,,57545000.0,,,,57545000.0,116735000.0,,,,69620000.0,,,,147988000.0,,,,196000000.0,49000000.0,103000000.0,157000000.0,148000000.0,,56000000.0,119000000.0,177000000.0,208000000.0,59000000.0,118000000.0,173000000.0,246000000.0,91000000.0,225000000.0,355000000.0,225000000.0,97000000.0,201000000.0,307000000.0,465000000.0,114000000.0,236000000.0,357000000.0,411000000.0,118000000.0,251000000.0,416000000.0
AdvertisingExpense / USD,,,,,,,622000000.0,,,,694000000.0,,,,797000000.0,,,,890000000.0,,,,890000000.0,1200000000.0,,,,1600000000.0,,,,2100000000.0,,,,,,,,3300000000.0,,,,,3400000000.0,,,,3500000000.0,,,,1200000000.0,,,,2700000000.0,,,,3900000000.0,,,
AllocatedShareBasedCompensationExpense / USD,,,,,,,,,,,,,,,,,,,,,,,,,,,,,,,48000000.0,,,,,242000000.0,,,,149000000.0,,,,,203000000.0,,,,241000000.0,,,,205000000.0,,,,418000000.0,,,,374000000.0,,,
AllowanceForDoubtfulAccountsReceivableCurrent / USD,14562000.0,14562000.0,14562000.0,12114000.0,12114000.0,12114000.0,6930000.0,7959000.0,7959000.0,7959000.0,7959000.0,10771000.0,10771000.0,10771000.0,10771000.0,11555000.0,11555000.0,11555000.0,11555000.0,13760000.0,13760000.0,13760000.0,11555000.0,13760000.0,27035000.0,27035000.0,27035000.0,27035000.0,25278000.0,25278000.0,25278000.0,25278000.0,31000000.0,31000000.0,31000000.0,31000000.0,34000000.0,34000000.0,34000000.0,34000000.0,,41000000.0,41000000.0,41000000.0,41000000.0,101000000.0,101000000.0,101000000.0,101000000.0,65000000.0,65000000.0,65000000.0,65000000.0,40000000.0,40000000.0,40000000.0,40000000.0,46000000.0,46000000.0,46000000.0,46000000.0,55000000.0,55000000.0,55000000.0
AllowanceForDoubtfulAccountsReceivableWriteOffs / USD,,,,,,,,,,,,,,,,,,,,,,,,,,,,,,,,,,,,,,,,,,,,,,4000000.0,13000000.0,18000000.0,,2000000.0,11000000.0,16000000.0,,7000000.0,13000000.0,18000000.0,,3000000.0,6000000.0,15000000.0,,5000000.0,9000000.0,18000000.0
AmortizationOfIntangibleAssets / USD,18371000.0,27959000.0,69436000.0,9028000.0,17372000.0,25498000.0,23875000.0,5834000.0,11748000.0,17312000.0,22514000.0,3422000.0,12053000.0,21527000.0,21925000.0,12570000.0,31407000.0,49921000.0,31705000.0,18492000.0,36756000.0,55275000.0,31705000.0,71731000.0,25042000.0,51922000.0,83322000.0,76773000.0,89999000.0,174180000.0,249119000.0,156458000.0,67000000.0,133000000.0,204000000.0,317000000.0,72000000.0,144000000.0,215000000.0,275000000.0,,52000000.0,104000000.0,154000000.0,283000000.0,44000000.0,85000000.0,122000000.0,198000000.0,27000000.0,53000000.0,77000000.0,154000000.0,22000000.0,43000000.0,66000000.0,99000000.0,15000000.0,30000000.0,44000000.0,88000000.0,15000000.0,30000000.0,44000000.0
AntidilutiveSecuritiesExcludedFromComputationOfEarningsPerShareAmount / shares,,,,,,,,,,,,,,,,19000000.0,18000000.0,4000000.0,1000000.0,18000000.0,7000000.0,4000000.0,1000000.0,4000000.0,11000000.0,7000000.0,7000000.0,4000000.0,23000000.0,22000000.0,9000000.0,2000000.0,23000000.0,21000000.0,1000000.0,7000000.0,23000000.0,22000000.0,5000000.0,4000000000000.0,,21000000.0,5000000.0,2000000.0,9000000.0,18000000.0,26000000.0,,11000000.0,,,,11000000.0,,,,9000000.0,,,,4000000.0,,,
Assets / USD,5937156000.0,5937156000.0,5937156000.0,6650994000.0,6650994000.0,6650994000.0,6656922000.0,6505258000.0,6505258000.0,6505258000.0,6505258000.0,7085195000.0,7085195000.0,7085195000.0,7132746000.0,7739481000.0,7739481000.0,7739481000.0,7739481000.0,9020538000.0,9020538000.0,9020538000.0,7739481000.0,9020538000.0,15485675000.0,15485675000.0,15485675000.0,15485675000.0,15777546000.0,15777546000.0,15777546000.0,15777546000.0,18516000000.0,18516000000.0,18516000000.0,18516000000.0,18033000000.0,18033000000.0,18033000000.0,18033000000.0,,21416000000.0,21416000000.0,21416000000.0,21416000000.0,18690000000.0,18690000000.0,18690000000.0,18690000000.0,21548000000.0,21548000000.0,21548000000.0,21548000000.0,21561000000.0,21561000000.0,21561000000.0,21561000000.0,21642000000.0,21642000000.0,21642000000.0,21642000000.0,22388000000.0,22388000000.0,22388000000.0
AssetsCurrent / USD,1225049000.0,1225049000.0,1225049000.0,1701627000.0,1701627000.0,1701627000.0,1707555000.0,2274429000.0,2274429000.0,2274429000.0,2274429000.0,2614502000.0,2614502000.0,2614502000.0,2642266000.0,2219287000.0,2219287000.0,2219287000.0,2219287000.0,2924489000.0,2924489000.0,2924489000.0,2219287000.0,2924489000.0,2976261000.0,2976261000.0,2976261000.0,2976261000.0,3450251000.0,3450251000.0,3450251000.0,3450251000.0,5540000000.0,5540000000.0,5540000000.0,5540000000.0,5197000000.0,5197000000.0,5197000000.0,5197000000.0,,7735000000.0,7735000000.0,7735000000.0,7735000000.0,5634000000.0,5634000000.0,5634000000.0,5634000000.0,8181000000.0,8181000000.0,8181000000.0,8181000000.0,8791000000.0,8791000000.0,8791000000.0,8791000000.0,9230000000.0,9230000000.0,9230000000.0,9230000000.0,9815000000.0,9815000000.0,9815000000.0
CapitalizedComputerSoftwareAmortization1 / USD,,,,,,,,,,,,,,,,,,,,,,,,,,,,185000000.0,,,,230000000.0,,,,300000000.0,,,,398000000.0,,,,,479000000.0,,,,556000000.0,,,,593000000.0,,,,588000000.0,,,,597000000.0,,,
CapitalizedComputerSoftwareNet / USD,,,,,,,133000000.0,,,,184000000.0,,,,257000000.0,,,,325000000.0,,,,325000000.0,386000000.0,,,,484000000.0,,,,639000000.0,,,,735000000.0,,,,829000000.0,,,,,893000000.0,,,,898000000.0,,,,895000000.0,,,,960000000.0,,,,999000000.0,,,
CashAndCashEquivalentsAtCarryingValue / USD,665412000.0,665412000.0,617386000.0,642544000.0,642544000.0,642544000.0,657411000.0,621199000.0,621199000.0,621199000.0,611180000.0,689134000.0,689134000.0,689134000.0,621199000.0,1293161000.0,1293161000.0,1293161000.0,689134000.0,1021033000.0,1021033000.0,1021033000.0,689134000.0,1293161000.0,1402700000.0,1402700000.0,1402700000.0,1021033000.0,1676299000.0,1676299000.0,1676299000.0,1402700000.0,2847000000.0,2847000000.0,2847000000.0,2847000000.0,2443000000.0,2443000000.0,2443000000.0,2443000000.0,,3315000000.0,3315000000.0,3315000000.0,3315000000.0,3363000000.0,3363000000.0,3363000000.0,3363000000.0,4111000000.0,4111000000.0,4111000000.0,4111000000.0,4096000000.0,4096000000.0,4096000000.0,4096000000.0,4225000000.0,4225000000.0,4225000000.0,4225000000.0,4183000000.0,4183000000.0,4183000000.0
CashCashEquivalentsRestrictedCashAndRestrictedCashEquivalents / USD,,,,,,,,,,,,,,,,,,,,,,,,,,,,,,,,,1818000000.0,1818000000.0,1818000000.0,1713000000.0,2917000000.0,2917000000.0,2917000000.0,1818000000.0,,2705000000.0,2705000000.0,2705000000.0,2917000000.0,4097000000.0,4097000000.0,4097000000.0,2705000000.0,4138000000.0,4138000000.0,4138000000.0,4097000000.0,5805000000.0,5805000000.0,5805000000.0,4138000000.0,5851000000.0,5851000000.0,5851000000.0,5805000000.0,5661000000.0,5661000000.0,5661000000.0
CashCashEquivalentsRestrictedCashAndRestrictedCashEquivalentsPeriodIncreaseDecreaseIncludingExchangeRateEffect / USD,,,,,,,,,,,,,,,,,,,,,,,,,,,,,,,,,721000000.0,1105000000.0,1470000000.0,105000000.0,729000000.0,495000000.0,192000000.0,1099000000.0,,1453000000.0,2175000000.0,1542000000.0,-212000000.0,624000000.0,2269000000.0,984000000.0,1392000000.0,2127000000.0,3867000000.0,2480000000.0,41000000.0,2330000000.0,2519000000.0,561000000.0,1667000000.0,2536000000.0,2907000000.0,641000000.0,46000000.0,1961000000.0,2701000000.0,385000000.0
CommonStockDividendsPerShareDeclared / USD/shares,0.14,0.21,0.28,0.07,0.14,0.21,0.56,0.14,0.28,0.42,0.56,0.09,0.18,0.31,0.56,0.13,0.26,0.41,0.96,0.15,0.3,0.48,0.96,0.56,0.18,0.36,0.6,0.66,0.24,0.24,0.24,0.84,0.28,0.56,0.86,1.0,0.3,0.6,0.92,1.16,,0.32,0.64,0.98,1.24,0.34,0.34,0.34,0.32,,,,0.34,,,,,,,,,0.4,0.4,0.4
CommonStockParOrStatedValuePerShare / USD/shares,,,,,,,,,,,,,,,,,,,,,,,,,,,,,,,,,,,,,,,,,,,,,,,,0.0001,0.0001,0.0001,0.0001,0.0001,0.0001,0.0001,0.0001,0.0001,0.0001,0.0001,0.0001,0.0001,0.0001,0.0001,0.0001,0.0001
CommonStockSharesAuthorized / shares,,,,,,,,,,,,,,,,,,,,,,,,,,,,,,,,,,,,,,,,,,,,,,,,1600000000.0,1600000000.0,1600000000.0,1600000000.0,1600000000.0,1600000000.0,1600000000.0,1600000000.0,1600000000.0,1600000000.0,1600000000.0,1600000000.0,1600000000.0,1600000000.0,1600000000.0,1600000000.0,1600000000.0
CommonStockSharesIssued / shares,,,,,,,,,,,,,,,,,,,,,,,,,,,,,,,,,,,,,,,,,,,,,,,,261564000.0,261564000.0,274661000.0,274661000.0,274661000.0,274661000.0,278264000.0,278264000.0,278264000.0,278264000.0,282149000.0,282149000.0,282149000.0,282149000.0,287509000.0,287509000.0,287509000.0
CommonStockSharesOutstanding / shares,,,,,,,,,,,,,,,,,,,,,,,,,,,,,,,,,,,,,,,136832712.0,136832712.0,,,,,136832712.0,,,138074000.0,136832712.0,150125000.0,150125000.0,150125000.0,150125000.0,147757000.0,147757000.0,147757000.0,147757000.0,131522000.0,131522000.0,131522000.0,131522000.0,123271000.0,123271000.0,123271000.0
CommonStockValue / USD,,,,,,,,,,,,,,,,,,,,,,,,,,,,,,,,,,,,,,,,,,,,,,,,0.0,0.0,0.0,0.0,0.0,0.0,0.0,0.0,0.0,0.0,0.0,0.0,0.0,0.0,0.0,0.0,0.0
ComprehensiveIncomeNetOfTaxAttributableToNoncontrollingInterest / USD,,,,,,,4351000.0,775000.0,5797000.0,8750000.0,4575000.0,990000.0,972000.0,424000.0,9616000.0,-2630000.0,-9595000.0,-13310000.0,1559000.0,9786000.0,3822000.0,-23932000.0,1559000.0,-12485000.0,-44252000.0,-71608000.0,-78580000.0,-32902000.0,9658000.0,-19718000.0,-17692000.0,-86662000.0,7000000.0,31000000.0,41000000.0,-29000000.0,-1000000.0,-32000000.0,-29000000.0,45000000.0,,-5000000.0,5000000.0,-13000000.0,-26000000.0,-102000000.0,-100000000.0,-94000000.0,-1000000.0,-19000000.0,-18000000.0,-25000000.0,-88000000.0,-6000000.0,-26000000.0,-51000000.0,-24000000.0,10000000.0,11000000.0,-115000000.0,-30000000.0,-3000000.0,-15000000.0,-11000000.0
ComprehensiveIncomeNetOfTaxIncludingPortionAttributableToNoncontrollingInterest / USD,,,,,,,323258000.0,77255000.0,229640000.0,405700000.0,413893000.0,12051000.0,93521000.0,278627000.0,473363000.0,-125660000.0,-58957000.0,133990000.0,299102000.0,5577000.0,86499000.0,258964000.0,299102000.0,238540000.0,-100815000.0,304261000.0,552950000.0,208224000.0,-101404000.0,-111330000.0,162481000.0,531683000.0,-50000000.0,94000000.0,521000000.0,251000000.0,-111000000.0,-207000000.0,310000000.0,554000000.0,,-105000000.0,89000000.0,438000000.0,312000000.0,-1487000000.0,-2193000000.0,-2345000000.0,567000000.0,-618000000.0,-776000000.0,-442000000.0,-2661000000.0,-140000000.0,-424000000.0,-44000000.0,17000000.0,-112000000.0,278000000.0,544000000.0,237000000.0,-151000000.0,222000000.0,939000000.0
ConstructionInProgressExpendituresIncurredButNotYetPaid / USD,,,,,,,,,,,,,,,,,,,,,,,,,,,,,,,,,,,,,,,,,,,,,,,,,,,,,,,,,,,,,26000000.0,,,
ConstructionInProgressGross / USD,,,,,,,28630000.0,,,,57022000.0,,,,42473000.0,,,,45394000.0,,,,45394000.0,31067000.0,,,,163839000.0,,,,252835000.0,,,,365000000.0,,,,531000000.0,,,,,510000000.0,,,,51000000.0,,,,33000000.0,,,,63000000.0,,,,151000000.0,,,
ContractWithCustomerLiabilityCurrent / USD,,,,,,,,,,,,,,,,,,,,,,,,,,,,,,,,,,,326000000.0,326000000.0,364000000.0,364000000.0,364000000.0,364000000.0,,321000000.0,321000000.0,321000000.0,321000000.0,172000000.0,172000000.0,172000000.0,172000000.0,166000000.0,166000000.0,166000000.0,166000000.0,163000000.0,163000000.0,163000000.0,163000000.0,164000000.0,164000000.0,164000000.0,164000000.0,164000000.0,164000000.0,164000000.0
CostOfGoodsAndServiceExcludingDepreciationDepletionAndAmortization / USD,,,,,,,,,,,,,,,,,,,,,,,,,,,,,,,,,,,,,,,,,,490000000.0,990000000.0,1538000000.0,1864000000.0,629000000.0,1010000000.0,1373000000.0,2066000000.0,311000000.0,685000000.0,1127000000.0,1649000000.0,371000000.0,790000000.0,1245000000.0,1522000000.0,414000000.0,821000000.0,1233000000.0,1657000000.0,358000000.0,720000000.0,1108000000.0
CurrentFederalTaxExpenseBenefit / USD,,,,,,,104021000.0,,,,72807000.0,,,,23933000.0,,,,56501000.0,,,,56501000.0,38209000.0,,,,120541000.0,,,,154050000.0,,,,-41000000.0,,,,12000000.0,,,,,186000000.0,,,,76000000.0,,,,-31000000.0,,,,17000000.0,,,,17000000.0,,,
CurrentForeignTaxExpenseBenefit / USD,,,,,,,7476000.0,,,,21003000.0,,,,34053000.0,,,,45721000.0,,,,45721000.0,47300000.0,,,,43536000.0,,,,69359000.0,,,,65000000.0,,,,130000000.0,,,,,167000000.0,,,,198000000.0,,,,96000000.0,,,,68000000.0,,,,102000000.0,,,
CurrentIncomeTaxExpenseBenefit / USD,,,,,,,123053000.0,,,,101161000.0,,,,65789000.0,,,,102198000.0,,,,102198000.0,85107000.0,,,,170722000.0,,,,224849000.0,,,,30000000.0,,,,148000000.0,,,,,395000000.0,,,,294000000.0,,,,65000000.0,,,,92000000.0,,,,125000000.0,,,
CurrentStateAndLocalTaxExpenseBenefit / USD,,,,,,,11556000.0,,,,7351000.0,,,,7803000.0,,,,-24000.0,,,,-24000.0,-402000.0,,,,6645000.0,,,,1440000.0,,,,6000000.0,,,,6000000.0,,,,,42000000.0,,,,20000000.0,,,,0.0,,,,7000000.0,,,,6000000.0,,,
DeferredFederalIncomeTaxExpenseBenefit / USD,,,,,,,-16012000.0,,,,25122000.0,,,,19837000.0,,,,-33724000.0,,,,-33724000.0,12371000.0,,,,-47390000.0,,,,-6865000.0,,,,-5000000.0,,,,-94000000.0,,,,,-273000000.0,,,,-53000000.0,,,,-315000000.0,,,,-137000000.0,,,,-4000000.0,,,
DeferredForeignIncomeTaxExpenseBenefit / USD,,,,,,,-3561000.0,,,,-3588000.0,,,,-10217000.0,,,,-21974000.0,,,,-21974000.0,-13588000.0,,,,-29222000.0,,,,-16926000.0,,,,-6000000.0,,,,-8000000.0,,,,,-10000000.0,,,,-29000000.0,,,,-108000000.0,,,,11000000.0,,,,76000000.0,,,
DeferredIncomeTaxAssetsNet / USD,,,,,,,,,,,,,,,,,,,,,,,,,,,,,,23658000.0,23658000.0,23658000.0,18000000.0,18000000.0,18000000.0,18000000.0,69000000.0,69000000.0,69000000.0,69000000.0,,145000000.0,145000000.0,145000000.0,145000000.0,659000000.0,659000000.0,659000000.0,659000000.0,766000000.0,766000000.0,766000000.0,766000000.0,661000000.0,661000000.0,661000000.0,661000000.0,586000000.0,586000000.0,586000000.0,586000000.0,496000000.0,496000000.0,496000000.0
DeferredIncomeTaxExpenseBenefit / USD,-7112000.0,-1174000.0,-209042000.0,6962000.0,3344000.0,8975000.0,-21551000.0,379000.0,4729000.0,8746000.0,19181000.0,10323000.0,8556000.0,16219000.0,9942000.0,4741000.0,25012000.0,2863000.0,-55120000.0,5793000.0,-809000.0,-27371000.0,-55120000.0,-772000.0,3478000.0,2021000.0,-42628000.0,-79031000.0,21886000.0,24107000.0,-66050000.0,-21635000.0,14000000.0,2000000.0,-89000000.0,-14000000.0,88000000.0,-6000000.0,-281000000.0,-103000000.0,,17000000.0,-15000000.0,-58000000.0,-308000000.0,-108000000.0,-279000000.0,-368000000.0,-91000000.0,-175000000.0,-241000000.0,-158000000.0,-488000000.0,-101000000.0,-83000000.0,106000000.0,-145000000.0,-57000000.0,-17000000.0,49000000.0,70000000.0,-38000000.0,39000000.0,66000000.0
DeferredIncomeTaxLiabilities / USD,,,,,,,,,,,,,,,,,,,,,,,,525924000.0,,,,892855000.0,,,,908311000.0,,,,636000000.0,,,,486000000.0,,,,,613000000.0,,,,650000000.0,,,,639000000.0,,,,484000000.0,,,,488000000.0,,,
DeferredIncomeTaxLiabilitiesNet / USD,,,,,,,,,,,,,,,,,,,,,,,,,,,,,,484970000.0,484970000.0,484970000.0,329000000.0,329000000.0,329000000.0,329000000.0,69000000.0,69000000.0,69000000.0,69000000.0,,56000000.0,56000000.0,56000000.0,56000000.0,67000000.0,67000000.0,67000000.0,67000000.0,58000000.0,58000000.0,58000000.0,58000000.0,52000000.0,52000000.0,52000000.0,52000000.0,33000000.0,33000000.0,33000000.0,33000000.0,19000000.0,19000000.0,19000000.0
DeferredStateAndLocalIncomeTaxExpenseBenefit / USD,,,,,,,-1978000.0,,,,-2353000.0,,,,322000.0,,,,578000.0,,,,578000.0,445000.0,,,,-2419000.0,,,,2156000.0,,,,-3000000.0,,,,-1000000.0,,,,,-25000000.0,,,,-9000000.0,,,,-65000000.0,,,,-19000000.0,,,,-2000000.0,,,
DeferredTaxAssetsGross / USD,,,,,,,144383000.0,,,,160829000.0,,,,222940000.0,,,,217983000.0,,,,217983000.0,303036000.0,,,,557322000.0,,,,512515000.0,,,,401000000.0,,,,566000000.0,,,,,779000000.0,,,,1458000000.0,,,,1518000000.0,,,,1335000000.0,,,,1285000000.0,,,
DeferredTaxAssetsInProcessResearchAndDevelopment / USD,,,,,,,3701000.0,,,,,,,,,,,,,,,,,,,,,,,,,,,,,,,,,,,,,,,,,,,,,,2000000.0,,,,154000000.0,,,,325000000.0,,,
DeferredTaxAssetsInvestments / USD,,,,,,,,,,,,,,,,,,,,,,,,,,,,,,,,,,,,,,,,,,,,,,,,,87000000.0,,,,106000000.0,,,,194000000.0,,,,168000000.0,,,
DeferredTaxAssetsLiabilitiesNet / USD,,,,,,,-241502000.0,,,,-264479000.0,,,,-240732000.0,,,,-353251000.0,,,,-353251000.0,,,,,,,,,,,,,,,,,0.0,,,,,89000000.0,,,,592000000.0,,,,708000000.0,,,,609000000.0,,,,553000000.0,,,
DeferredTaxAssetsNet / USD,,,,,,,106425000.0,,,,137407000.0,,,,210245000.0,,,,185041000.0,,,,185041000.0,252288000.0,,,,434472000.0,,,,446999000.0,,,,325000000.0,,,,486000000.0,,,,,702000000.0,,,,1242000000.0,,,,1347000000.0,,,,1093000000.0,,,,1041000000.0,,,
DeferredTaxAssetsOther / USD,,,,,,,13187000.0,,,,23546000.0,,,,31683000.0,,,,28224000.0,,,,28224000.0,21637000.0,,,,28766000.0,,,,31569000.0,,,,52000000.0,,,,68000000.0,,,,,72000000.0,,,,89000000.0,,,,62000000.0,,,,59000000.0,,,,79000000.0,,,
DeferredTaxAssetsPropertyPlantAndEquipment / USD,,,,,,,,,,,,,,,,,,,,,,,,,,,,,,,,,,,,0.0,,,,55000000.0,,,,,102000000.0,,,,54000000.0,,,,17000000.0,,,,24000000.0,,,,23000000.0,,,
DeferredTaxAssetsTaxCreditCarryforwards / USD,,,,,,,,,,,,,,,,,,,,,,,,,,,,,,,,,,,,,,,,,,,,,,,,,,,,,,,,,,,,,103000000.0,,,
DeferredTaxAssetsTaxDeferredExpenseReservesAndAccrualsAccruedLiabilities / USD,,,,,,,42782000.0,,,,48382000.0,,,,43766000.0,,,,54986000.0,,,,54986000.0,85778000.0,,,,95499000.0,,,,94031000.0,,,,44000000.0,,,,87000000.0,,,,,100000000.0,,,,91000000.0,,,,85000000.0,,,,51000000.0,,,,42000000.0,,,
DeferredTaxAssetsValuationAllowance / USD,,,,,,,37958000.0,,,,23422000.0,,,,12695000.0,,,,32942000.0,,,,32942000.0,50748000.0,,,,122850000.0,,,,65516000.0,,,,76000000.0,,,,80000000.0,,,,,77000000.0,,,,216000000.0,,,,171000000.0,,,,242000000.0,,,,244000000.0,,,
DeferredTaxLiabilitiesGoodwillAndIntangibleAssets / USD,,,,,,,,,,,,,,,,,,,,,,,,,,,,,,,,,,,,,,,,,,,,,,,,,422000000.0,,,,418000000.0,,,,387000000.0,,,,345000000.0,,,
DeferredTaxLiabilitiesOther / USD,,,,,,,3816000.0,,,,534000.0,,,,1276000.0,,,,2081000.0,,,,2081000.0,6566000.0,,,,5565000.0,,,,16662000.0,,,,6000000.0,,,,,,,,,,,,,4000000.0,,,,15000000.0,,,,14000000.0,,,,0.0,,,
DefinedContributionPlanEmployerDiscretionaryContributionAmount / USD,,,,,,,,,,,,,,,,,,,,,,,,28000000.0,,,,36000000.0,,,,41000000.0,,,,53000000.0,,,,60000000.0,,,,,70000000.0,,,,81000000.0,,,,63000000.0,,,,68000000.0,,,,63000000.0,,,
DefinedContributionPlanEmployerMatchingContributionPercent / pure,,,,,,,,,,,,,,,,,,,0.03,,,,0.03,0.03,,,,0.03,,,,0.03,,,,0.03,,,,0.03,,,,,0.03,,,,0.03,,,,0.06,,,,0.06,,,,0.06,,,
DefinedContributionPlanMaximumAnnualContributionsPerEmployeePercent / pure,,,,,,,,,,,,,,,,,,,0.5,,,,0.5,0.5,,,,0.5,,,,0.5,,,,0.5,,,,0.5,,,,,0.5,,,,0.5,,,,0.5,,,,0.5,,,,0.5,,,
Depreciation / USD,49429000.0,75340000.0,76800000.0,25615000.0,55930000.0,86605000.0,93452000.0,29185000.0,60836000.0,97627000.0,105531000.0,34314000.0,72980000.0,116854000.0,133009000.0,48866000.0,100005000.0,152970000.0,164247000.0,62134000.0,127692000.0,195161000.0,164247000.0,211744000.0,74445000.0,153722000.0,240878000.0,265817000.0,105255000.0,221278000.0,344833000.0,336680000.0,141000000.0,293000000.0,449000000.0,477000000.0,167000000.0,336000000.0,507000000.0,614000000.0,,176000000.0,352000000.0,530000000.0,676000000.0,185000000.0,376000000.0,559000000.0,712000000.0,182000000.0,361000000.0,538000000.0,739000000.0,175000000.0,351000000.0,527000000.0,715000000.0,177000000.0,361000000.0,555000000.0,704000000.0,195000000.0,385000000.0,582000000.0
DepreciationDepletionAndAmortization / USD,,,,,,,,,,,,,,,,,,,,,,,,,,,,,,,,,,,,,,,,,,228000000.0,456000000.0,684000000.0,959000000.0,229000000.0,461000000.0,681000000.0,910000000.0,209000000.0,414000000.0,615000000.0,893000000.0,197000000.0,394000000.0,593000000.0,814000000.0,192000000.0,391000000.0,599000000.0,792000000.0,210000000.0,415000000.0,626000000.0
DividendsCommonStock / USD,,,,,,,,,,,,,,,,,,,,,,,,,,,,,,,,,,,,,,,,,,,,,,,,,,,,,,,,,,,,,,51000000.0,102000000.0,151000000.0
EarningsPerShareBasic / USD/shares,0.28,0.69,-8.8,0.21,0.61,1.23,2.08,0.38,1.41,2.94,2.98,-0.02,0.77,2.04,3.48,-0.77,-0.24,1.01,2.09,-0.11,0.58,2.57,2.09,1.73,0.35,3.85,6.03,3.09,-0.72,-0.51,1.35,5.87,-0.57,-0.19,2.13,1.87,-0.91,-0.9,2.59,2.49,,-0.69,0.54,3.3,2.71,-9.24,-14.57,-16.13,3.84,-4.17,-6.16,-3.67,-19.0,-0.78,-1.96,1.11,-1.8,-0.95,1.6,4.51,2.24,-0.99,1.88,7.07
EarningsPerShareDiluted / USD/shares,0.28,0.68,-8.8,0.2,0.6,1.21,2.05,0.37,1.38,2.89,2.93,-0.02,0.73,1.96,3.41,-0.77,-0.24,0.98,2.0,-0.11,0.56,2.48,2.0,1.67,0.34,3.74,5.86,2.99,-0.72,-0.51,1.31,5.7,-0.57,-0.19,2.06,1.82,-0.91,-0.9,2.54,2.42,,-0.69,0.53,3.24,2.65,-9.24,-14.57,-16.13,3.77,-4.17,-6.16,-3.67,-19.0,-0.78,-1.96,1.08,-1.8,-0.95,1.55,4.37,2.17,-0.99,1.79,6.75
EffectOfExchangeRateOnCashCashEquivalentsRestrictedCashAndRestrictedCashEquivalents / USD,,,,,,,,,,,,,,,,,,,,,,,,,,,,,,,,,,,,,17000000.0,-106000000.0,-119000000.0,147000000.0,,-11000000.0,20000000.0,-62000000.0,-139000000.0,-141000000.0,-93000000.0,-31000000.0,3000000.0,-73000000.0,-26000000.0,-126000000.0,61000000.0,-11000000.0,-165000000.0,-302000000.0,-177000000.0,11000000.0,10000000.0,-53000000.0,-190000000.0,-47000000.0,-81000000.0,-11000000.0
EffectiveIncomeTaxRateContinuingOperations / pure,,,,,,,,0.328,0.277,,1.444,0.195,0.21,,1.444,-0.016,-0.393,0.321,,-0.016,0.242,0.159,,,-0.029,0.221,0.211,,,0.424,-0.092,,0.356,0.586,0.066,,0.12,0.137,0.131,,,0.292,0.072,0.245,,0.056,-0.121,-0.12,,-0.225,-0.221,-0.253,,-0.409,-0.08,0.526,,-1.285,0.387,0.348,,0.124,0.283,0.235
EffectiveIncomeTaxRateReconciliationFdiiAmount / USD,,,,,,,,,,,,,,,,,,,,,,,,,,,,,,,,,,,,,,,,,,,,,,,,,,,,,,,,,0.0,,,,15000000.0,,,
EffectiveIncomeTaxRateReconciliationShareBasedCompensationExcessTaxBenefitAmount / USD,,,,,,,,,,,,,,,,,,,,,,,,,,,,,,,,,,,,,,,,,,,,,,,,,-12000000.0,,,,4000000.0,,,,-56000000.0,,,,-17000000.0,,,
EmployeeServiceShareBasedCompensationAllocationOfRecognizedPeriodCostsCapitalizedAmount / USD,,,,,,,,,,,,,,,,,,,,,,,,,,,,,,,,,,,,,,,,,,,,,24000000.0,,,,30000000.0,,,,36000000.0,,,,68000000.0,,,,54000000.0,,,
EmployeeServiceShareBasedCompensationNonvestedAwardsTotalCompensationCostNotYetRecognized / USD,,,,,,,79000000.0,,,,100000000.0,,,,146000000.0,,,,152000000.0,,,,152000000.0,345000000.0,,,,385000000.0,,,,410000000.0,,,,450000000.0,,,,454000000.0,,,,,462000000.0,,,,881000000.0,,,,938000000.0,,,,878000000.0,,,,795000000.0,,,
EmployeeServiceShareBasedCompensationTaxBenefitFromCompensationExpense / USD,,,,,,,18000000.0,,,,15000000.0,,,,12000000.0,,,,19000000.0,,,,19000000.0,17000000.0,,,,20000000.0,,,,45000000.0,,,,56000000.0,,,,38000000.0,,,,,39000000.0,,,,55000000.0,,,,44000000.0,,,,157000000.0,,,,106000000.0,,,
EntityPublicFloat / USD,,,3853956000.0,,,,5645466000.0,,,,4616389000.0,,,,6478366000.0,,,,7766127000.0,,,,,10856875000.0,,,,12722607000.0,,,,18137071000.0,,,,14376116000.0,,,,15872910000.0,15872910000.0,,,,11102938000.0,,,,23665358000.0,,,,14349625000.0,,,,15117457000.0,,,,15649026000.0,,,
EquitySecuritiesWithoutReadilyDeterminableFairValueAmount / USD,,,,,,,,,,,,,,,,,,,,,,,,,,,,,,,,,,,371000000.0,371000000.0,476000000.0,476000000.0,476000000.0,0.0,,,,,467000000.0,,330000000.0,330000000.0,330000000.0,330000000.0,330000000.0,330000000.0,330000000.0,330000000.0,330000000.0,330000000.0,330000000.0,330000000.0,330000000.0,330000000.0,330000000.0,293000000.0,293000000.0,293000000.0
EquitySecuritiesWithoutReadilyDeterminableFairValueDownwardPriceAdjustmentCumulativeAmount / USD,,,,,,,,,,,,,,,,,,,,,,,,,,,,,,,,,,,,,,,,,,,,,,105000000.0,105000000.0,105000000.0,105000000.0,105000000.0,105000000.0,105000000.0,105000000.0,105000000.0,105000000.0,105000000.0,105000000.0,105000000.0,105000000.0,105000000.0,127000000.0,127000000.0,164000000.0,164000000.0
FiniteLivedIntangibleAssetsAccumulatedAmortization / USD,,,,,,,691543000.0,,,,711425000.0,,,,745557000.0,,,,815800000.0,,,,815800000.0,866953000.0,,,,987065000.0,,,,1295629000.0,,,,1606000000.0,,,,1870000000.0,,,,,2064000000.0,,,,2215000000.0,,,,2144000000.0,,,,1544000000.0,,,,1607000000.0,,,
FiniteLivedIntangibleAssetsAmortizationExpenseNextTwelveMonths / USD,,,,,,,,,,,37172000.0,,,,70784000.0,,,,86753000.0,,,,86753000.0,317909000.0,,,,260731000.0,,,,279126000.0,,,,185000000.0,,,,163000000.0,,,,,102000000.0,,,,85000000.0,,,,59000000.0,,,,58000000.0,,,,38000000.0,,,
FiniteLivedIntangibleAssetsAmortizationExpenseYearThree / USD,,,,,,,,,,,18155000.0,,,,34937000.0,,,,42161000.0,,,,42161000.0,247729000.0,,,,148585000.0,,,,133859000.0,,,,97000000.0,,,,95000000.0,,,,,53000000.0,,,,49000000.0,,,,33000000.0,,,,12000000.0,,,,4000000.0,,,
FiniteLivedIntangibleAssetsAmortizationExpenseYearTwo / USD,,,,,,,,,,,30768000.0,,,,56570000.0,,,,56781000.0,,,,56781000.0,260127000.0,,,,245598000.0,,,,172834000.0,,,,143000000.0,,,,117000000.0,,,,,88000000.0,,,,53000000.0,,,,52000000.0,,,,38000000.0,,,,12000000.0,,,
FiniteLivedIntangibleAssetsGross / USD,,,,,,,780620000.0,,,,797547000.0,,,,909111000.0,,,,1051153000.0,,,,1051153000.0,1180402000.0,,,,2321165000.0,,,,2285209000.0,,,,2436000000.0,,,,2462000000.0,,,,,2584000000.0,,,,2547000000.0,,,,2371000000.0,,,,1695000000.0,,,,1718000000.0,,,
FiniteLivedIntangibleAssetsNet / USD,,,,,,,89077000.0,,,,86122000.0,,,,163554000.0,,,,235353000.0,,,,235353000.0,313449000.0,,,,1334100000.0,,,,989580000.0,,,,830000000.0,,,,592000000.0,,,,,520000000.0,,,,332000000.0,,,,227000000.0,,,,151000000.0,,,,111000000.0,,,
ForeignCurrencyTransactionGainLossBeforeTax / USD,,,,,,,,,,,,,,,-8465000.0,,,,-16179000.0,-6136000.0,-17748000.0,-10584000.0,-16179000.0,-473000.0,14155000.0,-929000.0,25229000.0,6069000.0,,,,24787000.0,,,,-15000000.0,,,,-46000000.0,,,,,3000000.0,,,,-34000000.0,,,,71000000.0,,,,-48000000.0,,,,-40000000.0,,,
GainLossOnForeignCurrencyDerivativeInstrumentsNotDesignatedAsHedgingInstruments / USD,,,,,1000000.0,5000000.0,32000000.0,2000000.0,-5000000.0,-1000000.0,6000000.0,1000000.0,4000000.0,-18000000.0,-1000000.0,13000000.0,51000000.0,43000000.0,-21000000.0,-8000000.0,-16000000.0,2000000.0,-21000000.0,47000000.0,19000000.0,15000000.0,47000000.0,10000000.0,-26000000.0,-48000000.0,-44000000.0,46000000.0,-4000000.0,9000000.0,-2000000.0,-66000000.0,14000000.0,48000000.0,51000000.0,17000000.0,,-6000000.0,-12000000.0,3000000.0,47000000.0,106000000.0,100000000.0,99000000.0,-8000000.0,19000000.0,-24000000.0,-8000000.0,74000000.0,-34000000.0,-84000000.0,-144000000.0,1000000.0,20000000.0,-15000000.0,-58000000.0,-66000000.0,-46000000.0,-58000000.0,65000000.0
GainLossOnInvestments / USD,,,,,,,,,,,,,,,,,,,,,,,,,,,,,,,,,-1000000.0,-6000000.0,-14000000.0,-12000000.0,37000000.0,-61000000.0,-100000000.0,-14000000.0,,22000000.0,12000000.0,-13000000.0,-111000000.0,-188000000.0,-195000000.0,-202000000.0,8000000.0,8000000.0,4000000.0,-7000000.0,-142000000.0,21000000.0,-352000000.0,-423000000.0,-29000000.0,1000000.0,54000000.0,-73000000.0,-345000000.0,-9000000.0,47000000.0,121000000.0
GainLossOnSaleOfDerivatives / USD,29957000.0,30372000.0,-55175000.0,1762000.0,-3886000.0,7170000.0,29982000.0,844000.0,-3497000.0,-8117000.0,8822000.0,6637000.0,10460000.0,-8511000.0,-6190000.0,5808000.0,24189000.0,40228000.0,-12954000.0,1358000.0,-3590000.0,-11267000.0,-12954000.0,40850000.0,16907000.0,29460000.0,39975000.0,-5481000.0,-2102000.0,-19081000.0,-34515000.0,54226000.0,-7000000.0,7000000.0,1000000.0,-53000000.0,8000000.0,16000000.0,34000000.0,6000000.0,,7000000.0,16000000.0,4000000.0,31000000.0,19000000.0,79000000.0,89000000.0,22000000.0,-7000000.0,-12000000.0,-21000000.0,80000000.0,-32000000.0,-75000000.0,-170000000.0,-16000000.0,12000000.0,26000000.0,-35000000.0,-78000000.0,-41000000.0,-55000000.0,21000000.0
GainLossOnSaleOfInvestments / USD,,,,,,,,,,,,,,,,,,,,,,,,,,,,,,,,,,,,,,,,,,,,,,,,,,,,,,,,,,0.0,0.0,0.0,0.0,0.0,0.0,0.0
GainsLossesOnExtinguishmentOfDebt / USD,,,,,,,,,,,,,,,,,,,,,,,,,,,,,,,,,,,,,,,,,,,,,,0.0,0.0,0.0,0.0,-280000000.0,-280000000.0,-280000000.0,0.0,,-24000000.0,49000000.0,-280000000.0,,,,49000000.0,,,
GeneralAndAdministrativeExpense / USD,135289000.0,208454000.0,268721000.0,71058000.0,150163000.0,225744000.0,272853000.0,71160000.0,143205000.0,221885000.0,258604000.0,78578000.0,161796000.0,246936000.0,309708000.0,92376000.0,184267000.0,276618000.0,345354000.0,99045000.0,201585000.0,306584000.0,345354000.0,377078000.0,116397000.0,257791000.0,387959000.0,425373000.0,146011000.0,338566000.0,504395000.0,573913000.0,158000000.0,337000000.0,478000000.0,678000000.0,199000000.0,395000000.0,597000000.0,676000000.0,,184000000.0,389000000.0,599000000.0,774000000.0,185000000.0,334000000.0,466000000.0,807000000.0,156000000.0,340000000.0,522000000.0,589000000.0,186000000.0,375000000.0,562000000.0,705000000.0,184000000.0,378000000.0,572000000.0,748000000.0,186000000.0,366000000.0,595000000.0
Goodwill / USD,3603994000.0,3603994000.0,3603994000.0,3642360000.0,3642360000.0,3642360000.0,2868739000.0,2877301000.0,2877301000.0,2877301000.0,2864664000.0,3015670000.0,3015670000.0,3015670000.0,2877301000.0,3663674000.0,3663674000.0,3663674000.0,3015670000.0,3955901000.0,3955901000.0,3955901000.0,3015670000.0,3663674000.0,7992941000.0,7992941000.0,7992941000.0,3955901000.0,7942023000.0,7942023000.0,7942023000.0,7992941000.0,8229000000.0,8229000000.0,8229000000.0,7942000000.0,8120000000.0,8120000000.0,8120000000.0,8229000000.0,,8127000000.0,8127000000.0,8127000000.0,8120000000.0,7380000000.0,7380000000.0,7380000000.0,8127000000.0,7171000000.0,7171000000.0,7171000000.0,7380000000.0,7143000000.0,7143000000.0,7143000000.0,7171000000.0,6849000000.0,6849000000.0,6849000000.0,7143000000.0,6844000000.0,6844000000.0,6844000000.0
GoodwillAndIntangibleAssetImpairment / USD,,,,,,,,,,,,,,,,,,,,,,,,,,,,,,,,,,,,,,,,42000000.0,,0.0,0.0,0.0,,886000000.0,916000000.0,971000000.0,,,,,,,,81000000.0,,,,312000000.0,81000000.0,,,33000000.0
GoodwillForeignCurrencyTranslationGainLoss / USD,,,,,,,,,,,,,,,,,,,,,,,,,,,,133400000.0,,,,51046000.0,,,,-163000000.0,,,,54000000.0,,,,,-14000000.0,,,,52000000.0,,,,1000000.0,,,,-28000000.0,,,,3000000.0,,,
GoodwillImpairedAccumulatedImpairmentLoss / USD,,,,,,,,,,,,,,,,,,,,,,,2500000000.0,,,,,,,,,,,,,,,,,,,,,,3400000000.0,,,,3400000000.0,,,,3300000000.0,,,,3300000000.0,,,,3600000000.0,,,
GoodwillImpairmentLoss / USD,,,2762100000.0,,,,,,,,,,,,,,,,0.0,,,,0.0,0.0,,,,0.0,,,,0.0,,0.0,0.0,0.0,,61000000.0,61000000.0,0.0,,0.0,0.0,0.0,86000000.0,765000000.0,785000000.0,799000000.0,0.0,,,,799000000.0,,,0.0,14000000.0,,,297000000.0,0.0,,,
ImpairmentOfIntangibleAssetsExcludingGoodwill / USD,,,233900000.0,,,,,,,,,,,,,,,,,,,,,,,,,2842000.0,,,2141000.0,7207000.0,,,,35000000.0,,,,0.0,,0.0,0.0,0.0,42000000.0,121000000.0,131000000.0,172000000.0,0.0,,0.0,0.0,81000000.0,,29000000.0,81000000.0,,,,15000000.0,81000000.0,,,33000000.0
IncomeLossFromContinuingOperationsBeforeIncomeTaxesDomestic / USD,,,,,,,347677000.0,,,,286326000.0,,,,112210000.0,,,,-20097000.0,,,,-20097000.0,26888000.0,,,,176820000.0,,,,24397000.0,,,,-47000000.0,,,,-45000000.0,,,,,32000000.0,,,,172000000.0,,,,-2354000000.0,,,,-274000000.0,,,,67000000.0,,,
IncomeLossFromContinuingOperationsBeforeIncomeTaxesExtraordinaryItemsNoncontrollingInterest / USD,,,,,,,26911000.0,,,,,,,,,,,,350057000.0,-19485000.0,87120000.0,376645000.0,350057000.0,300693000.0,31651000.0,589708000.0,931895000.0,464641000.0,-165886000.0,-178081000.0,161474000.0,925962000.0,-131000000.0,-74000000.0,341000000.0,277000000.0,-169000000.0,-183000000.0,429000000.0,417000000.0,,-141000000.0,94000000.0,655000000.0,485000000.0,-1479000000.0,-2432000000.0,-2656000000.0,775000000.0,-750000000.0,-974000000.0,-509000000.0,-3151000000.0,-208000000.0,-335000000.0,355000000.0,-38000000.0,-61000000.0,403000000.0,847000000.0,538000000.0,-155000000.0,333000000.0,1207000000.0
IncomeLossFromContinuingOperationsBeforeIncomeTaxesForeign / USD,,,,,,,-27901000.0,,,,139513000.0,,,,289862000.0,,,,370154000.0,,,,370154000.0,273805000.0,,,,287821000.0,,,,901565000.0,,,,324000000.0,,,,462000000.0,,,,,453000000.0,,,,603000000.0,,,,-797000000.0,,,,236000000.0,,,,471000000.0,,,
IncomeTaxExpenseBenefit / USD,61610000.0,141995000.0,5966000.0,31535000.0,91701000.0,152285000.0,101502000.0,2886000.0,36018000.0,66617000.0,120342000.0,5240000.0,33995000.0,70145000.0,75731000.0,-11903000.0,12505000.0,57861000.0,47078000.0,319000.0,21070000.0,59974000.0,47078000.0,84335000.0,-910000.0,130311000.0,196261000.0,91691000.0,-57354000.0,-75556000.0,-14929000.0,203214000.0,-47000000.0,-44000000.0,22000000.0,16000000.0,-20000000.0,-25000000.0,56000000.0,45000000.0,,-41000000.0,7000000.0,161000000.0,87000000.0,-82000000.0,-295000000.0,-319000000.0,203000000.0,-169000000.0,-216000000.0,-129000000.0,-423000000.0,-85000000.0,-27000000.0,187000000.0,-53000000.0,79000000.0,156000000.0,295000000.0,195000000.0,-19000000.0,94000000.0,284000000.0
IncomeTaxReconciliationChangeInDeferredTaxAssetsValuationAllowance / USD,,,,,,,7503000.0,,,,-3000000.0,,,,-7740000.0,,,,-11838000.0,,,,-11838000.0,19167000.0,,,,13914000.0,,,,27320000.0,,,,-14000000.0,,,,4000000.0,,,,,8000000.0,,,,-2000000.0,,,,139000000.0,,,,-24000000.0,,,,77000000.0,,,
IncomeTaxReconciliationForeignIncomeTaxRateDifferential / USD,,,,,,,950000.0,,,,-27921000.0,,,,-74431000.0,,,,-78094000.0,,,,-78094000.0,-87729000.0,,,,-81371000.0,,,,-162784000.0,,,,-67000000.0,,,,-82000000.0,,,,,-42000000.0,,,,40000000.0,,,,16000000.0,,,,3000000.0,,,,-75000000.0,,,
IncomeTaxReconciliationIncomeTaxExpenseBenefitAtFederalStatutoryIncomeTaxRate / USD,,,,,,,111928000.0,,,,149050000.0,,,,140725000.0,,,,122520000.0,,,,122520000.0,105243000.0,,,,162624000.0,,,,324087000.0,,,,97000000.0,,,,146000000.0,,,,,102000000.0,,,,163000000.0,,,,-662000000.0,,,,-8000000.0,,,,113000000.0,,,
IncomeTaxReconciliationNondeductibleExpenseImpairmentLosses / USD,,,,,,,,,,,,,,,,,,,,,,,,,,,,,,,,,,,,0.0,,,,0.0,,,,,16000000.0,,,,0.0,,,,170000000.0,,,,0.0,,,,0.0,,,
IncomeTaxReconciliationNondeductibleExpenseShareBasedCompensationCost / USD,,,,,,,,,,,,,,,19825000.0,,,,19825000.0,,,,19825000.0,19825000.0,,,,0.0,,,,0.0,,,,-40000000.0,,,,-60000000.0,,,,,-10000000.0,,,,13000000.0,,,,17000000.0,,,,45000000.0,,,,37000000.0,,,
IncomeTaxReconciliationOtherReconcilingItems / USD,,,,,,,-3624000.0,,,,4437000.0,,,,3618000.0,,,,-2828000.0,,,,-2828000.0,1329000.0,,,,7243000.0,,,,281000.0,,,,19000000.0,,,,31000000.0,,,,,27000000.0,,,,13000000.0,,,,2000000.0,,,,18000000.0,,,,10000000.0,,,
IncomeTaxReconciliationStateAndLocalIncomeTaxes / USD,,,,,,,4746000.0,,,,4290000.0,,,,5262000.0,,,,1280000.0,,,,1280000.0,,,,,,,,,,,,,0.0,,,,3000000.0,,,,,11000000.0,,,,22000000.0,,,,-48000000.0,,,,-9000000.0,,,,3000000.0,,,
IncomeTaxReconciliationTaxContingencies / USD,,,,,,,,,,,-6514000.0,,,,8297000.0,,,,16038000.0,,,,16038000.0,12096000.0,,,,-1625000.0,,,,33362000.0,,,,33000000.0,,,,27000000.0,,,,,23000000.0,,,,17000000.0,,,,36000000.0,,,,6000000.0,,,,27000000.0,,,
IncomeTaxReconciliationTaxCreditsResearch / USD,,,,,,,,,,,,,,,,,,,,,,,,,,,,6000000.0,,,,11500000.0,,,,15000000.0,,,,16000000.0,,,,,23000000.0,,,,25000000.0,,,,24000000.0,,,,27000000.0,,,,40000000.0,,,
IncomeTaxesPaidNet / USD,99303000.0,158257000.0,179273000.0,5040000.0,46135000.0,130343000.0,147992000.0,3109000.0,7282000.0,16237000.0,97371000.0,-17231000.0,-3597000.0,-584000.0,53772000.0,2552000.0,41797000.0,52550000.0,9632000.0,29682000.0,36630000.0,42428000.0,9632000.0,73439000.0,68461000.0,79672000.0,87708000.0,70339000.0,39202000.0,89972000.0,103901000.0,96834000.0,25000000.0,107000000.0,135000000.0,124000000.0,67000000.0,136000000.0,188000000.0,174000000.0,,105000000.0,157000000.0,216000000.0,282000000.0,56000000.0,63000000.0,103000000.0,304000000.0,11000000.0,16000000.0,15000000.0,108000000.0,26000000.0,56000000.0,71000000.0,74000000.0,34000000.0,193000000.0,228000000.0,102000000.0,26000000.0,57000000.0,97000000.0
IncomeTaxesReceivable / USD,,,,,,,,,,,,,,,27764000.0,64296000.0,64296000.0,64296000.0,64296000.0,17161000.0,17161000.0,17161000.0,64296000.0,17161000.0,13805000.0,13805000.0,13805000.0,13805000.0,19402000.0,19402000.0,19402000.0,19402000.0,21000000.0,21000000.0,21000000.0,21000000.0,24000000.0,24000000.0,24000000.0,24000000.0,,70000000.0,70000000.0,70000000.0,70000000.0,120000000.0,120000000.0,120000000.0,120000000.0,85000000.0,85000000.0,85000000.0,85000000.0,40000000.0,40000000.0,40000000.0,40000000.0,47000000.0,47000000.0,47000000.0,47000000.0,39000000.0,39000000.0,39000000.0
IncreaseDecreaseInAccountsReceivable / USD,99853000.0,95210000.0,-32208000.0,85135000.0,105232000.0,113742000.0,29781000.0,81995000.0,109543000.0,82523000.0,22440000.0,71836000.0,142121000.0,192105000.0,70012000.0,150834000.0,207418000.0,210118000.0,84017000.0,196870000.0,307000000.0,277056000.0,84017000.0,127327000.0,215036000.0,412670000.0,381618000.0,157957000.0,267867000.0,367188000.0,297258000.0,198262000.0,232000000.0,434000000.0,428000000.0,276000000.0,345000000.0,476000000.0,416000000.0,456000000.0,,468000000.0,742000000.0,543000000.0,282000000.0,-1086000000.0,-1479000000.0,-1636000000.0,368000000.0,300000000.0,729000000.0,781000000.0,-1781000000.0,476000000.0,921000000.0,748000000.0,721000000.0,456000000.0,846000000.0,704000000.0,838000000.0,974000000.0,1361000000.0,1007000000.0
IncreaseDecreaseInIncomeTaxes / USD,,,,,,,,,,,,,,,,-41260000.0,-84491000.0,-31745000.0,51472000.0,-57095000.0,-42764000.0,3704000.0,51472000.0,-29746000.0,-83213000.0,-20867000.0,64897000.0,39971000.0,-118990000.0,-190948000.0,-57521000.0,39776000.0,-86000000.0,-158000000.0,-29000000.0,-100000000.0,-178000000.0,-159000000.0,141000000.0,-30000000.0,,-169000000.0,-143000000.0,-6000000.0,102000000.0,-32000000.0,-82000000.0,-62000000.0,-23000000.0,-2000000.0,2000000.0,7000000.0,-57000000.0,-13000000.0,-1000000.0,6000000.0,10000000.0,29000000.0,-91000000.0,-55000000.0,11000000.0,-1000000.0,-8000000.0,109000000.0
IncreaseDecreaseInOtherAccountsPayableAndAccruedLiabilities / USD,115807000.0,111782000.0,54400000.0,-15216000.0,54343000.0,36176000.0,94088000.0,-26054000.0,48170000.0,78122000.0,3213000.0,-2248000.0,123754000.0,204345000.0,65152000.0,68303000.0,9470000.0,-49299000.0,294466000.0,74718000.0,236810000.0,289525000.0,294466000.0,-68239000.0,14477000.0,198606000.0,233350000.0,271454000.0,55446000.0,154368000.0,91221000.0,194458000.0,65000000.0,279000000.0,298000000.0,79000000.0,38000000.0,216000000.0,171000000.0,257000000.0,,146000000.0,436000000.0,207000000.0,196000000.0,-129000000.0,-244000000.0,-272000000.0,254000000.0,34000000.0,353000000.0,238000000.0,-400000000.0,280000000.0,547000000.0,422000000.0,136000000.0,79000000.0,175000000.0,223000000.0,194000000.0,219000000.0,403000000.0,235000000.0
IncreaseDecreaseInOtherOperatingAssets / USD,,,,,,,,,,,,,,,,,,,,,,,,18724000.0,23884000.0,5162000.0,-27183000.0,65203000.0,37399000.0,57052000.0,51995000.0,-97701000.0,38000000.0,46000000.0,85000000.0,45000000.0,57000000.0,96000000.0,12000000.0,71000000.0,,23000000.0,7000000.0,0.0,29000000.0,791000000.0,585000000.0,219000000.0,193000000.0,495000000.0,614000000.0,190000000.0,188000000.0,356000000.0,330000000.0,-31000000.0,224000000.0,293000000.0,147000000.0,-43000000.0,-55000000.0,171000000.0,180000000.0,19000000.0
IncrementalCommonSharesAttributableToConversionOfDebtSecurities / shares,,,,,,,,,,,,,,,,,,,,,,,,,,,,,,,,,,,,,,,,,,,,,,,,0.0,,,,0.0,0.0,,0.0,3921000.0,0.0,,3921000.0,3921000.0,3921000.0,,3921000.0,3921000.0
IncrementalCommonSharesAttributableToShareBasedPaymentArrangements / shares,,,,,,,,,,,,,,,,,,,,,,,,,,,,,,0.0,3815000.0,,,,,,,,,,,,,,,,,0.0,2688000.0,,,0.0,0.0,,0.0,1469000.0,0.0,,696000.0,998000.0,1158000.0,,2486000.0,2341000.0
IndefiniteLivedIntangibleAssetsExcludingGoodwill / USD,,,,,,,,,,,657776000.0,,,,657865000.0,,,,875688000.0,,,,875688000.0,976638000.0,,,,1459854000.0,,,,1457072000.0,,,,1479000000.0,,,,1400000000.0,,,,,1284000000.0,,,,1183000000.0,,,,1166000000.0,,,,1058000000.0,,,,912000000.0,,,
IntangibleAssetsNetExcludingGoodwill / USD,823031000.0,823031000.0,823031000.0,797707000.0,797707000.0,797707000.0,747613000.0,743898000.0,743898000.0,743898000.0,743898000.0,821419000.0,821419000.0,821419000.0,821419000.0,1111041000.0,1111041000.0,1111041000.0,1111041000.0,1290087000.0,1290087000.0,1290087000.0,1111041000.0,1290087000.0,2793954000.0,2793954000.0,2793954000.0,2793954000.0,2446652000.0,2446652000.0,2446652000.0,2446652000.0,2309000000.0,2309000000.0,2309000000.0,2309000000.0,1992000000.0,1992000000.0,1992000000.0,1992000000.0,,1804000000.0,1804000000.0,1804000000.0,1804000000.0,1515000000.0,1515000000.0,1515000000.0,1515000000.0,1393000000.0,1393000000.0,1393000000.0,1393000000.0,1209000000.0,1209000000.0,1209000000.0,1209000000.0,1023000000.0,1023000000.0,1023000000.0,1023000000.0,817000000.0,817000000.0,817000000.0
IntangibleAssetsNetIncludingGoodwill / USD,,,,,,,,,,,,,,,,,,,4774715000.0,,,,4774715000.0,5245988000.0,,,,10786895000.0,,,,10388675000.0,,,,10538000000.0,,,,10112000000.0,,,,,9931000000.0,,,,8895000000.0,,,,8564000000.0,,,,8352000000.0,,,,7872000000.0,,,
InterestExpenseNonoperating / USD,,,,,,,,,,,,,,,,,,,,,,,,,,,,,,,,,,,,,,,,,,,,,,,,,,,,,,,,,,,122000000.0,184000000.0,277000000.0,62000000.0,123000000.0,184000000.0
InterestPaidNet / USD,,,,,,,,,,,,,,,,,,,,,,,,,,,,,,,,,,,162000000.0,,86000000.0,106000000.0,196000000.0,163000000.0,,71000000.0,87000000.0,156000000.0,196000000.0,87000000.0,118000000.0,217000000.0,157000000.0,129000000.0,192000000.0,298000000.0,313000000.0,117000000.0,167000000.0,254000000.0,342000000.0,81000000.0,115000000.0,197000000.0,291000000.0,82000000.0,116000000.0,197000000.0
InvestmentIncomeInterest / USD,4088000.0,5241000.0,30411000.0,595000.0,1816000.0,4270000.0,6189000.0,3335000.0,8786000.0,14570000.0,7052000.0,5743000.0,12815000.0,20574000.0,20218000.0,5917000.0,13195000.0,19837000.0,26396000.0,5798000.0,12681000.0,20756000.0,26396000.0,24779000.0,5545000.0,10238000.0,14403000.0,27288000.0,3567000.0,8522000.0,14349000.0,16695000.0,6000000.0,16000000.0,25000000.0,20000000.0,11000000.0,27000000.0,61000000.0,34000000.0,,11000000.0,28000000.0,45000000.0,71000000.0,10000000.0,13000000.0,16000000.0,59000000.0,2000000.0,3000000.0,5000000.0,18000000.0,3000000.0,13000000.0,33000000.0,9000000.0,43000000.0,106000000.0,162000000.0,60000000.0,51000000.0,118000000.0,185000000.0
InvestmentsAndOtherNoncurrentAssets / USD,,,,,232239000.0,232239000.0,226268000.0,289348000.0,289348000.0,289348000.0,289348000.0,224231000.0,224231000.0,224231000.0,224231000.0,250626000.0,250626000.0,250626000.0,250626000.0,286882000.0,286882000.0,286882000.0,250626000.0,286882000.0,642802000.0,642802000.0,642802000.0,642802000.0,520058000.0,520058000.0,520058000.0,520058000.0,845000000.0,845000000.0,845000000.0,845000000.0,778000000.0,778000000.0,778000000.0,778000000.0,,796000000.0,796000000.0,796000000.0,796000000.0,671000000.0,671000000.0,671000000.0,671000000.0,1450000000.0,1450000000.0,1450000000.0,1450000000.0,1184000000.0,1184000000.0,1184000000.0,1184000000.0,1238000000.0,1238000000.0,1238000000.0,1238000000.0,1698000000.0,1698000000.0,1698000000.0
LesseeOperatingLeaseLiabilityPaymentsDue / USD,,,,,,,,,,,,,,,,,,,,,,,,,,,,,,,,,,,,,699000000.0,687000000.0,648000000.0,765000000.0,,,,,750000000.0,,,,504000000.0,,,,443000000.0,,,,436000000.0,,,,371000000.0,,,
LesseeOperatingLeaseLiabilityPaymentsDueAfterYearFive / USD,,,,,,,,,,,,,,,,,,,,,,,,,,,,,,,,,,,,,278000000.0,281000000.0,274000000.0,291000000.0,,,,,289000000.0,,,,184000000.0,,,,134000000.0,,,,111000000.0,,,,63000000.0,,,
LesseeOperatingLeaseLiabilityPaymentsDueNextTwelveMonths / USD,,,,,,,,,,,,,,,,,,,,,,,,,,,,,,,,,,,,,,,,,,,,,147000000.0,,,,91000000.0,,,,88000000.0,,,,77000000.0,,,,74000000.0,,,
LesseeOperatingLeaseLiabilityPaymentsDueYearFive / USD,,,,,,,,,,,,,,,,,,,,,,,,,,,,,,,,,,,,,52000000.0,55000000.0,56000000.0,53000000.0,,,,,57000000.0,,,,46000000.0,,,,47000000.0,,,,53000000.0,,,,47000000.0,,,
LesseeOperatingLeaseLiabilityPaymentsDueYearFour / USD,,,,,,,,,,,,,,,,,,,,,,,,,,,,,,,,,,,,,72000000.0,75000000.0,76000000.0,67000000.0,,,,,66000000.0,,,,49000000.0,,,,51000000.0,,,,60000000.0,,,,56000000.0,,,
LesseeOperatingLeaseLiabilityPaymentsDueYearThree / USD,,,,,,,,,,,,,,,,,,,,,,,,,,,,,,,,,,,,,89000000.0,94000000.0,96000000.0,94000000.0,,,,,82000000.0,,,,57000000.0,,,,56000000.0,,,,65000000.0,,,,63000000.0,,,
LesseeOperatingLeaseLiabilityPaymentsDueYearTwo / USD,,,,,,,,,,,,,,,,,,,,,,,,,,,,,,,,,,,,,106000000.0,111000000.0,115000000.0,121000000.0,,,,,109000000.0,,,,77000000.0,,,,67000000.0,,,,70000000.0,,,,68000000.0,,,
LesseeOperatingLeaseLiabilityUndiscountedExcessAmount / USD,,,,,,,,,,,,,,,,,,,,,,,,,,,,,,,,,,,,,115000000.0,111000000.0,104000000.0,114000000.0,,,,,111000000.0,,,,67000000.0,,,,54000000.0,,,,56000000.0,,,,43000000.0,,,
LiabilitiesAndStockholdersEquity / USD,5937156000.0,5937156000.0,5937156000.0,6650994000.0,6650994000.0,6650994000.0,6656922000.0,6505258000.0,6505258000.0,6505258000.0,6505258000.0,7085195000.0,7085195000.0,7085195000.0,7132746000.0,7739481000.0,7739481000.0,7739481000.0,7739481000.0,9020538000.0,9020538000.0,9020538000.0,7739481000.0,9020538000.0,15485675000.0,15485675000.0,15485675000.0,15485675000.0,15777546000.0,15777546000.0,15777546000.0,15777546000.0,18516000000.0,18516000000.0,18516000000.0,18516000000.0,18033000000.0,18033000000.0,18033000000.0,18033000000.0,,21416000000.0,21416000000.0,21416000000.0,21416000000.0,18690000000.0,18690000000.0,18690000000.0,18690000000.0,21548000000.0,21548000000.0,21548000000.0,21548000000.0,21561000000.0,21561000000.0,21561000000.0,21561000000.0,21642000000.0,21642000000.0,21642000000.0,21642000000.0,22388000000.0,22388000000.0,22388000000.0
LiabilitiesCurrent / USD,1835057000.0,1835057000.0,1835057000.0,1889420000.0,1889420000.0,1889420000.0,1895347000.0,2553357000.0,2553357000.0,2553357000.0,2553357000.0,2982311000.0,2982311000.0,2982311000.0,3010075000.0,3294381000.0,3294381000.0,3294381000.0,3294381000.0,4186615000.0,4186615000.0,4186615000.0,3294381000.0,4186615000.0,5926017000.0,5926017000.0,5926017000.0,5926017000.0,6127198000.0,6127198000.0,6127198000.0,6127198000.0,7879000000.0,7879000000.0,7879000000.0,7879000000.0,8060000000.0,8060000000.0,8060000000.0,8060000000.0,,10714000000.0,10714000000.0,10714000000.0,10714000000.0,5406000000.0,5406000000.0,5406000000.0,5406000000.0,9450000000.0,9450000000.0,9450000000.0,9450000000.0,10778000000.0,10778000000.0,10778000000.0,10778000000.0,11783000000.0,11783000000.0,11783000000.0,11783000000.0,13611000000.0,13611000000.0,13611000000.0
LongTermDebt / USD,,,,,,,,,,,,,,,,,,,,,,,,,,,,,,,3159336000.0,3159336000.0,4249000000.0,4249000000.0,4249000000.0,4249000000.0,3717000000.0,3717000000.0,3717000000.0,3717000000.0,,4938000000.0,4938000000.0,4938000000.0,4938000000.0,8216000000.0,8216000000.0,8216000000.0,8216000000.0,8450000000.0,8450000000.0,8450000000.0,8450000000.0,6240000000.0,6240000000.0,6240000000.0,6240000000.0,6253000000.0,6253000000.0,6253000000.0,6253000000.0,6266000000.0,6266000000.0,6266000000.0
LongTermDebtCurrent / USD,,,,,,,,,,,,,,,,,,,,,,,,,,,,,,,0.0,0.0,500000000.0,500000000.0,500000000.0,500000000.0,,,0.0,0.0,,749000000.0,749000000.0,749000000.0,749000000.0,,,0.0,0.0,735000000.0,735000000.0,735000000.0,735000000.0,,,,,,0.0,0.0,0.0,1043000000.0,1043000000.0,1043000000.0
LongTermDebtNoncurrent / USD,895086000.0,895086000.0,895086000.0,1644894000.0,1644894000.0,1644894000.0,1249221000.0,1249281000.0,1249281000.0,1249281000.0,1249281000.0,1249345000.0,1249345000.0,1249345000.0,1249345000.0,1249412000.0,1249412000.0,1249412000.0,1249412000.0,1746787000.0,1746787000.0,1746787000.0,1249412000.0,1746787000.0,3183140000.0,3183140000.0,3183140000.0,3183140000.0,3159336000.0,3159336000.0,3159336000.0,3159336000.0,3749000000.0,3749000000.0,3749000000.0,3749000000.0,3717000000.0,3717000000.0,3717000000.0,3717000000.0,,4189000000.0,4189000000.0,4189000000.0,4189000000.0,,,8216000000.0,8216000000.0,7715000000.0,7715000000.0,7715000000.0,7715000000.0,,,,6240000000.0,,6253000000.0,6253000000.0,6253000000.0,5223000000.0,5223000000.0,5223000000.0
LongTermInvestments / USD,,,,,,,,,,,,,,,,,,,,,,,,,,,,,,,,,,,,,,,,,,,,,,,,,,,,,,,,,,43000000.0,39000000.0,198000000.0,202000000.0,202000000.0,202000000.0,202000000.0
MinorityInterestPeriodIncreaseDecrease / USD,,,180000.0,,,,1869000.0,,25957000.0,25957000.0,-23657000.0,,,,-1841000.0,,,,4829000.0,,,,4829000.0,16675000.0,,,,25023000.0,,,,5807000.0,,,,6000000.0,6000000.0,13000000.0,19000000.0,6000000.0,,6000000.0,10000000.0,16000000.0,18000000.0,5000000.0,10000000.0,13000000.0,22000000.0,4000000.0,10000000.0,16000000.0,17000000.0,4000000.0,7000000.0,14000000.0,21000000.0,3000000.0,6000000.0,-70000000.0,4000000.0,1000000.0,2000000.0,4000000.0
NetCashProvidedByUsedInFinancingActivities / USD,-677974000.0,-671609000.0,464801000.0,-200508000.0,-240780000.0,240992000.0,,,,,,,,,,,,,,,,,,,,,,48149000.0,,,,1404199000.0,,,861000000.0,-691000000.0,-236000000.0,-456000000.0,-1154000000.0,688000000.0,,21000000.0,34000000.0,607000000.0,-1489000000.0,1517000000.0,5333000000.0,4571000000.0,175000000.0,210000000.0,-378000000.0,-351000000.0,4077000000.0,-663000000.0,-1687000000.0,-2245000000.0,-973000000.0,-437000000.0,-1018000000.0,-1599000000.0,-2624000000.0,-631000000.0,-1149000000.0,-1590000000.0
NetCashProvidedByUsedInInvestingActivities / USD,35238000.0,14018000.0,-859558000.0,-48828000.0,-491338000.0,-849212000.0,,,,,,,,,,,,,,,,,,,,,,-924257000.0,,,,-2371260000.0,,,-1479000000.0,-718000000.0,-728000000.0,-1434000000.0,-655000000.0,-1581000000.0,,-706000000.0,-1166000000.0,-1429000000.0,-559000000.0,32000000.0,-341000000.0,-107000000.0,-1553000000.0,-180000000.0,-413000000.0,-506000000.0,-263000000.0,13000000.0,-248000000.0,-514000000.0,-931000000.0,-195000000.0,-388000000.0,-635000000.0,-580000000.0,-240000000.0,-449000000.0,-901000000.0
NetCashProvidedByUsedInOperatingActivities / USD,844550000.0,820332000.0,520688000.0,619527000.0,933333000.0,937717000.0,,,,,,,,,,,,,,,,,,,,,,1366959000.0,,,,1368045000.0,,,1946000000.0,1549000000.0,1676000000.0,2491000000.0,2120000000.0,1845000000.0,,2149000000.0,3287000000.0,2426000000.0,1975000000.0,-784000000.0,-2630000000.0,-3449000000.0,2767000000.0,2170000000.0,4684000000.0,3463000000.0,-3834000000.0,2991000000.0,4619000000.0,3622000000.0,3748000000.0,3157000000.0,4303000000.0,2928000000.0,3440000000.0,2879000000.0,4380000000.0,2887000000.0
NetIncomeLoss / USD,80286000.0,197300000.0,-2517763000.0,59395000.0,173657000.0,350207000.0,299526000.0,52039000.0,192432000.0,401966000.0,421500000.0,-3281000.0,101960000.0,273437000.0,472294000.0,-104226000.0,-32726000.0,138133000.0,280171000.0,-14304000.0,75069000.0,332128000.0,280171000.0,232850000.0,44143000.0,493787000.0,777003000.0,398097000.0,-108589000.0,-76940000.0,202391000.0,764465000.0,-86000000.0,-29000000.0,323000000.0,282000000.0,-137000000.0,-136000000.0,389000000.0,378000000.0,,-103000000.0,80000000.0,489000000.0,406000000.0,-1301000000.0,-2037000000.0,-2229000000.0,565000000.0,-578000000.0,-750000000.0,-374000000.0,-2612000000.0,-122000000.0,-307000000.0,175000000.0,12000000.0,-145000000.0,240000000.0,665000000.0,352000000.0,-135000000.0,251000000.0,935000000.0
NetIncomeLossAttributableToNoncontrollingInterest / USD,1311000.0,2110000.0,-2907000.0,1204000.0,2295000.0,3769000.0,4097000.0,170000.0,667000.0,1539000.0,4060000.0,979000.0,1847000.0,101000.0,2309000.0,-3142000.0,-11627000.0,-15762000.0,269000.0,-5500000.0,-9019000.0,-15457000.0,269000.0,-16492000.0,-11582000.0,-34390000.0,-41369000.0,-25147000.0,57000.0,-25585000.0,-25988000.0,-41717000.0,2000000.0,-1000000.0,-4000000.0,-21000000.0,-12000000.0,-22000000.0,-16000000.0,-6000000.0,,3000000.0,7000000.0,5000000.0,-8000000.0,-96000000.0,-100000000.0,-108000000.0,7000000.0,-3000000.0,-8000000.0,-6000000.0,-116000000.0,-1000000.0,-1000000.0,-7000000.0,3000000.0,5000000.0,7000000.0,-113000000.0,-9000000.0,-1000000.0,-12000000.0,-12000000.0
NetIncomeLossIncludingPortionAttributableToNonredeemableNoncontrollingInterest / USD,,,,,,,,,,,,,,,,,,,,,,,,,,,,,,,,,,,,,,-159000000.0,373000000.0,,,-100000000.0,87000000.0,496000000.0,,-1397000000.0,-2137000000.0,-2337000000.0,,-581000000.0,-758000000.0,-380000000.0,-2728000000.0,-123000000.0,-308000000.0,168000000.0,15000000.0,-140000000.0,247000000.0,552000000.0,343000000.0,-136000000.0,239000000.0,923000000.0
NonoperatingIncomeExpense / USD,-64382000.0,-89158000.0,-85751000.0,-20040000.0,-38211000.0,-76407000.0,-77967000.0,-26369000.0,-48811000.0,-55471000.0,-74948000.0,-21856000.0,-41433000.0,-64185000.0,-77537000.0,-13643000.0,-20506000.0,-47117000.0,-81667000.0,-16487000.0,-39102000.0,-46413000.0,-81667000.0,-65367000.0,82652000.0,550617000.0,547806000.0,-53123000.0,-68588000.0,-106445000.0,-153042000.0,512396000.0,-58000000.0,-104000000.0,-170000000.0,-185000000.0,-4000000.0,-129000000.0,-189000000.0,-208000000.0,,-10000000.0,-40000000.0,-88000000.0,-229000000.0,-185000000.0,-289000000.0,-400000000.0,-128000000.0,-381000000.0,-473000000.0,-532000000.0,-432000000.0,-73000000.0,-545000000.0,-602000000.0,-224000000.0,60000000.0,81000000.0,-82000000.0,-547000000.0,-45000000.0,-8000000.0,104000000.0
NonredeemableNoncontrollingInterest / USD,,,,,,,,,,,,,,,,,113521000.0,113521000.0,113521000.0,109462000.0,109462000.0,109462000.0,113521000.0,109462000.0,65373000.0,65373000.0,65373000.0,65373000.0,1560802000.0,1560802000.0,1560802000.0,1560802000.0,1606000000.0,1606000000.0,1606000000.0,1606000000.0,1547000000.0,1547000000.0,1547000000.0,1547000000.0,,1569000000.0,1569000000.0,1569000000.0,1569000000.0,1494000000.0,1494000000.0,1494000000.0,1494000000.0,1495000000.0,1495000000.0,1495000000.0,1495000000.0,1445000000.0,1445000000.0,1445000000.0,1445000000.0,1252000000.0,1252000000.0,1252000000.0,1252000000.0,1242000000.0,1242000000.0,1242000000.0
OperatingIncomeLoss / USD,207589000.0,430563000.0,-2428953000.0,112174000.0,305864000.0,582668000.0,397743000.0,35158000.0,178865000.0,387964000.0,500787000.0,48683000.0,203124000.0,430214000.0,479609000.0,-105628000.0,-11342000.0,227349000.0,431724000.0,-2998000.0,126222000.0,423058000.0,431724000.0,366060000.0,-51001000.0,39091000.0,384089000.0,517764000.0,-97298000.0,-71636000.0,314516000.0,413566000.0,-73000000.0,30000000.0,511000000.0,462000000.0,-165000000.0,-54000000.0,618000000.0,625000000.0,,-131000000.0,134000000.0,743000000.0,714000000.0,-1294000000.0,-2143000000.0,-2256000000.0,903000000.0,-369000000.0,-501000000.0,23000000.0,-2719000000.0,-135000000.0,210000000.0,957000000.0,186000000.0,-121000000.0,322000000.0,929000000.0,1085000000.0,-110000000.0,341000000.0,1103000000.0
OperatingLeaseCost / USD,,,,,,,,,,,,,,,,,,,,,,,,,,,,,,,,,,,,,,,,,,,,,,,,,,,,,159000000.0,,,,119000000.0,,,,99000000.0,,,
OperatingLeaseLiability / USD,,,,,,,,,,,,,,,,,,,,,,,,,,,,,,,,,,,,,584000000.0,576000000.0,544000000.0,651000000.0,,,,,651000000.0,,,,639000000.0,,,,437000000.0,,,,389000000.0,,,,380000000.0,,,
OperatingLeaseLiabilityCurrent / USD,,,,,,,,,,,,,,,,,,,,,,,,,,,,,,,,,,,,,472000000.0,466000000.0,,,,,,,119000000.0,,,,126000000.0,,,,77000000.0,,,,77000000.0,,,,66000000.0,,,
OperatingLeaseLiabilityNoncurrent / USD,,,,,,,,,,,,,,,,,,,,,,,,,,,,,,,,,,,,,472000000.0,466000000.0,443000000.0,0.0,,532000000.0,532000000.0,532000000.0,532000000.0,513000000.0,513000000.0,513000000.0,513000000.0,360000000.0,360000000.0,360000000.0,360000000.0,312000000.0,312000000.0,312000000.0,312000000.0,314000000.0,314000000.0,314000000.0,314000000.0,265000000.0,265000000.0,265000000.0
OperatingLeasePayments / USD,,,,,,,,,,,,,,,,,,,,,,,,,,,,,,,,,,,,,39000000.0,73000000.0,113000000.0,152000000.0,,,,,152000000.0,,,,152000000.0,,,,139000000.0,,,,151000000.0,,,,96000000.0,,,
OperatingLeaseRightOfUseAsset / USD,,,,,,,,,,,,,,,,,,,,,,,,,,,,,,,,,,,,,537000000.0,524000000.0,495000000.0,0.0,,611000000.0,611000000.0,611000000.0,611000000.0,574000000.0,574000000.0,574000000.0,574000000.0,407000000.0,407000000.0,407000000.0,407000000.0,363000000.0,363000000.0,363000000.0,363000000.0,357000000.0,357000000.0,357000000.0,357000000.0,305000000.0,305000000.0,305000000.0
OperatingLeaseWeightedAverageDiscountRatePercent / pure,,,,,,,,,,,,,,,,,,,,,,,,,,,,,,,,,,,,,0.038,0.038,0.038,0.035,,,,,0.035,,,,0.036,,,,0.035,,,,0.035,,,,0.041,,,
OtherComprehensiveIncomeForeignCurrencyTransactionAndTranslationGainLossArisingDuringPeriodNetOfTax / USD,,,,,,,19635000.0,25080000.0,35590000.0,2613000.0,-11996000.0,12951000.0,-11375000.0,3535000.0,-1161000.0,-18001000.0,-13031000.0,12843000.0,17564000.0,25213000.0,20137000.0,-57663000.0,17564000.0,23506000.0,-133851000.0,-112153000.0,-139732000.0,-164666000.0,6654000.0,-9305000.0,-14269000.0,-147815000.0,34000000.0,124000000.0,181000000.0,-10000000.0,38000000.0,-49000000.0,-63000000.0,189000000.0,,-5000000.0,2000000.0,-56000000.0,-86000000.0,-90000000.0,-56000000.0,-8000000.0,-5000000.0,-37000000.0,-18000000.0,-62000000.0,67000000.0,-17000000.0,-116000000.0,-212000000.0,-72000000.0,28000000.0,31000000.0,-8000000.0,-106000000.0,-15000000.0,-17000000.0,16000000.0
OtherComprehensiveIncomeForeignCurrencyTranslationGainLossArisingDuringPeriodTax / USD,,,,,,,,,,,,,,,,,,,,,,,,,,-7000000.0,-8000000.0,,11000000.0,5000000.0,-7000000.0,,4000000.0,-22000000.0,-31000000.0,,-5000000.0,5000000.0,6000000.0,,,3000000.0,1000000.0,8000000.0,,2000000.0,-1000000.0,-8000000.0,,9000000.0,6000000.0,11000000.0,,3000000.0,9000000.0,13000000.0,,-1000000.0,-2000000.0,-1000000.0,,-1000000.0,-1000000.0,8000000.0
OtherComprehensiveIncomeLossNetOfTax / USD,,,,,,,,,36541000.0,2195000.0,-11667000.0,14353000.0,-10286000.0,5089000.0,-1240000.0,-18292000.0,-14604000.0,11619000.0,18662000.0,25381000.0,20449000.0,-57707000.0,18662000.0,22182000.0,-133376000.0,-155136000.0,-182684000.0,-164726000.0,7128000.0,-8805000.0,-13922000.0,-191065000.0,,,202000000.0,-10000000.0,38000000.0,-49000000.0,-63000000.0,182000000.0,,-5000000.0,2000000.0,-56000000.0,-86000000.0,-90000000.0,-56000000.0,-8000000.0,-5000000.0,-37000000.0,-18000000.0,-62000000.0,67000000.0,-17000000.0,-116000000.0,-212000000.0,2000000.0,28000000.0,31000000.0,-8000000.0,-106000000.0,-15000000.0,-17000000.0,16000000.0
OtherLiabilitiesNoncurrent / USD,233328000.0,233328000.0,233328000.0,131516000.0,131516000.0,131516000.0,115421000.0,117491000.0,117491000.0,117491000.0,117491000.0,126912000.0,126912000.0,126912000.0,126912000.0,138300000.0,138300000.0,138300000.0,138300000.0,180376000.0,180376000.0,180376000.0,138300000.0,180376000.0,314432000.0,314432000.0,314432000.0,314432000.0,312939000.0,312939000.0,312939000.0,312939000.0,408000000.0,408000000.0,408000000.0,408000000.0,506000000.0,506000000.0,506000000.0,506000000.0,,389000000.0,389000000.0,389000000.0,389000000.0,462000000.0,462000000.0,462000000.0,462000000.0,413000000.0,413000000.0,413000000.0,413000000.0,451000000.0,451000000.0,451000000.0,451000000.0,473000000.0,473000000.0,473000000.0,473000000.0,471000000.0,471000000.0,471000000.0
OtherNonoperatingIncomeExpense / USD,-26020000.0,-30769000.0,-44178000.0,568000.0,1385000.0,-12272000.0,-34704000.0,-7182000.0,-12586000.0,-1796000.0,-15572000.0,-6207000.0,-10867000.0,-19277000.0,-7037000.0,2188000.0,9676000.0,-1611000.0,-20275000.0,-481000.0,-7658000.0,2514000.0,-20275000.0,-2788000.0,105101000.0,88078000.0,114361000.0,17678000.0,-28195000.0,-28068000.0,-37118000.0,113086000.0,-21000000.0,-34000000.0,-65000000.0,-32000000.0,36000000.0,-54000000.0,-101000000.0,-60000000.0,,20000000.0,12000000.0,-13000000.0,-110000000.0,-145000000.0,-157000000.0,-158000000.0,-14000000.0,-5000000.0,-15000000.0,10000000.0,-77000000.0,5000000.0,-380000000.0,-467000000.0,-58000000.0,78000000.0,97000000.0,-60000000.0,-379000000.0,-34000000.0,-3000000.0,103000000.0
OtherOperatingActivitiesCashFlowStatement / USD,,,,,,,,,,,,,,,,,,,,,,,,,,,,,,,,,,,,,,,,,,,,,,,,,,24000000.0,6000000.0,-33000000.0,,2000000.0,-19000000.0,-26000000.0,32000000.0,14000000.0,28000000.0,34000000.0,17000000.0,10000000.0,38000000.0,69000000.0
PaymentsForHedgeInvestingActivities / USD,,,,,,,,,,,,,,,,,,,,,,,,,,,,,,,,,,,,,,,,,,,,,,,,,,0.0,0.0,0.0,0.0,337000000.0,337000000.0,337000000.0,0.0,,,,337000000.0,,,
PaymentsForProceedsFromOtherInvestingActivities / USD,-1522000.0,-1687000.0,-2779000.0,676000.0,-4600000.0,-3458000.0,-12034000.0,-430000.0,-1033000.0,-1039000.0,-3529000.0,1031000.0,1999000.0,2203000.0,-1898000.0,504000.0,43000.0,177000.0,2250000.0,504000.0,-2386000.0,-2188000.0,2250000.0,2520000.0,-1807000.0,-10435000.0,-11665000.0,-1932000.0,-2230000.0,-2222000.0,-2222000.0,-11728000.0,2000000.0,0.0,-8000000.0,-16000000.0,-14000000.0,-22000000.0,-41000000.0,-13000000.0,,-6000000.0,-16000000.0,-3000000.0,-38000000.0,-19000000.0,-76000000.0,-86000000.0,-101000000.0,12000000.0,73000000.0,-2000000.0,-79000000.0,31000000.0,73000000.0,169000000.0,20000000.0,-33000000.0,-46000000.0,15000000.0,63000000.0,37000000.0,52000000.0,-26000000.0
PaymentsForRepurchaseOfCommonStock / USD,5434000.0,6363000.0,12865000.0,197551000.0,198504000.0,394403000.0,7963000.0,47928000.0,49227000.0,208693000.0,501993000.0,198164000.0,297704000.0,366037000.0,294027000.0,117672000.0,134238000.0,355689000.0,417571000.0,121865000.0,339020000.0,469267000.0,417571000.0,522900000.0,44923000.0,44925000.0,48694000.0,537861000.0,187022000.0,328311000.0,366723000.0,60546000.0,45000000.0,114000000.0,154000000.0,456000000.0,202000000.0,426000000.0,620000000.0,312000000.0,,25000000.0,29000000.0,352000000.0,923000000.0,410000000.0,414000000.0,419000000.0,743000000.0,55000000.0,85000000.0,108000000.0,425000000.0,47000000.0,69000000.0,241000000.0,165000000.0,469000000.0,1062000000.0,1669000000.0,607000000.0,643000000.0,1172000000.0,1641000000.0
PaymentsOfDebtExtinguishmentCosts / USD,,,,,,,,,,,,,,,,,,,,,,,,,,,,,,,,,,,,,,,,,,,,,,0.0,0.0,0.0,0.0,256000000.0,258000000.0,258000000.0,0.0,,20000000.0,22000000.0,258000000.0,,,,22000000.0,,,
PaymentsOfDividendsCommonStock / USD,,,,,,,,,,,,,,,,,,,,,,,,,,,,,,,,,,,,,,,,,,,95000000.0,145000000.0,186000000.0,48000000.0,48000000.0,48000000.0,,,,,,,,,,,,,,0.0,0.0,0.0
PaymentsOfOrdinaryDividends / USD,,,,,,,,,,57732000.0,79076000.0,12204000.0,24409000.0,42470000.0,76550000.0,17983000.0,35621000.0,56080000.0,130423000.0,19602000.0,38833000.0,61777000.0,130423000.0,75760000.0,22895000.0,45991000.0,22895000.0,84697000.0,36174000.0,36174000.0,36174000.0,108527000.0,42000000.0,85000000.0,130000000.0,150000000.0,46000000.0,91000000.0,138000000.0,176000000.0,,47000000.0,,,,,48000000.0,48000000.0,47000000.0,,,,48000000.0,,,,,,,,,51000000.0,51000000.0,51000000.0
PaymentsToAcquireInvestments / USD,429483000.0,46000000.0,92923000.0,71311000.0,429483000.0,803575000.0,45903000.0,676568000.0,853445000.0,1179555000.0,970339000.0,293190000.0,1007745000.0,1530749000.0,1723350000.0,598127000.0,1129789000.0,1139157000.0,1873519000.0,495377000.0,1026054000.0,1044665000.0,1873519000.0,1216591000.0,346043000.0,506109000.0,512329000.0,1194210000.0,0.0,20446000.0,20446000.0,521329000.0,780000000.0,991000000.0,1713000000.0,45000000.0,867000000.0,1669000000.0,1714000000.0,1811000000.0,,438000000.0,636000000.0,1283000000.0,1803000000.0,285000000.0,685000000.0,685000000.0,1346000000.0,,1000000.0,1000000.0,685000000.0,,60000000.0,60000000.0,201000000.0,0.0,0.0,0.0,60000000.0,69000000.0,69000000.0,405000000.0
PaymentsToAcquirePropertyPlantAndEquipment / USD,42052000.0,62932000.0,159827000.0,29675000.0,73128000.0,113324000.0,78842000.0,46086000.0,98616000.0,157867000.0,136376000.0,50814000.0,117217000.0,176980000.0,207837000.0,87156000.0,157840000.0,235416000.0,235697000.0,74749000.0,157213000.0,239678000.0,235697000.0,308581000.0,102650000.0,468727000.0,625439000.0,328387000.0,167578000.0,379981000.0,567044000.0,787041000.0,167000000.0,357000000.0,526000000.0,749000000.0,192000000.0,411000000.0,634000000.0,710000000.0,,274000000.0,573000000.0,864000000.0,878000000.0,287000000.0,493000000.0,669000000.0,1160000000.0,168000000.0,351000000.0,530000000.0,797000000.0,156000000.0,315000000.0,485000000.0,673000000.0,233000000.0,456000000.0,669000000.0,662000000.0,177000000.0,371000000.0,565000000.0
PrepaidExpenseAndOtherAssetsCurrent / USD,,,,,,,,,121541000.0,121541000.0,121541000.0,193353000.0,193353000.0,193353000.0,110319000.0,101541000.0,101541000.0,101541000.0,101541000.0,166357000.0,166357000.0,166357000.0,101541000.0,166357000.0,158688000.0,158688000.0,158688000.0,158688000.0,199745000.0,199745000.0,199745000.0,199745000.0,269000000.0,269000000.0,269000000.0,269000000.0,292000000.0,292000000.0,292000000.0,292000000.0,,521000000.0,521000000.0,521000000.0,521000000.0,654000000.0,654000000.0,654000000.0,654000000.0,827000000.0,827000000.0,827000000.0,827000000.0,774000000.0,774000000.0,774000000.0,774000000.0,708000000.0,708000000.0,708000000.0,708000000.0,689000000.0,689000000.0,689000000.0
ProceedsFromHedgeInvestingActivities / USD,,,,,,,,,,,,,,,,,,,,,,,,,,,,,,,,,,,,,,,,,,,,,,,,,,0.0,0.0,0.0,0.0,337000000.0,337000000.0,337000000.0,0.0,,,,337000000.0,,,
ProceedsFromIssuanceOfSeniorLongTermDebt / USD,,,,,,,,,,,,,,,,,,,,,,,,,,,,,,,,,,,,,,,,,,,,,,0.0,2714000000.0,3946000000.0,,1967000000.0,1964000000.0,1964000000.0,3945000000.0,,,,1964000000.0,,,,,0.0,0.0,0.0
ProceedsFromPaymentsForOtherFinancingActivities / USD,-5907000.0,-6306000.0,-979000.0,-9203000.0,-10913000.0,-14360000.0,-8991000.0,1141000.0,2320000.0,2182000.0,-13167000.0,-4176000.0,-5466000.0,-4496000.0,-2192000.0,-7758000.0,-8886000.0,-9920000.0,-7086000.0,3786000.0,1693000.0,-1591000.0,-7086000.0,-15571000.0,2084000.0,8986000.0,43918000.0,-5596000.0,-14992000.0,-17565000.0,-38109000.0,13817000.0,-19000000.0,-19000000.0,-23000000.0,-31000000.0,-8000000.0,-6000000.0,-65000000.0,-25000000.0,,2000000.0,2000000.0,-8000000.0,-46000000.0,-11000000.0,-30000000.0,-28000000.0,-19000000.0,-9000000.0,-4000000.0,4000000.0,-21000000.0,7000000.0,12000000.0,34000000.0,-8000000.0,3000000.0,4000000.0,17000000.0,15000000.0,-20000000.0,-25000000.0,-26000000.0
ProceedsFromSaleMaturityAndCollectionsOfInvestments / USD,,,,,,,,,,,,,,,,,,,,,,,,,,226325000.0,392271000.0,,8215000.0,22758000.0,31637000.0,,6000000.0,175000000.0,921000000.0,,317000000.0,624000000.0,1692000000.0,1096000000.0,,0.0,27000000.0,635000000.0,2137000000.0,585000000.0,761000000.0,1161000000.0,852000000.0,0.0,12000000.0,23000000.0,1161000000.0,200000000.0,200000000.0,200000000.0,23000000.0,5000000.0,22000000.0,49000000.0,205000000.0,43000000.0,43000000.0,43000000.0
ProceedsFromSaleOfEquitySecuritiesFvNi / USD,,,,,,,,,,,,,,,,,,,,,,,,,,,,,,,,,,,,,,,,,,,,,,,,,,,,,,,,,,15000000.0,15000000.0,15000000.0,15000000.0,15000000.0,15000000.0,15000000.0
ProceedsFromStockOptionsExercised / USD,567000.0,3050000.0,6353000.0,25965000.0,30630000.0,38941000.0,15794000.0,3285000.0,,,,,,,,,,,,,,,,,,,,,,,,128000000.0,,,,213000000.0,,,,149000000.0,,,,,284000000.0,,,,301000000.0,,,,301000000.0,,,,476000000.0,,,,98000000.0,,,
ProfitLoss / USD,81597000.0,199410000.0,-2520670000.0,60599000.0,175952000.0,353976000.0,303623000.0,52209000.0,193099000.0,403505000.0,425560000.0,-2302000.0,103807000.0,273538000.0,474603000.0,-107368000.0,-44353000.0,122371000.0,280440000.0,-19804000.0,66050000.0,316671000.0,280440000.0,216358000.0,32561000.0,459397000.0,735634000.0,372950000.0,-108532000.0,-102525000.0,176403000.0,722748000.0,-84000000.0,-30000000.0,319000000.0,261000000.0,-149000000.0,-158000000.0,373000000.0,372000000.0,,-100000000.0,87000000.0,494000000.0,398000000.0,-1397000000.0,-2137000000.0,-2337000000.0,572000000.0,-581000000.0,-758000000.0,-380000000.0,-2728000000.0,-123000000.0,-308000000.0,168000000.0,15000000.0,-140000000.0,247000000.0,552000000.0,343000000.0,-136000000.0,239000000.0,923000000.0
PropertyPlantAndEquipmentGross / USD,,,,,,,651983000.0,,,,815501000.0,,,,1022201000.0,,,,1216785000.0,,,,1216785000.0,1533144000.0,,,,2102164000.0,,,,2717948000.0,,,,3266000000.0,,,,3898000000.0,,,,,4521000000.0,,,,5495000000.0,,,,4715000000.0,,,,4891000000.0,,,,4973000000.0,,,
PropertyPlantAndEquipmentNet / USD,236820000.0,236820000.0,236820000.0,277061000.0,277061000.0,277061000.0,246317000.0,320282000.0,320282000.0,320282000.0,320282000.0,409373000.0,409373000.0,409373000.0,409373000.0,480702000.0,480702000.0,480702000.0,480702000.0,553126000.0,553126000.0,553126000.0,480702000.0,553126000.0,1064259000.0,1064259000.0,1064259000.0,1064259000.0,1394904000.0,1394904000.0,1394904000.0,1394904000.0,1575000000.0,1575000000.0,1575000000.0,1575000000.0,1877000000.0,1877000000.0,1877000000.0,1877000000.0,,2198000000.0,2198000000.0,2198000000.0,2198000000.0,2257000000.0,2257000000.0,2257000000.0,2257000000.0,2180000000.0,2180000000.0,2180000000.0,2180000000.0,2210000000.0,2210000000.0,2210000000.0,2210000000.0,2359000000.0,2359000000.0,2359000000.0,2359000000.0,2413000000.0,2413000000.0,2413000000.0
ProvisionForDoubtfulAccounts / USD,,,,,,,,,,,,,,,,,,,,,,,,,,,,,,,,,,,,,,,,,,59000000.0,82000000.0,97000000.0,82000000.0,1000000.0,-2000000.0,-2000000.0,,3000000.0,8000000.0,12000000.0,,12000000.0,24000000.0,30000000.0,,9000000.0,17000000.0,29000000.0,,8000000.0,29000000.0,37000000.0
PurchaseObligation / USD,,,,,,,,,,,,,,,,,,,,,,,,,,,,268322000.0,,,,409802000.0,,,,683000000.0,,,,487000000.0,,,,,1042000000.0,,,,824000000.0,,,,466000000.0,,,,1020000000.0,,,,495000000.0,,,
PurchaseObligationDueAfterFifthYear / USD,,,,,,,,,,,,,,,,,,,,,,,,,,,,0.0,,,,0.0,,,,0.0,,,,0.0,,,,,0.0,,,,0.0,,,,0.0,,,,0.0,,,,0.0,,,
PurchaseObligationDueInFourthAndFifthYear / USD,,,,,,,,,,,,,,,,,,,,,,,,,,,,316000.0,,,,0.0,,,,65000000.0,,,,15000000.0,,,,,39000000.0,,,,13000000.0,,,,30000000.0,,,,9000000.0,,,,15000000.0,,,
PurchaseObligationDueInNextTwelveMonths / USD,,,,,,,,,,,,,,,,,,,,,,,,,,,,239163000.0,,,,256834000.0,,,,352000000.0,,,,339000000.0,,,,,551000000.0,,,,589000000.0,,,,292000000.0,,,,426000000.0,,,,252000000.0,,,
PurchaseObligationDueInSecondAndThirdYear / USD,,,,,,,,,,,,,,,,,,,,,,,,,,,,28843000.0,,,,152968000.0,,,,266000000.0,,,,133000000.0,,,,,452000000.0,,,,222000000.0,,,,144000000.0,,,,585000000.0,,,,228000000.0,,,
RepaymentsOfLongTermDebt / USD,,,,,,,,,,,,,,,,,,,,,,,,,,,,,,,,,,,0.0,0.0,,,500000000.0,0.0,,,,,,,,,,,1706000000.0,1706000000.0,750000000.0,724000000.0,1724000000.0,2141000000.0,1706000000.0,,,,2141000000.0,0.0,0.0,0.0
RestrictedCashAndCashEquivalents / USD,,,,,,,,,,,,,,,,,,,,,,,,,,,,,,,,,69000000.0,69000000.0,69000000.0,69000000.0,259000000.0,259000000.0,259000000.0,259000000.0,,779000000.0,779000000.0,779000000.0,779000000.0,772000000.0,772000000.0,772000000.0,772000000.0,1694000000.0,1694000000.0,1694000000.0,1694000000.0,1755000000.0,1755000000.0,1755000000.0,1755000000.0,1436000000.0,1436000000.0,1436000000.0,1436000000.0,1391000000.0,1391000000.0,1391000000.0
RestrictedCashAndCashEquivalentsAtCarryingValue / USD,14072000.0,14072000.0,14072000.0,14215000.0,14215000.0,14215000.0,14215000.0,19082000.0,19082000.0,19082000.0,19082000.0,21475000.0,21475000.0,21475000.0,21475000.0,26042000.0,26042000.0,26042000.0,26042000.0,34888000.0,34888000.0,34888000.0,26042000.0,34888000.0,11324000.0,11324000.0,11324000.0,11324000.0,18733000.0,18733000.0,18733000.0,18733000.0,69000000.0,69000000.0,69000000.0,69000000.0,259000000.0,259000000.0,259000000.0,259000000.0,,779000000.0,779000000.0,779000000.0,779000000.0,772000000.0,772000000.0,772000000.0,772000000.0,1694000000.0,1694000000.0,1694000000.0,1694000000.0,1755000000.0,1755000000.0,1755000000.0,1755000000.0,1436000000.0,1436000000.0,1436000000.0,1436000000.0,1391000000.0,1391000000.0,1391000000.0
RestructuringAndRelatedCostExpectedCost1 / USD,,,,,,,,,,,,,,,,,,,,,,,,,,,,,,10000000.0,5000000.0,,,,,,,,,,,,60000000.0,75000000.0,60000000.0,25000000.0,,10000000.0,,,,,,,,,,,,,,40000000.0,20000000.0,15000000.0
RestructuringCharges / USD,14816000.0,28597000.0,34168000.0,,,,34168000.0,,,,,,,,,,,,25630000.0,26000000.0,26000000.0,26000000.0,25630000.0,25630000.0,4676000.0,10322000.0,82001000.0,25630000.0,29803000.0,39636000.0,46274000.0,104871000.0,2000000.0,12000000.0,16000000.0,56000000.0,0.0,0.0,0.0,17000000.0,,10000000.0,14000000.0,16000000.0,0.0,75000000.0,128000000.0,206000000.0,24000000.0,29000000.0,42000000.0,54000000.0,231000000.0,,,,55000000.0,0.0,0.0,0.0,0.0,48000000.0,66000000.0,72000000.0
RetainedEarningsAccumulatedDeficit / USD,-1616033000.0,-1616033000.0,-1616033000.0,-1194533000.0,-1194533000.0,-1194533000.0,-1194533000.0,-722239000.0,-722239000.0,-722239000.0,-722239000.0,-442068000.0,-442068000.0,-442068000.0,-442068000.0,-209218000.0,-209218000.0,-209218000.0,-209218000.0,0.0,417428000.0,666177000.0,-209218000.0,507666000.0,507666000.0,507666000.0,507666000.0,507666000.0,129034000.0,129034000.0,129034000.0,129034000.0,331000000.0,331000000.0,331000000.0,331000000.0,517000000.0,517000000.0,517000000.0,517000000.0,,879000000.0,879000000.0,879000000.0,879000000.0,-1781000000.0,-1781000000.0,-1781000000.0,-1781000000.0,-1761000000.0,-1761000000.0,-1761000000.0,-1761000000.0,-1409000000.0,-1409000000.0,-1409000000.0,-1409000000.0,-632000000.0,-632000000.0,-632000000.0,-632000000.0,602000000.0,602000000.0,602000000.0
RevenueFromContractWithCustomerExcludingAssessedTax / USD,,,,,,,,,,,,,,,,,,,,,,,,,,,,,,,,,,,,,,,8664000000.0,10060000000.0,,2609000000.0,5762000000.0,9320000000.0,11223000000.0,2209000000.0,2775000000.0,4279000000.0,12067000000.0,1246000000.0,3357000000.0,6319000000.0,5199000000.0,2249000000.0,5430000000.0,9049000000.0,8598000000.0,2665000000.0,6023000000.0,9952000000.0,11667000000.0,2889000000.0,6447000000.0,10507000000.0
RightOfUseAssetObtainedInExchangeForOperatingLeaseLiability / USD,,,,,,,,,,,,,,,,,,,,,,,,,,,,,,,,,,,,,6000000.0,27000000.0,43000000.0,183000000.0,,,,,183000000.0,,,,183000000.0,,,,117000000.0,,,,30000000.0,,,,75000000.0,,,
SellingAndMarketingExpense / USD,507376000.0,792223000.0,1105337000.0,280838000.0,577668000.0,921687000.0,1061097000.0,350908000.0,751391000.0,1159560000.0,1234781000.0,377072000.0,821645000.0,1327401000.0,1474641000.0,496155000.0,1086623000.0,1711919000.0,1721037000.0,624699000.0,1368315000.0,2184115000.0,1721037000.0,2196145000.0,763381000.0,1648861000.0,2592150000.0,2808329000.0,1039348000.0,2194341000.0,3398862000.0,3381086000.0,1270000000.0,2713000000.0,4174000000.0,4367000000.0,1516000000.0,3057000000.0,4558000000.0,5298000000.0,,1521000000.0,3164000000.0,4810000000.0,5721000000.0,1205000000.0,1496000000.0,2021000000.0,6060000000.0,664000000.0,1863000000.0,3177000000.0,2527000000.0,1339000000.0,3055000000.0,4724000000.0,3499000000.0,1487000000.0,3066000000.0,4737000000.0,5428000000.0,1650000000.0,3443000000.0,5298000000.0
ShareBasedCompensation / USD,32148000.0,46667000.0,61291000.0,18892000.0,33543000.0,46564000.0,55756000.0,14798000.0,26311000.0,39334000.0,52507000.0,16951000.0,33572000.0,48910000.0,63847000.0,75078000.0,91164000.0,109203000.0,64596000.0,24821000.0,45835000.0,68139000.0,64596000.0,130173000.0,28886000.0,70380000.0,134036000.0,85011000.0,48908000.0,149339000.0,197602000.0,178068000.0,47000000.0,97000000.0,104000000.0,242000000.0,50000000.0,100000000.0,154000000.0,149000000.0,,56000000.0,115000000.0,175000000.0,203000000.0,55000000.0,109000000.0,156000000.0,241000000.0,83000000.0,203000000.0,319000000.0,205000000.0,90000000.0,183000000.0,280000000.0,418000000.0,103000000.0,209000000.0,314000000.0,374000000.0,104000000.0,218000000.0,365000000.0
ShareBasedCompensationArrangementByShareBasedPaymentAwardEquityInstrumentsOtherThanOptionsGrantsInPeriod / shares,,,,,,,494000.0,,,,263000.0,,,,221000.0,,,,602000.0,,,,602000.0,216000.0,,,,,,,,,,,,,,,,,,,,,,,,,,2000000.0,,,,5000000.0,,,,3500000.0,,,,2600000.0,,
ShareBasedCompensationArrangementByShareBasedPaymentAwardEquityInstrumentsOtherThanOptionsNonvestedNumber / shares,,,,,,,4523000.0,,,,3283000.0,,,,2317000.0,,,,2282000.0,,,,2282000.0,1218000.0,,,,,,,,,,,,,,,,,,,,,,,,,,8000000.0,,,,11000000.0,,,,11000000.0,,,,8000000.0,,
ShareBasedCompensationArrangementByShareBasedPaymentAwardEquityInstrumentsOtherThanOptionsVestedInPeriodTotalFairValue / USD,,,,,,,,,,,,,,,,,,,,,,,,,,,,12000000.0,,,,60000000.0,,,,57000000.0,,,,65000000.0,,,,,68000000.0,,,,117000000.0,,,,172000000.0,,,,504000000.0,,,,336000000.0,,,
ShareBasedCompensationArrangementByShareBasedPaymentAwardNumberOfSharesAuthorized / shares,,,,,,,19000000.0,,,,7000000.0,,,,11000000.0,,,,8000000.0,,,,8000000.0,10000000.0,,,,15000000.0,,,,13000000.0,,,,8000000.0,,,,7000000.0,,,,,14000000.0,,,,9000000.0,,,,7000000.0,,,,10000000.0,,,,9000000.0,,,
ShareBasedCompensationArrangementByShareBasedPaymentAwardOptionsOutstandingNumber / shares,,,,,,,4917000.0,,,,9001000.0,,,,9103000.0,,,,14798000.0,,,,14798000.0,15236000.0,,,,,,,16000000.0,,20000000.0,,,,16000000.0,,,,,12000000.0,,,,,,,,4000000.0,,,,4000000.0,,,,3000000.0,,,,2000000.0,,
ShareBasedCompensationArrangementByShareBasedPaymentAwardOptionsOutstandingWeightedAverageExercisePrice / USD/shares,,,,,,,46.58,,,,30.34,,,,35.9,,,,17.96,,,,17.96,25.24,,,,,,,93.89,,98.64,,,,101.79,,,,,104.82,,,,,,,,134.62,,,,139.62,,,,,,,,157.18,,
ShortTermInvestments / USD,45849000.0,45849000.0,45849000.0,515627000.0,515627000.0,515627000.0,495331000.0,648819000.0,648819000.0,648819000.0,648819000.0,644982000.0,644982000.0,644982000.0,644982000.0,325510000.0,325510000.0,325510000.0,325510000.0,355780000.0,355780000.0,355780000.0,325510000.0,355780000.0,33739000.0,33739000.0,33739000.0,33739000.0,72313000.0,72313000.0,72313000.0,72313000.0,468000000.0,468000000.0,468000000.0,468000000.0,28000000.0,28000000.0,28000000.0,28000000.0,,526000000.0,526000000.0,526000000.0,526000000.0,24000000.0,24000000.0,24000000.0,24000000.0,200000000.0,200000000.0,200000000.0,200000000.0,48000000.0,48000000.0,48000000.0,48000000.0,28000000.0,28000000.0,28000000.0,28000000.0,300000000.0,300000000.0,300000000.0
StockRepurchaseProgramAuthorizedAmount1 / USD,,,,,,,,,,,,,,,,,,,,,,,,,,,,,,,,,,,,,,,,,,,,,,,,,,,,,,,,,5000000000.0,5000000000.0,5000000000.0,5000000000.0,5000000000.0,5000000000.0,5000000000.0,5000000000.0
StockRepurchaseProgramNumberOfSharesAuthorizedToBeRepurchased / shares,,,,,20000000.0,20000000.0,20000000.0,20000000.0,20000000.0,20000000.0,20000000.0,20000000.0,20000000.0,20000000.0,20000000.0,20000000.0,20000000.0,20000000.0,20000000.0,20000000.0,20000000.0,20000000.0,20000000.0,,20000000.0,20000000.0,20000000.0,20000000.0,10000000.0,10000000.0,10000000.0,20000000.0,10000000.0,10000000.0,10000000.0,20000000.0,,,15000000.0,10000000.0,,15000000.0,15000000.0,15000000.0,10000000.0,15000000.0,15000000.0,15000000.0,10000000.0,,,,,20000000.0,20000000.0,20000000.0,15000000.0,,,,15000000.0,,,
StockRepurchaseProgramRemainingAuthorizedRepurchaseAmount1 / USD,,,,,,,,,,,,,,,,,,,,,,,,,,,,,,,,,,,,,,,,,,,,,,,,,,,,,,,,,4800000000.0,4200000000.0,3800000000.0,3400000000.0,3200000000.0,2900000000.0,2300000000.0,1800000000.0
StockholdersEquity / USD,2682681000.0,2682681000.0,2682681000.0,2672544000.0,2672544000.0,2672544000.0,2672544000.0,2199864000.0,2199864000.0,2199864000.0,2199864000.0,2280259000.0,2280259000.0,2280259000.0,2280259000.0,2145464000.0,2145464000.0,2145464000.0,2145464000.0,1784267000.0,1784267000.0,1784267000.0,2145464000.0,1784267000.0,4864394000.0,4864394000.0,4864394000.0,4864394000.0,4132301000.0,4132301000.0,4132301000.0,4132301000.0,4523000000.0,4523000000.0,4523000000.0,4523000000.0,4104000000.0,4104000000.0,4104000000.0,4104000000.0,,3967000000.0,3967000000.0,3967000000.0,3967000000.0,1510000000.0,1510000000.0,1510000000.0,1510000000.0,2057000000.0,2057000000.0,2057000000.0,2057000000.0,2283000000.0,2283000000.0,2283000000.0,2283000000.0,1534000000.0,1534000000.0,1534000000.0,1534000000.0,1557000000.0,1557000000.0,1557000000.0
StockholdersEquityIncludingPortionAttributableToNoncontrollingInterest / USD,2749726000.0,2749726000.0,4880016000.0,2736703000.0,2736703000.0,2736703000.0,2380964000.0,2305167000.0,2305167000.0,2305167000.0,2749726000.0,2389388000.0,2389388000.0,2389388000.0,2736703000.0,2258985000.0,2258985000.0,2258985000.0,2305167000.0,1893729000.0,1893729000.0,1893729000.0,2305167000.0,2389388000.0,4929767000.0,4929767000.0,4929767000.0,2258985000.0,5693103000.0,5693103000.0,5693103000.0,1893729000.0,6129000000.0,6129000000.0,6129000000.0,4930000000.0,6129000000.0,6129000000.0,6129000000.0,5693000000.0,,5651000000.0,5651000000.0,5651000000.0,6129000000.0,5536000000.0,5536000000.0,5536000000.0,5651000000.0,3004000000.0,3004000000.0,3004000000.0,5536000000.0,3552000000.0,3552000000.0,3552000000.0,3004000000.0,3728000000.0,3728000000.0,3728000000.0,3552000000.0,2786000000.0,2786000000.0,2786000000.0
StockholdersEquityOther / USD,,,-13000.0,,,,-13000.0,,,,1188000.0,,,,420000.0,,,,-2634000.0,,,,-2634000.0,362000.0,,,,-4374000.0,,,,-388000.0,,,,-4000000.0,,1000000.0,1000000.0,1000000.0,,,,,,,,,,,,,,3000000.0,6000000.0,12000000.0,,3000000.0,6000000.0,12000000.0,18000000.0,5000000.0,9000000.0,13000000.0
TreasuryStockAcquiredAverageCostPerShare / USD/shares,,,,,20.4,26.39,23.71,33.39,33.24,35.6,23.71,63.87,63.6,55.01,26.6,72.11,71.65,74.83,37.15,85.27,85.27,85.27,37.15,55.59,108.34,107.49,107.55,76.26,116.51,130.95,135.49,85.27,106.8,110.61,115.81,109.64,,,130.3,127.04,,109.88,109.88,109.88,117.02,109.88,109.88,109.88,122.72,,,100.07,109.88,103.66,100.0,103.48,0.0,140.26,131.83,132.04,96.09,189.29,171.84,179.05
TreasuryStockCommonShares / shares,,,,,,,,,,,,,,,,,,,,,,,,,,,,,,,,,,,,,,,,,,,,,,,,,,,,,131813000.0,137783000.0,137783000.0,137783000.0,137783000.0,157903000.0,157903000.0,157903000.0,157903000.0,171515000.0,171515000.0,171515000.0
TreasuryStockCommonValue / USD,,,,,,,,,,,,,,,,,,,,,,,,,,,,,,,,,,,,,,,,,,,,,,,,,,,,,10262000000.0,10869000000.0,10869000000.0,10869000000.0,10869000000.0,13023000000.0,13023000000.0,13023000000.0,13023000000.0,14856000000.0,14856000000.0,14856000000.0
TreasuryStockSharesAcquired / shares,,,,,,,20600000.0,5800000.0,8800000.0,9900000.0,,1700000.0,2000000.0,6300000.0,,1700000.0,4700000.0,6300000.0,10690657.0,500000.0,500000.0,500000.0,10690657.0,9259400.0,1700000.0,2900000.0,3200000.0,7040621.0,300000.0,800000.0,1000000.0,525504.0,1800000.0,3700000.0,5200000.0,3979170.0,,,2300000.0,2300000.0,,3400000.0,3400000.0,3400000.0,7700000.0,3400000.0,3400000.0,3400000.0,5600000.0,,,1500000.0,3400000.0,4300000.0,10200000.0,15400000.0,0.0,4300000.0,8100000.0,11200000.0,5200000.0,1700000.0,5600000.0,7900000.0
TreasuryStockValueAcquiredCostMethod / USD,,,489254000.0,,41000000.0,199000000.0,489254000.0,192000000.0,291000000.0,351000000.0,489254000.0,111000000.0,127000000.0,348000000.0,282873000.0,122000000.0,339000000.0,469000000.0,397376000.0,45000000.0,45000000.0,45000000.0,397376000.0,514907000.0,183000000.0,312000000.0,349000000.0,537088000.0,39000000.0,102000000.0,139000000.0,44822000.0,191000000.0,409000000.0,602000000.0,436000000.0,191000000.0,409000000.0,602000000.0,294000000.0,,370000000.0,370000000.0,300000000.0,904000000.0,370000000.0,370000000.0,370000000.0,683000000.0,,,153000000.0,370000000.0,448000000.0,1017000000.0,153000000.0,500000000.0,448000000.0,1017000000.0,1594000000.0,500000000.0,606000000.0,1072000000.0,1479000000.0
UnrealizedGainLossOnInvestments / USD,,,,,,,,,,,,,,,,,,,,,,,,,,,,,,,,,,,,,,,,,,,,,,,,,,,,,,,,,,1000000.0,1000000.0,1000000.0,1000000.0,1000000.0,1000000.0,1000000.0
UnrecognizedTaxBenefits / USD,,,,,,,177000000.0,,,,187075000.0,,,,68536000.0,,,,81682000.0,,,,81682000.0,102305000.0,,,,109712000.0,,,,110561000.0,,,,171000000.0,,,,220000000.0,,,,,261000000.0,,,,293000000.0,,,,305000000.0,,,,345000000.0,,,,349000000.0,,,
UnrecognizedTaxBenefitsDecreasesResultingFromPriorPeriodTaxPositions / USD,,,,,,,-11470000.0,,,,95687000.0,,,,2142000.0,,,,304000.0,,,,304000.0,3732000.0,,,,0.0,,,,0.0,,,,2000000.0,,,,1000000.0,,,,,0.0,,,,0.0,,,,2000000.0,,,,11000000.0,,,,0.0,,,
UnrecognizedTaxBenefitsDecreasesResultingFromSettlementsWithTaxingAuthorities / USD,,,,,,,-4413000.0,,,,913000.0,,,,607000.0,,,,607000.0,,,,607000.0,8957000.0,,,,0.0,,,,100000.0,,,,0.0,,,,1000000.0,,,,,0.0,,,,11000000.0,,,,0.0,,,,6000000.0,,,,8000000.0,,,
UnrecognizedTaxBenefitsIncomeTaxPenaltiesAndInterestAccrued / USD,,,,,,,13000000.0,,,,14000000.0,,,,18000000.0,,,,15000000.0,,,,15000000.0,6000000.0,,,,10000000.0,,,,15000000.0,,,,22000000.0,,,,30000000.0,,,,,37000000.0,,,,49000000.0,,,,56000000.0,,,,66000000.0,,,,90000000.0,,,
UnrecognizedTaxBenefitsIncomeTaxPenaltiesAndInterestExpense / USD,,,,,,,2631000.0,,,,10512000.0,,,,1914000.0,,,,,,,,,,,,,,,,,3142000.0,,,,5000000.0,,,,7000000.0,,,,,8000000.0,,,,8000000.0,,,,12000000.0,,,,7000000.0,,,,10000000.0,,,
UnrecognizedTaxBenefitsIncreasesResultingFromCurrentPeriodTaxPositions / USD,,,,,,,1417000.0,,,,12414000.0,,,,15679000.0,,,,20453000.0,,,,20453000.0,21899000.0,,,,28416000.0,,,,33880000.0,,,,43000000.0,,,,35000000.0,,,,,24000000.0,,,,12000000.0,,,,16000000.0,,,,11000000.0,,,,23000000.0,,,
UnrecognizedTaxBenefitsIncreasesResultingFromPriorPeriodTaxPositions / USD,,,,,,,21910000.0,,,,1207000.0,,,,1047000.0,,,,4837000.0,,,,4837000.0,5064000.0,,,,4469000.0,,,,26219000.0,,,,8000000.0,,,,4000000.0,,,,,2000000.0,,,,5000000.0,,,,18000000.0,,,,3000000.0,,,,5000000.0,,,
UnrecognizedTaxBenefitsThatWouldImpactEffectiveTaxRate / USD,,,,,,,46000000.0,,,,75000000.0,,,,83000000.0,,,,85000000.0,,,,85000000.0,86000000.0,,,,138000000.0,,,,181000000.0,,,,181000000.0,,,,155000000.0,,,,,180000000.0,,,,188000000.0,,,,219000000.0,,,,207000000.0,,,,213000000.0,,,
ValuationAllowanceDeferredTaxAssetChangeInAmount / USD,,,,,,,-15000000.0,,,,11000000.0,,,,20000000.0,,,,18000000.0,,,,18000000.0,72000000.0,,,,-57000000.0,,,,-10000000.0,,,,4000000.0,,,,-3000000.0,,,,,139000000.0,,,,45000000.0,,,,-71000000.0,,,,-2000000.0,,,,68000000.0,,,
WeightedAverageNumberOfDilutedSharesOutstanding / shares,289384000.0,290835000.0,286167000.0,294502000.0,291726000.0,289893000.0,146071000.0,139084000.0,139068000.0,139271000.0,144014000.0,139306000.0,138747000.0,139650000.0,138702000.0,135641000.0,135998000.0,141202000.0,139929000.0,130559000.0,134399000.0,133683000.0,139929000.0,139593000.0,131402000.0,132184000.0,132602000.0,133168000.0,151052000.0,150332000.0,154332000.0,134018000.0,150531000.0,151060000.0,156520000.0,154517000.0,151817000.0,150942000.0,153404000.0,156385000.0,,147882000.0,151057000.0,150912000.0,152889000.0,140823000.0,140947000.0,141068000.0,149884000.0,145181000.0,147148000.0,148453000.0,141414000.0,156366000.0,156831000.0,162495000.0,149734000.0,152477000.0,154425000.0,152172000.0,161751000.0,135501000.0,140131000.0,138655000.0
WeightedAverageNumberOfSharesOutstandingBasic / shares,287764000.0,287987000.0,286167000.0,288602000.0,286333000.0,284608000.0,144107000.0,136930000.0,136863000.0,136632000.0,141233000.0,133202000.0,132877000.0,133919000.0,135888000.0,135641000.0,135998000.0,136381000.0,134203000.0,130559000.0,130046000.0,129326000.0,134203000.0,134912000.0,127563000.0,128229000.0,128822000.0,128912000.0,151052000.0,150332000.0,150281000.0,130159000.0,150531000.0,151060000.0,151406000.0,150367000.0,151817000.0,150942000.0,150450000.0,151619000.0,,147882000.0,148468000.0,148052000.0,149961000.0,140823000.0,140947000.0,141068000.0,147194000.0,145181000.0,147148000.0,148453000.0,141414000.0,156336000.0,156831000.0,157100000.0,149734000.0,152477000.0,149808000.0,147253000.0,156672000.0,135501000.0,133724000.0,132393000.0
