fact_unit,2010-08-06,2010-11-23,2011-02-09,2011-05-10,2011-08-08,2011-11-18,2012-02-02,2012-04-30,2012-07-30,2012-11-16,2013-01-30,2013-04-29,2013-07-30,2013-11-12,2014-01-28,2014-04-28,2014-07-28,2014-11-10,2015-01-29,2015-04-27,2015-07-30,2015-11-10,2016-01-28,2016-05-04,2016-07-28,2016-11-10,2017-01-31,2017-04-27,2017-07-31,2017-11-09,2018-01-25,2018-04-26,2018-07-26,2018-11-09,2019-01-30,2019-04-30,2019-07-31,2019-11-08,2020-01-30,2020-04-29,2020-07-29,2020-11-12,2021-01-28,2021-05-05,2021-08-03,2021-11-10,2022-01-27,2022-04-27,2022-08-03,2022-11-09,2023-01-26,2023-04-27,2023-08-02,2023-09-15,2023-11-08,2024-01-25,2024-04-25,2024-07-31,2024-11-06,2025-02-04,2025-04-29,2025-07-30,2025-11-07
AccountsPayableCurrent / USD,8593000.0,8593000.0,8765000.0,8765000.0,8765000.0,8765000.0,11139000.0,11139000.0,11139000.0,11139000.0,18958000.0,18958000.0,18958000.0,18958000.0,19216000.0,19216000.0,19216000.0,19216000.0,22000000.0,22000000.0,22000000.0,22000000.0,19852000.0,19852000.0,19852000.0,19852000.0,22952000.0,22952000.0,22952000.0,22952000.0,19510000.0,19510000.0,19510000.0,19510000.0,20251000.0,20251000.0,20251000.0,20251000.0,23118000.0,23118000.0,23118000.0,23118000.0,23033000.0,23033000.0,23033000.0,23033000.0,20749000.0,20749000.0,20749000.0,20749000.0,17273000.0,17273000.0,17273000.0,,17273000.0,19009000.0,19009000.0,19009000.0,19009000.0,22473000.0,22473000.0,22473000.0,22473000.0
AccountsReceivableGross / USD,,,,,,,,,,,,,,,,,,,,,,,,,,,,,,,,,,,270181000.0,270181000.0,270181000.0,196960000.0,206714000.0,206714000.0,206714000.0,206714000.0,211776000.0,211776000.0,211776000.0,211776000.0,198305000.0,198305000.0,198305000.0,198305000.0,203351000.0,203351000.0,203351000.0,,203351000.0,234745000.0,234745000.0,234745000.0,234745000.0,264942000.0,264942000.0,475737000.0,475737000.0
AccountsReceivableNet / USD,,,,,,,,,,,,,,,,,,,,,,,,,,,,,,,,,,,,,,266742000.0,331797000.0,331797000.0,331797000.0,331797000.0,388254000.0,388254000.0,388254000.0,388254000.0,349559000.0,349559000.0,349559000.0,349559000.0,364519000.0,364519000.0,364519000.0,,364519000.0,433663000.0,433663000.0,433663000.0,433663000.0,469283000.0,469283000.0,469283000.0,469283000.0
AccountsReceivableNetCurrent / USD,101742000.0,101742000.0,113187000.0,113187000.0,113187000.0,113187000.0,104974000.0,104974000.0,104974000.0,104974000.0,142595000.0,142595000.0,142595000.0,142595000.0,143733000.0,143733000.0,143733000.0,143733000.0,155295000.0,155295000.0,155295000.0,155295000.0,158773000.0,158773000.0,158773000.0,158773000.0,167786000.0,167786000.0,167786000.0,167786000.0,168586000.0,168586000.0,168586000.0,168586000.0,266742000.0,266742000.0,266742000.0,266742000.0,297427000.0,297427000.0,297427000.0,297427000.0,334180000.0,334180000.0,334180000.0,334180000.0,312107000.0,312107000.0,312107000.0,312107000.0,322410000.0,322410000.0,322410000.0,,322410000.0,387947000.0,387947000.0,387947000.0,387947000.0,426642000.0,426642000.0,426642000.0,426642000.0
AccountsReceivableNetNoncurrent / USD,,,,,,,,,,,,,,,,,,,,,,,,,,,,,,,,,,,,,,34400000.0,34370000.0,34370000.0,34370000.0,34370000.0,54074000.0,54074000.0,54074000.0,54074000.0,37452000.0,37452000.0,37452000.0,37452000.0,42109000.0,42109000.0,42109000.0,,42109000.0,45716000.0,45716000.0,45716000.0,45716000.0,42641000.0,42641000.0,42641000.0,42641000.0
AccruedLiabilitiesCurrent / USD,,,,,,28732000.0,47031000.0,47031000.0,47031000.0,47031000.0,43645000.0,43645000.0,43645000.0,43645000.0,35202000.0,35202000.0,35202000.0,35202000.0,36235000.0,36235000.0,36235000.0,36235000.0,30958000.0,30958000.0,30958000.0,30958000.0,27780000.0,27780000.0,27780000.0,27780000.0,32104000.0,32104000.0,32104000.0,32104000.0,31025000.0,31025000.0,31025000.0,31025000.0,32454000.0,32454000.0,32454000.0,32454000.0,63367000.0,63367000.0,63367000.0,63367000.0,79535000.0,79535000.0,79535000.0,79535000.0,66248000.0,66248000.0,66248000.0,,66248000.0,59478000.0,59478000.0,59478000.0,59478000.0,79812000.0,79812000.0,79812000.0,79812000.0
AccumulatedDepreciationDepletionAndAmortizationPropertyPlantAndEquipment / USD,,,,,187150000.0,187150000.0,150809000.0,150809000.0,150809000.0,150809000.0,148439000.0,148439000.0,148439000.0,148439000.0,129667000.0,129667000.0,129667000.0,129667000.0,127871000.0,127871000.0,127871000.0,127871000.0,71652000.0,71652000.0,71652000.0,71652000.0,81638000.0,81638000.0,81638000.0,81638000.0,94657000.0,94657000.0,94657000.0,94657000.0,107317000.0,107317000.0,107317000.0,107317000.0,119048000.0,119048000.0,119048000.0,119048000.0,,,,114700000.0,,,,97053000.0,,,,,94831000.0,,88001000.0,88001000.0,88001000.0,77453000.0,77453000.0,77453000.0,77453000.0
AccumulatedOtherComprehensiveIncomeLossNetOfTax / USD,-17429000.0,-17429000.0,-19678000.0,-19678000.0,-19678000.0,-19678000.0,-21709000.0,-21709000.0,-21709000.0,-21709000.0,-15808000.0,-15808000.0,-15808000.0,-15808000.0,-20908000.0,-20908000.0,-20908000.0,-20908000.0,-23189000.0,-23189000.0,-23189000.0,-23189000.0,-50715000.0,-50715000.0,-50715000.0,-50715000.0,-77011000.0,-77011000.0,-77011000.0,-77011000.0,-66494000.0,-66494000.0,-66494000.0,-66494000.0,-76421000.0,-76421000.0,-76421000.0,-76421000.0,-90085000.0,-90085000.0,-90085000.0,-90085000.0,-82995000.0,-82995000.0,-82995000.0,-82995000.0,-75854000.0,-75854000.0,-75854000.0,-75854000.0,-124702000.0,-124702000.0,-124702000.0,,-124702000.0,-102145000.0,-102145000.0,-102145000.0,-102145000.0,-91629000.0,-91629000.0,-91629000.0,-91629000.0
AdditionalPaidInCapitalCommonStock / USD,1106292000.0,1106292000.0,1103244000.0,1103244000.0,1103244000.0,1103244000.0,1098388000.0,1098388000.0,1098388000.0,1098388000.0,1103611000.0,1103611000.0,1103611000.0,1103611000.0,1110198000.0,1110198000.0,1110198000.0,1110198000.0,1129317000.0,1129317000.0,1129317000.0,1129317000.0,1152789000.0,1152789000.0,1152789000.0,1152789000.0,1185076000.0,1185076000.0,1185076000.0,1188913000.0,1195431000.0,1195431000.0,1195431000.0,1195431000.0,1211051000.0,1211051000.0,1211051000.0,1211051000.0,1225365000.0,1225365000.0,1225365000.0,1225365000.0,1218583000.0,1218583000.0,1218583000.0,1218583000.0,1237348000.0,1237348000.0,1237348000.0,1237348000.0,1299588000.0,1299588000.0,1299588000.0,,1299588000.0,1350713000.0,1350713000.0,1350713000.0,1350713000.0,1366572000.0,1366572000.0,1366572000.0,1366572000.0
AdjustmentsToAdditionalPaidInCapitalSharebasedCompensationRequisiteServicePeriodRecognitionValue / USD,13235000.0,27981000.0,4034000.0,8205000.0,11762000.0,19935000.0,4757000.0,9384000.0,15466000.0,17305000.0,5832000.0,12245000.0,18897000.0,15500000.0,7235000.0,16286000.0,25631000.0,21229000.0,8794000.0,20596000.0,32762000.0,25850000.0,14700000.0,28300000.0,41704000.0,36362000.0,14519000.0,29231000.0,43546000.0,45308000.0,16510000.0,35749000.0,54631000.0,55509000.0,21854000.0,35749000.0,54631000.0,61222000.0,21854000.0,42336000.0,61931000.0,74814000.0,23145000.0,45933000.0,68197000.0,82973000.0,25132000.0,53338000.0,83342000.0,93681000.0,29878000.0,57814000.0,86363000.0,,111700000.0,29702000.0,56755000.0,89750000.0,115355000.0,31574000.0,67022000.0,109457000.0,123847000.0
AllocatedShareBasedCompensationExpense / USD,,,,,,,,,,,,,,,,,,,,,,,,,,36400000.0,,,,45300000.0,,,,55500000.0,,,,61200000.0,,,,74800000.0,,,,83000000.0,,,,93700000.0,,,,,112500000.0,,,,115400000.0,,,,123800000.0
AllowanceForDoubtfulAccountsReceivable / USD,,,,,,,,,,,,,,,,,,,,,,,,,,,,,,,,,,,,,,2941000.0,2568000.0,2568000.0,2568000.0,3439000.0,5072000.0,5072000.0,5072000.0,2568000.0,4154000.0,4154000.0,4154000.0,5072000.0,4218000.0,4218000.0,4218000.0,,4154000.0,4978000.0,4978000.0,4978000.0,4218000.0,6454000.0,6454000.0,6454000.0,4978000.0
AllowanceForDoubtfulAccountsReceivablePeriodIncreaseDecrease / USD,,,,,,,,,,,,,,,,,,,,,,,,,,,,,,,,,,,,,,623000.0,,,,518000.0,,,,3199000.0,,,,652000.0,,,,,2300000.0,,,,1475000.0,,,,
AllowanceForDoubtfulAccountsReceivableWriteOffs / USD,,,,,,,,,,,,,,186000.0,,,,576000.0,,,,1715000.0,,,,801000.0,,,,1945000.0,,,,891000.0,,,,125000.0,,,,1389000.0,,,,695000.0,,,,1570000.0,,,,,2236000.0,,,,715000.0,,,,
AmortizationOfIntangibleAssets / USD,9622000.0,14043000.0,3165000.0,6235000.0,8918000.0,12891000.0,1929000.0,3862000.0,5804000.0,10901000.0,1930000.0,3420000.0,4885000.0,7741000.0,3372000.0,6976000.0,10453000.0,6944000.0,3013000.0,5921000.0,8940000.0,13535000.0,2932000.0,6447000.0,10046000.0,11917000.0,3580000.0,7087000.0,10573000.0,13673000.0,3320000.0,6632000.0,9997000.0,13982000.0,1788000.0,3472000.0,5043000.0,12709000.0,1502000.0,3005000.0,4453000.0,6594000.0,1796000.0,2998000.0,4046000.0,6126000.0,937000.0,1882000.0,2692000.0,4993000.0,544000.0,1087000.0,1619000.0,,3255000.0,275000.0,550000.0,825000.0,2061000.0,275000.0,550000.0,825000.0,1100000.0
Assets / USD,1303888000.0,1303888000.0,1123716000.0,1123716000.0,1123716000.0,1123716000.0,1129468000.0,1129468000.0,1129468000.0,1129468000.0,1158611000.0,1158611000.0,1158611000.0,1158611000.0,1161547000.0,1161547000.0,1161547000.0,1161547000.0,1192298000.0,1192298000.0,1192298000.0,1192298000.0,1230163000.0,1230163000.0,1230163000.0,1230163000.0,1220676000.0,1220676000.0,1220676000.0,1220676000.0,1255620000.0,1255620000.0,1255620000.0,1255620000.0,1330467000.0,1330467000.0,1330467000.0,1330467000.0,1433448000.0,1433448000.0,1433448000.0,1433448000.0,1606240000.0,1606240000.0,1606240000.0,1606240000.0,1567776000.0,1567776000.0,1567776000.0,1567776000.0,1442034000.0,1442034000.0,1442034000.0,,1442034000.0,1575281000.0,1575281000.0,1575281000.0,1575281000.0,1717884000.0,1717884000.0,1717884000.0,1717884000.0
AssetsCurrent / USD,442558000.0,442558000.0,347175000.0,347175000.0,347175000.0,347175000.0,364481000.0,364481000.0,364481000.0,364481000.0,259325000.0,259325000.0,259325000.0,259325000.0,249188000.0,249188000.0,249188000.0,249188000.0,288527000.0,288527000.0,288527000.0,288527000.0,286602000.0,286602000.0,286602000.0,286602000.0,267638000.0,267638000.0,267638000.0,267638000.0,310931000.0,310931000.0,310931000.0,310931000.0,396389000.0,396389000.0,396389000.0,396389000.0,455706000.0,455706000.0,455706000.0,455706000.0,534078000.0,534078000.0,534078000.0,534078000.0,550974000.0,550974000.0,550974000.0,550974000.0,484715000.0,484715000.0,484715000.0,,484715000.0,556448000.0,556448000.0,556448000.0,556448000.0,617413000.0,617413000.0,617413000.0,617413000.0
BilledContractReceivables / USD,,,,,,,,,,,,,,,,,,,,,,,,,,,,,,,,,,,,,,,,,,,,,,,,,,,,,,,,,,,,,,264942000.0,264942000.0
CapitalExpendituresIncurredButNotYetPaid / USD,,,,,,,,,,,,,,4790000.0,1045000.0,826000.0,1533000.0,641000.0,521000.0,462000.0,708000.0,681000.0,296000.0,4742000.0,733000.0,363000.0,267000.0,1028000.0,3566000.0,436000.0,3816000.0,2757000.0,2470000.0,3287000.0,1482000.0,6006000.0,5282000.0,1751000.0,433000.0,77000.0,690000.0,1913000.0,93000.0,1920000.0,50000.0,1448000.0,13000.0,388000.0,564000.0,166000.0,67000.0,139000.0,11000.0,,71000.0,37000.0,9000.0,53000.0,22000.0,178000.0,439000.0,132000.0,106000.0
CapitalLeaseObligationsIncurred / USD,,,,,,,,,,,,,,,,,,,,,,,,,,,,,,,,,,,,,0.0,0.0,0.0,0.0,6416000.0,0.0,3045000.0,5148000.0,6489000.0,5803000.0,,,,1387000.0,,,,,,,0.0,0.0,0.0,,9400000.0,11740000.0,0.0
CapitalizedContractCostAmortization / USD,,,,,,,,,,,,,,,,,,,,,,,,,,,,,,,,,,,1100000.0,2200000.0,3300000.0,4200000.0,,,,4500000.0,,,,5000000.0,,,,5700000.0,,,,,6000000.0,,,,7200000.0,,,,8200000.0
CapitalizedContractCostImpairmentLoss / USD,,,,,,,,,,,,,,,,,,,,,,,,,,,,,,,,,,,0.0,0.0,0.0,0.0,,,,0.0,,,,0.0,,,,0.0,,,,,0.0,,,,0.0,,,,0.0
CapitalizedContractCostNet / USD,,,,,,,,,,,,,,,,,,,,,,,,,,,,,,,,,,,27100000.0,27100000.0,27100000.0,27100000.0,,,,,,,,38600000.0,,,,44900000.0,,,,,53000000.0,,,,58600000.0,,,,60500000.0
Cash / USD,,,,,,,,,,,,,,,,82500000.0,82500000.0,,94700000.0,94700000.0,94700000.0,,85700000.0,85700000.0,85700000.0,,75500000.0,75500000.0,75500000.0,,90300000.0,90300000.0,90300000.0,,71600000.0,71600000.0,71600000.0,,77500000.0,77500000.0,77500000.0,,122100000.0,122100000.0,122100000.0,,195200000.0,195200000.0,195200000.0,,113900000.0,113900000.0,113900000.0,,,113200000.0,113200000.0,113200000.0,,142800000.0,142800000.0,142800000.0,142800000.0
CashAndCashEquivalentsAtCarryingValue / USD,129678000.0,95284000.0,178157000.0,178157000.0,178157000.0,129678000.0,146199000.0,146199000.0,146199000.0,178157000.0,135752000.0,135752000.0,135752000.0,146199000.0,71609000.0,71609000.0,71609000.0,135752000.0,83178000.0,83178000.0,83178000.0,71609000.0,105075000.0,105075000.0,105075000.0,83178000.0,86120000.0,86120000.0,86120000.0,105075000.0,75926000.0,75926000.0,75926000.0,86120000.0,94213000.0,90023000.0,90023000.0,75926000.0,106426000.0,106426000.0,106426000.0,106426000.0,157394000.0,157394000.0,157394000.0,157394000.0,195354000.0,195354000.0,195354000.0,195354000.0,133202000.0,133202000.0,133202000.0,,133202000.0,136778000.0,136778000.0,136778000.0,136778000.0,150667000.0,150667000.0,150667000.0,150667000.0
CashCashEquivalentsRestrictedCashAndRestrictedCashEquivalents / USD,,,,,,,,,,,,,,,,,,,,,,,,,,,,,,,,,,,,105618000.0,105618000.0,,90023000.0,90023000.0,90023000.0,105618000.0,106426000.0,106426000.0,106426000.0,90023000.0,157394000.0,157394000.0,157394000.0,106426000.0,195354000.0,195354000.0,195354000.0,,157394000.0,133202000.0,133202000.0,133202000.0,195354000.0,136778000.0,136778000.0,136778000.0,133202000.0
CashCashEquivalentsRestrictedCashAndRestrictedCashEquivalentsPeriodIncreaseDecreaseIncludingExchangeRateEffect / USD,,,,,,,,,,,,,,,,,,,,,,,,,,,,,,,,,,,,2250000.0,14311000.0,,-10127000.0,-13138000.0,-11215000.0,-15595000.0,4790000.0,2540000.0,19247000.0,16403000.0,-12732000.0,40442000.0,80218000.0,50968000.0,-33197000.0,-21135000.0,-40292000.0,,37960000.0,6654000.0,4569000.0,29820000.0,-62152000.0,23643000.0,-1111000.0,19265000.0,3576000.0
CommonStockParOrStatedValuePerShare / USD/shares,0.01,0.01,0.01,0.01,0.01,0.01,0.01,0.01,0.01,0.01,0.01,0.01,0.01,0.01,0.01,0.01,0.01,0.01,0.01,0.01,0.01,0.01,0.01,0.01,0.01,0.01,0.01,0.01,0.01,0.01,0.01,0.01,0.01,0.01,0.01,0.01,0.01,0.01,0.01,0.01,0.01,0.01,0.01,0.01,0.01,0.01,0.01,0.01,0.01,0.01,0.01,0.01,0.01,,0.01,0.01,0.01,0.01,0.01,0.01,0.01,0.01,0.01
CommonStockSharesAuthorized / shares,200000000.0,200000000.0,200000000.0,200000000.0,200000000.0,200000000.0,200000000.0,200000000.0,200000000.0,200000000.0,200000000.0,200000000.0,200000000.0,200000000.0,200000000.0,200000000.0,200000000.0,200000000.0,200000000.0,200000000.0,200000000.0,200000000.0,200000000.0,200000000.0,200000000.0,200000000.0,200000000.0,200000000.0,200000000.0,200000000.0,200000000.0,200000000.0,200000000.0,200000000.0,200000000.0,200000000.0,200000000.0,200000000.0,200000000.0,200000000.0,200000000.0,200000000.0,200000000.0,200000000.0,200000000.0,200000000.0,200000000.0,200000000.0,200000000.0,200000000.0,200000000.0,200000000.0,200000000.0,,200000000.0,200000000.0,200000000.0,200000000.0,200000000.0,200000000.0,200000000.0,200000000.0,200000000.0
CommonStockSharesIssued / shares,88857000.0,88857000.0,88857000.0,88857000.0,88857000.0,88857000.0,88857000.0,88857000.0,88857000.0,88857000.0,88857000.0,88857000.0,88857000.0,88857000.0,88857000.0,88857000.0,88857000.0,88857000.0,88857000.0,88857000.0,88857000.0,88857000.0,88857000.0,88857000.0,88857000.0,88857000.0,88857000.0,88857000.0,88857000.0,88857000.0,88857000.0,88857000.0,88857000.0,88857000.0,88857000.0,88857000.0,88857000.0,88857000.0,88857000.0,88857000.0,88857000.0,88857000.0,88857000.0,88857000.0,88857000.0,88857000.0,88857000.0,88857000.0,88857000.0,88857000.0,88857000.0,88857000.0,88857000.0,,88857000.0,88857000.0,88857000.0,88857000.0,88857000.0,88857000.0,88857000.0,88857000.0,88857000.0
CommonStockSharesOutstanding / shares,48156000.0,48156000.0,39882000.0,39882000.0,39882000.0,39882000.0,37084000.0,37084000.0,37084000.0,37084000.0,34839000.0,34839000.0,34839000.0,34839000.0,34786000.0,34786000.0,34786000.0,34786000.0,32047000.0,32047000.0,32047000.0,32047000.0,31290000.0,31290000.0,31290000.0,31290000.0,30935000.0,30935000.0,30935000.0,30935000.0,30243000.0,30243000.0,30243000.0,30243000.0,29015000.0,29015000.0,29015000.0,29015000.0,28944000.0,28944000.0,28944000.0,28944000.0,29096000.0,29096000.0,29096000.0,29096000.0,27568000.0,27568000.0,27568000.0,27568000.0,25154000.0,25154000.0,25154000.0,,25154000.0,24770000.0,24770000.0,24770000.0,24770000.0,24392000.0,24392000.0,24392000.0,24392000.0
CommonStockValueOutstanding / USD,482000.0,482000.0,399000.0,399000.0,399000.0,399000.0,371000.0,371000.0,371000.0,371000.0,348000.0,348000.0,348000.0,348000.0,348000.0,348000.0,348000.0,348000.0,320000.0,320000.0,320000.0,320000.0,313000.0,313000.0,313000.0,313000.0,309000.0,309000.0,309000.0,309000.0,302000.0,302000.0,302000.0,302000.0,290000.0,290000.0,290000.0,290000.0,289000.0,289000.0,289000.0,289000.0,291000.0,291000.0,291000.0,291000.0,276000.0,276000.0,276000.0,276000.0,252000.0,252000.0,252000.0,,252000.0,248000.0,248000.0,248000.0,248000.0,244000.0,244000.0,244000.0,244000.0
ComprehensiveIncomeNetOfTax / USD,,,,,,,,,,62208000.0,27298000.0,53455000.0,68484000.0,69531000.0,22030000.0,27495000.0,45833000.0,97905000.0,20982000.0,44626000.0,70879000.0,84995000.0,2956000.0,2758000.0,35443000.0,92598000.0,13122000.0,35333000.0,56164000.0,58976000.0,23554000.0,54727000.0,90349000.0,83152000.0,35950000.0,76244000.0,87169000.0,143931000.0,36742000.0,73048000.0,133011000.0,116556000.0,69013000.0,108245000.0,173153000.0,178460000.0,103540000.0,170368000.0,325809000.0,243501000.0,82821000.0,183997000.0,255001000.0,,399225000.0,116024000.0,224126000.0,357956000.0,324693000.0,129768000.0,255410000.0,377568000.0,451932000.0
ContractWithCustomerLiability / USD,,,,,,,,,,,,,,,,,,,,,,,,,,,,,,,,,,,108118000.0,108118000.0,108118000.0,114729000.0,108118000.0,116320000.0,116320000.0,108118000.0,122141000.0,122141000.0,122141000.0,116320000.0,122141000.0,122141000.0,122141000.0,122141000.0,126560000.0,126560000.0,126560000.0,,110763000.0,143235000.0,143235000.0,143235000.0,126560000.0,160209000.0,160209000.0,160209000.0,143235000.0
ContractWithCustomerLiabilityCurrent / USD,,,,,,,,,,,,,,,,,,,,,,,,,,,,,,,,,,,,,,103300000.0,103600000.0,111000000.0,111000000.0,111000000.0,115200000.0,115200000.0,115200000.0,115100000.0,105400000.0,105400000.0,105400000.0,105400000.0,126900000.0,118300000.0,120000000.0,,120000000.0,136700000.0,136700000.0,136700000.0,136700000.0,156900000.0,156900000.0,156900000.0,156900000.0
ContractWithCustomerLiabilityNoncurrent / USD,,,,,,,,,,,,,,,,,,,,,,,,,,,,,,,,,,,,,,4800000.0,4600000.0,5300000.0,5300000.0,5300000.0,6900000.0,6900000.0,6900000.0,7000000.0,5400000.0,5400000.0,5400000.0,5400000.0,6700000.0,6800000.0,6600000.0,,6600000.0,6500000.0,6500000.0,6500000.0,6500000.0,3300000.0,3300000.0,3300000.0,3300000.0
ContractWithCustomerLiabilityRevenueRecognized / USD,,,,,,,,,,,,,,,,,,,,,,,,,,,,,,,,,,,53339000.0,74858000.0,87600000.0,-83125000.0,53339000.0,75148000.0,91337000.0,-93265000.0,47793000.0,75600000.0,78551000.0,-101640000.0,47793000.0,75600000.0,78551000.0,-84735000.0,55674000.0,51360000.0,104904000.0,,-95286000.0,67037000.0,-102063000.0,-122567000.0,-113341000.0,-75280000.0,-115568000.0,140523000.0,133554000.0
CostOfRevenue / USD,,,,,,206448000.0,45803000.0,94309000.0,137707000.0,180932000.0,45974000.0,94788000.0,142620000.0,186470000.0,56148000.0,115004000.0,172659000.0,197947000.0,57319000.0,115502000.0,178254000.0,229468000.0,66300000.0,137291000.0,203493000.0,249281000.0,62193000.0,124491000.0,190875000.0,270535000.0,69997000.0,142128000.0,211921000.0,265173000.0,74432000.0,153925000.0,232936000.0,287607000.0,76066000.0,161634000.0,248849000.0,312898000.0,90758000.0,178897000.0,267466000.0,336845000.0,89528000.0,177861000.0,260101000.0,361142000.0,69203000.0,140997000.0,219688000.0,,332462000.0,76569000.0,156375000.0,228221000.0,302174000.0,83461000.0,170407000.0,258632000.0,311053000.0
CostsAndExpenses / USD,394909000.0,622559000.0,119863000.0,240522000.0,364774000.0,513988000.0,126295000.0,259927000.0,373200000.0,492294000.0,118277000.0,239602000.0,362912000.0,492346000.0,147026000.0,293145000.0,441709000.0,508065000.0,149073000.0,295798000.0,456987000.0,581851000.0,164670000.0,337380000.0,509692000.0,627117000.0,169242000.0,337396000.0,520855000.0,701276000.0,184673000.0,373010000.0,562567000.0,711764000.0,195536000.0,405357000.0,615813000.0,752824000.0,213252000.0,442937000.0,671478000.0,824787000.0,246622000.0,478867000.0,709727000.0,906535000.0,217693000.0,447855000.0,591655000.0,998593000.0,206775000.0,411913000.0,620264000.0,,811047000.0,204531000.0,425036000.0,646693000.0,834856000.0,230700000.0,469668000.0,727266000.0,870727000.0
CurrentFederalTaxExpenseBenefit / USD,,,,,,16704000.0,,,,10190000.0,,,,22019000.0,,,,42502000.0,,,,31469000.0,,,,42570000.0,,,,23646000.0,,,,50631000.0,,,,19576000.0,,,,8071000.0,,,,1299000.0,,,,14566000.0,,,,,43437000.0,,,,50403000.0,,,,112456000.0
CurrentForeignTaxExpenseBenefit / USD,,,,,,15453000.0,,,,6490000.0,,,,-251000.0,,,,3959000.0,,,,3994000.0,,,,7487000.0,,,,10405000.0,,,,7597000.0,,,,8486000.0,,,,9559000.0,,,,15371000.0,,,,12482000.0,,,,,35615000.0,,,,30597000.0,,,,42327000.0
CurrentIncomeTaxExpenseBenefit / USD,,,,,,37136000.0,,,,21086000.0,,,,24641000.0,,,,51360000.0,,,,38218000.0,,,,54278000.0,,,,28670000.0,,,,61128000.0,,,,29117000.0,,,,19866000.0,,,,16247000.0,,,,29228000.0,,,,,87013000.0,,,,89952000.0,,,,171627000.0
CurrentStateAndLocalTaxExpenseBenefit / USD,,,,,,4979000.0,,,,4406000.0,,,,2873000.0,,,,4899000.0,,,,2755000.0,,,,4221000.0,,,,-5381000.0,,,,2900000.0,,,,1055000.0,,,,2236000.0,,,,-423000.0,,,,2180000.0,,,,,7961000.0,,,,8952000.0,,,,16844000.0
DebtCurrent / USD,,,,,,,,,,,,,,49000000.0,23000000.0,23000000.0,23000000.0,23000000.0,170000000.0,170000000.0,170000000.0,170000000.0,92000000.0,92000000.0,92000000.0,92000000.0,77000000.0,77000000.0,77000000.0,77000000.0,142000000.0,142000000.0,142000000.0,142000000.0,235000000.0,235000000.0,235000000.0,235000000.0,218000000.0,218000000.0,218000000.0,218000000.0,95000000.0,95000000.0,95000000.0,95000000.0,250000000.0,250000000.0,250000000.0,250000000.0,30000000.0,30000000.0,30000000.0,,30000000.0,50000000.0,50000000.0,50000000.0,50000000.0,15000000.0,15000000.0,,
DebtLongtermAndShorttermCombinedAmount / USD,,,,,,,,,,,,,,,,,,,,,,,,,,,,,,,,,,,,,,,,,,,,,,,,,,,,,,,,1861658000.0,1861658000.0,1861658000.0,1861658000.0,2209021000.0,2209021000.0,,
DeferredFederalIncomeTaxExpenseBenefit / USD,,,,,,-2317000.0,,,,7761000.0,,,,59000.0,,,,-6843000.0,,,,-468000.0,,,,-15401000.0,,,,-5004000.0,,,,-23592000.0,,,,-8523000.0,,,,13987000.0,,,,7003000.0,,,,-8575000.0,,,,,-4602000.0,,,,8165000.0,,,,-37884000.0
DeferredFinanceCostsCurrentNet / USD,,,,,,,,,,,,,,,,,,,,,,,,,,,,,,,,,,,,,,,,,,,,,,,,,,,,,,,,,,,,,,0.0,0.0
DeferredFinanceCostsNet / USD,,,,,,,,,,,,,,,,,,,,,,,,,,,376000.0,376000.0,376000.0,376000.0,199000.0,199000.0,199000.0,200000.0,6100000.0,6100000.0,6100000.0,6100000.0,5200000.0,5200000.0,5200000.0,5200000.0,10600000.0,10600000.0,10600000.0,10600000.0,,,,9000000.0,,,,,14300000.0,12092000.0,12092000.0,12092000.0,12092000.0,9729000.0,9729000.0,,
DeferredFinanceCostsNoncurrentNet / USD,,,,,,,,,,,,,,,,,,,,,,,,,,,,,,,,,,,,,,,,,,,,,,,,,,,,,,,,,,,,,,9729000.0,9729000.0
DeferredForeignIncomeTaxExpenseBenefit / USD,,,,,,-696000.0,,,,-356000.0,,,,1305000.0,,,,647000.0,,,,2070000.0,,,,468000.0,,,,-2352000.0,,,,-2190000.0,,,,2571000.0,,,,-3535000.0,,,,-249000.0,,,,893000.0,,,,,-405000.0,,,,-856000.0,,,,5531000.0
DeferredIncomeTaxAssetsNet / USD,,,,,,,,,,,,,,,,,,,,,,,,,,,,,,,,,,,,,,,,6006000.0,6006000.0,6006000.0,14629000.0,14629000.0,14629000.0,14629000.0,20549000.0,20549000.0,20549000.0,20549000.0,11803000.0,11803000.0,11803000.0,,11803000.0,59136000.0,59136000.0,59136000.0,59136000.0,86513000.0,86513000.0,86513000.0,86513000.0
DeferredIncomeTaxExpenseBenefit / USD,3660000.0,-23095000.0,819000.0,818000.0,689000.0,-5031000.0,819000.0,818000.0,1185000.0,6761000.0,425000.0,-1967000.0,-1864000.0,1252000.0,-1418000.0,-3499000.0,-5515000.0,-7121000.0,-1576000.0,-5073000.0,-7576000.0,3671000.0,5676000.0,2453000.0,75000.0,-16026000.0,5986000.0,-2056000.0,-455000.0,-5934000.0,0.0,0.0,-2000.0,-26007000.0,-1942000.0,-3152000.0,-3643000.0,-6248000.0,-50000.0,74000.0,247000.0,10584000.0,-1016000.0,-1213000.0,-1230000.0,7701000.0,-298000.0,-287000.0,-11064000.0,-8639000.0,3905000.0,3004000.0,1825000.0,,-5955000.0,-8507000.0,-18360000.0,-37795000.0,7816000.0,-4435000.0,-13041000.0,-19013000.0,-47378000.0
DeferredIncomeTaxLiabilities / USD,,,,,,,,,,25523000.0,,,,35788000.0,,,,34953000.0,,,,32350000.0,,,,35156000.0,,,,33007000.0,,,,31060000.0,,,,32131000.0,,,,34789000.0,,,,52290000.0,,,,44451000.0,,,,,47837000.0,,,,42933000.0,,,,47214000.0
DeferredRevenueCurrent / USD,39673000.0,39673000.0,42953000.0,42953000.0,42953000.0,42953000.0,41768000.0,41768000.0,41768000.0,41768000.0,47959000.0,47959000.0,47959000.0,47959000.0,49181000.0,49181000.0,49181000.0,49181000.0,56519000.0,56519000.0,56519000.0,56519000.0,46697000.0,46697000.0,46697000.0,46697000.0,47129000.0,47129000.0,47129000.0,47129000.0,55431000.0,55431000.0,55431000.0,55431000.0,103335000.0,103335000.0,103335000.0,103335000.0,111016000.0,111016000.0,111016000.0,111016000.0,115159000.0,115159000.0,115159000.0,115159000.0,105417000.0,105417000.0,105417000.0,105417000.0,120045000.0,120045000.0,120045000.0,,120045000.0,136730000.0,136730000.0,136730000.0,136730000.0,156897000.0,156897000.0,156897000.0,156897000.0
DeferredStateAndLocalIncomeTaxExpenseBenefit / USD,,,,,,-2018000.0,,,,-644000.0,,,,-112000.0,,,,-925000.0,,,,2069000.0,,,,-1093000.0,,,,1422000.0,,,,-225000.0,,,,-296000.0,,,,132000.0,,,,947000.0,,,,-957000.0,,,,,-948000.0,,,,507000.0,,,,-15025000.0
DeferredTaxAssetsGross / USD,,,,,,59658000.0,,,,51887000.0,,,,70231000.0,,,,57488000.0,,,,64002000.0,,,,70276000.0,,,,95750000.0,,,,95921000.0,,,,65500000.0,,,,60026000.0,,,,91482000.0,,,,93403000.0,,,,,76275000.0,,,,104252000.0,,,,
DeferredTaxAssetsInProcessResearchAndDevelopment / USD,,,,,,323000.0,,,,,,,,,,,,,,,,,,,,,,,,,,,,,,,,,,,,,,,,,,,,,,,,,0.0,,,,34730000.0,,,,67795000.0
DeferredTaxAssetsLiabilitiesNet / USD,,,,,,28987000.0,,,,22942000.0,,,,29018000.0,,,,13823000.0,,,,19574000.0,,,,21238000.0,,,,47598000.0,,,,47204000.0,,,,13805000.0,,,,6006000.0,,,,14629000.0,,,,20549000.0,,,,,11803000.0,,,,59136000.0,,,,86513000.0
DeferredTaxAssetsNet / USD,,,,,,56118000.0,,,,48465000.0,,,,64806000.0,,,,48776000.0,,,,51924000.0,,,,56394000.0,,,,80605000.0,,,,78264000.0,,,,45936000.0,,,,40795000.0,,,,66919000.0,,,,65000000.0,,,,,59640000.0,,,,102069000.0,,,,133727000.0
DeferredTaxAssetsOther / USD,,,,,,11356000.0,,,,5988000.0,,,,14183000.0,,,,3502000.0,,,,4731000.0,,,,5613000.0,,,,7728000.0,,,,12239000.0,,,,10735000.0,,,,9393000.0,,,,9000000.0,,,,16711000.0,,,,,14744000.0,,,,17327000.0,,,,18241000.0
DeferredTaxAssetsTaxDeferredExpenseCompensationAndBenefitsEmployeeCompensation / USD,,,,,,2176000.0,,,,1586000.0,,,,1297000.0,,,,1662000.0,,,,1381000.0,,,,1834000.0,,,,1328000.0,,,,45823000.0,,,,30388000.0,,,,23931000.0,,,,29640000.0,,,,29305000.0,,,,,29344000.0,,,,30490000.0,,,,32093000.0
DeferredTaxAssetsTaxDeferredExpenseReservesAndAccrualsAccruedLiabilities / USD,,,,,,,,,,,,,,,,,,,,,,,,,,,,,,,,,,,,,,,,,,0.0,,,,21827000.0,,,,17076000.0,,,,,13065000.0,,,,9396000.0,,,,7881000.0
DeferredTaxAssetsValuationAllowance / USD,,,,,,3540000.0,,,,3422000.0,,,,5425000.0,,,,8712000.0,,,,12078000.0,,,,13882000.0,,,,15145000.0,,,,17657000.0,,,,19564000.0,,,,19231000.0,,,,24563000.0,,,,28403000.0,,,,,16635000.0,,,,2183000.0,,,,
DeferredTaxLiabilitiesDeferredExpenseOtherCapitalizedCosts / USD,,,,,,,,,,,,,,,,,,,,,,,,,,,,,,,,,,,,,,6368000.0,,,,7920000.0,,,,9027000.0,,,,10520000.0,,,,,12419000.0,,,,14017000.0,,,,14484000.0
DeferredTaxLiabilitiesGoodwillAndIntangibleAssetsIntangibleAssets / USD,,,,,,19732000.0,,,,20541000.0,,,,31364000.0,,,,29912000.0,,,,27391000.0,,,,30286000.0,,,,28056000.0,,,,25346000.0,,,,15921000.0,,,,15114000.0,,,,14715000.0,,,,10518000.0,,,,,14263000.0,,,,7226000.0,,,,7812000.0
DeferredTaxLiabilitiesLeasingArrangements / USD,,,,,,,,,,,,,,,,,,,,,,,,,,,,,,,,,,,,,,,,,,0.0,,,,13719000.0,,,,11258000.0,,,,,8798000.0,,,,6228000.0,,,,7240000.0
DeferredTaxLiabilitiesOther / USD,,,,,,2865000.0,,,,1040000.0,,,,1019000.0,,,,1515000.0,,,,993000.0,,,,993000.0,,,,992000.0,,,,5714000.0,,,,7226000.0,,,,8244000.0,,,,11694000.0,,,,11668000.0,,,,,12357000.0,,,,15462000.0,,,,17678000.0
DeferredTaxLiabilitiesUndistributedForeignEarnings / USD,,,,,,,,,,,,,,,,,,,,,,,,,,,,,,,,,,,,,,,,,,,,,,,,,,,,,,,,,,,2800000.0,,,,3200000.0
DefinedContributionPlanCostRecognized / USD,,,,,,5700000.0,,,,5400000.0,,,,5100000.0,,,,5500000.0,,,,6300000.0,,,,6300000.0,,,,7100000.0,,,,7300000.0,,,,8400000.0,,,,8800000.0,,,,10300000.0,,,,10100000.0,,,,,9800000.0,,,,8200000.0,,,,8900000.0
DefinedContributionPlanMaximumAnnualContributionsPerEmployeePercent / pure,,,,,,,,,,,,,,0.25,,,,0.25,,,,0.25,,,,0.25,,,,0.25,,,,0.25,,,,0.25,,,,0.25,,,,0.25,,,,0.25,,,,,0.25,,,,0.25,,,,0.25
Depreciation / USD,,,,,14844000.0,25528000.0,4526000.0,8908000.0,12819000.0,20017000.0,3598000.0,6629000.0,9670000.0,16456000.0,4601000.0,9457000.0,14707000.0,14605000.0,5154000.0,10091000.0,15256000.0,19679000.0,5175000.0,10600000.0,16047000.0,20715000.0,3861000.0,8081000.0,12554000.0,20216000.0,5609000.0,11347000.0,17044000.0,17651000.0,5794000.0,11304000.0,16652000.0,22980000.0,6144000.0,12139000.0,18318000.0,22633000.0,5676000.0,11636000.0,18087000.0,24204000.0,5585000.0,10809000.0,15860000.0,23453000.0,4098000.0,8122000.0,11895000.0,,20319000.0,3147000.0,6028000.0,8244000.0,15242000.0,1691000.0,3913000.0,6613000.0,10106000.0
DepreciationAndAmortization / USD,,,,,,25500000.0,,,,20000000.0,,,,16500000.0,,,,14600000.0,,,,19700000.0,,,,20700000.0,,,,20200000.0,,,,17700000.0,,,,23000000.0,,,,22600000.0,,,,24200000.0,,,,23500000.0,,,,,20300000.0,,,,15200000.0,,,,10100000.0
DepreciationDepletionAndAmortization / USD,29052000.0,39494000.0,8087000.0,16128000.0,23762000.0,38419000.0,6455000.0,12770000.0,18623000.0,30918000.0,5528000.0,10049000.0,14555000.0,24197000.0,7973000.0,16433000.0,25160000.0,21549000.0,8167000.0,16012000.0,24196000.0,33214000.0,8107000.0,17047000.0,26093000.0,32632000.0,7441000.0,15168000.0,23127000.0,33889000.0,9058000.0,18236000.0,27427000.0,31633000.0,7731000.0,15095000.0,22329000.0,36214000.0,7967000.0,15786000.0,23734000.0,30182000.0,7856000.0,15535000.0,23549000.0,31612000.0,7026000.0,13701000.0,20066000.0,30367000.0,5227000.0,10656000.0,15819000.0,,25592000.0,4280000.0,8294000.0,11642000.0,20465000.0,2824000.0,6178000.0,10012000.0,14638000.0
EarningsPerShareBasic / USD/shares,0.99,1.72,0.37,0.65,1.05,1.34,0.4,0.59,1.18,1.44,0.83,1.4,2.01,1.82,0.67,1.19,1.74,2.64,0.49,1.09,1.69,2.55,0.45,1.05,1.69,2.8,0.62,1.36,2.48,2.75,1.22,2.03,2.85,3.52,1.09,2.13,3.13,4.32,1.38,2.53,4.74,4.26,1.89,3.89,6.1,6.63,2.97,5.33,10.58,8.13,3.13,7.1,10.75,,13.65,3.9,7.94,13.1,14.34,4.89,10.12,15.24,17.18
EarningsPerShareDiluted / USD/shares,0.98,1.7,0.37,0.65,1.04,1.33,0.4,0.59,1.16,1.42,0.81,1.36,1.95,1.79,0.65,1.15,1.69,2.55,0.47,1.06,1.65,2.48,0.43,1.01,1.63,2.72,0.59,1.31,2.39,2.65,1.16,1.94,2.73,3.39,1.04,2.04,2.99,4.14,1.32,2.42,4.54,4.06,1.82,3.76,5.92,6.34,2.9,5.23,10.38,7.9,3.09,7.02,10.63,,13.4,3.84,7.83,12.91,14.18,4.8,9.96,15.01,16.93
EffectOfExchangeRateOnCashCashEquivalentsRestrictedCashAndRestrictedCashEquivalents / USD,,,,,,,,,,,,,,,,,,,,,,,,,,,,,,,,,,,,2193000.0,-4265000.0,,-172000.0,332000.0,710000.0,,1631000.0,-4017000.0,-2654000.0,,5267000.0,4021000.0,5129000.0,59000.0,-1377000.0,-1793000.0,-10238000.0,,-136000.0,4428000.0,7457000.0,9164000.0,-18766000.0,3807000.0,996000.0,-1806000.0,5616000.0
EffectiveIncomeTaxRateContinuingOperations / pure,,,,,0.327,,0.253,0.268,0.271,,0.312,0.318,0.317,,0.332,0.306,0.309,,0.375,0.355,0.344,,0.214,0.25,0.289,,0.191,0.243,0.272,,-0.323,-0.019,0.092,,-0.065,0.086,0.131,,-0.077,0.049,0.114,,-0.311,-0.085,0.018,,0.017,0.137,0.167,,0.189,0.202,0.21,,,0.172,0.22,0.206,,0.073,0.173,0.199,
EffectiveIncomeTaxRateReconciliationAtFederalStatutoryIncomeTaxRate / pure,,,,,,0.35,,,,0.35,,,,0.35,,,,0.35,,,,0.35,,,,0.35,,,,0.35,,,,0.35,,,,0.35,,,,0.245,,,,0.21,,,,0.21,,,,,0.21,,,,0.21,,,,
EmployeeRelatedLiabilitiesCurrent / USD,28139000.0,28139000.0,33697000.0,33697000.0,33697000.0,33697000.0,36470000.0,36470000.0,36470000.0,36470000.0,50043000.0,50043000.0,50043000.0,50043000.0,39281000.0,39281000.0,39281000.0,39281000.0,56650000.0,56650000.0,56650000.0,56650000.0,54368000.0,54368000.0,54368000.0,54368000.0,71216000.0,71216000.0,71216000.0,71216000.0,77610000.0,77610000.0,77610000.0,77610000.0,84292000.0,84292000.0,84292000.0,84292000.0,106240000.0,106240000.0,106240000.0,106240000.0,117952000.0,117952000.0,117952000.0,117952000.0,103506000.0,103506000.0,103506000.0,103506000.0,97893000.0,97893000.0,97893000.0,,97893000.0,102471000.0,102471000.0,102471000.0,102471000.0,106103000.0,106103000.0,106103000.0,106103000.0
EmployeeServiceShareBasedCompensationNonvestedAwardsTotalCompensationCostNotYetRecognized / USD,,,,,,26100000.0,,,,47300000.0,,,,54500000.0,,,,65100000.0,,,,67800000.0,,,,80300000.0,,,,87600000.0,,,,105100000.0,,,,122700000.0,,,,127700000.0,,,,151000000.0,,,,144000000.0,,,,,194300000.0,,,,213000000.0,,,,199900000.0
EmployeeServiceShareBasedCompensationTaxBenefitFromCompensationExpense / USD,,,,,,7500000.0,,,,6600000.0,,,,5800000.0,,,,7800000.0,,,,9200000.0,,,,13000000.0,,,,16100000.0,,,,18700000.0,,,,20400000.0,,,,15700000.0,,,,12500000.0,,,,13200000.0,,,,,14000000.0,,,,13500000.0,,,,13800000.0
EmployeeServiceShareBasedCompensationTaxBenefitFromExerciseOfStockOptions / USD,,,,,,,,,,,,,,,,,,,,,,,,,,,,,,9400000.0,,,,10700000.0,,,,23300000.0,,,,30200000.0,,,,3700000.0,,,,3400000.0,,,,,4000000.0,,,,10200000.0,,,,5200000.0
EntityCommonStockSharesOutstanding / shares,41710784.0,39887143.0,40058609.0,39832994.0,38614075.0,35701425.0,36031522.0,34284474.0,33843068.0,34915741.0,35493648.0,35871888.0,35201057.0,34567208.0,34913253.0,34272130.0,32148684.0,32106155.0,31425871.0,31051574.0,31137873.0,31076089.0,31377689.0,31178576.0,30854567.0,30940696.0,31058994.0,30965124.0,30630135.0,29990221.0,30073085.0,29840374.0,29144337.0,28955028.0,29071202.0,28990026.0,28896535.0,28961612.0,29148054.0,29003489.0,28999394.0,29098177.0,29236110.0,28776867.0,28387185.0,27358353.0,26279614.0,25932030.0,25252514.0,24975618.0,25154777.0,24993116.0,24857214.0,24857214.0,24713557.0,24852057.0,24710938.0,24518533.0,24347903.0,24418138.0,24341690.0,24003656.0,23709047.0
EntityPublicFloat / USD,465131153.0,770150790.0,770150790.0,770150790.0,,540420207.0,,,,928946960.0,,,,1031516584.0,,,,1170197256.0,,,,2098972006.0,,,,2262902883.0,,,,2637371198.0,,,,3548843145.0,,,,5769737106.0,,,,7095692430.0,,,,11138645215.0,,,,9599184596.0,,,,,14169078627.0,,,,24649255443.0,,,,36060682209.0
FinanceLeaseInterestExpense / USD,,,,,,,,,,,,,,,,,,,,,,,,,,,,,,,,,,,,,,,59000.0,148000.0,235000.0,186000.0,,,,186000.0,,,,186000.0,,,,,,,,,0.0,,,,0.0
FinanceLeaseInterestPaymentOnLiability / USD,,,,,,,,,,,,,,,,,,,,,,,,,,,,,,,,,,,,,,,59000.0,148000.0,235000.0,186000.0,,,,186000.0,,,,186000.0,,,,,,,,,0.0,,,,0.0
FinanceLeaseLiability / USD,,,,,,,,,,,,,,,,,,,,,,,,,,,,,,,,,,,,,,,8044000.0,9863000.0,11105000.0,5262000.0,,,,,,,,,,,,,,,,,10407000.0,,,,7207000.0
FinanceLeaseLiabilityCurrent / USD,,,,,,,,,,,,,,,,,,,,,,,,,,,,,,,,,,,,,,,2729000.0,3911000.0,5248000.0,2186000.0,,,,2186000.0,,,,,,,,,,,,,0.0,,,,3144000.0
FinanceLeaseLiabilityNoncurrent / USD,,,,,,,,,,,,,,,,,,,,,,,,,,,,,,,,,,,,,,,5315000.0,5952000.0,5857000.0,3076000.0,,,,3076000.0,,,,,,,,,,,,,0.0,,,,7263000.0
FinanceLeaseLiabilityPaymentsDue / USD,,,,,,,,,,,,,,,,,,,,,,,,,,,,,,,,,,,,,,,8525000.0,10360000.0,11517000.0,5421000.0,,,,,,,,,,,,,,,,,11316000.0,,,,7691000.0
FinanceLeaseLiabilityPaymentsDueAfterYearFive / USD,,,,,,,,,,,,,,,,,,,,,,,,,,,,,,,,,,,,,,,,,,0.0,,,,,,,,,,,,,,,,,0.0,,,,0.0
FinanceLeaseLiabilityPaymentsDueNextTwelveMonths / USD,,,,,,,,,,,,,,,,,,,,,,,,,,,,,,,,,,,,,,,,,,2397000.0,,,,,,,,,,,,,,,,,3625000.0,,,,3625000.0
FinanceLeaseLiabilityPaymentsDueYearFive / USD,,,,,,,,,,,,,,,,,,,,,,,,,,,,,,,,,,,,,,,0.0,0.0,0.0,0.0,,,,,,,,,,,,,,,,,0.0,,,,0.0
FinanceLeaseLiabilityPaymentsDueYearFour / USD,,,,,,,,,,,,,,,,,,,,,,,,,,,,,,,,,,,,,,,267000.0,560000.0,784000.0,0.0,,,,,,,,,,,,,,,,,441000.0,,,,0.0
FinanceLeaseLiabilityPaymentsDueYearThree / USD,,,,,,,,,,,,,,,,,,,,,,,,,,,,,,,,,,,,,,,3003000.0,3726000.0,4174000.0,784000.0,,,,,,,,,,,,,,,,,3625000.0,,,,441000.0
FinanceLeaseLiabilityPaymentsDueYearTwo / USD,,,,,,,,,,,,,,,,,,,,,,,,,,,,,,,,,,,,,,,3003000.0,3727000.0,4175000.0,2240000.0,,,,,,,,,,,,,,,,,3625000.0,,,,3625000.0
FinanceLeaseLiabilityUndiscountedExcessAmount / USD,,,,,,,,,,,,,,,,,,,,,,,,,,,,,,,,,,,,,,,481000.0,497000.0,412000.0,159000.0,,,,,,,,,,,,,,,,,909000.0,,,,484000.0
FinanceLeasePrincipalPayments / USD,,,,,,,,,,,,,,,,,,,,,,,,,,,,,,,,,,,,,,0.0,425000.0,712000.0,811000.0,0.0,,,,945000.0,,,,1716000.0,,,,,176000.0,,,,0.0,,,,0.0
FinanceLeaseRightOfUseAsset / USD,,,,,,,,,,,,,,,,,,,,,,,,,,,,,,,,,,,,,,,8225000.0,9517000.0,9810000.0,5021000.0,,,,5021000.0,,,,,,,,,,,,,0.0,,,,9881000.0
FinanceLeaseRightOfUseAssetAccumulatedAmortization / USD,,,,,,,,,,,,,,,,,,,,,,,,,,,,,,,,,,,,,,,,,,,,,,,,,,,,,,,,,,,1900000.0,,,,1900000.0
FinanceLeaseRightOfUseAssetAmortization / USD,,,,,,,,,,,,,,,,,,,,,,,,,,,,,,,,,,,,,,,457000.0,1268000.0,2316000.0,2078000.0,,,,2078000.0,,,,2078000.0,,,,,,,,,0.0,,,,0.0
FinanceLeaseWeightedAverageDiscountRatePercent / Rate,,,,,,,,,,,,,,,,,,,,,,,,,,,,,,,,,,,,,,,,,,,,,,,,,,,,,,,,,,,0.0,,,,0.0552
FiniteLivedIntangibleAssetsNet / USD,,,,,,27244000.0,19498000.0,19498000.0,19498000.0,19498000.0,52299000.0,52299000.0,52299000.0,52299000.0,57361000.0,57361000.0,57361000.0,57361000.0,47914000.0,47914000.0,47914000.0,47914000.0,47321000.0,47321000.0,47321000.0,47321000.0,33619000.0,33619000.0,33619000.0,33619000.0,21185000.0,21185000.0,21185000.0,21185000.0,14536000.0,14536000.0,14536000.0,14536000.0,14139000.0,14139000.0,14139000.0,14139000.0,9236000.0,9236000.0,9236000.0,9236000.0,4099000.0,4099000.0,4099000.0,4099000.0,2017000.0,2017000.0,2017000.0,,2017000.0,917000.0,917000.0,917000.0,917000.0,,,,
ForeignCurrencyTransactionGainLossBeforeTax / USD,,,,,,,,,,,,,,,,,,,,,,,,,,-1000000.0,,,,22000.0,,,,200000.0,,,,1100000.0,,,,400000.0,,,,0.0,,,,-1000000.0,,,,,0.0,,,,1900000.0,,,,-2600000.0
GainLossOnSaleOfBusiness / USD,,,,,,,,,,,,,,,,,,,,,,,,,,,,,,,,,,,,,,,,,,,0.0,0.0,0.0,0.0,7334000.0,7334000.0,100139000.0,0.0,,0.0,0.0,,100139000.0,1941000.0,1941000.0,1941000.0,0.0,,,,1941000.0
GainLossOnSaleOfPropertyPlantEquipment / USD,-103000.0,-39000.0,-94000.0,-56000.0,-658000.0,-115000.0,-3000.0,-155000.0,-146000.0,-694000.0,-280000.0,-2000.0,-2000.0,-169000.0,-280000.0,-377000.0,-393000.0,-63000.0,,-3000.0,-3000.0,-351000.0,,-12000.0,-12000.0,10000.0,,0.0,0.0,-2210000.0,0.0,-10000.0,-26000.0,-6000.0,-9000.0,-27000.0,-28000.0,-14000.0,22000.0,5000.0,-22000.0,-231000.0,-48000.0,-59000.0,-61000.0,-127000.0,-62000.0,-96000.0,-107000.0,-5249000.0,-51000.0,-166000.0,-210000.0,,-333000.0,-16000.0,-24000.0,-555000.0,-193000.0,-400000.0,-408000.0,-428000.0,-547000.0
Goodwill / USD,667640000.0,667640000.0,665953000.0,665953000.0,665953000.0,665953000.0,664688000.0,664688000.0,664688000.0,665953000.0,757504000.0,757504000.0,757504000.0,664688000.0,773931000.0,773931000.0,773931000.0,757504000.0,779928000.0,779928000.0,779928000.0,773931000.0,814750000.0,814750000.0,814750000.0,779928000.0,798415000.0,798415000.0,798415000.0,814750000.0,804414000.0,804414000.0,804414000.0,798415000.0,800890000.0,800890000.0,800890000.0,804414000.0,803542000.0,803542000.0,803542000.0,800890000.0,812364000.0,812364000.0,812364000.0,803542000.0,788185000.0,788185000.0,788185000.0,812364000.0,761067000.0,761067000.0,761067000.0,,788185000.0,773327000.0,773327000.0,773327000.0,761067000.0,782752000.0,782752000.0,782752000.0,773327000.0
GoodwillForeignCurrencyTranslationGainLoss / USD,,,,,,,,,,,,,,,,,,,,,,,,,,,-8813000.0,-5995000.0,1376000.0,-20475000.0,1918000.0,8693000.0,-2373000.0,5999000.0,-3077000.0,-1174000.0,-4343000.0,-3524000.0,9308000.0,1108000.0,986000.0,-8581000.0,5413000.0,4719000.0,6417000.0,8822000.0,-926000.0,-4441000.0,-15512000.0,1417000.0,10388000.0,13263000.0,15553000.0,,-27118000.0,3868000.0,3049000.0,3387000.0,12260000.0,-7201000.0,-3473000.0,2696000.0,9425000.0
GoodwillImpairedAccumulatedImpairmentLoss / USD,,,,,,,,,,,,,,,,,,,,,,,,,,,,,,,,,,,,,,,,,,,,,,,,,,,,,,,,0.0,0.0,0.0,0.0,0.0,0.0,0.0,0.0
IncomeLossFromContinuingOperationsBeforeIncomeTaxesExtraordinaryItemsNoncontrollingInterest / USD,,,,,,,,,,,,,,,,,,,,,,,,,,,,,,,,,,,,,,,,,,,,,,216072000.0,87960000.0,179784000.0,367676000.0,257000000.0,104820000.0,237305000.0,358199000.0,,473142000.0,117903000.0,255372000.0,413159000.0,471309000.0,130590000.0,303324000.0,470642000.0,553624000.0
IncomeLossFromContinuingOperationsBeforeIncomeTaxesForeign / USD,,,,,,30800000.0,,,,25300000.0,,,,20600000.0,,,,26900000.0,,,,24300000.0,,,,43300000.0,,,,45200000.0,,,,33000000.0,,,,43300000.0,,,,10800000.0,,,,36000000.0,,,,42200000.0,,,,,62100000.0,,,,136000000.0,,,,172700000.0
IncomeTaxExpenseBenefit / USD,21263000.0,31809000.0,8697000.0,14877000.0,23648000.0,32105000.0,5414000.0,8703000.0,17451000.0,27847000.0,13628000.0,23300000.0,32805000.0,25893000.0,11622000.0,18514000.0,27513000.0,44239000.0,10206000.0,20742000.0,30495000.0,41889000.0,3917000.0,11080000.0,21638000.0,38252000.0,4535000.0,13563000.0,28866000.0,22736000.0,-9246000.0,-1194000.0,8910000.0,35121000.0,-2001000.0,5992000.0,14173000.0,22869000.0,-2851000.0,3742000.0,17644000.0,30450000.0,-13026000.0,-8850000.0,3282000.0,23948000.0,1468000.0,24618000.0,61312000.0,20589000.0,19861000.0,47963000.0,75357000.0,,81058000.0,20260000.0,56179000.0,85208000.0,97768000.0,9525000.0,52460000.0,93522000.0,124249000.0
IncomeTaxReconciliationChangeInDeferredTaxAssetsValuationAllowance / USD,,,,,,-148000.0,,,,,,,,2310000.0,,,,0.0,,,,0.0,,,,3888000.0,,,,1805000.0,,,,1262000.0,,,,2512000.0,,,,1907000.0,,,,-333000.0,,,,5332000.0,,,,,3839000.0,,,,-11768000.0,,,,-14451000.0
IncomeTaxReconciliationForeignIncomeTaxRateDifferential / USD,,,,,,,,,,,,,,-9867000.0,,,,-3616000.0,,,,-2855000.0,,,,-4592000.0,,,,-5279000.0,,,,-4661000.0,,,,-4082000.0,,,,-649000.0,,,,839000.0,,,,493000.0,,,,,1490000.0,,,,3058000.0,,,,9489000.0
IncomeTaxReconciliationIncomeTaxExpenseBenefitAtFederalStatutoryIncomeTaxRate / USD,,,,,,34150000.0,,,,32306000.0,,,,34117000.0,,,,47685000.0,,,,46194000.0,,,,46595000.0,,,,38233000.0,,,,50599000.0,,,,54699000.0,,,,38495000.0,,,,45375000.0,,,,53970000.0,,,,,99360000.0,,,,98975000.0,,,,116261000.0
IncomeTaxReconciliationNondeductibleExpenseShareBasedCompensationCost / USD,,,,,,,,,,,,,,,,,,,,,,,,,,,,,,0.0,,,,0.0,,,,-24746000.0,,,,-22253000.0,,,,-24891000.0,,,,-45086000.0,,,,,-15573000.0,,,,702000.0,,,,-949000.0
IncomeTaxReconciliationOtherAdjustments / USD,,,,,,,,,,3822000.0,,,,3822000.0,,,,0.0,,,,0.0,,,,1608000.0,,,,1440000.0,,,,260000.0,,,,-75000.0,,,,-3628000.0,,,,3058000.0,,,,-7000.0,,,,,-4120000.0,,,,6865000.0,,,,12374000.0
IncomeTaxReconciliationStateAndLocalIncomeTaxes / USD,,,,,,1383000.0,,,,2452000.0,,,,2770000.0,,,,3663000.0,,,,2689000.0,,,,2832000.0,,,,1719000.0,,,,2244000.0,,,,2072000.0,,,,2755000.0,,,,4194000.0,,,,4619000.0,,,,,7815000.0,,,,8359000.0,,,,14135000.0
IncomeTaxReconciliationTaxCreditsResearch / USD,,,,,,1950000.0,,,,353000.0,,,,2559000.0,,,,375000.0,,,,2412000.0,,,,302000.0,,,,2104000.0,,,,4398000.0,,,,2572000.0,,,,3486000.0,,,,5761000.0,,,,5868000.0,,,,,6795000.0,,,,5932000.0,,,,3600000.0
IncomeTaxesPaidNet / USD,20910000.0,20074000.0,1958000.0,9607000.0,13374000.0,28364000.0,3185000.0,8696000.0,9214000.0,26885000.0,4696000.0,18027000.0,30415000.0,11460000.0,1978000.0,18160000.0,23139000.0,36852000.0,1285000.0,9819000.0,17174000.0,24141000.0,8844000.0,-24496000.0,-31122000.0,22367000.0,4364000.0,2648000.0,-836000.0,33752000.0,7463000.0,21557000.0,22726000.0,10855000.0,2221000.0,6669000.0,9975000.0,31315000.0,1394000.0,7962000.0,12058000.0,13398000.0,2391000.0,4475000.0,5723000.0,18779000.0,3186000.0,18131000.0,34465000.0,10152000.0,1570000.0,30788000.0,45984000.0,,71486000.0,13412000.0,72800000.0,107081000.0,65332000.0,4926000.0,53757000.0,97281000.0,152775000.0
IncreaseDecreaseInAccountsPayable / USD,-864000.0,-1569000.0,-716000.0,20000.0,24000.0,-2519000.0,3325000.0,6257000.0,5808000.0,-317000.0,6892000.0,4629000.0,6970000.0,-1749000.0,1748000.0,3009000.0,4987000.0,6810000.0,1848000.0,-734000.0,1622000.0,-590000.0,3886000.0,10655000.0,2324000.0,3174000.0,2022000.0,233000.0,-1635000.0,-3672000.0,-725000.0,-3534000.0,-5432000.0,564000.0,-119000.0,-515000.0,2623000.0,-2027000.0,1671000.0,-2210000.0,631000.0,843000.0,10349000.0,1833000.0,-1815000.0,1885000.0,-1479000.0,-3695000.0,-4165000.0,1059000.0,-268000.0,-4105000.0,-2978000.0,,-2354000.0,168000.0,-2810000.0,-62000.0,-2802000.0,-642000.0,-579000.0,3432000.0,2236000.0
IncreaseDecreaseInAccountsReceivable / USD,-35251000.0,-20153000.0,-3706000.0,-12324000.0,7852000.0,-31316000.0,-7817000.0,-7275000.0,-12262000.0,11561000.0,12589000.0,1680000.0,6149000.0,-8571000.0,-6754000.0,-9634000.0,-9977000.0,26490000.0,-2755000.0,-3687000.0,9934000.0,-1286000.0,-5863000.0,15072000.0,-10609000.0,13649000.0,-18005000.0,-566000.0,3184000.0,4602000.0,-8253000.0,-23710000.0,-25605000.0,18225000.0,-4516000.0,9019000.0,-2922000.0,-2858000.0,-18191000.0,5015000.0,53288000.0,8266000.0,-22391000.0,13823000.0,18961000.0,36176000.0,-33130000.0,-64304000.0,-56655000.0,59889000.0,-58428000.0,-33098000.0,-12134000.0,,-24496000.0,-8704000.0,13789000.0,65005000.0,31557000.0,-27399000.0,72661000.0,47683000.0,70117000.0
IncreaseDecreaseInDeferredRevenue / USD,7222000.0,3427000.0,2339000.0,62000.0,3516000.0,7298000.0,3280000.0,6169000.0,6297000.0,-1096000.0,12359000.0,17111000.0,16413000.0,-2995000.0,-2764000.0,2214000.0,-464000.0,10032000.0,-2101000.0,4127000.0,973000.0,-3889000.0,3472000.0,15261000.0,-220000.0,5698000.0,6807000.0,9593000.0,8119000.0,-6604000.0,11506000.0,21407000.0,19303000.0,5500000.0,5537000.0,2465000.0,-3891000.0,2037000.0,562000.0,2462000.0,291000.0,-4800000.0,497000.0,6995000.0,-2886000.0,10489000.0,-980000.0,2143000.0,-2556000.0,5724000.0,-7249000.0,-3791000.0,-2069000.0,,4486000.0,9540000.0,29000.0,7964000.0,23547000.0,7988000.0,5790000.0,12046000.0,18763000.0
IncreaseDecreaseInEmployeeRelatedLiabilities / USD,-624000.0,-13363000.0,-7194000.0,-3138000.0,3453000.0,-976000.0,-11105000.0,-9788000.0,-4438000.0,5413000.0,-10058000.0,-2209000.0,-230000.0,3154000.0,-20242000.0,-13632000.0,-12897000.0,11314000.0,-10880000.0,-2740000.0,2976000.0,-11729000.0,-26046000.0,-18912000.0,-19700000.0,17450000.0,-16381000.0,-9836000.0,2556000.0,-1506000.0,-29030000.0,-22671000.0,-8317000.0,17079000.0,-28672000.0,-20650000.0,-1977000.0,6464000.0,-28918000.0,-16970000.0,4217000.0,7352000.0,-35566000.0,-37339000.0,-10147000.0,22380000.0,-46704000.0,-46147000.0,-24990000.0,12065000.0,-40335000.0,-41745000.0,-22355000.0,,-13144000.0,-37883000.0,-32318000.0,-14931000.0,-3637000.0,-35141000.0,-34170000.0,-9699000.0,4631000.0
IncreaseDecreaseInOtherOperatingLiabilities / USD,-10390000.0,14033000.0,5033000.0,9304000.0,693000.0,3214000.0,624000.0,1580000.0,6386000.0,-3290000.0,1873000.0,-2853000.0,-10099000.0,18727000.0,8967000.0,439000.0,-1213000.0,1455000.0,4686000.0,4651000.0,5532000.0,1823000.0,-13850000.0,-6948000.0,-6968000.0,15566000.0,-2438000.0,-6901000.0,-1166000.0,4113000.0,-2091000.0,-3487000.0,5838000.0,-4282000.0,-1267000.0,-418000.0,-21000.0,-81000.0,-4848000.0,-2672000.0,-6164000.0,6246000.0,-4379000.0,-4659000.0,-12330000.0,1463000.0,-12241000.0,-9989000.0,-5388000.0,693000.0,-14904000.0,-14159000.0,-33166000.0,,-20502000.0,-7955000.0,-2425000.0,-20242000.0,-28830000.0,-16490000.0,-5049000.0,-18542000.0,-7057000.0
IncreaseDecreaseInPrepaidDeferredExpenseAndOtherAssets / USD,-925000.0,-1766000.0,361000.0,644000.0,-815000.0,-36000.0,-2262000.0,-3911000.0,-3869000.0,-315000.0,-2193000.0,-1077000.0,-1080000.0,-2060000.0,-45000.0,-2290000.0,-1841000.0,-802000.0,-1344000.0,-930000.0,-1206000.0,822000.0,8843000.0,15777000.0,11309000.0,1754000.0,14807000.0,-532000.0,-14306000.0,15462000.0,16876000.0,27415000.0,26171000.0,-12848000.0,6315000.0,5904000.0,3587000.0,9863000.0,10787000.0,12219000.0,5369000.0,9790000.0,21711000.0,19656000.0,9734000.0,55507000.0,7310000.0,-4572000.0,-5172000.0,960000.0,-157000.0,-5179000.0,-4945000.0,,5722000.0,5823000.0,17078000.0,1487000.0,-7368000.0,13457000.0,12490000.0,14254000.0,11904000.0
InterestExpense / USD,19771000.0,20335000.0,5408000.0,10831000.0,16293000.0,25481000.0,8241000.0,16378000.0,24401000.0,24124000.0,7987000.0,15971000.0,23878000.0,32364000.0,7880000.0,15735000.0,23167000.0,31417000.0,7126000.0,14225000.0,21276000.0,30227000.0,7205000.0,14923000.0,22283000.0,28550000.0,6724000.0,13539000.0,20320000.0,29150000.0,6172000.0,12750000.0,19403000.0,26633000.0,6460000.0,13576000.0,21799000.0,25790000.0,9676000.0,19684000.0,29795000.0,31311000.0,9768000.0,21022000.0,32245000.0,39752000.0,9641000.0,19584000.0,29602000.0,42177000.0,12195000.0,29406000.0,48127000.0,,40092000.0,22800000.0,46697000.0,71242000.0,68967000.0,24162000.0,50255000.0,,
InterestExpenseNonoperating / USD,,,,,,,,,,,,,,,,,,,,,,,,,,,,,,,,,,,,,,,,,,,,,,,,,,,,,,,,,,,,,,77123000.0,95546000.0
InterestPaidNet / USD,,,,,,,,,,,,,,,,,,,,,,,,,,,,,,,,,,,,,,26083000.0,13439000.0,19686000.0,33401000.0,26106000.0,12856000.0,16181000.0,34844000.0,39924000.0,17858000.0,18488000.0,36764000.0,37735000.0,19396000.0,21368000.0,52058000.0,,37955000.0,37730000.0,46801000.0,86122000.0,57208000.0,38236000.0,50331000.0,91708000.0,96877000.0
InterestPayableCurrent / USD,,,,,,10152000.0,,,,9950000.0,,,,9747000.0,,,,8519000.0,,,,,,,,,,,,,,,,,,,,,,,,,,,,,,,,12241000.0,21314000.0,21314000.0,21314000.0,,21314000.0,20770000.0,20770000.0,20770000.0,20770000.0,21663000.0,21663000.0,21663000.0,21663000.0
LeaseCost / USD,,,,,,,,,,,,,,,,,,,,,,,,,,,,,,,,,,,,,,,7961000.0,15969000.0,23869000.0,30323000.0,,,,30323000.0,,,,30323000.0,,,,,20826000.0,,,,20718000.0,,,,18989000.0
LesseeOperatingLeaseLiabilityPaymentsDue / USD,,,,,,,,,,,,,,,,,,,,,,,,,,,,,,,,,,,,,,,108593000.0,107054000.0,104076000.0,105600000.0,,,,81850000.0,,,,63018000.0,,,,,42881000.0,,,,37905000.0,,,,32790000.0
LesseeOperatingLeaseLiabilityPaymentsDueAfterYearFive / USD,,,,,,,,,,,,,,,,,,,,,,,,,,,,,,,,,,,,,,,,,,17131000.0,,,,7522000.0,,,,2604000.0,,,,,160000.0,,,,2039000.0,,,,2191000.0
LesseeOperatingLeaseLiabilityPaymentsDueNextTwelveMonths / USD,,,,,,,,,,,,,,,,,,,,,,,,,,,,,,,,,,,,,,,,,,26047000.0,,,,24441000.0,,,,21306000.0,,,,,17731000.0,,,,13378000.0,,,,11214000.0
LesseeOperatingLeaseLiabilityPaymentsDueYearFive / USD,,,,,,,,,,,,,,,,,,,,,,,,,,,,,,,,,,,,,,,14685000.0,14736000.0,14741000.0,9004000.0,,,,7602000.0,,,,5583000.0,,,,,268000.0,,,,2626000.0,,,,1917000.0
LesseeOperatingLeaseLiabilityPaymentsDueYearFour / USD,,,,,,,,,,,,,,,,,,,,,,,,,,,,,,,,,,,,,,,17297000.0,17301000.0,17312000.0,14384000.0,,,,8639000.0,,,,8211000.0,,,,,3949000.0,,,,4439000.0,,,,3767000.0
LesseeOperatingLeaseLiabilityPaymentsDueYearThree / USD,,,,,,,,,,,,,,,,,,,,,,,,,,,,,,,,,,,,,,,18240000.0,18216000.0,19271000.0,17109000.0,,,,14025000.0,,,,9320000.0,,,,,8901000.0,,,,5618000.0,,,,5576000.0
LesseeOperatingLeaseLiabilityPaymentsDueYearTwo / USD,,,,,,,,,,,,,,,,,,,,,,,,,,,,,,,,,,,,,,,20585000.0,22929000.0,23669000.0,21925000.0,,,,19621000.0,,,,15994000.0,,,,,11872000.0,,,,9805000.0,,,,8125000.0
LesseeOperatingLeaseLiabilityUndiscountedExcessAmount / USD,,,,,,,,,,,,,,,,,,,,,,,,,,,,,,,,,,,,,,,11512000.0,10770000.0,10064000.0,9606000.0,,,,6106000.0,,,,4457000.0,,,,,2642000.0,,,,4387000.0,,,,3988000.0
LessorOperatingLeasePaymentsToBeReceivedNextTwelveMonths / USD,,,,,,,,,,,,,,,,,,,,,,,,,,,,,,,,,,,,,,,,,,,,,,,,,,,,,,,1100000.0,,,,500000.0,,,,400000.0
LessorOperatingLeasePaymentsToBeReceivedThreeYears / USD,,,,,,,,,,,,,,,,,,,,,,,,,,,,,,,,,,,,,,,,,,,,,,,,,,,,,,,400000.0,,,,200000.0,,,,
LessorOperatingLeasePaymentsToBeReceivedTwoYears / USD,,,,,,,,,,,,,,,,,,,,,,,,,,,,,,,,,,,,,,,,,,,,,,,,,,,,,,,500000.0,,,,400000.0,,,,200000.0
Liabilities / USD,703619000.0,703619000.0,648802000.0,648802000.0,648802000.0,648802000.0,663974000.0,663974000.0,663974000.0,663974000.0,684205000.0,684205000.0,684205000.0,684205000.0,630870000.0,630870000.0,630870000.0,630870000.0,737684000.0,737684000.0,737684000.0,737684000.0,793165000.0,793165000.0,793165000.0,793165000.0,773848000.0,773848000.0,773848000.0,773848000.0,829083000.0,829083000.0,829083000.0,829083000.0,1043030000.0,1043030000.0,1043030000.0,1043030000.0,1143681000.0,1143681000.0,1143681000.0,1143681000.0,1275158000.0,1275158000.0,1275158000.0,1275158000.0,1678718000.0,1678718000.0,1678718000.0,1678718000.0,2243981000.0,2243981000.0,2243981000.0,,2243981000.0,2263271000.0,2263271000.0,2263271000.0,2263271000.0,2680563000.0,2680563000.0,2680563000.0,2680563000.0
LiabilitiesAndStockholdersEquity / USD,1303888000.0,1303888000.0,1123716000.0,1123716000.0,1123716000.0,1123716000.0,1129468000.0,1129468000.0,1129468000.0,1129468000.0,1158611000.0,1158611000.0,1158611000.0,1158611000.0,1161547000.0,1161547000.0,1161547000.0,1161547000.0,1192298000.0,1192298000.0,1192298000.0,1192298000.0,1230163000.0,1230163000.0,1230163000.0,1230163000.0,1220676000.0,1220676000.0,1220676000.0,1220676000.0,1255620000.0,1255620000.0,1255620000.0,1255620000.0,1330467000.0,1330467000.0,1330467000.0,1330467000.0,1433448000.0,1433448000.0,1433448000.0,1433448000.0,1606240000.0,1606240000.0,1606240000.0,1606240000.0,1567776000.0,1567776000.0,1567776000.0,1567776000.0,1442034000.0,1442034000.0,1442034000.0,,1442034000.0,1575281000.0,1575281000.0,1575281000.0,1575281000.0,1717884000.0,1717884000.0,1717884000.0,1717884000.0
LiabilitiesCurrent / USD,114588000.0,114588000.0,122147000.0,122147000.0,122147000.0,122147000.0,146498000.0,146498000.0,146498000.0,146498000.0,209605000.0,209605000.0,209605000.0,209605000.0,165880000.0,165880000.0,165880000.0,165880000.0,341404000.0,341404000.0,341404000.0,341404000.0,243875000.0,243875000.0,243875000.0,243875000.0,246077000.0,246077000.0,246077000.0,246077000.0,326655000.0,326655000.0,326655000.0,326655000.0,473903000.0,473903000.0,473903000.0,473903000.0,490828000.0,490828000.0,490828000.0,490828000.0,414511000.0,414511000.0,414511000.0,414511000.0,559207000.0,559207000.0,559207000.0,559207000.0,331459000.0,331459000.0,331459000.0,,331459000.0,367688000.0,367688000.0,367688000.0,367688000.0,380285000.0,380285000.0,380285000.0,380285000.0
LineOfCreditFacilityCurrentBorrowingCapacity / USD,,,,,,,,,,,,,,,,,,,,,,,,,,,,,500000000.0,500000000.0,600000000.0,600000000.0,400000000.0,400000000.0,400000000.0,400000000.0,400000000.0,400000000.0,400000000.0,400000000.0,400000000.0,400000000.0,400000000.0,400000000.0,400000000.0,600000000.0,600000000.0,,,600000000.0,,,,,600000000.0,,,1350000000.0,1350000000.0,,,,
LongTermDebt / USD,,,,,,512000000.0,,,,504000000.0,,,,455000000.0,,,,447000000.0,,376000000.0,376000000.0,376000000.0,516000000.0,516000000.0,516000000.0,316000000.0,493624000.0,493624000.0,493624000.0,244000000.0,462801000.0,462801000.0,462801000.0,513000000.0,528944000.0,528944000.0,528944000.0,485000000.0,606790000.0,606790000.0,606790000.0,750000000.0,739435000.0,739435000.0,739435000.0,750000000.0,1009018000.0,1009018000.0,1009018000.0,,1823669000.0,1823669000.0,1823669000.0,,,1811658000.0,1811658000.0,1811658000.0,,2194021000.0,2194021000.0,2209021000.0,2209021000.0
LongTermDebtCurrent / USD,0.0,0.0,8000000.0,8000000.0,8000000.0,,,,,,,,,,,,,,,,,,,,,,,,,,,,,,,,,,,,,,,,,,,,,,,,,,,,,,,,,15000000.0,15000000.0
LongTermDebtNoncurrent / USD,,,,,,,,,,,,,,,,,,,,,,,,,,516000000.0,,,,493624000.0,,,,462801000.0,,,,528944000.0,,,,606790000.0,,,,739435000.0,,,,1009018000.0,,,,,1823669000.0,1811658000.0,1811658000.0,1811658000.0,1811658000.0,2194021000.0,2194021000.0,2194021000.0,2194021000.0
MarketableSecuritiesGainLossExcludingOtherThanTemporaryImpairments / USD,,,,,,,,,,,,,,,,,,,,,,,,,,,,,,,,,,0.0,,,,0.0,,,,1449000.0,,,,-761000.0,,,,2071000.0,,,,,4569000.0,,1681000.0,3854000.0,-9269000.0,2884000.0,6727000.0,7760000.0,2908000.0
MarketableSecuritiesNoncurrent / USD,,,,,,,,,,,,,,,,,,,,,,,,,,,,,,,13791000.0,13791000.0,13791000.0,,18059000.0,18059000.0,18059000.0,,20222000.0,20222000.0,20222000.0,,25513000.0,25513000.0,25513000.0,25513000.0,31884000.0,31884000.0,31884000.0,31884000.0,24515000.0,24515000.0,24515000.0,,24515000.0,33014000.0,33014000.0,33014000.0,33014000.0,45289000.0,45289000.0,45289000.0,45289000.0
MarketingAndAdvertisingExpense / USD,,,,,,6800000.0,,,,3000000.0,,,,1000000.0,,,,1800000.0,,,,2500000.0,,,,3800000.0,,,,3700000.0,,,,3600000.0,,,,3100000.0,,,,4100000.0,,,,3600000.0,,,,8700000.0,,,,,6900000.0,,,,8100000.0,,,,9800000.0
NetCashProvidedByUsedInFinancingActivities / USD,20000.0,-90955000.0,-34568000.0,-56213000.0,-187236000.0,-18818000.0,-2464000.0,-12894000.0,-54936000.0,-248473000.0,,,,,,,,,,,,,,,,,,,,,,,,,,,,-180625000.0,-50137000.0,-97343000.0,-156061000.0,-218627000.0,-48195000.0,-100344000.0,-183483000.0,-200047000.0,-99808000.0,-196795000.0,-394572000.0,-289424000.0,-155429000.0,-263162000.0,-390256000.0,,-523571000.0,-79624000.0,-173245000.0,-271236000.0,-547165000.0,-99866000.0,-183222000.0,-364981000.0,-455001000.0
NetCashProvidedByUsedInInvestingActivities / USD,-12211000.0,-31119000.0,31144000.0,1447000.0,40310000.0,-81947000.0,20087000.0,63158000.0,-57734000.0,110637000.0,,,,,,,,,,,,,,,,,,,,,,,,,,,,-20605000.0,-8675000.0,-12773000.0,-20800000.0,-14119000.0,-9011000.0,-14958000.0,-23346000.0,-42760000.0,3862000.0,1746000.0,137599000.0,-24583000.0,-1272000.0,-3664000.0,-4422000.0,,137850000.0,-10590000.0,-11887000.0,-12974000.0,-5671000.0,-2418000.0,-12040000.0,-20434000.0,-15954000.0
NetCashProvidedByUsedInOperatingActivities / USD,124346000.0,159150000.0,31256000.0,69965000.0,84025000.0,151633000.0,32880000.0,59618000.0,105053000.0,105780000.0,,,,,,,,,,,,,,,,,,,,,,,,,,,,225644000.0,48857000.0,96646000.0,164936000.0,223052000.0,60365000.0,121859000.0,228730000.0,260350000.0,77947000.0,231470000.0,332062000.0,364916000.0,124881000.0,247484000.0,364624000.0,,423817000.0,92440000.0,182244000.0,304866000.0,509450000.0,122120000.0,193155000.0,406486000.0,468915000.0
NetIncomeLoss / USD,47994000.0,83952000.0,17686000.0,30678000.0,48616000.0,65102000.0,16009000.0,23754000.0,46943000.0,64457000.0,29997000.0,50009000.0,70758000.0,71562000.0,23421000.0,41916000.0,61538000.0,92004000.0,16977000.0,37728000.0,58276000.0,90095000.0,14407000.0,33277000.0,53183000.0,94879000.0,19241000.0,42357000.0,77344000.0,86502000.0,37901000.0,62985000.0,88212000.0,109448000.0,32879000.0,64048000.0,93769000.0,133414000.0,40007000.0,73388000.0,137540000.0,126482000.0,54921000.0,113209000.0,177285000.0,192124000.0,86492000.0,155166000.0,306364000.0,236411000.0,84959000.0,189342000.0,282842000.0,,392084000.0,97643000.0,199193000.0,327951000.0,373541000.0,121065000.0,250864000.0,377120000.0,429375000.0
NumberOfCountriesInWhichEntityOperates / country,,,,,,,,,,,,,,,,,,,,,,,,,,,,,,,,,,,,,,,,,,,,,,,,,,,,,120.0,,,100.0,100.0,100.0,,80.0,80.0,80.0,
NumberOfReportableSegments / Segment,,,,,,,,,,,,,,,3.0,3.0,3.0,3.0,3.0,3.0,3.0,3.0,3.0,3.0,3.0,3.0,3.0,3.0,3.0,3.0,3.0,3.0,3.0,3.0,3.0,3.0,3.0,3.0,3.0,3.0,3.0,3.0,3.0,3.0,3.0,,2.0,2.0,3.0,2.0,2.0,2.0,2.0,,2.0,2.0,2.0,2.0,2.0,2.0,2.0,2.0,2.0
OperatingIncomeLoss / USD,83904000.0,122283000.0,31633000.0,54694000.0,85771000.0,116747000.0,29636000.0,48828000.0,86234000.0,113349000.0,52072000.0,90268000.0,127436000.0,127337000.0,42994000.0,76200000.0,111408000.0,168358000.0,35270000.0,74007000.0,110428000.0,161593000.0,24880000.0,59279000.0,96333000.0,161868000.0,30834000.0,69358000.0,124677000.0,137505000.0,34927000.0,74968000.0,116397000.0,169592000.0,36825000.0,83264000.0,127801000.0,182159000.0,49004000.0,97553000.0,183261000.0,175359000.0,51882000.0,127608000.0,210479000.0,253548000.0,94721000.0,195920000.0,390304000.0,295969000.0,115586000.0,267643000.0,408258000.0,,505489000.0,140339000.0,300100000.0,477131000.0,542414000.0,151359000.0,346200000.0,536451000.0,642830000.0
OperatingLeaseCost / USD,,,,,,,,,,,,,,,,,,,,,,,,,,,,,,,,,,,,,,,5408000.0,11926000.0,17689000.0,23624000.0,,,,23624000.0,,,,23624000.0,,,,,19551000.0,,,,18426000.0,,,,16594000.0
OperatingLeaseLiability / USD,,,,,,,,,,,,,,,,,,,,,,,,,,,,,,,,,,,,,,,97081000.0,96284000.0,94012000.0,95994000.0,,,,75744000.0,,,,58561000.0,,,,,58561000.0,,,,33518000.0,,,,28802000.0
OperatingLeaseLiabilityCurrent / USD,,,,,,,,,,,,,,,,,,,,,,,,,,,,,,,,,,,,,,,16657000.0,18799000.0,20012000.0,22787000.0,,,,22787000.0,,,,22074000.0,19369000.0,19369000.0,19369000.0,,19369000.0,16336000.0,16336000.0,16336000.0,16336000.0,,,,11555000.0
OperatingLeaseLiabilityNoncurrent / USD,,,,,,,,,,,,,,,,,,,,,,,,,,,,,,,,,,,,,,,80424000.0,77485000.0,74000000.0,73207000.0,73207000.0,73207000.0,73207000.0,73207000.0,53670000.0,53670000.0,53670000.0,53670000.0,39192000.0,39192000.0,39192000.0,,39192000.0,23903000.0,23903000.0,23903000.0,23903000.0,21963000.0,21963000.0,21963000.0,21963000.0
OperatingLeasePayments / USD,,,,,,,,,,,,,,,,,,,,,,,,,,,,,,,,,,,,,,,5050000.0,10000000.0,14194000.0,18801000.0,,,,18801000.0,,,,18801000.0,,,,,23260000.0,,,,22021000.0,,,,19780000.0
OperatingLeaseRightOfUseAsset / USD,,,,,,,,,,,,,,,,,,,,,,,,,,,,,,,,,,,,,,,88475000.0,87142000.0,84106000.0,57656000.0,57656000.0,57656000.0,57656000.0,57656000.0,47275000.0,47275000.0,47275000.0,47275000.0,36688000.0,36688000.0,36688000.0,,36688000.0,25703000.0,25703000.0,25703000.0,25703000.0,29580000.0,29580000.0,29580000.0,29580000.0
OperatingLeaseRightOfUseAssetAmortizationExpense / USD,,,,,,,,,,,,,,,,,,,,,,,,,,,,,,,,,,,,,,,,,,,,,,20011000.0,4000000.0,8005000.0,12056000.0,20011000.0,4115000.0,8166000.0,12094000.0,,16102000.0,3779000.0,7613000.0,11215000.0,15922000.0,3500000.0,6772000.0,9686000.0,14708000.0
OperatingLeaseWeightedAverageDiscountRatePercent / pure,,,,,,,,,,,,,,,,,,,,,,,,,,,,,,,,,,,,,,,0.0382,0.0385,0.0398,0.0386,,,,0.0386,,,,0.0364,,,,,0.0401,,,,0.0458,,,,0.0641
OtherAccruedLiabilitiesCurrent / USD,,,,,,14783000.0,,,,21493000.0,,,,22144000.0,,,,26683000.0,,,,,,,,,,,,,,,,,,,,,,,,,,,,,,,,45220000.0,25565000.0,25565000.0,25565000.0,,25565000.0,22372000.0,22372000.0,22372000.0,38708000.0,58149000.0,58149000.0,58149000.0,58149000.0
OtherAssetsNoncurrent / USD,10550000.0,10550000.0,9154000.0,9154000.0,9154000.0,9154000.0,7648000.0,7648000.0,7648000.0,7648000.0,9047000.0,9047000.0,9047000.0,9047000.0,6640000.0,6640000.0,6640000.0,6640000.0,6407000.0,6407000.0,6407000.0,6407000.0,7561000.0,7561000.0,7561000.0,7561000.0,6348000.0,6348000.0,6348000.0,6348000.0,5668000.0,5668000.0,5668000.0,5668000.0,36254000.0,36254000.0,36254000.0,36254000.0,79163000.0,79163000.0,79163000.0,79163000.0,105285000.0,105285000.0,105285000.0,105285000.0,95585000.0,95585000.0,95585000.0,95585000.0,102514000.0,102514000.0,102514000.0,,102514000.0,114547000.0,114547000.0,114547000.0,115770000.0,117872000.0,117872000.0,117872000.0,117872000.0
OtherComprehensiveIncomeLossForeignCurrencyTransactionAndTranslationAdjustmentNetOfTax / USD,,,,,,,,,-2266000.0,-1862000.0,-2684000.0,3454000.0,-2266000.0,-1998000.0,-1391000.0,-14421000.0,-15705000.0,5905000.0,4005000.0,6898000.0,12603000.0,-5100000.0,-11451000.0,-30519000.0,-17740000.0,-2281000.0,-6119000.0,-7024000.0,-21180000.0,-27526000.0,-14347000.0,-8258000.0,2137000.0,-26296000.0,3071000.0,12196000.0,-6600000.0,10517000.0,-3265000.0,-340000.0,-4529000.0,-9926000.0,14092000.0,-4964000.0,-4132000.0,-13664000.0,17048000.0,15202000.0,19445000.0,7090000.0,-2138000.0,-5345000.0,-27841000.0,,7141000.0,18381000.0,24933000.0,30005000.0,-48848000.0,8703000.0,4546000.0,448000.0,22557000.0
OtherLaborRelatedExpenses / USD,,,,,,5500000.0,,,,5400000.0,,,,10100000.0,,,,17400000.0,,,,10500000.0,,,,25000000.0,,,,20300000.0,,,,40000000.0,,,,41600000.0,,,,48400000.0,,,,57500000.0,,,,60600000.0,,,,,58100000.0,,,,55700000.0,,,,57800000.0
OtherLiabilitiesNoncurrent / USD,19031000.0,19031000.0,14655000.0,14655000.0,14655000.0,,,,,,,,,,,,,,,,,,,,,,,,,,,,,,,,,,,,46063000.0,46063000.0,48005000.0,48005000.0,48005000.0,48005000.0,56823000.0,56823000.0,56823000.0,56823000.0,49661000.0,49661000.0,49661000.0,,49661000.0,60022000.0,60022000.0,60022000.0,60022000.0,84294000.0,84294000.0,84294000.0,84294000.0
OtherNonoperatingIncomeExpense / USD,1651000.0,2245000.0,-381000.0,646000.0,1347000.0,1587000.0,-76000.0,-154000.0,477000.0,1391000.0,-548000.0,-1182000.0,-271000.0,290000.0,-92000.0,-65000.0,765000.0,-698000.0,-961000.0,-1312000.0,-381000.0,618000.0,649000.0,1000.0,771000.0,-187000.0,-334000.0,101000.0,1853000.0,883000.0,-100000.0,-427000.0,128000.0,1610000.0,513000.0,352000.0,1940000.0,-86000.0,-2172000.0,-739000.0,1718000.0,12884000.0,-219000.0,-2227000.0,2333000.0,2276000.0,2880000.0,3448000.0,6974000.0,3208000.0,1429000.0,-932000.0,-1932000.0,,7745000.0,364000.0,1969000.0,7270000.0,-2138000.0,3393000.0,7379000.0,11314000.0,6340000.0
OtherPrepaidExpenseCurrent / USD,,,,,,,,,,,,,,,,,,,,,,,,,,,,,,,,,,,,,,,,,,,,,,,,,,,,,,,,,,,,,36950000.0,,
PaymentsForRepurchaseOfCommonStock / USD,137497000.0,116642000.0,33393000.0,57530000.0,137497000.0,18500000.0,2169000.0,19311000.0,53761000.0,196119000.0,57685000.0,156773000.0,191056000.0,91422000.0,27125000.0,67141000.0,47811000.0,191056000.0,27125000.0,67141000.0,152329000.0,82752000.0,60593000.0,100713000.0,130719000.0,217039000.0,28382000.0,68390000.0,96121000.0,130719000.0,30442000.0,74647000.0,116341000.0,138399000.0,55263000.0,124715000.0,229540000.0,187629000.0,82700000.0,119723000.0,178926000.0,342596000.0,60009000.0,148008000.0,210000000.0,228894000.0,50011000.0,250356000.0,541205000.0,235223000.0,482755000.0,760861000.0,1048027000.0,,874179000.0,75004000.0,184290000.0,285158000.0,1104180000.0,71704000.0,243473000.0,498171000.0,405526000.0
PaymentsOfDebtIssuanceCosts / USD,,1477000.0,,,,1343000.0,,,,1343000.0,,,,736000.0,,,,,,,,,,,,,,,,,0.0,0.0,0.0,0.0,240000.0,240000.0,7869000.0,0.0,0.0,0.0,0.0,7849000.0,6805000.0,6840000.0,6840000.0,0.0,0.0,0.0,0.0,6840000.0,8200000.0,8819000.0,8819000.0,,1488000.0,,,0.0,8819000.0,,,706000.0,0.0
PaymentsRelatedToTaxWithholdingForShareBasedCompensation / USD,,,,,,,,,,,,,,,,,,,8821000.0,9571000.0,10790000.0,9851000.0,15007000.0,15992000.0,18102000.0,12297000.0,24462000.0,25881000.0,28544000.0,19461000.0,35598000.0,36914000.0,39324000.0,29955000.0,38867000.0,40448000.0,42872000.0,40232000.0,42987000.0,48470000.0,51208000.0,44205000.0,86047000.0,97000000.0,100067000.0,52996000.0,85678000.0,86653000.0,88770000.0,102903000.0,47024000.0,47849000.0,49027000.0,,91609000.0,72865000.0,73672000.0,75443000.0,50942000.0,131911000.0,133786000.0,137223000.0,76673000.0
PaymentsToAcquireMarketableSecurities / USD,,,,,,,,,,,,,,,,,,,,,,,,,,,,,,,0.0,0.0,0.0,0.0,1943000.0,4528000.0,5509000.0,0.0,2303000.0,4396000.0,5858000.0,6050000.0,2733000.0,5232000.0,5790000.0,6404000.0,1741000.0,4379000.0,5121000.0,6119000.0,2763000.0,5982000.0,8022000.0,,9039000.0,4558000.0,8015000.0,8648000.0,9963000.0,14224000.0,16828000.0,17861000.0,10623000.0
PaymentsToAcquirePropertyPlantAndEquipment / USD,,,,,,13958000.0,1328000.0,5106000.0,8323000.0,17453000.0,7757000.0,13364000.0,19616000.0,14020000.0,9012000.0,17123000.0,20435000.0,25483000.0,2154000.0,4296000.0,7088000.0,24147000.0,5667000.0,10251000.0,18266000.0,12590000.0,4294000.0,7807000.0,12541000.0,24999000.0,4319000.0,9604000.0,14792000.0,21969000.0,4044000.0,11111000.0,24220000.0,19828000.0,6474000.0,10644000.0,18170000.0,31299000.0,6500000.0,13166000.0,21073000.0,23981000.0,3045000.0,4220000.0,5792000.0,21989000.0,895000.0,3293000.0,5232000.0,,7569000.0,850000.0,2377000.0,3169000.0,6029000.0,1361000.0,5403000.0,7130000.0,4237000.0
PaymentsToDevelopSoftware / USD,,,,,,,,,,,,,,,,,,,,,,,,,,,,,,,,,,,,,,,,,,,,,,,,,,,,,,,,,0.0,0.0,0.0,0.0,5380000.0,11298000.0,0.0
PreferredStockParOrStatedValuePerShare / USD/shares,0.01,0.01,0.01,0.01,0.01,0.01,0.01,0.01,0.01,0.01,0.01,0.01,0.01,0.01,0.01,0.01,0.01,0.01,0.01,0.01,0.01,0.01,0.01,0.01,0.01,0.01,0.01,0.01,0.01,0.01,0.01,0.01,0.01,0.01,0.01,0.01,0.01,0.01,0.01,0.01,0.01,0.01,0.01,0.01,0.01,0.01,0.01,0.01,0.01,0.01,0.01,0.01,0.01,,0.01,0.01,0.01,0.01,0.01,0.01,0.01,0.01,0.01
PreferredStockSharesAuthorized / shares,1000000.0,1000000.0,1000000.0,1000000.0,1000000.0,1000000.0,1000000.0,1000000.0,1000000.0,1000000.0,1000000.0,1000000.0,1000000.0,1000000.0,1000000.0,1000000.0,1000000.0,1000000.0,1000000.0,1000000.0,1000000.0,1000000.0,1000000.0,1000000.0,1000000.0,1000000.0,1000000.0,1000000.0,1000000.0,1000000.0,1000000.0,1000000.0,1000000.0,1000000.0,1000000.0,1000000.0,1000000.0,1000000.0,1000000.0,1000000.0,1000000.0,1000000.0,1000000.0,1000000.0,1000000.0,1000000.0,1000000.0,1000000.0,1000000.0,1000000.0,1000000.0,1000000.0,1000000.0,,1000000.0,1000000.0,1000000.0,1000000.0,1000000.0,1000000.0,1000000.0,1000000.0,1000000.0
PreferredStockSharesIssued / shares,0.0,0.0,0.0,0.0,0.0,0.0,,,,,,,,,,,0.0,0.0,0.0,0.0,0.0,0.0,0.0,0.0,0.0,0.0,0.0,0.0,0.0,0.0,0.0,0.0,0.0,0.0,0.0,0.0,0.0,0.0,0.0,0.0,0.0,0.0,0.0,0.0,0.0,0.0,0.0,0.0,0.0,0.0,0.0,0.0,0.0,,0.0,0.0,0.0,0.0,0.0,0.0,0.0,0.0,0.0
PreferredStockSharesOutstanding / shares,0.0,0.0,0.0,0.0,0.0,0.0,,,,,,,,,,,0.0,0.0,0.0,0.0,0.0,0.0,0.0,0.0,0.0,0.0,0.0,0.0,0.0,0.0,0.0,0.0,0.0,0.0,0.0,0.0,0.0,0.0,0.0,0.0,0.0,0.0,0.0,0.0,0.0,0.0,0.0,0.0,0.0,0.0,0.0,0.0,0.0,,0.0,0.0,0.0,0.0,0.0,0.0,0.0,0.0,0.0
PreferredStockValueOutstanding / USD,0.0,0.0,0.0,0.0,,,,,,,,,,,,,0.0,0.0,0.0,0.0,0.0,0.0,0.0,0.0,0.0,0.0,0.0,0.0,0.0,0.0,0.0,0.0,0.0,0.0,0.0,0.0,0.0,0.0,0.0,0.0,0.0,0.0,0.0,0.0,0.0,0.0,0.0,0.0,0.0,0.0,0.0,0.0,0.0,,0.0,0.0,0.0,0.0,0.0,0.0,0.0,0.0,0.0
PrepaidExpenseAndOtherAssetsCurrent / USD,,,,,19174000.0,19174000.0,17929000.0,17929000.0,17929000.0,17929000.0,23113000.0,23113000.0,23113000.0,23113000.0,22277000.0,22277000.0,22277000.0,22277000.0,28157000.0,28157000.0,28157000.0,28157000.0,41709000.0,41709000.0,41709000.0,41709000.0,23926000.0,23926000.0,23926000.0,23926000.0,36727000.0,36727000.0,36727000.0,36727000.0,39624000.0,39624000.0,39624000.0,39624000.0,51853000.0,51853000.0,51853000.0,51853000.0,42504000.0,42504000.0,42504000.0,42504000.0,43513000.0,43513000.0,43513000.0,43513000.0,29103000.0,29103000.0,29103000.0,,29103000.0,31723000.0,31723000.0,31723000.0,31723000.0,40104000.0,40104000.0,40104000.0,40104000.0
PrepaidTaxes / USD,,,,,,,,,,,,,,,,,,,,,,,,,,,,,,,,,,,,,,,,,,,,,,,,,,,,,,,,,,,,,3154000.0,,
ProceedsFromIncomeTaxRefunds / USD,,1447000.0,,,,2742000.0,,,,457000.0,,,,207000.0,,,,584000.0,,,,2471000.0,,,,3424000.0,,,,1592000.0,,,,11363000.0,,,,3757000.0,,,,3079000.0,154000.0,1538000.0,1552000.0,1372000.0,221000.0,288000.0,289000.0,1931000.0,72000.0,1003000.0,1021000.0,,464000.0,8000.0,548000.0,567000.0,1090000.0,10000.0,320000.0,836000.0,640000.0
ProceedsFromIssuanceOfSeniorLongTermDebt / USD,,275000000.0,,,,245000000.0,,,,245000000.0,,,,,,,,,,,,,,,,,,,,,,,0.0,0.0,,,400000000.0,0.0,0.0,0.0,0.0,400000000.0,350000000.0,350000000.0,350000000.0,0.0,0.0,0.0,0.0,350000000.0,550000000.0,550000000.0,550000000.0,,0.0,,,,550000000.0,,,0.0,0.0
ProceedsFromIssuanceOfSharesUnderIncentiveAndShareBasedCompensationPlansIncludingStockOptions / USD,2822000.0,19786000.0,-461000.0,2156000.0,,,,,,1410000.0,15023000.0,33401000.0,39609000.0,7613000.0,6189000.0,15998000.0,23790000.0,70793000.0,10832000.0,13256000.0,18041000.0,40107000.0,6713000.0,11853000.0,13643000.0,18851000.0,1199000.0,6757000.0,8356000.0,18258000.0,3663000.0,9114000.0,13112000.0,17828000.0,693000.0,1706000.0,2492000.0,14474000.0,7550000.0,12850000.0,16073000.0,11023000.0,5091000.0,23216000.0,26235000.0,22788000.0,57000.0,10390000.0,14580000.0,42258000.0,550000.0,11117000.0,11117000.0,,20881000.0,1995000.0,15217000.0,15615000.0,16026000.0,4499000.0,14937000.0,15680000.0,22198000.0
ProceedsFromLinesOfCredit / USD,,,,,,,,,,,,,30000000.0,30000000.0,8000000.0,23000000.0,30000000.0,0.0,8000000.0,23000000.0,96000000.0,30000000.0,81000000.0,152000000.0,241000000.0,145000000.0,26000000.0,44000000.0,49000000.0,249000000.0,60000000.0,79000000.0,98000000.0,122000000.0,79000000.0,147000000.0,371000000.0,190000000.0,103000000.0,138000000.0,167000000.0,427000000.0,117000000.0,156000000.0,193000000.0,229000000.0,116000000.0,251000000.0,429000000.0,263000000.0,620000000.0,800000000.0,1010000000.0,,682000000.0,169000000.0,228000000.0,339000000.0,1039000000.0,170000000.0,255000000.0,795000000.0,407000000.0
ProceedsFromPaymentsForOtherFinancingActivities / USD,,,,,,,,,,,,,,,,,,,,,,,,,,,,,,,,,,,,,,,0.0,0.0,0.0,,-425000.0,-712000.0,-811000.0,,-176000.0,-176000.0,-177000.0,,,,,,,,0.0,0.0,,0.0,-1400000.0,-1311000.0,0.0
ProceedsFromSaleAndMaturityOfMarketableSecurities / USD,,,,,,,,13644000.0,13644000.0,10014000.0,,,,,,,,,,,,,,,,,,,,,0.0,0.0,0.0,0.0,8000.0,2383000.0,3005000.0,0.0,102000.0,2267000.0,3228000.0,3230000.0,167000.0,3385000.0,3462000.0,3480000.0,567000.0,2264000.0,2294000.0,3470000.0,129000.0,3354000.0,6575000.0,,7237000.0,2393000.0,4631000.0,4969000.0,8063000.0,13167000.0,15571000.0,15855000.0,5032000.0
ProceedsFromStockOptionsExercised / USD,,,,,,3289000.0,,,,70800000.0,,,,30300000.0,,,,18800000.0,,,,18300000.0,,,,,,,,14500000.0,,,,11000000.0,,,,22800000.0,,,,25400000.0,,,,4400000.0,,,,3200000.0,,,,,8100000.0,,,,8300000.0,,,,14700000.0
PropertyPlantAndEquipmentAndFinanceLeaseRightOfUseAssetAfterAccumulatedDepreciationAndAmortization / USD,,,,,,,,,,,,,,,,,,,,,,,,,,,,,,,,,,,,,,,,,60336000.0,,46419000.0,46419000.0,46419000.0,,27913000.0,27913000.0,27913000.0,,17580000.0,17580000.0,17580000.0,,,10966000.0,10966000.0,10966000.0,,38465000.0,38465000.0,38465000.0,38465000.0
PropertyPlantAndEquipmentNet / USD,34340000.0,34340000.0,30975000.0,30975000.0,30975000.0,30975000.0,33017000.0,33017000.0,33017000.0,33017000.0,41080000.0,41080000.0,41080000.0,41080000.0,45155000.0,45155000.0,45155000.0,45155000.0,36677000.0,36677000.0,36677000.0,36677000.0,38208000.0,38208000.0,38208000.0,38208000.0,45122000.0,45122000.0,45122000.0,45122000.0,40703000.0,40703000.0,40703000.0,40703000.0,48837000.0,48837000.0,48837000.0,48837000.0,53027000.0,53027000.0,53027000.0,53027000.0,,,,46419000.0,,,,27913000.0,,,,,17580000.0,,10966000.0,10966000.0,10966000.0,38465000.0,38465000.0,38465000.0,38465000.0
ProvisionForDoubtfulAccounts / USD,499000.0,3414000.0,-250000.0,-810000.0,,,,,,583000.0,,,,-583000.0,92000.0,274000.0,293000.0,-122000.0,278000.0,591000.0,998000.0,327000.0,0.0,0.0,0.0,1485000.0,438000.0,870000.0,1305000.0,0.0,463000.0,925000.0,1388000.0,2011000.0,0.0,482000.0,541000.0,1640000.0,180000.0,391000.0,509000.0,623000.0,281000.0,2459000.0,2777000.0,518000.0,219000.0,266000.0,551000.0,3199000.0,325000.0,650000.0,975000.0,,652000.0,369000.0,738000.0,1106000.0,2800000.0,419000.0,838000.0,1256000.0,1475000.0
PurchaseObligation / USD,,,,,,,,,,7000000.0,,,,,,,,,,,,,,,,,,,,,,,,,,,,,,,,,,,,,,,,,,,,,,,,,122700000.0,,,,99248000.0
PurchaseObligationDueInNextTwelveMonths / USD,,,,,,,,,,4400000.0,,,,,,,,,,,,,,,,,,,,,,,,,,,,,,,,,,,,,,,,,,,,,,,,,62271000.0,,,,72128000.0
PurchaseObligationDueInSecondYear / USD,,,,,,,,,,2600000.0,,,,,,,,,,,,,,,,,,,,,,,,,,,,,,,,,,,,,,,,,,,,,,,,,57835000.0,,,,19437000.0
PurchaseObligationDueInThirdYear / USD,,,,,,,,,,,,,,,,,,,,,,,,,,,,,,,,,,,,,,,,,,,,,,,,,,,,,,,,,,,2594000.0,,,,5035000.0
RepaymentsOfLinesOfCredit / USD,50000000.0,175000000.0,,,50000000.0,295000000.0,,,,295000000.0,2933000.0,2933000.0,3676000.0,5466000.0,,,,5466000.0,,,,18676000.0,,,,61000000.0,15000000.0,41000000.0,56000000.0,116000000.0,10000000.0,24000000.0,57000000.0,99000000.0,20000000.0,48000000.0,480000000.0,84000000.0,35000000.0,80000000.0,109000000.0,531000000.0,367000000.0,377000000.0,435000000.0,141000000.0,80000000.0,121000000.0,208000000.0,513000000.0,788000000.0,806750000.0,855500000.0,,259000000.0,102750000.0,158500000.0,265250000.0,988250000.0,70750000.0,74500000.0,538250000.0,402000000.0
ResearchAndDevelopmentExpense / USD,55409000.0,77794000.0,18976000.0,38227000.0,57403000.0,73626000.0,18061000.0,34283000.0,48573000.0,73581000.0,13049000.0,27035000.0,41925000.0,62129000.0,14552000.0,30573000.0,49143000.0,59527000.0,18092000.0,37782000.0,61022000.0,66967000.0,22637000.0,46978000.0,72588000.0,83435000.0,24631000.0,49479000.0,75896000.0,98824000.0,26142000.0,52805000.0,80644000.0,103669000.0,28974000.0,61493000.0,93976000.0,110870000.0,35426000.0,73110000.0,110082000.0,128383000.0,38943000.0,78382000.0,119793000.0,149478000.0,40651000.0,84263000.0,130089000.0,166499000.0,38980000.0,75367000.0,111247000.0,,171231000.0,36633000.0,76899000.0,118354000.0,146758000.0,42635000.0,83515000.0,127732000.0,159950000.0
RetainedEarningsAccumulatedDeficit / USD,886324000.0,886324000.0,947202000.0,947202000.0,947202000.0,947202000.0,1015624000.0,1015624000.0,1015624000.0,1015624000.0,1104825000.0,1104825000.0,1104825000.0,1104825000.0,1192096000.0,1192096000.0,1192096000.0,1192096000.0,1284261000.0,1284261000.0,1284261000.0,1284261000.0,1368255000.0,1368255000.0,1368255000.0,1368255000.0,1475214000.0,1475214000.0,1475214000.0,1471377000.0,1598395000.0,1598395000.0,1598395000.0,1598395000.0,1764524000.0,1764524000.0,1764524000.0,1764524000.0,1956648000.0,1956648000.0,1956648000.0,1956648000.0,2193059000.0,2193059000.0,2193059000.0,2193059000.0,2585143000.0,2585143000.0,2585143000.0,2585143000.0,2958684000.0,2958684000.0,2958684000.0,,2958684000.0,3388059000.0,3388059000.0,3388059000.0,3388059000.0,3900870000.0,3900870000.0,3900870000.0,3900870000.0
RevenueFromContractWithCustomerExcludingAssessedTax / USD,,,,,,,,,,,,,,,,,,,,,,,,,,,,,,,,,,,232361000.0,488621000.0,743614000.0,934983000.0,262256000.0,540490000.0,854739000.0,1000146000.0,298504000.0,606475000.0,920206000.0,1160083000.0,312414000.0,643775000.0,981959000.0,1294562000.0,322361000.0,679556000.0,1028522000.0,,1316536000.0,344870000.0,725136000.0,1123824000.0,1377270000.0,382059000.0,815868000.0,1263717000.0,1513557000.0
RevenueRemainingPerformanceObligation / USD,,,,,,,,,,,,,,,,,,,,,,,,,,,,,,,,,,,,,,238370000.0,307500000.0,253400000.0,247200000.0,238400000.0,337700000.0,334400000.0,54900000.0,298000000.0,289000000.0,289000000.0,289000000.0,289000000.0,357400000.0,357400000.0,357400000.0,,357400000.0,470500000.0,470500000.0,470500000.0,470500000.0,507300000.0,507300000.0,507300000.0,507300000.0
RightOfUseAssetObtainedInExchangeForFinanceLeaseLiability / USD,,,,,,,,,,,,,,,,,,,,,,,,,,,,,,,,,,,,,,,3045000.0,5148000.0,6489000.0,1387000.0,,,,1387000.0,,,,1387000.0,,,,,,,,,0.0,,,,0.0
RightOfUseAssetObtainedInExchangeForOperatingLeaseLiability / USD,,,,,,,,,,,,,,,,,,,,,,,,,,,,,,,,,,,,,,,2893000.0,8723000.0,10437000.0,11457000.0,,,,11457000.0,,,,11457000.0,,,,,5413000.0,,,,7505000.0,,,,4150000.0
SellingGeneralAndAdministrativeExpense / USD,157519000.0,245639000.0,55203000.0,108900000.0,165977000.0,209319000.0,59633000.0,115082000.0,168725000.0,225263000.0,57324000.0,114359000.0,173482000.0,223615000.0,69665000.0,137303000.0,205968000.0,238522000.0,66989000.0,132933000.0,204490000.0,268395000.0,72801000.0,146664000.0,221309000.0,278203000.0,78838000.0,156339000.0,243511000.0,300002000.0,85214000.0,171445000.0,255534000.0,328940000.0,90342000.0,186467000.0,283858000.0,337167000.0,100258000.0,205188000.0,308094000.0,376912000.0,112021000.0,215486000.0,315318000.0,414086000.0,93911000.0,191183000.0,298912000.0,420930000.0,98048000.0,194462000.0,287710000.0,,396281000.0,92995000.0,193153000.0,301234000.0,383863000.0,104329000.0,215196000.0,340077000.0,400565000.0
SeniorNotes / USD,,,,,,,512000000.0,512000000.0,512000000.0,,504000000.0,504000000.0,504000000.0,,455000000.0,455000000.0,455000000.0,,447000000.0,447000000.0,447000000.0,,376000000.0,376000000.0,376000000.0,,315624000.0,315624000.0,315624000.0,315624000.0,243801000.0,243801000.0,243801000.0,244000000.0,513000000.0,513000000.0,513000000.0,513000000.0,485000000.0,485000000.0,485000000.0,485000000.0,750000000.0,750000000.0,750000000.0,750000000.0,750000000.0,750000000.0,750000000.0,750000000.0,1300000000.0,1300000000.0,1300000000.0,,1300000000.0,,,,1300000000.0,,,,
ShareBasedCompensation / USD,15342000.0,27981000.0,4535000.0,9382000.0,13235000.0,19935000.0,4034000.0,8205000.0,11762000.0,17305000.0,4757000.0,9384000.0,15466000.0,15500000.0,5832000.0,12245000.0,18897000.0,21229000.0,7235000.0,16286000.0,25631000.0,25850000.0,8794000.0,20596000.0,32762000.0,36362000.0,14700000.0,28300000.0,41704000.0,45308000.0,14519000.0,29231000.0,43546000.0,55509000.0,16510000.0,35749000.0,54631000.0,61222000.0,21854000.0,42336000.0,61931000.0,74814000.0,23145000.0,45933000.0,68197000.0,82973000.0,25132000.0,53338000.0,84099000.0,93681000.0,29878000.0,57814000.0,86363000.0,,112457000.0,29702000.0,56755000.0,89750000.0,115355000.0,31574000.0,67022000.0,109457000.0,123847000.0
ShareBasedCompensationArrangementByShareBasedPaymentAwardDiscountFromMarketPricePurchaseDate / pure,,,,,,,,,,,,,,,,,,,,,,,,,,,,,,,,,,,,,,0.15,,,,0.15,,,,0.15,,,,0.15,,,,,0.15,,,,0.15,,,,0.15
ShareBasedCompensationArrangementByShareBasedPaymentAwardOptionsExercisableNumber / shares,,,,,,4035000.0,3785000.0,,,,,,,,,,,,,,,,,,,,,,,,,,,,,,,,,,,,,,,,179000.0,,,,164000.0,,,,,132000.0,,,,114000.0,,,
ShareBasedCompensationArrangementByShareBasedPaymentAwardOptionsExercisesInPeriodTotalIntrinsicValue / USD,,,,,,800000.0,,,,2700000.0,,,,4400000.0,,,,31200000.0,,,,19800000.0,,,,13800000.0,,,,24300000.0,,,,41300000.0,,,,27000000.0,,,,41400000.0,,,,99100000.0,,,,132600000.0,,,,,15800000.0,,,,14500000.0,,,,16700000.0
ShareBasedCompensationArrangementByShareBasedPaymentAwardOptionsGrantsInPeriod / shares,,,,,,1078000.0,382000.0,,,978000.0,546000.0,,,757000.0,14000.0,,,58000.0,493000.0,,,552000.0,15000.0,,,36000.0,,,,34000.0,,,,29000.0,,,,81000.0,,,,32000.0,12000.0,,,21000.0,9000.0,,,23000.0,2000.0,,,,58000.0,6000.0,,,9000.0,3000.0,,,5000.0
ShareBasedCompensationArrangementByShareBasedPaymentAwardOptionsGrantsInPeriodWeightedAverageGrantDateFairValue / USD/shares,,,,,,5.4,,,,7.58,,,,8.02,,,,12.32,,,,12.53,,,,15.5,,,,21.66,,,,31.06,,,,43.8,,,,56.61,,,,59.63,,,,99.3,,,,,139.11,,,,134.91,,,,289.54
ShareBasedCompensationArrangementByShareBasedPaymentAwardOptionsOutstandingIntrinsicValue / USD,,,,,,4661000.0,37188000.0,,,45828000.0,31815000.0,,,53203000.0,61675000.0,,,39436000.0,65330000.0,,,76075000.0,92742000.0,,,109873000.0,93412000.0,,,103275000.0,116380000.0,,,164716000.0,105207000.0,,,131921000.0,146033000.0,,,63605000.0,84688000.0,,,45263900000.0,50094000.0,,,36373000.0,63594000.0,,,,109242000.0,145366000.0,,,277150000.0,265461000.0,,,109164000.0
ShareBasedCompensationArrangementByShareBasedPaymentAwardOptionsOutstandingNumber / shares,,,,,,6573000.0,5812000.0,,,5812000.0,4034000.0,,,4034000.0,2687000.0,,,2687000.0,2089000.0,,,2089000.0,2024000.0,,,2024000.0,1521000.0,,,1521000.0,1230000.0,,,1230000.0,996000.0,,,996000.0,616000.0,,,616000.0,246000.0,,,246000.0,226000.0,,,226000.0,209000.0,,,,209000.0,227000.0,,,227000.0,189000.0,,,189000.0
ShareBasedCompensationArrangementByShareBasedPaymentAwardOptionsOutstandingWeightedAverageExercisePrice / USD/shares,,,,,,30.25,29.94,,,29.94,33.01,,,33.01,35.48,,,35.48,36.24,,,36.24,46.94,,,46.94,52.37,,,52.37,56.54,,,56.54,63.13,,,63.13,89.36,,,89.36,166.8,,,166.8,205.9,,,205.9,247.56,,,,247.56,387.95,,,387.95,479.26,,,479.26
ShareBasedCompensationArrangementByShareBasedPaymentAwardOptionsVestedAndExpectedToVestExercisableAggregateIntrinsicValue / USD,,,,,,,,,,16341000.0,16205000.0,,,21388000.0,29761000.0,,,21787000.0,42477000.0,,,49230000.0,68710000.0,,,78461000.0,80056000.0,,,85354000.0,105003000.0,,,143529000.0,104507000.0,,,122381000.0,134066000.0,,,49435000.0,69796000.0,,,37659408000.0,45033000.0,,,32118000.0,59350000.0,,,,96648000.0,117720000.0,,,196829000.0,191700000.0,,,67464000.0
ShareBasedCompensationArrangementByShareBasedPaymentAwardOptionsVestedAndExpectedToVestExercisableNumber / shares,,,,,,,,,,1994000.0,1848000.0,,,942000.0,965000.0,,,998000.0,1103000.0,,,1005000.0,1266000.0,,,985000.0,1131000.0,,,946000.0,1051000.0,,,847000.0,836000.0,,,533000.0,458000.0,,,168000.0,188000.0,,,163000.0,,,,159000.0,,,,,153000.0,,,,119000.0,,,,65000.0
ShareBasedCompensationArrangementByShareBasedPaymentAwardOptionsVestedAndExpectedToVestExercisableWeightedAverageExercisePrice / USD/shares,,,,,,,,,,36.3,33.72,,,32.57,32.0,,,33.28,33.79,,,35.51,39.9,,,44.92,48.42,,,50.29,53.34,,,59.1,61.99,,,73.89,81.93,,,130.87,140.06,,,168.38,183.75,,,214.74,236.68,,,,236.84,271.79,,,290.75,312.27,,,457.59
ShareBasedCompensationArrangementByShareBasedPaymentAwardOptionsVestedAndExpectedToVestOutstandingAggregateIntrinsicValue / USD,,,,,,,,,,39347000.0,,,,49312000.0,57529000.0,,,38090000.0,62664000.0,,,73769000.0,90928000.0,,,108573000.0,92598000.0,,,102843000.0,116081000.0,,,164500000.0,105161000.0,,,131509000.0,145490000.0,,,63125000.0,84191000.0,,,45173168000.0,50006000.0,,,36344000.0,63366000.0,,,,108544000.0,143106000.0,,,272681000.0,261772000.0,,,108192000.0
ShareBasedCompensationArrangementByShareBasedPaymentAwardOptionsVestedAndExpectedToVestOutstandingNumber / shares,,,,,,,,,,3590000.0,,,,2435000.0,2098000.0,,,1990000.0,2151000.0,,,1918000.0,1931000.0,,,1497000.0,1403000.0,,,1223000.0,1207000.0,,,993000.0,918000.0,,,613000.0,533000.0,,,243000.0,255000.0,,,225000.0,226000.0,,,207000.0,190000.0,,,,221000.0,196000.0,,,185000.0,176000.0,,,127000.0
ShareBasedCompensationArrangementByShareBasedPaymentAwardOptionsVestedAndExpectedToVestOutstandingWeightedAverageExercisePrice / USD/shares,,,,,,,,,,33.43,,,,35.03,35.42,,,35.97,43.17,,,46.06,47.09,,,52.04,53.22,,,56.43,57.06,,,62.97,72.39,,,88.84,101.77,,,165.32,180.76,,,204.66,216.5,,,246.35,264.95,,,,377.24,432.79,,,471.93,507.12,,,664.36
ShareBasedCompensationArrangementsByShareBasedPaymentAwardOptionsExercisesInPeriodWeightedAverageExercisePrice / USD/shares,,,,,,,,,,28.25,31.05,,,31.79,33.16,,,33.91,30.92,,,33.46,29.02,,,34.25,36.52,,,44.52,33.1,,,42.85,54.69,,,50.03,54.51,,,63.47,,,,108.81,72.06,,,87.84,102.15,,,,214.0,146.68,,,176.46,271.41,,,224.16
ShareBasedCompensationArrangementsByShareBasedPaymentAwardOptionsGrantsInPeriodWeightedAverageExercisePrice / USD/shares,,,,,,,,,,38.45,41.92,,,42.86,57.59,,,53.82,72.06,,,73.37,92.71,,,94.84,,,,128.8,157.31,,,167.27,185.05,,,196.43,352.18,,,364.23,506.91,,,485.77,407.49,,,451.7,615.45,,,,779.98,1133.87,,,1198.0,2227.11,,,2014.89
SharePrice / USD/shares,,,,,,,,,,44.26,,,,55.28,,,,55.1,,,,84.5,,,,124.59,,,,140.5,,,,228.55,,,,303.52,,,,425.38,,,,397.93,,,,412.01,,,,,868.53,,,,1943.52,,,,1496.53
ShortTermLeaseCost / USD,,,,,,,,,,,,,,,,,,,,,,,,,,,,,,,,,,,,,,,1063000.0,807000.0,1051000.0,1171000.0,,,,1171000.0,,,,1171000.0,,,,,85000.0,,,,201000.0,,,,461000.0
StockIssuedDuringPeriodSharesStockOptionsExercised / shares,,,,,,554000.0,660000.0,,,2553000.0,459000.0,,,1360000.0,354000.0,,,583000.0,217000.0,,,545000.0,41000.0,,,521000.0,100000.0,,,325000.0,21000.0,,,257000.0,138000.0,,,456000.0,93000.0,,,401000.0,,,,40000.0,7000.0,,,36000.0,20000.0,,,,38000.0,31000.0,,,47000.0,12000.0,,,65000.0
StockIssuedDuringPeriodValueShareBasedCompensation / USD,,,,,,,,,,,,,,,,,,,,,,,,,,6554000.0,-31935000.0,-27800000.0,-26212000.0,-1203000.0,-38174000.0,-38742000.0,-40380000.0,-12127000.0,-35438000.0,-38742000.0,-40380000.0,-25758000.0,-35438000.0,-35620000.0,-35136000.0,-33181000.0,-80955000.0,-73784000.0,-73831000.0,-30209000.0,-85622000.0,-76263000.0,-74190000.0,-60644000.0,-46474000.0,-36732000.0,-37910000.0,,-70727000.0,-70870000.0,-58456000.0,-59829000.0,-34916000.0,-127413000.0,-118849000.0,-121543000.0,-54475000.0
StockholdersEquity / USD,600269000.0,566314000.0,474914000.0,474914000.0,474914000.0,561941000.0,465494000.0,465494000.0,465494000.0,600269000.0,474406000.0,474406000.0,474406000.0,474914000.0,530677000.0,530677000.0,530677000.0,465494000.0,454614000.0,454614000.0,454614000.0,474406000.0,436998000.0,436998000.0,436998000.0,530677000.0,446828000.0,446828000.0,446828000.0,454614000.0,426537000.0,426537000.0,426537000.0,436998000.0,287437000.0,466183000.0,466183000.0,481316000.0,287437000.0,287437000.0,287437000.0,466183000.0,289767000.0,289767000.0,289767000.0,287437000.0,331082000.0,331082000.0,331082000.0,289767000.0,-110942000.0,-110942000.0,-110942000.0,,331082000.0,-801947000.0,-801947000.0,-801947000.0,-110942000.0,-687990000.0,-687990000.0,-687990000.0,-801947000.0
SubleaseIncome / USD,,,,,,,,,,,,,,,,,,,,,,,,,,,,,,,,,,,,,,,,,,,,,,,,,,,,,,,0.0,,,,0.0,,,,429000.0
TreasuryStockCommonShares / shares,,,,,,,,,,,,,,,,,,,,,,,,,,,,,,,,,,,,,,,,,,,,,,,,,,,,,63703000.0,,63703000.0,64087000.0,64087000.0,64087000.0,64087000.0,64465000.0,64465000.0,64465000.0,64465000.0
TreasuryStockValue / USD,1375400000.0,1375400000.0,1556253000.0,1556253000.0,1556253000.0,1556253000.0,1627180000.0,1627180000.0,1627180000.0,1627180000.0,1718570000.0,1718570000.0,1718570000.0,1718570000.0,1751057000.0,1751057000.0,1751057000.0,1751057000.0,1936095000.0,1936095000.0,1936095000.0,1936095000.0,2033644000.0,2033644000.0,2033644000.0,2033644000.0,2136760000.0,2136760000.0,2136760000.0,2136760000.0,2301097000.0,2301097000.0,2301097000.0,2301097000.0,2612007000.0,2612007000.0,2612007000.0,2612007000.0,2802450000.0,2802450000.0,2802450000.0,2802450000.0,2997856000.0,2997856000.0,2997856000.0,2997856000.0,3857855000.0,3857855000.0,3857855000.0,3857855000.0,4935769000.0,4935769000.0,4935769000.0,,4935769000.0,5324865000.0,5324865000.0,5324865000.0,5324865000.0,6138736000.0,6138736000.0,6138736000.0,6138736000.0
TreasuryStockValueAcquiredCostMethod / USD,-139528000.0,-116642000.0,306000.0,17448000.0,52674000.0,18500000.0,50920000.0,150275000.0,184290000.0,197982000.0,,,47811000.0,96325000.0,24984000.0,65000000.0,159034000.0,184291000.0,60593000.0,100713000.0,130719000.0,84893000.0,28382000.0,68390000.0,100472000.0,214898000.0,30442000.0,74647000.0,120518000.0,130719000.0,49601000.0,124611000.0,231479000.0,138399000.0,82700000.0,124611000.0,231479000.0,193290000.0,82700000.0,119723000.0,178926000.0,336935000.0,60009000.0,156010000.0,210000000.0,228894000.0,50011000.0,255222000.0,541205000.0,235223000.0,493582000.0,757553000.0,1039984000.0,,882222000.0,75004000.0,191271000.0,289906000.0,1096137000.0,71704000.0,251253000.0,506798000.0,407347000.0
UnbilledContractsReceivable / USD,,,,,,,,,,,,,,,,,,,,,,,,,,,,,,,,,,,,,,,,,,,,,,,,,,,,,,,,,,,,,,210795000.0,210795000.0
UnbilledReceivablesCurrent / USD,,,,,,26863000.0,,,,27830000.0,,,,32487000.0,,,,31250000.0,,,,35139000.0,,,,46435000.0,,,,45247000.0,,,,44640000.0,,,,73221000.0,127651000.0,127651000.0,127651000.0,127651000.0,181550000.0,181550000.0,181550000.0,181550000.0,155408000.0,155408000.0,155408000.0,155408000.0,165386000.0,165386000.0,165386000.0,,165386000.0,203896000.0,203896000.0,203896000.0,203896000.0,210795000.0,210795000.0,,
UndistributedEarningsOfForeignSubsidiaries / USD,,,,,,,,,,,,,,,,,,,,,,,,,,,,,,,,,,79700000.0,,,,95600000.0,,,,111700000.0,,,,141500000.0,,,,73700000.0,,,,,27200000.0,,,,82600000.0,,,,94600000.0
UnrecognizedTaxBenefits / USD,,,,,12300000.0,26265000.0,9500000.0,9500000.0,9500000.0,18587000.0,7500000.0,7500000.0,7500000.0,12286000.0,9000000.0,9000000.0,9000000.0,9539000.0,4600000.0,4600000.0,4600000.0,7501000.0,4600000.0,4600000.0,4600000.0,9009000.0,6800000.0,6800000.0,6800000.0,4554000.0,6500000.0,6500000.0,6500000.0,4634000.0,6100000.0,6100000.0,6100000.0,6799000.0,5800000.0,5800000.0,5800000.0,6480000.0,8000000.0,8000000.0,8000000.0,6113000.0,10900000.0,10900000.0,10900000.0,5834000.0,13000000.0,13000000.0,13000000.0,,7994000.0,13800000.0,13800000.0,13800000.0,10897000.0,19900000.0,19900000.0,19900000.0,12980000.0
UnrecognizedTaxBenefitsDecreasesResultingFromPriorPeriodTaxPositions / USD,,,,,,2141000.0,,,,7025000.0,,,,2035000.0,,,,2035000.0,,,,0.0,,,,967000.0,,,,3000.0,,,,117000.0,,,,19000.0,,,,0.0,,,,611000.0,,,,65000.0,,,,,385000.0,,,,0.0,,,,1127000.0
UnrecognizedTaxBenefitsDecreasesResultingFromSettlementsWithTaxingAuthorities / USD,,,,,,10905000.0,,,,4294000.0,,,,4294000.0,,,,748000.0,,,,0.0,,,,6879000.0,,,,2224000.0,,,,32000.0,,,,151000.0,,,,0.0,,,,637000.0,,,,0.0,,,,,643000.0,,,,0.0,,,,523000.0
UnrecognizedTaxBenefitsIncreasesResultingFromCurrentPeriodTaxPositions / USD,,,,,,1802000.0,,,,724000.0,,,,1000000.0,,,,681000.0,,,,1000000.0,,,,923000.0,,,,582000.0,,,,1310000.0,,,,1291000.0,,,,1625000.0,,,,1439000.0,,,,2260000.0,,,,,5273000.0,,,,3250000.0,,,,3650000.0
UnrecognizedTaxBenefitsIncreasesResultingFromPriorPeriodTaxPositions / USD,,,,,,3566000.0,,,,547000.0,,,,547000.0,,,,64000.0,,,,508000.0,,,,2468000.0,,,,1725000.0,,,,1004000.0,,,,57000.0,,,,404000.0,,,,509000.0,,,,883000.0,,,,,0.0,,,,593000.0,,,,0.0
UnrecognizedTaxBenefitsInterestOnIncomeTaxesAccrued / USD,,,,,1400000.0,800000.0,800000.0,800000.0,800000.0,700000.0,700000.0,700000.0,700000.0,900000.0,900000.0,900000.0,900000.0,500000.0,500000.0,500000.0,500000.0,200000.0,200000.0,200000.0,200000.0,300000.0,300000.0,300000.0,300000.0,400000.0,400000.0,400000.0,400000.0,300000.0,300000.0,300000.0,300000.0,300000.0,300000.0,300000.0,300000.0,400000.0,400000.0,400000.0,400000.0,400000.0,400000.0,400000.0,400000.0,500000.0,500000.0,500000.0,500000.0,,900000.0,900000.0,900000.0,900000.0,1700000.0,1700000.0,1700000.0,1700000.0,1900000.0
UnrecognizedTaxBenefitsReductionsResultingFromLapseOfApplicableStatuteOfLimitations / USD,,,,,,,,,,,,,,,,,,,,,,,,,,,,,,0.0,,,,0.0,,,,1497000.0,,,,2396000.0,,,,979000.0,,,,918000.0,,,,,1342000.0,,,,1760000.0,,,,1131000.0
UnrecognizedTaxBenefitsThatWouldImpactEffectiveTaxRate / USD,,,,,,7900000.0,,,,5900000.0,,,,7200000.0,,,,3900000.0,,,,4000000.0,,,,6000000.0,,,,5800000.0,,,,5800000.0,,,,5700000.0,,,,7800000.0,,,,10400000.0,,,,12300000.0,,,,,12700000.0,,,,18600000.0,,,,18000000.0
VariableLeaseCost / USD,,,,,,,,,,,,,,,,,,,,,,,,,,,,,,,,,,,,,,,974000.0,1820000.0,2578000.0,3264000.0,,,,3264000.0,,,,3264000.0,,,,,1190000.0,,,,2091000.0,,,,2363000.0
WeightedAverageNumberDilutedSharesOutstandingAdjustment / shares,,,,,390000.0,118000.0,516000.0,562000.0,638000.0,405000.0,853000.0,1036000.0,1121000.0,629000.0,1108000.0,968000.0,940000.0,1154000.0,1121000.0,965000.0,962000.0,960000.0,1192000.0,1152000.0,1183000.0,994000.0,1251000.0,1123000.0,1136000.0,1207000.0,1547000.0,1395000.0,1367000.0,1179000.0,1483000.0,1399000.0,1417000.0,1383000.0,1375000.0,1280000.0,1295000.0,1469000.0,1144000.0,967000.0,891000.0,1314000.0,662000.0,553000.0,538000.0,865000.0,357000.0,316000.0,289000.0,,526000.0,398000.0,351000.0,359000.0,305000.0,455000.0,395000.0,386000.0,381000.0
WeightedAverageNumberOfDilutedSharesOutstanding / shares,48777000.0,49373000.0,47915000.0,47399000.0,46561000.0,48776000.0,40439000.0,40528000.0,40426000.0,45308000.0,36887000.0,36721000.0,36247000.0,39988000.0,36151000.0,36318000.0,36340000.0,36063000.0,35820000.0,35670000.0,35420000.0,36292000.0,33128000.0,32791000.0,32648000.0,34864000.0,32436000.0,32349000.0,32337000.0,32609000.0,32536000.0,32398000.0,32340000.0,32308000.0,31561000.0,31431000.0,31341000.0,32245000.0,30336000.0,30297000.0,30295000.0,31180000.0,30169000.0,30076000.0,29966000.0,30294000.0,29789000.0,29660000.0,29505000.0,29932000.0,27524000.0,26978000.0,26608000.0,,29260000.0,25443000.0,25431000.0,25399000.0,26347000.0,25219000.0,25186000.0,25129000.0,25367000.0
WeightedAverageNumberOfSharesOutstandingBasic / shares,48707000.0,48940000.0,47606000.0,47033000.0,46171000.0,48658000.0,39923000.0,39966000.0,39788000.0,44903000.0,36034000.0,35685000.0,35126000.0,39359000.0,35043000.0,35350000.0,35400000.0,34909000.0,34699000.0,34705000.0,34458000.0,35332000.0,31936000.0,31639000.0,31465000.0,33870000.0,31185000.0,31226000.0,31201000.0,31402000.0,30989000.0,31003000.0,30973000.0,31129000.0,30078000.0,30032000.0,29924000.0,30862000.0,28961000.0,29017000.0,29000000.0,29711000.0,29025000.0,29109000.0,29075000.0,28980000.0,29127000.0,29107000.0,28967000.0,29067000.0,27167000.0,26662000.0,26319000.0,,28734000.0,25045000.0,25080000.0,25040000.0,26042000.0,24764000.0,24791000.0,24743000.0,24986000.0
