fact_unit,2009-07-24,2009-10-23,2010-02-09,2010-04-27,2010-07-23,2010-10-21,2011-02-09,2011-04-21,2011-07-21,2011-10-26,2012-02-09,2012-04-20,2012-07-20,2012-10-18,2013-02-07,2013-04-15,2013-07-15,2013-10-15,2014-02-06,2014-04-16,2014-07-16,2014-10-15,2015-02-05,2015-04-17,2015-07-17,2015-10-16,2016-02-05,2016-04-15,2016-07-15,2016-10-14,2017-02-06,2017-04-17,2017-07-17,2017-10-16,2018-02-05,2018-04-16,2018-07-16,2018-10-16,2019-02-06,2019-04-16,2019-07-16,2019-10-16,2020-02-06,2020-04-17,2020-07-17,2020-10-16,2021-02-08,2021-04-16,2021-07-16,2021-10-15,2022-02-07,2022-02-10,2022-04-18,2022-07-18,2022-10-18,2023-02-07,2023-04-18,2023-07-18,2023-10-17,2024-02-06,2024-04-16,2024-07-17,2024-10-16,2025-02-06,2025-04-16,2025-07-17,2025-10-16
AccountsPayableCurrent / USD,,63949000.0,63949000.0,53490000.0,53490000.0,53490000.0,53490000.0,60474000.0,60474000.0,60474000.0,60474000.0,73779000.0,73779000.0,73779000.0,73779000.0,78019000.0,78019000.0,78019000.0,78019000.0,91253000.0,91253000.0,91253000.0,91253000.0,103909000.0,103909000.0,103909000.0,103909000.0,125973000.0,125973000.0,125973000.0,125973000.0,108800000.0,108800000.0,108800000.0,108800000.0,147500000.0,147500000.0,147500000.0,147500000.0,193600000.0,193600000.0,193600000.0,193600000.0,192800000.0,192800000.0,192800000.0,192800000.0,207000000.0,207000000.0,207000000.0,207000000.0,,233100000.0,233100000.0,233100000.0,233100000.0,255000000.0,255000000.0,255000000.0,255000000.0,264100000.0,264100000.0,264100000.0,264100000.0,287700000.0,287700000.0,287700000.0
AccountsReceivableNetCurrent / USD,244940000.0,244940000.0,244940000.0,214169000.0,214169000.0,214169000.0,214169000.0,270133000.0,270133000.0,270133000.0,270133000.0,338594000.0,338594000.0,338594000.0,338594000.0,372159000.0,372159000.0,372159000.0,372159000.0,414331000.0,414331000.0,414331000.0,414331000.0,462077000.0,462077000.0,462077000.0,462077000.0,468375000.0,468375000.0,468375000.0,468375000.0,499700000.0,499700000.0,499700000.0,499700000.0,607800000.0,607800000.0,607800000.0,607800000.0,714300000.0,714300000.0,714300000.0,714300000.0,741800000.0,741800000.0,741800000.0,741800000.0,769400000.0,769400000.0,769400000.0,769400000.0,,900200000.0,900200000.0,900200000.0,900200000.0,1013200000.0,1013200000.0,1013200000.0,1013200000.0,1087600000.0,1087600000.0,1087600000.0,1087600000.0,1108600000.0,1108600000.0,1108600000.0
AccruedBonusesCurrent / USD,,,,,,,5207000.0,,,,14387000.0,,,,16233000.0,,,,14159000.0,,,,12502000.0,,,,20910000.0,,,,15441000.0,,,,14200000.0,,,,19800000.0,,,,22800000.0,,,,17900000.0,,,,22300000.0,,,,,37000000.0,,,,32700000.0,,,,32300000.0,,,
AccruedIncomeTaxesCurrent / USD,,499000.0,499000.0,0.0,8941000.0,0.0,0.0,5299000.0,5299000.0,5299000.0,5299000.0,2077000.0,2077000.0,2077000.0,2077000.0,0.0,0.0,0.0,,0.0,0.0,0.0,0.0,7442000.0,7442000.0,7442000.0,7442000.0,0.0,0.0,0.0,,0.0,0.0,0.0,0.0,6500000.0,6500000.0,6500000.0,6500000.0,0.0,,,,0.0,0.0,,,0.0,0.0,,,,0.0,,,,0.0,,,,0.0,,,,0.0,0.0,0.0
AccruedInsuranceCurrent / USD,,,,,,,23722000.0,,,,28067000.0,,,,30548000.0,,,,25188000.0,,,,30880000.0,,,,31137000.0,,,,31821000.0,,,,34600000.0,,,,39000000.0,,,,37600000.0,,,,41100000.0,,,,41000000.0,,,,,35700000.0,,,,40400000.0,,,,40100000.0,,,
AccruedLiabilitiesCurrent / USD,,83545000.0,83545000.0,66019000.0,66019000.0,66019000.0,66019000.0,96412000.0,96412000.0,96412000.0,96412000.0,111962000.0,111962000.0,111962000.0,111962000.0,126155000.0,126155000.0,126155000.0,126155000.0,148579000.0,148579000.0,148579000.0,148579000.0,174002000.0,174002000.0,174002000.0,174002000.0,185143000.0,185143000.0,185143000.0,185143000.0,156400000.0,156400000.0,156400000.0,156400000.0,194000000.0,194000000.0,194000000.0,194000000.0,240800000.0,240800000.0,240800000.0,240800000.0,251500000.0,251500000.0,251500000.0,251500000.0,272100000.0,272100000.0,272100000.0,272100000.0,,298300000.0,298300000.0,298300000.0,298300000.0,241100000.0,241100000.0,241100000.0,241100000.0,241000000.0,241000000.0,241000000.0,241000000.0,225600000.0,225600000.0,225600000.0
AccruedMarketingCostsCurrent / USD,,,,,,,,,,,,,,,,,,,,,,,,,,,,,,,25261000.0,,,,24900000.0,,,,36600000.0,,,,50900000.0,,,,52200000.0,,,,57900000.0,,,,,56300000.0,,,,60600000.0,,,,63300000.0,,,
AccumulatedDepreciationDepletionAndAmortizationPropertyPlantAndEquipment / USD,,,,,,,236463000.0,,,,268913000.0,,,,289503000.0,,,,323651000.0,,,,365052000.0,,,,429845000.0,,,,506034000.0,,,,599100000.0,,,,711300000.0,,,,821400000.0,,,,943700000.0,,,,1053900000.0,,,,,1178000000.0,,,,1301400000.0,,,,1425500000.0,,,
AccumulatedOtherComprehensiveIncomeLossNetOfTax / USD,4971000.0,4971000.0,4971000.0,13395000.0,13395000.0,13395000.0,13395000.0,18492000.0,18492000.0,18492000.0,18492000.0,14796000.0,14796000.0,14796000.0,14796000.0,18357000.0,18357000.0,18357000.0,18357000.0,11101000.0,11101000.0,11101000.0,11101000.0,-7836000.0,-7836000.0,-7836000.0,-7836000.0,-46403000.0,-46403000.0,-46403000.0,-46403000.0,-47300000.0,-47300000.0,-47300000.0,-47300000.0,-25100000.0,-25100000.0,-25100000.0,-25100000.0,-44800000.0,-44800000.0,-44800000.0,-44800000.0,-38400000.0,-38400000.0,-38400000.0,-38400000.0,-21200000.0,-21200000.0,-21200000.0,-21200000.0,,-30700000.0,-30700000.0,-30700000.0,-30700000.0,-64800000.0,-64800000.0,-64800000.0,-64800000.0,-54800000.0,-54800000.0,-54800000.0,-54800000.0,-91500000.0,-91500000.0,-91500000.0
AdditionalPaidInCapitalCommonStock / USD,,,,,,333000.0,333000.0,4363000.0,2889000.0,2889000.0,2889000.0,16856000.0,16856000.0,16856000.0,16856000.0,61436000.0,61436000.0,61436000.0,61436000.0,69847000.0,69847000.0,69847000.0,69847000.0,33744000.0,33744000.0,33744000.0,33744000.0,2024000.0,2024000.0,2024000.0,2024000.0,37400000.0,37400000.0,37400000.0,37400000.0,8500000.0,8500000.0,8500000.0,8500000.0,3000000.0,3000000.0,3000000.0,3000000.0,67200000.0,67200000.0,67200000.0,67200000.0,61900000.0,61900000.0,61900000.0,59100000.0,,96200000.0,96200000.0,96200000.0,96200000.0,3600000.0,3600000.0,3600000.0,3600000.0,41000000.0,41000000.0,41000000.0,41000000.0,88600000.0,82800000.0,82800000.0
AllowanceForDoubtfulAccountsReceivableCurrent / USD,2660000.0,2660000.0,2660000.0,4086000.0,4086000.0,4086000.0,4086000.0,4761000.0,4761000.0,4761000.0,4761000.0,5647000.0,5647000.0,5647000.0,5647000.0,6728000.0,6728000.0,6728000.0,6728000.0,9248000.0,9248000.0,9248000.0,9248000.0,12619000.0,12619000.0,12619000.0,12619000.0,11729000.0,11729000.0,11729000.0,11729000.0,11200000.0,11200000.0,11200000.0,11200000.0,11900000.0,11900000.0,11900000.0,11900000.0,12800000.0,12800000.0,12800000.0,12800000.0,10900000.0,10900000.0,10900000.0,10900000.0,12300000.0,12300000.0,12300000.0,12300000.0,,12000000.0,12000000.0,12000000.0,12000000.0,8300000.0,8300000.0,8300000.0,8300000.0,6400000.0,6400000.0,6400000.0,6400000.0,5200000.0,5200000.0,5200000.0
AmortizationOfIntangibleAssets / USD,34000.0,50000.0,67000.0,17000.0,34000.0,50000.0,67000.0,17000.0,34000.0,50000.0,67000.0,148000.0,297000.0,445000.0,67000.0,148000.0,297000.0,445000.0,593000.0,26000.0,158000.0,290000.0,593000.0,132000.0,263000.0,395000.0,421000.0,132000.0,263000.0,395000.0,527000.0,100000.0,300000.0,400000.0,500000.0,800000.0,1800000.0,2800000.0,500000.0,1000000.0,2000000.0,3000000.0,3800000.0,1000000.0,2000000.0,3000000.0,4100000.0,1000000.0,3700000.0,6400000.0,4100000.0,,2700000.0,5400000.0,8100000.0,9100000.0,2700000.0,5400000.0,8100000.0,10800000.0,2700000.0,5400000.0,8000000.0,10700000.0,2700000.0,5400000.0,8000000.0
AntidilutiveSecuritiesExcludedFromComputationOfEarningsPerShareAmount / shares,,,,,,,,,,,5255120.0,809888.0,588785.0,668791.0,5328246.0,0.0,501566.0,735675.0,704384.0,1168083.0,1238356.0,1263599.0,847254.0,1292528.0,1646892.0,1823031.0,1273527.0,2066000.0,2395247.0,2547639.0,1903767.0,2661571.0,2941864.0,3061217.0,2611367.0,3204951.0,3603850.0,3881605.0,3095343.0,1616963.0,5581260.0,3194684.0,7048802.0,2908710.0,450960.0,460824.0,3159514.0,891290.0,893428.0,852728.0,0.0,,711977.0,688058.0,680227.0,846041.0,930401.0,1350936.0,1343160.0,678310.0,2269908.0,2244555.0,1831551.0,1335898.0,958569.0,2525894.0,2461662.0
Assets / USD,1304149000.0,1304149000.0,1304149000.0,1327358000.0,1327358000.0,1327358000.0,1327358000.0,1468283000.0,1468283000.0,1468283000.0,1468283000.0,1684948000.0,1684948000.0,1684948000.0,1684948000.0,1815832000.0,1815832000.0,1815832000.0,1815832000.0,2075784000.0,2075784000.0,2075784000.0,2075784000.0,2359102000.0,2359102000.0,2359102000.0,2359102000.0,2532462000.0,2532462000.0,2532462000.0,2532462000.0,2668900000.0,2668900000.0,2668900000.0,2668900000.0,2910500000.0,2910500000.0,2910500000.0,2910500000.0,3321500000.0,3321500000.0,3321500000.0,3321500000.0,3799900000.0,3799900000.0,3799900000.0,3799900000.0,3964700000.0,3964700000.0,3964700000.0,3964700000.0,,4299000000.0,4299000000.0,4299000000.0,4299000000.0,4548600000.0,4548600000.0,4548600000.0,4548600000.0,4462900000.0,4462900000.0,4462900000.0,4462900000.0,4698000000.0,4698000000.0,4698000000.0
AssetsCurrent / USD,975403000.0,975403000.0,975403000.0,982364000.0,982364000.0,982364000.0,982364000.0,1085698000.0,1085698000.0,1085698000.0,1085698000.0,1236138000.0,1236138000.0,1236138000.0,1236138000.0,1286656000.0,1286656000.0,1286656000.0,1286656000.0,1408461000.0,1408461000.0,1408461000.0,1408461000.0,1583265000.0,1583265000.0,1583265000.0,1583265000.0,1664776000.0,1664776000.0,1664776000.0,1664776000.0,1720800000.0,1720800000.0,1720800000.0,1720800000.0,1935700000.0,1935700000.0,1935700000.0,1935700000.0,2316200000.0,2316200000.0,2316200000.0,2316200000.0,2457200000.0,2457200000.0,2457200000.0,2457200000.0,2499600000.0,2499600000.0,2499600000.0,2499600000.0,,2856600000.0,2856600000.0,2856600000.0,2856600000.0,3124800000.0,3124800000.0,3124800000.0,3124800000.0,3020900000.0,3020900000.0,3020900000.0,3020900000.0,3211900000.0,3211900000.0,3211900000.0
CashAndCashEquivalentsAtCarryingValue / USD,57220000.0,57220000.0,19346000.0,85892000.0,85892000.0,85892000.0,57220000.0,164852000.0,164852000.0,164852000.0,85892000.0,143693000.0,143693000.0,143693000.0,164852000.0,117676000.0,117676000.0,117676000.0,143693000.0,79611000.0,79611000.0,79611000.0,117676000.0,58506000.0,58506000.0,58506000.0,79611000.0,114496000.0,114496000.0,114496000.0,58506000.0,129000000.0,129000000.0,129000000.0,114400000.0,112700000.0,112700000.0,112700000.0,129000000.0,116900000.0,116900000.0,116900000.0,112700000.0,167200000.0,167200000.0,167200000.0,116900000.0,174900000.0,174900000.0,174900000.0,167200000.0,,236200000.0,236200000.0,236200000.0,236200000.0,230100000.0,230100000.0,230100000.0,230100000.0,221300000.0,221300000.0,221300000.0,221300000.0,255800000.0,255800000.0,255800000.0
CashCashEquivalentsRestrictedCashAndRestrictedCashEquivalents / USD,,,,,,,,,,,,,,,,,,,,,,,,,,,,,,,,,,,,,,,,,,,,,,,,,,,,,245700000.0,245700000.0,245700000.0,174900000.0,236200000.0,236200000.0,236200000.0,245700000.0,230100000.0,230100000.0,230100000.0,236200000.0,221300000.0,221300000.0,221300000.0
CashCashEquivalentsRestrictedCashAndRestrictedCashEquivalentsPeriodIncreaseDecreaseIncludingExchangeRateEffect / USD,,,,,,,,,,,,,,,,,,,,,,,,,,,,,,,,,,,,,,,,,,,,18200000.0,7800000.0,24000000.0,50300000.0,-14200000.0,26600000.0,156900000.0,7700000.0,,88200000.0,76100000.0,4800000.0,70800000.0,-2000000.0,11700000.0,-4700000.0,-9500000.0,9700000.0,13500000.0,67400000.0,-6100000.0,15800000.0,34200000.0,70900000.0
CommonStockDividendsPerShareCashPaid / USD/shares,,,,,,,0.79,0.4,0.2,0.2,0.36,0.25,0.25,0.25,0.62,0.17,0.17,0.17,0.65,0.1,0.1,0.1,1.24,0.25,0.25,0.25,0.8,0.28,0.28,0.28,1.0,0.3,0.3,0.3,1.12,0.32,0.32,0.32,1.2,0.37,0.185,0.185,0.64,0.215,0.215,0.215,0.77,0.25,0.25,0.25,0.87,,0.28,0.28,0.28,1.4,0.31,0.31,0.31,1.12,0.35,0.35,0.35,1.24,0.39,0.195,0.195
CommonStockParOrStatedValuePerShare / USD/shares,,,,,,,0.01,0.01,0.01,0.01,0.01,0.01,0.01,0.01,0.01,0.01,0.01,0.01,0.01,0.01,0.01,0.01,0.01,0.01,0.01,0.01,0.01,0.01,0.01,0.01,0.01,0.01,0.01,0.01,0.01,0.01,0.01,0.01,0.01,0.01,0.01,0.01,0.01,0.01,0.01,0.01,0.01,0.01,0.01,0.01,0.01,,0.01,0.01,0.01,0.01,0.01,0.01,0.01,0.01,0.01,0.01,0.01,0.01,0.01,0.01,0.01
CommonStockSharesAuthorized / shares,200000000.0,200000000.0,200000000.0,200000000.0,200000000.0,200000000.0,200000000.0,200000000.0,400000000.0,400000000.0,400000000.0,400000000.0,400000000.0,400000000.0,400000000.0,400000000.0,400000000.0,400000000.0,400000000.0,400000000.0,400000000.0,400000000.0,400000000.0,400000000.0,400000000.0,400000000.0,400000000.0,400000000.0,400000000.0,400000000.0,400000000.0,400000000.0,400000000.0,400000000.0,400000000.0,400000000.0,400000000.0,400000000.0,400000000.0,400000000.0,800000000.0,800000000.0,800000000.0,800000000.0,800000000.0,800000000.0,800000000.0,800000000.0,800000000.0,800000000.0,800000000.0,,800000000.0,800000000.0,800000000.0,800000000.0,800000000.0,800000000.0,800000000.0,800000000.0,800000000.0,800000000.0,800000000.0,800000000.0,800000000.0,1600000000.0,1600000000.0
CommonStockSharesIssued / shares,148530712.0,148530712.0,148530712.0,147430712.0,147430712.0,147430712.0,147430712.0,147430712.0,294861424.0,294861424.0,294861424.0,294861424.0,295099324.0,295203874.0,295258674.0,296071374.0,296150999.0,296307832.0,296564382.0,296686427.0,296860119.0,296742069.0,296753544.0,296624319.0,296764444.0,296440794.0,295867844.0,293955044.0,289581682.0,289581682.0,289581682.0,289161924.0,289161924.0,289161924.0,289161924.0,287591536.0,287591536.0,287591536.0,287591536.0,285901919.0,571803838.0,571803838.0,571803838.0,1.0,1.0,1.0,1.0,574159575.0,574159575.0,574159575.0,1.0,,575464682.0,575464682.0,575464682.0,575464682.0,570811674.0,570811674.0,570811674.0,570811674.0,571982367.0,571982367.0,571982367.0,571982367.0,573320452.0,1146640904.0,1146640904.0
CommonStockSharesOutstanding / shares,148530712.0,148530712.0,148530712.0,147430712.0,147430712.0,147430712.0,147430712.0,147430712.0,294861424.0,294861424.0,294861424.0,295258674.0,295258674.0,295258674.0,295258674.0,296071374.0,296150999.0,296307832.0,296564382.0,296686427.0,296860119.0,296742069.0,296753544.0,296624319.0,296764444.0,296440794.0,295867844.0,293955044.0,289581682.0,289581682.0,289581682.0,289161924.0,289161924.0,289161924.0,289161924.0,287591536.0,287591536.0,287591536.0,287591536.0,285901919.0,571803838.0,571803838.0,578323848.0,574128911.0,574128911.0,574128911.0,575183072.0,574159575.0,574159575.0,574159575.0,571803838.0,,575464682.0,575464682.0,575464682.0,574128911.0,570811674.0,570811674.0,570811674.0,574159575.0,571982367.0,571982367.0,571982367.0,575464682.0,573320452.0,1146640904.0,1146640904.0
CommonStockValue / USD,1485000.0,1485000.0,1485000.0,1474000.0,1474000.0,1474000.0,1474000.0,1474000.0,2948000.0,2948000.0,2948000.0,2953000.0,2953000.0,2953000.0,2953000.0,2966000.0,2966000.0,2966000.0,2966000.0,2968000.0,2968000.0,2968000.0,2968000.0,2959000.0,2959000.0,2959000.0,2959000.0,2896000.0,2896000.0,2896000.0,2896000.0,2900000.0,2900000.0,2900000.0,2900000.0,2900000.0,2900000.0,2900000.0,2900000.0,2900000.0,2900000.0,2900000.0,2900000.0,2900000.0,2900000.0,2900000.0,2900000.0,2900000.0,2900000.0,2900000.0,5700000.0,,5800000.0,5800000.0,5800000.0,5800000.0,5700000.0,5700000.0,5700000.0,5700000.0,5700000.0,5700000.0,5700000.0,5700000.0,5700000.0,11500000.0,11500000.0
ComprehensiveIncomeNetOfTax / USD,,,239681000.0,,,,272283000.0,,,,192781000.0,80954000.0,175461000.0,267243000.0,270453000.0,103157000.0,212046000.0,326020000.0,354233000.0,105039000.0,222781000.0,345803000.0,424097000.0,107096000.0,242996000.0,364538000.0,441380000.0,108156000.0,252302000.0,372062000.0,475213000.0,139900000.0,269900000.0,393900000.0,477800000.0,137100000.0,294100000.0,445400000.0,498500000.0,176300000.0,374700000.0,571500000.0,600800000.0,197800000.0,404100000.0,608000000.0,732200000.0,177600000.0,427000000.0,659600000.0,797300000.0,,206200000.0,452700000.0,685400000.0,876300000.0,271900000.0,533000000.0,784900000.0,915500000.0,299400000.0,601000000.0,881900000.0,1052800000.0,285800000.0,570700000.0,886200000.0
CostOfGoodsAndServicesSold / USD,556410000.0,850564000.0,1014245000.0,230699000.0,463088000.0,707860000.0,1104333000.0,254859000.0,528384000.0,819486000.0,946895000.0,307203000.0,642700000.0,992061000.0,1094635000.0,374698000.0,764437000.0,1152639000.0,1332687000.0,384446000.0,789321000.0,1204350000.0,1519053000.0,428023000.0,895294000.0,1377415000.0,1606661000.0,469267000.0,965007000.0,1458032000.0,1836105000.0,495200000.0,1007900000.0,1521200000.0,1920300000.0,529700000.0,1092700000.0,1669600000.0,1997200000.0,608200000.0,1258400000.0,1922400000.0,2226900000.0,684600000.0,1411800000.0,2139800000.0,2566200000.0,730200000.0,1567600000.0,2340300000.0,2818300000.0,,773600000.0,1580600000.0,2414700000.0,3079500000.0,910800000.0,1861700000.0,2837600000.0,3233700000.0,1009100000.0,2034700000.0,3033000000.0,3764800000.0,1033500000.0,2086200000.0,3137800000.0
CurrentFederalTaxExpenseBenefit / USD,,,,,,,137751000.0,,,,93469000.0,,,,136247000.0,,,,164125000.0,,,,202095000.0,,,,220588000.0,,,,250527000.0,,,,256700000.0,,,,223900000.0,,,,270600000.0,,,,143800000.0,,,,177400000.0,,,,,195400000.0,,,,214300000.0,,,,267600000.0,,,
CurrentForeignTaxExpenseBenefit / USD,,,,,,,6769000.0,,,,1210000.0,,,,4448000.0,,,,8683000.0,,,,8476000.0,,,,7487000.0,,,,10518000.0,,,,13700000.0,,,,12600000.0,,,,20500000.0,,,,24100000.0,,,,22100000.0,,,,,28100000.0,,,,34100000.0,,,,35000000.0,,,
CurrentIncomeTaxExpenseBenefit / USD,,,,,,,166300000.0,,,,108412000.0,,,,163609000.0,,,,201477000.0,,,,238157000.0,,,,257148000.0,,,,291813000.0,,,,301700000.0,,,,264700000.0,,,,324300000.0,,,,206700000.0,,,,241100000.0,,,,,271000000.0,,,,295100000.0,,,,360600000.0,,,
CurrentStateAndLocalTaxExpenseBenefit / USD,,,,,,,21780000.0,,,,13733000.0,,,,22914000.0,,,,28669000.0,,,,27586000.0,,,,29073000.0,,,,30768000.0,,,,31300000.0,,,,28200000.0,,,,33200000.0,,,,38800000.0,,,,41600000.0,,,,,47500000.0,,,,46700000.0,,,,58000000.0,,,
DeferredCompensationCashBasedArrangementsLiabilityCurrent / USD,,,,,,,,,,,,,,,,,,,,,,,,,,,,,,,,,,,,,,,,,,,,,,,,,,,,,,,,17400000.0,,,,22100000.0,,,,23100000.0,,,
DeferredFederalIncomeTaxExpenseBenefit / USD,,,,,,,5501000.0,,,,4855000.0,,,,-936000.0,,,,17343000.0,,,,14742000.0,,,,8547000.0,,,,1919000.0,,,,7400000.0,,,,23200000.0,,,,-33100000.0,,,,27400000.0,,,,11300000.0,,,,,1800000.0,,,,-11400000.0,,,,-5000000.0,,,
DeferredForeignIncomeTaxExpenseBenefit / USD,,,,,,,-96000.0,,,,-832000.0,,,,3103000.0,,,,-1424000.0,,,,-261000.0,,,,-1390000.0,,,,-704000.0,,,,400000.0,,,,1200000.0,,,,0.0,,,,800000.0,,,,200000.0,,,,,1300000.0,,,,800000.0,,,,-1400000.0,,,
DeferredIncomeTaxExpenseBenefit / USD,0.0,-1318000.0,-911000.0,0.0,-3064000.0,-3104000.0,5162000.0,,,,4721000.0,,,,1675000.0,,,,15675000.0,,,,15462000.0,,,,7684000.0,,,,1471000.0,,,,8000000.0,,,,25600000.0,,,,-29800000.0,,,,28400000.0,,,,11700000.0,,,,,2600000.0,,,,-12300000.0,,,,-7500000.0,,,
DeferredIncomeTaxLiabilities / USD,,,,,,,,,,,,,,,,,,,,,,,,,,,80458000.0,,,,90281000.0,,,,114800000.0,,,,75200000.0,,,,104700000.0,,,,176400000.0,,,,179000000.0,,,,,175600000.0,,,,168900000.0,,,,167600000.0,,,
DeferredIncomeTaxLiabilitiesNet / USD,,,,,,,,,,,,,,,,,,,,,,,,,,,,,,,,,,80600000.0,80600000.0,50600000.0,50600000.0,50600000.0,50600000.0,84400000.0,84400000.0,84400000.0,84400000.0,99400000.0,99400000.0,99400000.0,99400000.0,102300000.0,102300000.0,102300000.0,102300000.0,,88600000.0,88600000.0,88600000.0,88600000.0,83700000.0,83700000.0,83700000.0,83700000.0,73000000.0,73000000.0,73000000.0,73000000.0,68900000.0,68900000.0,68900000.0
DeferredIncomeTaxesAndTaxCredits / USD,,,,,,,-2419000.0,6000.0,-2025000.0,-1978000.0,6099000.0,-56000.0,204000.0,1134000.0,1602000.0,1863000.0,4154000.0,4817000.0,15747000.0,379000.0,-220000.0,519000.0,15442000.0,356000.0,1100000.0,1414000.0,8129000.0,416000.0,2527000.0,2822000.0,1760000.0,1800000.0,2300000.0,2700000.0,8300000.0,400000.0,800000.0,2300000.0,25600000.0,12100000.0,19400000.0,24100000.0,-30000000.0,600000.0,2300000.0,2200000.0,33800000.0,500000.0,900000.0,3500000.0,15000000.0,,300000.0,700000.0,2300000.0,2900000.0,1000000.0,500000.0,4300000.0,-13700000.0,300000.0,600000.0,-4400000.0,-4900000.0,800000.0,1200000.0,2800000.0
DeferredStateAndLocalIncomeTaxExpenseBenefit / USD,,,,,,,-243000.0,,,,698000.0,,,,-492000.0,,,,-244000.0,,,,981000.0,,,,527000.0,,,,256000.0,,,,200000.0,,,,1200000.0,,,,3300000.0,,,,200000.0,,,,200000.0,,,,,-500000.0,,,,-1700000.0,,,,-1100000.0,,,
DeferredTaxAssetsGross / USD,,,,,,,18996000.0,,,,25775000.0,,,,26893000.0,,,,22493000.0,,,,29588000.0,,,,,,,,,,,,,,,,,,,,,,,,,,,,,,,,,,,,,97100000.0,,,,107000000.0,,,
DeferredTaxAssetsInventory / USD,,,,,,,3462000.0,,,,4689000.0,,,,4643000.0,,,,4045000.0,,,,3834000.0,,,,4311000.0,,,,4556000.0,,,,4800000.0,,,,3600000.0,,,,4200000.0,,,,4300000.0,,,,5300000.0,,,,,5200000.0,,,,6700000.0,,,,5600000.0,,,
DeferredTaxAssetsNet / USD,,,,,,,,,,,,,,,,,,,,,,,,,,,33691000.0,,,,35224000.0,,,,34200000.0,,,,24600000.0,,,,25600000.0,,,,85600000.0,,,,85500000.0,,,,,94400000.0,,,,95300000.0,,,,104800000.0,,,
DeferredTaxAssetsOperatingLossCarryforwardsForeign / USD,,,,,,,,,,,,,,,,,,,3309000.0,,,,5089000.0,,,,5768000.0,,,,5155000.0,,,,5100000.0,,,,4200000.0,,,,3200000.0,,,,3200000.0,,,,1900000.0,,,,,1400000.0,,,,2600000.0,,,,3000000.0,,,
DeferredTaxAssetsOther / USD,,,,,,,876000.0,,,,379000.0,,,,920000.0,,,,-952000.0,,,,932000.0,,,,592000.0,,,,1541000.0,,,,2100000.0,,,,800000.0,,,,1300000.0,,,,,,,,,,,,,10800000.0,,,,9600000.0,,,,9400000.0,,,
DeferredTaxAssetsTaxDeferredExpenseCompensationAndBenefitsShareBasedCompensationCost / USD,,,,,,,3648000.0,,,,5218000.0,,,,5853000.0,,,,4715000.0,,,,5974000.0,,,,7837000.0,,,,8270000.0,,,,6800000.0,,,,5200000.0,,,,5600000.0,,,,3900000.0,,,,3300000.0,,,,,2800000.0,,,,3600000.0,,,,3800000.0,,,
DeferredTaxAssetsTaxDeferredExpenseReservesAndAccrualsSelfInsurance / USD,,,,,,,,,,,,,,,,,,,7825000.0,,,,10594000.0,,,,10404000.0,,,,10930000.0,,,,11500000.0,,,,8400000.0,,,,8100000.0,,,,9100000.0,,,,9100000.0,,,,,7400000.0,,,,8600000.0,,,,8300000.0,,,
DeferredTaxAssetsValuationAllowance / USD,,,,,,,0.0,,,,0.0,,,,,,,,,,,,,,,,,,,,,,,,,,,,,,,,,,,,,,,,,,,,,,,,,1800000.0,,,,2200000.0,,,
DeferredTaxLiabilities / USD,,,,,,,23083000.0,,,,31464000.0,,,,48329000.0,,,,59371000.0,,,,74595000.0,,,,46767000.0,,,,55057000.0,,,,80600000.0,,,,50600000.0,,,,79100000.0,,,,90800000.0,,,,93500000.0,,,,,81200000.0,,,,73600000.0,,,,62800000.0,,,
DeferredTaxLiabilitiesOther / USD,,,,,,,,,,,,,,,,,,,,,,,,,,,,,,,,,,,,,,,,,,,,,,,0.0,,,,300000.0,,,,,4300000.0,,,,1300000.0,,,,400000.0,,,
DeferredTaxLiabilitiesPrepaidExpenses / USD,,,,,,,,,,,,,,,,,,,,,,,,,,,,,,,,,,,,,,,,,,,,,,,,,,,,,,,,,,,,3500000.0,,,,3500000.0,,,
DeferredTaxLiabilitiesPropertyPlantAndEquipment / USD,,,,,,,23083000.0,,,,31464000.0,,,,48329000.0,,,,59371000.0,,,,74595000.0,,,,80458000.0,,,,90281000.0,,,,114800000.0,,,,75200000.0,,,,104700000.0,,,,114700000.0,,,,117600000.0,,,,,110000000.0,,,,102600000.0,,,,95400000.0,,,
DefinedContributionPlanCostRecognized / USD,,,,,,,5207000.0,,,,0.0,,,,5005000.0,,,,7717000.0,,,,11110000.0,,,,12211000.0,,,,11460000.0,,,,13700000.0,,,,8700000.0,,,,10600000.0,,,,13000000.0,,,,13800000.0,,,,,16200000.0,,,,17400000.0,,,,22100000.0,,,
Depreciation / USD,19296000.0,29153000.0,37332000.0,10300000.0,20363000.0,30147000.0,39201000.0,10287000.0,20404000.0,30432000.0,40020000.0,10481000.0,21363000.0,32441000.0,40688000.0,12415000.0,25712000.0,39153000.0,44113000.0,15152000.0,30969000.0,47212000.0,53459000.0,17281000.0,35190000.0,53476000.0,63770000.0,19412000.0,39295000.0,60500000.0,72145000.0,23300000.0,47900000.0,74500000.0,86100000.0,29900000.0,60800000.0,92300000.0,103500000.0,32400000.0,65500000.0,99300000.0,123600000.0,35400000.0,71500000.0,107800000.0,134100000.0,37600000.0,75600000.0,114000000.0,144600000.0,,39300000.0,78900000.0,119000000.0,153300000.0,41200000.0,82400000.0,123800000.0,159900000.0,41800000.0,84000000.0,126100000.0,165900000.0,40200000.0,81200000.0,123000000.0
DepreciationDepletionAndAmortization / USD,,,,,,,,,,,,,,,,,,,,,,,,,,,,,,,,,,,,,,,,,,,,,,,,,,,,,,,,,,,,,,,,176600000.0,,,
EarningsPerShareBasic / USD/shares,,,,,0.62,0.94,0.33,0.38,0.42,0.68,0.62,0.27,0.59,0.92,0.9,0.34,0.72,1.09,1.21,0.37,0.78,1.18,1.42,0.38,0.82,1.27,1.51,0.43,0.91,1.38,1.67,0.44,0.89,1.33,1.77,0.46,0.98,1.48,1.73,0.61,0.67,1.02,1.0,0.34,0.7,1.07,1.31,0.35,0.77,1.16,1.38,,0.37,0.78,1.21,1.5,0.47,0.97,1.46,1.61,0.52,1.04,1.56,1.89,0.52,0.52,0.78
EarningsPerShareDiluted / USD/shares,,,,,0.62,0.94,,0.38,0.42,0.68,0.62,0.27,0.59,0.91,0.9,0.34,0.72,1.08,1.21,0.37,0.77,1.17,1.42,0.38,0.82,1.26,1.51,0.43,0.91,1.38,1.66,0.44,0.89,1.33,1.77,0.46,0.98,1.48,1.73,0.61,0.67,1.01,1.0,0.34,0.69,1.07,1.31,0.35,0.77,1.15,1.38,,0.37,0.78,1.2,1.49,0.47,0.96,1.46,1.6,0.52,1.04,1.55,1.89,0.52,0.51,0.77
EffectOfExchangeRateOnCashCashEquivalentsRestrictedCashAndRestrictedCashEquivalentsIncludingDisposalGroupAndDiscontinuedOperations / USD,,,,,,,,,,,,,,,,,,,,,,,,,,,,,,,,,,,,,,,,,,,,,,,,,,,,,,-800000.0,-3700000.0,5100000.0,700000.0,-7000000.0,-16000000.0,-4000000.0,1100000.0,300000.0,-4000000.0,-9200000.0,-4000000.0,-5400000.0,1000000.0
EffectiveIncomeTaxRateContinuingOperations / pure,,,,,,,,,,,,,,,,,,,,,,,0.376,,,,0.371,,,,0.372,,,,0.375,0.248,0.226,0.23,0.368,,,,0.337,,,,0.238,,,,0.242,,,,,0.242,,,,0.234,,,,0.245,,,
EffectiveIncomeTaxRateReconciliationAtFederalStatutoryIncomeTaxRate / pure,,,,,,,0.35,,,,0.35,,,,0.35,,,,0.35,,,,0.35,,,,0.35,,,,0.35,,,,0.35,,,,0.35,,,,0.35,,,,0.21,,,,0.21,,,,,0.21,,,,0.21,,,,0.21,,,
EffectiveIncomeTaxRateReconciliationOtherAdjustments / pure,,,,,,,,,,,,,,,,,,,,,,,,,,,,,,,,,,,,,,,,,,,,,,,,,,,,,,,,,,,,-0.005,,,,0.003,,,
EffectiveIncomeTaxRateReconciliationStateAndLocalIncomeTaxes / pure,,,,,,,,,,,,,,,,,,,,,,,,,,,,,,,,,,,,,,,,,,,,,,,,,,,,,,,,,,,,0.029,,,,0.032,,,
EmployeeRelatedLiabilitiesCurrent / USD,,,,,,,,,,,,,,,,,,,19614000.0,,,,21960000.0,,,,21928000.0,,,,24407000.0,,,,23200000.0,,,,26000000.0,,,,27600000.0,,,,28700000.0,,,,60300000.0,,,,,32300000.0,,,,12800000.0,,,,15200000.0,,,
EmployeeServiceShareBasedCompensationNonvestedAwardsTotalCompensationCostNotYetRecognized / USD,,,,,,,,,17384000.0,16214000.0,15145000.0,13981000.0,22852000.0,21447000.0,20131000.0,18337000.0,18578000.0,17273000.0,15976000.0,14709000.0,20024000.0,18725000.0,15908000.0,14440000.0,17707000.0,16296000.0,15073000.0,13391000.0,16993000.0,15833000.0,14455000.0,18400000.0,17200000.0,15900000.0,14600000.0,17300000.0,16000000.0,14900000.0,13700000.0,17000000.0,15700000.0,14400000.0,13100000.0,16400000.0,15100000.0,13800000.0,12600000.0,16600000.0,15300000.0,14000000.0,12800000.0,,18500000.0,17200000.0,15800000.0,14500000.0,22300000.0,20600000.0,18600000.0,16600000.0,24800000.0,22900000.0,20900000.0,19000000.0,26200000.0,23500000.0,21700000.0
EntityCommonStockSharesOutstanding / shares,148530712.0,148330712.0,147430712.0,147430712.0,147430712.0,147430712.0,147430712.0,147430712.0,295121324.0,295203874.0,295278974.0,296071374.0,296153949.0,296321832.0,296635127.0,296686927.0,296868369.0,296742069.0,296772269.0,296639119.0,296770069.0,296440794.0,295880219.0,293955044.0,290165109.0,289695174.0,288403782.0,288883249.0,288965949.0,289032074.0,289247424.0,289263924.0,287978174.0,287390374.0,287603912.0,287688839.0,286948535.0,287056618.0,285931529.0,286314823.0,573430436.0,573527178.0,574226297.0,572818887.0,573626327.0,574053293.0,574317276.0,574462527.0,574739393.0,575163354.0,575550072.0,575550072.0,575606032.0,574678797.0,572759880.0,570833585.0,571042439.0,571333004.0,571413165.0,572232755.0,572547449.0,572646104.0,572886495.0,573419704.0,573620638.0,1147636617.0,1148035721.0
EntityPublicFloat / USD,4580361184.0,,4385653845.0,,,,6668887476.0,,,,9641197130.0,,,,10886627594.0,,,,12423671823.0,,,,14587577033.0,,,,12195658299.0,,,,12778423898.0,,,,12488792738.0,,,,13762835828.0,,,,18623405521.0,,,,24488427338.0,,,,29835146952.0,29835146952.0,,,,28635820712.0,,,,33637970933.0,,,,35916816764.0,,,
FederalIncomeTaxExpenseBenefitContinuingOperations / USD,,,,,,,143252000.0,,,,98324000.0,,,,135311000.0,,,,181468000.0,,,,216837000.0,,,,229135000.0,,,,252446000.0,,,,264100000.0,,,,247100000.0,,,,237500000.0,,,,171200000.0,,,,188700000.0,,,,,197200000.0,,,,202900000.0,,,,262600000.0,,,
ForeignIncomeTaxExpenseBenefitContinuingOperations / USD,,,,,,,6673000.0,,,,378000.0,,,,7551000.0,,,,7259000.0,,,,8215000.0,,,,6097000.0,,,,9814000.0,,,,14100000.0,,,,13800000.0,,,,20500000.0,,,,24900000.0,,,,22300000.0,,,,,29400000.0,,,,34900000.0,,,,33600000.0,,,
GainLossOnSaleOfPropertyPlantEquipment / USD,-245000.0,-199000.0,99000.0,-328000.0,-752000.0,-790000.0,-167000.0,-67000.0,-106000.0,-103000.0,-850000.0,-25000.0,-284000.0,-183000.0,-35000.0,-174000.0,108000.0,266000.0,-194000.0,213000.0,456000.0,568000.0,403000.0,216000.0,412000.0,722000.0,643000.0,108000.0,498000.0,659000.0,964000.0,-100000.0,100000.0,300000.0,1400000.0,400000.0,1000000.0,1100000.0,500000.0,-400000.0,200000.0,500000.0,1000000.0,300000.0,800000.0,800000.0,500000.0,400000.0,100000.0,1100000.0,1200000.0,,600000.0,1300000.0,1100000.0,1400000.0,-3500000.0,-2300000.0,-1200000.0,1100000.0,600000.0,1200000.0,2700000.0,-1100000.0,600000.0,1700000.0,3000000.0
GrossProfit / USD,614019000.0,944902000.0,1047574000.0,258648000.0,501153000.0,745720000.0,1236092000.0,265913000.0,563571000.0,876219000.0,983435000.0,333380000.0,699613000.0,1076994000.0,1174836000.0,394177000.0,809328000.0,1223703000.0,1434172000.0,421880000.0,864601000.0,1307996000.0,1614524000.0,448478000.0,931145000.0,1429838000.0,1719445000.0,484050000.0,986137000.0,1488362000.0,1897402000.0,491500000.0,993100000.0,1492900000.0,1948900000.0,518000000.0,1076500000.0,1632400000.0,1964800000.0,577600000.0,1195300000.0,1811100000.0,2163600000.0,624700000.0,1265900000.0,1917000000.0,2398900000.0,636800000.0,1308400000.0,1949000000.0,2515400000.0,,643400000.0,1344100000.0,2064300000.0,2567800000.0,793300000.0,1620900000.0,2447400000.0,2777200000.0,850000000.0,1707500000.0,2555100000.0,3215800000.0,861600000.0,1725100000.0,2583700000.0
ImpairmentOfLongLivedAssetsHeldForUse / USD,,,,,,,,,,,,,,,,,,,,,,,,,,,,,,,0.0,,,,0.0,,,,0.0,,,,0.0,,,,0.0,,,,0.0,,,,,0.0,,,,0.0,,,,0.0,,,
IncomeLossFromContinuingOperationsBeforeIncomeTaxesDomestic / USD,,,,,,,434816000.0,,,,296227000.0,,,,409068000.0,,,,545527000.0,,,,649098000.0,,,,697062000.0,,,,757896000.0,,,,786000000.0,,,,739400000.0,,,,809400000.0,,,,905000000.0,,,,977600000.0,,,,,1046700000.0,,,,1100300000.0,,,,1335700000.0,,,
IncomeLossFromContinuingOperationsBeforeIncomeTaxesExtraordinaryItemsNoncontrollingInterest / USD,,,,,,,,,,,,,,,,,,,,,,,,,,,,,,,,,,,,,,,,,,,,,,,,,,870500000.0,1043700000.0,,277900000.0,593100000.0,909300000.0,1132700000.0,355700000.0,736500000.0,1111800000.0,1207800000.0,389700000.0,782300000.0,1167800000.0,1440000000.0,389800000.0,776200000.0,1163800000.0
IncomeLossFromContinuingOperationsBeforeIncomeTaxesForeign / USD,,,,,,,16351000.0,,,,1263000.0,,,,21572000.0,,,,29554000.0,,,,25057000.0,,,,16406000.0,,,,29538000.0,,,,40100000.0,,,,50300000.0,,,,63700000.0,,,,82000000.0,,,,66100000.0,,,,,86000000.0,,,,107500000.0,,,,104300000.0,,,
IncomeTaxExpenseBenefit / USD,89521000.0,134398000.0,145277000.0,29973000.0,56837000.0,86250000.0,171462000.0,34635000.0,77593000.0,123301000.0,113133000.0,49264000.0,105334000.0,163854000.0,165284000.0,60935000.0,127668000.0,194184000.0,217152000.0,66124000.0,137494000.0,206787000.0,253619000.0,66914000.0,143182000.0,222856000.0,264832000.0,75906000.0,160648000.0,243358000.0,293284000.0,73700000.0,150000000.0,224300000.0,309700000.0,76700000.0,163200000.0,246100000.0,290300000.0,57600000.0,112300000.0,174100000.0,294500000.0,63400000.0,130200000.0,195100000.0,235100000.0,66600000.0,141400000.0,207500000.0,252800000.0,,67300000.0,142800000.0,215500000.0,273600000.0,86100000.0,179800000.0,270500000.0,282800000.0,94600000.0,189200000.0,279200000.0,353100000.0,92100000.0,185800000.0,275300000.0
IncomeTaxReconciliationIncomeTaxExpenseBenefitAtFederalStatutoryIncomeTaxRate / USD,,,,,,,157908000.0,,,,104122000.0,,,,150724000.0,,,,201278000.0,,,,235954000.0,,,,249714000.0,,,,275602000.0,,,,289100000.0,,,,276400000.0,,,,305600000.0,,,,207300000.0,,,,219200000.0,,,,,237900000.0,,,,253600000.0,,,,302400000.0,,,
IncomeTaxReconciliationOtherAdjustments / USD,,,,,,,-1380000.0,,,,-1424000.0,,,,-937000.0,,,,-3073000.0,,,,-2784000.0,,,,-1565000.0,,,,-2867000.0,,,,-1000000.0,,,,-6100000.0,,,,-8300000.0,,,,7900000.0,,,,800000.0,,,,,-600000.0,,,,-5700000.0,,,,5100000.0,,,
IncomeTaxReconciliationStateAndLocalIncomeTaxes / USD,,,,,,,13914000.0,,,,9650000.0,,,,14259000.0,,,,18210000.0,,,,20449000.0,,,,16683000.0,,,,20549000.0,,,,21600000.0,,,,20000000.0,,,,21500000.0,,,,30200000.0,,,,32800000.0,,,,,36300000.0,,,,34900000.0,,,,45600000.0,,,
IncomeTaxesPaidNet / USD,,,,,,,,,,,,,,,,,,,,6502000.0,120716000.0,192408000.0,,-6216000.0,99348000.0,175453000.0,270615000.0,16292000.0,162891000.0,248473000.0,257514000.0,-12200000.0,110900000.0,181200000.0,327000000.0,-2200000.0,137100000.0,223800000.0,248300000.0,9600000.0,96800000.0,158000000.0,304100000.0,11700000.0,122300000.0,182600000.0,215300000.0,10200000.0,21300000.0,201400000.0,242700000.0,,12400000.0,132700000.0,210700000.0,260100000.0,15200000.0,175400000.0,257300000.0,294000000.0,9700000.0,193700000.0,288000000.0,354100000.0,15900000.0,181800000.0,269400000.0
IncreaseDecreaseInAccountsPayable / USD,11890000.0,19346000.0,13982000.0,-12948000.0,-12699000.0,-3925000.0,8596000.0,12288000.0,17945000.0,20115000.0,-14172000.0,8045000.0,22646000.0,26365000.0,6984000.0,2334000.0,7464000.0,11103000.0,13305000.0,-2692000.0,11734000.0,27112000.0,4240000.0,6444000.0,18235000.0,21326000.0,13234000.0,28325000.0,29563000.0,28070000.0,12501000.0,32500000.0,32700000.0,-8200000.0,20600000.0,17600000.0,30000000.0,35900000.0,-17200000.0,600000.0,24600000.0,38500000.0,36300000.0,-9700000.0,10200000.0,21600000.0,46100000.0,19300000.0,1300000.0,17600000.0,-800000.0,,8100000.0,29100000.0,49900000.0,14200000.0,56800000.0,58700000.0,44100000.0,26100000.0,8500000.0,9900000.0,21700000.0,21900000.0,15600000.0,30700000.0,40300000.0
IncreaseDecreaseInAccountsReceivable / USD,59261000.0,78380000.0,32142000.0,-1715000.0,11994000.0,-1683000.0,16107000.0,49918000.0,70024000.0,93556000.0,-21362000.0,57819000.0,91320000.0,97533000.0,64622000.0,50617000.0,66190000.0,79679000.0,77678000.0,48619000.0,68629000.0,88580000.0,43291000.0,61646000.0,93420000.0,116363000.0,51593000.0,66065000.0,83552000.0,88420000.0,63418000.0,64400000.0,70600000.0,80400000.0,20600000.0,70000000.0,108000000.0,126200000.0,40500000.0,82400000.0,132000000.0,172000000.0,103700000.0,79500000.0,106400000.0,108000000.0,120300000.0,101400000.0,147200000.0,98800000.0,30400000.0,,82100000.0,138000000.0,182200000.0,29700000.0,169900000.0,209300000.0,222900000.0,135200000.0,133700000.0,155000000.0,159500000.0,119800000.0,127600000.0,120900000.0,113500000.0
IncreaseDecreaseInAccruedIncomeTaxesPayable / USD,-4228000.0,250000.0,5892000.0,26394000.0,1453000.0,4676000.0,-6374000.0,33460000.0,20598000.0,19970000.0,-12156000.0,43220000.0,15547000.0,18163000.0,16956000.0,44941000.0,16023000.0,14835000.0,-3222000.0,60001000.0,16558000.0,12044000.0,704000.0,72679000.0,31707000.0,34975000.0,-14714000.0,59195000.0,-5036000.0,-8525000.0,34405000.0,83900000.0,36300000.0,39800000.0,-26600000.0,78400000.0,24800000.0,19500000.0,15500000.0,35600000.0,-4500000.0,-8700000.0,19400000.0,50700000.0,5000000.0,8600000.0,-15500000.0,56200000.0,119000000.0,2100000.0,-7700000.0,,53900000.0,8100000.0,0.0,10000000.0,69600000.0,2000000.0,5300000.0,-1800000.0,83900000.0,-6600000.0,-7200000.0,400000.0,74500000.0,1000000.0,700000.0
IncreaseDecreaseInAccruedLiabilities / USD,1433000.0,14619000.0,14021000.0,-9998000.0,-12010000.0,-11328000.0,7980000.0,8709000.0,19769000.0,29206000.0,-17526000.0,-3934000.0,4016000.0,12156000.0,30393000.0,1134000.0,7317000.0,11217000.0,15550000.0,-64000.0,13135000.0,26292000.0,14193000.0,-10000.0,18046000.0,33564000.0,22424000.0,-5059000.0,8395000.0,20789000.0,25263000.0,-5800000.0,-8500000.0,3800000.0,11100000.0,7100000.0,24000000.0,42300000.0,-28600000.0,5700000.0,10400000.0,33600000.0,37600000.0,-8000000.0,-14800000.0,500000.0,46800000.0,-24000000.0,-13300000.0,6700000.0,10700000.0,,-6300000.0,5800000.0,5900000.0,20600000.0,-30100000.0,-29600000.0,-15900000.0,26200000.0,-11900000.0,-11300000.0,-4700000.0,-57200000.0,-31900000.0,-22500000.0,-14800000.0
IncreaseDecreaseInInventories / USD,3397000.0,33051000.0,48595000.0,-8964000.0,45128000.0,66141000.0,59655000.0,-1162000.0,13809000.0,37658000.0,-60425000.0,19082000.0,51288000.0,60780000.0,48964000.0,1734000.0,16537000.0,29676000.0,88783000.0,-14899000.0,9724000.0,40602000.0,69231000.0,9919000.0,34703000.0,52311000.0,68685000.0,5151000.0,12615000.0,24623000.0,87622000.0,47100000.0,68100000.0,51000000.0,47800000.0,-1400000.0,32100000.0,31200000.0,80900000.0,41200000.0,75000000.0,104900000.0,76300000.0,13500000.0,64300000.0,76900000.0,193300000.0,-10600000.0,40800000.0,-22800000.0,84400000.0,,-31100000.0,-10600000.0,66500000.0,-36000000.0,76400000.0,150600000.0,176900000.0,189500000.0,-57700000.0,-145600000.0,-191700000.0,198000000.0,-21900000.0,-12200000.0,36200000.0
IncreaseDecreaseInOtherCurrentAssets / USD,,,,,,,,,,,,,2359000.0,13848000.0,24577000.0,-15536000.0,-1242000.0,10301000.0,19294000.0,-13478000.0,8515000.0,23386000.0,7528000.0,-7031000.0,3021000.0,19346000.0,10627000.0,-18140000.0,-8496000.0,1984000.0,7510000.0,-13500000.0,-18500000.0,-11600000.0,15800000.0,-8200000.0,-2500000.0,15200000.0,-29100000.0,-18400000.0,-10000000.0,8300000.0,15600000.0,-30100000.0,-23200000.0,-9800000.0,28900000.0,-33200000.0,-35600000.0,-34200000.0,10400000.0,,-16300000.0,6400000.0,22300000.0,-17100000.0,-60700000.0,-58900000.0,-15900000.0,47800000.0,-45400000.0,-23700000.0,-15400000.0,-22700000.0,-34900000.0,-6500000.0,19600000.0
IncreaseDecreaseInOtherOperatingCapitalNet / USD,1163000.0,4062000.0,-5878000.0,1999000.0,1287000.0,4511000.0,-6211000.0,1637000.0,-171000.0,-1536000.0,-5738000.0,-1785000.0,,,,,,,,,,,,,,10349000.0,6266000.0,790000.0,620000.0,490000.0,-1730000.0,700000.0,500000.0,100000.0,-4900000.0,600000.0,200000.0,1900000.0,-1300000.0,-100000.0,-700000.0,-100000.0,900000.0,-400000.0,-400000.0,-1100000.0,-2700000.0,-2400000.0,-8700000.0,-300000.0,-1100000.0,,-100000.0,-300000.0,-1700000.0,2600000.0,-100000.0,-400000.0,-7300000.0,-3100000.0,1200000.0,1600000.0,1300000.0,-5900000.0,-6300000.0,-6700000.0,-8500000.0
IncrementalCommonSharesAttributableToShareBasedPaymentArrangements / shares,,,,,,,,,,,0.0,567518.0,771717.0,768209.0,0.0,1388821.0,1194737.0,1119341.0,814936.0,1008946.0,978224.0,945509.0,1061602.0,853176.0,867481.0,842300.0,929428.0,699093.0,678586.0,637126.0,822866.0,315584.0,268820.0,227908.0,592335.0,213494.0,150582.0,140104.0,207998.0,232962.0,335708.0,390058.0,268596.0,821360.0,1105366.0,1042830.0,391694.0,1414674.0,1577540.0,1797201.0,1239476.0,,2210857.0,2289356.0,2291000.0,1893193.0,2059645.0,1998786.0,1912011.0,2309026.0,1703741.0,1724032.0,1726310.0,1845324.0,1751214.0,3291098.0,3169300.0
InterestAndOtherIncome / USD,,,,,,,,,,,,,,,,,,,,,,,,,,,,,162000.0,299000.0,759000.0,100000.0,200000.0,300000.0,400000.0,100000.0,200000.0,300000.0,400000.0,100000.0,200000.0,300000.0,400000.0,100000.0,200000.0,300000.0,400000.0,100000.0,200000.0,300000.0,400000.0,,0.0,0.0,100000.0,600000.0,100000.0,100000.0,400000.0,100000.0,400000.0,1000000.0,1800000.0,700000.0,1600000.0,2900000.0,4200000.0
InterestExpenseNonoperating / USD,,,,,,,,,,,,,,,,,,,,,,,,,,,,,,,,,,,,,,,,,,,,,,,,,,,,,,,,,,,,,,6800000.0,8900000.0,14300000.0,2000000.0,3800000.0,5600000.0
InterestPaidNet / USD,,,,,,,,,,,,,,,,,,,,,,,,,,,,,,,,,,,,,,6100000.0,6200000.0,2700000.0,5900000.0,8900000.0,8700000.0,4000000.0,7800000.0,11300000.0,12600000.0,2200000.0,4100000.0,5900000.0,13900000.0,,2400000.0,5000000.0,7600000.0,8400000.0,2300000.0,5000000.0,9200000.0,9900000.0,5100000.0,8200000.0,10300000.0,13300000.0,2400000.0,4200000.0,6000000.0
InventoryNet / USD,564247000.0,564247000.0,564247000.0,508405000.0,508405000.0,508405000.0,508405000.0,557369000.0,557369000.0,557369000.0,557369000.0,646152000.0,646152000.0,646152000.0,646152000.0,715383000.0,715383000.0,715383000.0,715383000.0,784068000.0,784068000.0,784068000.0,784068000.0,869224000.0,869224000.0,869224000.0,869224000.0,913263000.0,913263000.0,913263000.0,913263000.0,993000000.0,993000000.0,993000000.0,993000000.0,1092900000.0,1092900000.0,1092900000.0,1092900000.0,1278700000.0,1278700000.0,1278700000.0,1278700000.0,1366400000.0,1366400000.0,1366400000.0,1366400000.0,1337500000.0,1337500000.0,1337500000.0,1337500000.0,,1523600000.0,1523600000.0,1523600000.0,1523600000.0,1708000000.0,1708000000.0,1708000000.0,1708000000.0,1522700000.0,1522700000.0,1522700000.0,1522700000.0,1645000000.0,1645000000.0,1645000000.0
LeaseCost / USD,,,,,,,,,,,,,,,,,,,,,,,,,,,,,,,,,,,,,,,,39800000.0,78400000.0,117500000.0,157400000.0,,,,157400000.0,,,,157400000.0,,,,,149900000.0,,,,144300000.0,,,,149300000.0,,,
LesseeOperatingLeaseLiabilityPaymentsDue / USD,,,,,,,,,,,,,,,,,,,,,,,,,,,,,,,,,,,,,,,,234300000.0,248700000.0,252800000.0,257400000.0,,,,254200000.0,,,,253600000.0,,,,,256400000.0,,,,293600000.0,,,,309900000.0,,,
LesseeOperatingLeaseLiabilityPaymentsDueAfterYearFive / USD,,,,,,,,,,,,,,,,,,,,,,,,,,,,,,,,,,,,,,,,4000000.0,7400000.0,11500000.0,3700000.0,,,,5500000.0,,,,5400000.0,,,,,8500000.0,,,,14500000.0,,,,19900000.0,,,
LesseeOperatingLeaseLiabilityPaymentsDueNextTwelveMonths / USD,,,,,,,,,,,,,,,,,,,,,,,,,,,,,,,,,,,,,,,,,,,101000000.0,,,,95800000.0,,,,92900000.0,,,,,94500000.0,,,,100300000.0,,,,104000000.0,,,
LesseeOperatingLeaseLiabilityPaymentsDueYearFive / USD,,,,,,,,,,,,,,,,,,,,,,,,,,,,,,,,,,,,,,,,10900000.0,16300000.0,21000000.0,10100000.0,,,,12300000.0,,,,11800000.0,,,,,11300000.0,,,,17800000.0,,,,18800000.0,,,
LesseeOperatingLeaseLiabilityPaymentsDueYearFour / USD,,,,,,,,,,,,,,,,,,,,,,,,,,,,,,,,,,,,,,,,23400000.0,32100000.0,37700000.0,25400000.0,,,,24900000.0,,,,27500000.0,,,,,25600000.0,,,,31600000.0,,,,35100000.0,,,
LesseeOperatingLeaseLiabilityPaymentsDueYearThree / USD,,,,,,,,,,,,,,,,,,,,,,,,,,,,,,,,,,,,,,,,46400000.0,57000000.0,62900000.0,45500000.0,,,,46000000.0,,,,46200000.0,,,,,46900000.0,,,,52200000.0,,,,53700000.0,,,
LesseeOperatingLeaseLiabilityPaymentsDueYearTwo / USD,,,,,,,,,,,,,,,,,,,,,,,,,,,,,,,,,,,,,,,,75600000.0,86800000.0,92800000.0,71700000.0,,,,69700000.0,,,,69800000.0,,,,,69600000.0,,,,77200000.0,,,,78400000.0,,,
LesseeOperatingLeaseLiabilityUndiscountedExcessAmount / USD,,,,,,,,,,,,,,,,,,,,,,,,,,,,,,,,,,,,,,,,12100000.0,12500000.0,12400000.0,11800000.0,,,,9100000.0,,,,6800000.0,,,,,9300000.0,,,,18600000.0,,,,24500000.0,,,
LiabilitiesAndStockholdersEquity / USD,1304149000.0,1304149000.0,1304149000.0,1327358000.0,1327358000.0,1327358000.0,1327358000.0,1468283000.0,1468283000.0,1468283000.0,1468283000.0,1684948000.0,1684948000.0,1684948000.0,1684948000.0,1815832000.0,1815832000.0,1815832000.0,1815832000.0,2075784000.0,2075784000.0,2075784000.0,2075784000.0,2359102000.0,2359102000.0,2359102000.0,2359102000.0,2532462000.0,2532462000.0,2532462000.0,2532462000.0,2668900000.0,2668900000.0,2668900000.0,2668900000.0,2910500000.0,2910500000.0,2910500000.0,2910500000.0,3321500000.0,3321500000.0,3321500000.0,3321500000.0,3799900000.0,3799900000.0,3799900000.0,3799900000.0,3964700000.0,3964700000.0,3964700000.0,3964700000.0,,4299000000.0,4299000000.0,4299000000.0,4299000000.0,4548600000.0,4548600000.0,4548600000.0,4548600000.0,4462900000.0,4462900000.0,4462900000.0,4462900000.0,4698000000.0,4698000000.0,4698000000.0
LiabilitiesCurrent / USD,147993000.0,147993000.0,147993000.0,119509000.0,119509000.0,119509000.0,119509000.0,162185000.0,162185000.0,162185000.0,162185000.0,187818000.0,187818000.0,187818000.0,187818000.0,204174000.0,204174000.0,204174000.0,204174000.0,239832000.0,239832000.0,239832000.0,239832000.0,375353000.0,375353000.0,375353000.0,375353000.0,373166000.0,373166000.0,373166000.0,373166000.0,275700000.0,275700000.0,275700000.0,275700000.0,351000000.0,351000000.0,351000000.0,351000000.0,437400000.0,437400000.0,437400000.0,437400000.0,544700000.0,544700000.0,544700000.0,544700000.0,612700000.0,612700000.0,612700000.0,612700000.0,,682200000.0,682200000.0,682200000.0,682200000.0,789800000.0,789800000.0,789800000.0,789800000.0,661300000.0,661300000.0,661300000.0,661300000.0,687100000.0,687100000.0,687100000.0
LongTermDebt / USD,,,,,,,,,,,,,,,,,,,,,,,,,,,90000000.0,365000000.0,365000000.0,365000000.0,365000000.0,390000000.0,390000000.0,390000000.0,390000000.0,415000000.0,415000000.0,415000000.0,415000000.0,500000000.0,500000000.0,500000000.0,500000000.0,345000000.0,345000000.0,345000000.0,345000000.0,405000000.0,405000000.0,405000000.0,405000000.0,,390000000.0,390000000.0,390000000.0,390000000.0,555000000.0,555000000.0,555000000.0,555000000.0,260000000.0,260000000.0,260000000.0,260000000.0,200000000.0,200000000.0,200000000.0
LongTermDebtCurrent / USD,,,,,,,,,,,,,,,,,,,,,,,,,,,90000000.0,62050000.0,62050000.0,62050000.0,62050000.0,10500000.0,10500000.0,10500000.0,10500000.0,3000000.0,3000000.0,3000000.0,3000000.0,3000000.0,3000000.0,3000000.0,3000000.0,3000000.0,3000000.0,3000000.0,3000000.0,40000000.0,40000000.0,40000000.0,40000000.0,,60000000.0,60000000.0,60000000.0,60000000.0,201800000.0,201800000.0,201800000.0,201800000.0,60000000.0,60000000.0,60000000.0,60000000.0,75000000.0,75000000.0,75000000.0
LongTermDebtNoncurrent / USD,,,,,,,,,,,,,,,,,,,,,,,,,,,0.0,302950000.0,302950000.0,302950000.0,302950000.0,379500000.0,379500000.0,379500000.0,379500000.0,412000000.0,412000000.0,412000000.0,412000000.0,497000000.0,497000000.0,497000000.0,497000000.0,342000000.0,342000000.0,342000000.0,342000000.0,365000000.0,365000000.0,365000000.0,365000000.0,,330000000.0,330000000.0,330000000.0,330000000.0,353200000.0,353200000.0,353200000.0,353200000.0,200000000.0,200000000.0,200000000.0,200000000.0,125000000.0,125000000.0,125000000.0
NetCashProvidedByUsedInFinancingActivities / USD,-46224000.0,-103326000.0,-153528000.0,-51986000.0,-51986000.0,-106943000.0,-143432000.0,-58972000.0,-58972000.0,-120893000.0,-148047000.0,-73715000.0,-106694000.0,-141907000.0,-182814000.0,-24215000.0,-72225000.0,-124068000.0,-181819000.0,-25887000.0,-79789000.0,-160578000.0,-327513000.0,-80849000.0,-80569000.0,-135282000.0,-234443000.0,-127180000.0,-166976000.0,-283428000.0,-249732000.0,-120500000.0,-145300000.0,-214400000.0,-340900000.0,-114700000.0,-183500000.0,-301200000.0,-346800000.0,-112600000.0,-237500000.0,-381600000.0,-407200000.0,-134900000.0,-206000000.0,-384300000.0,-446500000.0,-78200000.0,-252500000.0,-383900000.0,-595100000.0,,-154200000.0,-308000000.0,-498200000.0,-754400000.0,-199500000.0,-285400000.0,-506200000.0,-627100000.0,-348900000.0,-592200000.0,-879100000.0,-774900000.0,-267400000.0,-452900000.0,-663600000.0
NetCashProvidedByUsedInInvestingActivities / USD,-49448000.0,-75039000.0,-37674000.0,-17016000.0,-28942000.0,-41031000.0,-86583000.0,-6509000.0,-28983000.0,-38366000.0,-81749000.0,-19902000.0,-49591000.0,-84276000.0,-80048000.0,-27313000.0,-49743000.0,-87406000.0,-112223000.0,-54312000.0,-89703000.0,-141434000.0,-107204000.0,-31490000.0,-94911000.0,-138965000.0,-201792000.0,-42282000.0,-83928000.0,-112848000.0,-188781000.0,-28900000.0,-85900000.0,-157600000.0,-180600000.0,-75100000.0,-109700000.0,-138200000.0,-188100000.0,-28900000.0,-53900000.0,-98900000.0,-179300000.0,-52700000.0,-119600000.0,-179100000.0,-173900000.0,-171700000.0,-208700000.0,-238800000.0,-239700000.0,,-29900000.0,-61400000.0,-107000000.0,-281700000.0,-33200000.0,-77100000.0,-121600000.0,-148500000.0,-31000000.0,-85200000.0,-128200000.0,-163000000.0,-48400000.0,-101100000.0,-157000000.0
NetCashProvidedByUsedInOperatingActivities / USD,114685000.0,173730000.0,227895000.0,93534000.0,167552000.0,253184000.0,259898000.0,79028000.0,119527000.0,166293000.0,306070000.0,74284000.0,101277000.0,194181000.0,240488000.0,132188000.0,190431000.0,289096000.0,268489000.0,160244000.0,213865000.0,315273000.0,396292000.0,143298000.0,222929000.0,332942000.0,416120000.0,180105000.0,261154000.0,401985000.0,499392000.0,166500000.0,253500000.0,386900000.0,550300000.0,210400000.0,293300000.0,455900000.0,519900000.0,159700000.0,311600000.0,496200000.0,585200000.0,204900000.0,333000000.0,590300000.0,674200000.0,241100000.0,491800000.0,780800000.0,842700000.0,,274800000.0,446300000.0,613700000.0,1101800000.0,230000000.0,381200000.0,639100000.0,770100000.0,388500000.0,690600000.0,1078700000.0,941000000.0,335600000.0,593600000.0,890500000.0
NetIncomeLoss / USD,144260000.0,217169000.0,232622000.0,48694000.0,92232000.0,139821000.0,279705000.0,56034000.0,125201000.0,200195000.0,184357000.0,79547000.0,173659000.0,270458000.0,265356000.0,100194000.0,212500000.0,321820000.0,357929000.0,109048000.0,230057000.0,349407000.0,420536000.0,111931000.0,242445000.0,375759000.0,448636000.0,127606000.0,267963000.0,404457000.0,494150000.0,126200000.0,257700000.0,384600000.0,516400000.0,134200000.0,283100000.0,426200000.0,499400000.0,174300000.0,385500000.0,583100000.0,578600000.0,194100000.0,398700000.0,612200000.0,751900000.0,202600000.0,441500000.0,663000000.0,790900000.0,,210600000.0,450300000.0,693800000.0,859100000.0,269600000.0,556700000.0,841300000.0,925000000.0,295100000.0,593100000.0,888600000.0,1086900000.0,297700000.0,590400000.0,888500000.0
NoncurrentAssets / USD,,,,,,,,,,,,,,,,,,,,,,,,,,,,,,,,,,,,,,,948100000.0,,,,974800000.0,,,,1005300000.0,,,,1465100000.0,,,,,1442400000.0,,,,1423800000.0,,,,1442000000.0,,,
NumberOfOperatingSegments / segment,,,,,,,,,,,,,,,,,,,,,,,,,,,,,,,,,,,,,,,,,,,,,,,,,,,,,,,,,,,,,,,,1.0,,,
NumberOfReportableSegments / segment,,,,,,,,,,,,,,,,,,,,,,,,,,,,,,,,,,,,,,,,,,,,,,,,,,,,,,,,,,,,,,,,,1.0,1.0,1.0
NumberOfStores / location,,,,,,,,,,,,,,,,,,,,,,,,,,,,,,,,,,,3000.0,,,,3100.0,,,,3200.0,,,,3200.0,,,,3200.0,,,,,3300.0,,,,3400.0,,,,3600.0,,,
OperatingIncomeLoss / USD,233313000.0,350932000.0,376425000.0,78411000.0,148349000.0,224759000.0,450237000.0,90436000.0,202272000.0,322783000.0,295793000.0,128663000.0,278769000.0,433994000.0,429689000.0,161033000.0,339928000.0,515647000.0,574609000.0,174759000.0,366973000.0,555522000.0,673691000.0,178851000.0,385698000.0,598569000.0,712657000.0,203771000.0,429604000.0,649612000.0,787590000.0,201200000.0,410400000.0,613300000.0,828800000.0,212500000.0,450000000.0,678500000.0,795800000.0,234500000.0,503500000.0,765800000.0,881800000.0,261400000.0,536400000.0,818300000.0,999200000.0,271300000.0,587300000.0,877400000.0,1057200000.0,,280300000.0,598100000.0,916500000.0,1141800000.0,358000000.0,741400000.0,1120700000.0,1217400000.0,393200000.0,788100000.0,1174900000.0,1453600000.0,390200000.0,777100000.0,1165200000.0
OperatingLeaseCost / USD,,,,,,,,,,,,,,,,,,,,,,,,,,,,,,,,,,,,,,,,28800000.0,58400000.0,88300000.0,118100000.0,,,,118100000.0,,,,118100000.0,,,,,117600000.0,,,,113400000.0,,,,111500000.0,,,
OperatingLeaseLiability / USD,,,,,,,,,,,,,,,,,,,,,,,,,,,,,,,,,,,,,,,,222200000.0,236200000.0,240400000.0,245600000.0,,,,245100000.0,,,,246800000.0,,,,,247100000.0,,,,275000000.0,,,,285400000.0,,,
OperatingLeaseLiabilityCurrent / USD,,,,,,,,,,,,,,,,,,,,,,,,,,,,,,,,,,,,,,,,0.0,0.0,0.0,0.0,97400000.0,97400000.0,97400000.0,97400000.0,93600000.0,93600000.0,93600000.0,93600000.0,,90800000.0,90800000.0,90800000.0,90800000.0,91900000.0,91900000.0,91900000.0,91900000.0,96200000.0,96200000.0,96200000.0,96200000.0,98800000.0,98800000.0,98800000.0
OperatingLeaseLiabilityNoncurrent / USD,,,,,,,,,,,,,,,,,,,,,,,,,,,,,,,,,,,,,,,,0.0,0.0,0.0,0.0,148200000.0,148200000.0,148200000.0,148200000.0,151500000.0,151500000.0,151500000.0,151500000.0,,156000000.0,156000000.0,156000000.0,156000000.0,155200000.0,155200000.0,155200000.0,155200000.0,178800000.0,178800000.0,178800000.0,178800000.0,186600000.0,186600000.0,186600000.0
OperatingLeasePayments / USD,,,,,,,,,,,,,,,,,,,,,,,,,,,,,,,,,,,,,,,,28400000.0,57600000.0,87000000.0,117200000.0,,,,117200000.0,,,,117200000.0,,,,,115800000.0,,,,112400000.0,,,,110900000.0,,,
OperatingLeaseRightOfUseAsset / USD,,,,,,,,,,,,,,,,,,,,,,,,,,,,,,,,,,,,,,,,0.0,0.0,0.0,0.0,243200000.0,243200000.0,243200000.0,243200000.0,243000000.0,243000000.0,243000000.0,243000000.0,,242300000.0,242300000.0,242300000.0,242300000.0,243000000.0,243000000.0,243000000.0,243000000.0,270200000.0,270200000.0,270200000.0,270200000.0,279200000.0,279200000.0,279200000.0
OtherAccruedLiabilitiesCurrent / USD,,,,,,,413000.0,,,,1496000.0,,,,2271000.0,,,,3210000.0,,,,1953000.0,,,,1818000.0,,,,3176000.0,,,,7400000.0,,,,10900000.0,,,,25300000.0,,,,30400000.0,,,,20100000.0,,,,,28200000.0,,,,32200000.0,,,,21600000.0,,,
OtherAssetsCurrent / USD,63564000.0,63564000.0,63564000.0,45962000.0,45962000.0,45962000.0,45962000.0,70539000.0,70539000.0,70539000.0,70539000.0,89833000.0,89833000.0,89833000.0,89833000.0,97361000.0,97361000.0,97361000.0,97361000.0,107988000.0,107988000.0,107988000.0,107988000.0,115703000.0,115703000.0,115703000.0,115703000.0,131561000.0,131561000.0,131561000.0,131561000.0,102500000.0,102500000.0,102500000.0,102500000.0,118100000.0,118100000.0,118100000.0,118100000.0,147000000.0,147000000.0,147000000.0,147000000.0,157400000.0,157400000.0,157400000.0,157400000.0,140300000.0,140300000.0,140300000.0,140300000.0,,188100000.0,188100000.0,188100000.0,188100000.0,165400000.0,165400000.0,165400000.0,165400000.0,171800000.0,171800000.0,171800000.0,171800000.0,183700000.0,183700000.0,183700000.0
OtherAssetsNoncurrent / USD,3718000.0,3718000.0,3718000.0,3752000.0,3752000.0,3752000.0,3752000.0,14014000.0,14014000.0,14014000.0,14014000.0,13209000.0,13209000.0,13209000.0,13209000.0,12749000.0,12749000.0,12749000.0,12749000.0,12473000.0,12473000.0,12473000.0,12473000.0,11948000.0,11948000.0,11948000.0,11948000.0,48797000.0,48797000.0,48797000.0,48797000.0,48400000.0,48400000.0,48400000.0,48400000.0,81200000.0,81200000.0,81200000.0,81200000.0,80500000.0,80500000.0,80500000.0,80500000.0,76300000.0,76300000.0,76300000.0,76300000.0,191400000.0,191400000.0,191400000.0,191400000.0,,180900000.0,180900000.0,180900000.0,180900000.0,170800000.0,170800000.0,170800000.0,170800000.0,160700000.0,160700000.0,160700000.0,160700000.0,150300000.0,150300000.0,150300000.0
OtherComprehensiveIncomeLossForeignCurrencyTransactionAndTranslationAdjustmentNetOfTax / USD,,,,,,,,,,,,,,,5062000.0,2940000.0,-444000.0,4154000.0,-3791000.0,-4072000.0,-7359000.0,-3692000.0,3522000.0,-4837000.0,549000.0,-10967000.0,-7354000.0,-19450000.0,-15661000.0,-32395000.0,-18683000.0,13700000.0,12200000.0,9300000.0,-38600000.0,2900000.0,11000000.0,19200000.0,-900000.0,2000000.0,-10800000.0,-11600000.0,22200000.0,3700000.0,5400000.0,-4200000.0,-19700000.0,-25000000.0,-14500000.0,-3400000.0,6400000.0,,-4400000.0,2400000.0,-8400000.0,17200000.0,2300000.0,-23700000.0,-56400000.0,-9500000.0,4300000.0,7900000.0,-6700000.0,-34100000.0,-11900000.0,-19700000.0,-2300000.0
OtherComprehensiveIncomeLossForeignCurrencyTranslationAdjustmentTax / USD,,,,,,,,,,,,,,,0.0,0.0,0.0,0.0,0.0,0.0,0.0,0.0,0.0,0.0,0.0,0.0,0.0,0.0,0.0,0.0,0.0,0.0,0.0,0.0,0.0,0.0,0.0,0.0,0.0,0.0,0.0,0.0,0.0,0.0,0.0,0.0,0.0,0.0,0.0,0.0,0.0,,0.0,0.0,0.0,0.0,0.0,0.0,0.0,0.0,0.0,0.0,0.0,0.0,,,
OtherLiabilitiesNoncurrent / USD,,,,,,,,,,,,,,,,,,,,,,,,,,,,,,,,,,,,,,,,,,,,,0.0,,,,,,,,,,0.0,0.0,3500000.0,3500000.0,3500000.0,3500000.0,1000000.0,1000000.0,1000000.0,1000000.0,14100000.0,14100000.0,14100000.0
PaymentsForProceedsFromOtherInvestingActivities / USD,,,,,,,,,,,,,-122000.0,-301000.0,10329000.0,57000.0,87000.0,122000.0,-212000.0,3000.0,-37000.0,79000.0,133000.0,-22000.0,69000.0,23000.0,145000.0,23000.0,20000.0,82000.0,2000.0,100000.0,200000.0,200000.0,11800000.0,-1900000.0,-1800000.0,3000000.0,5100000.0,100000.0,100000.0,6400000.0,8100000.0,-100000.0,0.0,-200000.0,3400000.0,0.0,-1200000.0,-1100000.0,-100000.0,,-100000.0,-100000.0,0.0,-800000.0,100000.0,600000.0,700000.0,300000.0,100000.0,400000.0,500000.0,600000.0,100000.0,200000.0,300000.0
PaymentsForRepurchaseOfCommonStock / USD,8944000.0,25955000.0,87312000.0,,,0.0,25958000.0,,,,41104000.0,,,,,,,0.0,0.0,0.0,0.0,9080000.0,0.0,8847000.0,8847000.0,26697000.0,9080000.0,81865000.0,250425000.0,273490000.0,52942000.0,59500000.0,59500000.0,59500000.0,292900000.0,,56700000.0,82600000.0,59500000.0,,40400000.0,40400000.0,82600000.0,0.0,0.0,0.0,103000000.0,52000000.0,52000000.0,52000000.0,0.0,,,0.0,0.0,52000000.0,,49300000.0,144600000.0,0.0,,,,237800000.0,,,
PaymentsOfDividends / USD,37280000.0,77371000.0,66216000.0,51986000.0,51986000.0,106943000.0,117474000.0,58972000.0,58972000.0,120893000.0,106943000.0,73715000.0,112047000.0,150414000.0,182814000.0,50197000.0,100529000.0,156810000.0,191741000.0,29662000.0,89000000.0,163219000.0,367306000.0,74193000.0,148353000.0,222546000.0,237456000.0,82846000.0,164736000.0,245983000.0,296581000.0,86500000.0,173200000.0,259900000.0,327100000.0,92600000.0,185100000.0,277100000.0,346600000.0,106400000.0,212700000.0,327500000.0,369100000.0,123000000.0,246100000.0,372300000.0,441900000.0,143600000.0,286800000.0,430200000.0,498600000.0,,160800000.0,321600000.0,482600000.0,803400000.0,178400000.0,356900000.0,534400000.0,643700000.0,199800000.0,399700000.0,599500000.0,711300000.0,223200000.0,446500000.0,669900000.0
PaymentsToAcquirePropertyPlantAndEquipment / USD,51075000.0,79006000.0,55759000.0,19033000.0,32638000.0,40128000.0,95306000.0,8138000.0,32211000.0,42643000.0,52538000.0,21206000.0,56324000.0,92479000.0,73597000.0,28212000.0,50980000.0,88323000.0,120043000.0,55513000.0,92561000.0,145559000.0,138406000.0,32564000.0,97560000.0,143547000.0,206540000.0,43922000.0,88020000.0,119462000.0,189474000.0,29700000.0,88700000.0,162000000.0,155200000.0,21200000.0,57400000.0,82700000.0,189500000.0,31500000.0,60600000.0,97100000.0,119900000.0,54400000.0,123100000.0,184300000.0,176300000.0,48800000.0,90000000.0,123500000.0,246400000.0,,32700000.0,67300000.0,114700000.0,168100000.0,35500000.0,83000000.0,131000000.0,156600000.0,33700000.0,89600000.0,136500000.0,173800000.0,50800000.0,106900000.0,166300000.0
PreferredStockParOrStatedValuePerShare / USD/shares,,,,,,,0.01,0.01,0.01,0.01,0.01,0.01,0.01,0.01,0.01,0.01,0.01,0.01,0.01,0.01,0.01,0.01,0.01,0.01,0.01,0.01,0.01,0.01,0.01,0.01,0.01,0.01,0.01,0.01,0.01,0.01,0.01,0.01,0.01,0.01,0.01,0.01,0.01,0.01,0.01,0.01,0.01,0.01,0.01,0.01,0.01,,0.01,0.01,0.01,0.01,0.01,0.01,0.01,0.01,0.01,0.01,0.01,0.01,0.01,0.01,0.01
PreferredStockSharesAuthorized / shares,5000000.0,5000000.0,5000000.0,5000000.0,5000000.0,5000000.0,5000000.0,5000000.0,5000000.0,5000000.0,5000000.0,5000000.0,5000000.0,5000000.0,5000000.0,5000000.0,5000000.0,5000000.0,5000000.0,5000000.0,5000000.0,5000000.0,5000000.0,5000000.0,5000000.0,5000000.0,5000000.0,5000000.0,5000000.0,5000000.0,5000000.0,5000000.0,5000000.0,5000000.0,5000000.0,5000000.0,5000000.0,5000000.0,5000000.0,5000000.0,5000000.0,5000000.0,5000000.0,5000000.0,5000000.0,5000000.0,5000000.0,5000000.0,5000000.0,5000000.0,5000000.0,,5000000.0,5000000.0,5000000.0,5000000.0,5000000.0,5000000.0,5000000.0,5000000.0,5000000.0,5000000.0,5000000.0,5000000.0,5000000.0,5000000.0,5000000.0
PreferredStockSharesIssued / shares,,,,,,,0.0,0.0,0.0,0.0,0.0,0.0,0.0,0.0,0.0,0.0,0.0,0.0,0.0,0.0,0.0,0.0,0.0,0.0,0.0,0.0,0.0,0.0,0.0,0.0,0.0,0.0,0.0,0.0,0.0,0.0,0.0,0.0,0.0,0.0,0.0,0.0,0.0,0.0,0.0,0.0,0.0,0.0,0.0,0.0,0.0,,0.0,0.0,0.0,0.0,0.0,0.0,0.0,0.0,0.0,0.0,0.0,0.0,0.0,0.0,0.0
PreferredStockSharesOutstanding / shares,,,,,,,,,,,,,,,0.0,0.0,0.0,0.0,0.0,0.0,0.0,0.0,0.0,0.0,0.0,0.0,0.0,0.0,0.0,0.0,0.0,0.0,0.0,0.0,0.0,0.0,0.0,0.0,0.0,0.0,0.0,0.0,0.0,0.0,0.0,0.0,0.0,0.0,0.0,0.0,0.0,,0.0,0.0,0.0,0.0,0.0,0.0,0.0,0.0,0.0,0.0,0.0,0.0,0.0,0.0,0.0
PreferredStockValue / USD,0.0,0.0,0.0,0.0,,0.0,0.0,0.0,0.0,0.0,0.0,0.0,0.0,0.0,0.0,0.0,0.0,0.0,0.0,0.0,0.0,0.0,0.0,0.0,0.0,0.0,0.0,0.0,0.0,0.0,0.0,0.0,0.0,0.0,0.0,0.0,0.0,0.0,0.0,0.0,0.0,0.0,0.0,0.0,0.0,0.0,0.0,0.0,0.0,0.0,0.0,,0.0,0.0,0.0,0.0,0.0,0.0,0.0,0.0,0.0,0.0,0.0,0.0,0.0,0.0,0.0
PrepaidTaxes / USD,,,0.0,11657000.0,11657000.0,11657000.0,11657000.0,,,,,,,,0.0,7368000.0,7368000.0,7368000.0,7368000.0,24869000.0,24869000.0,24869000.0,24869000.0,,,0.0,0.0,22558000.0,22558000.0,22558000.0,22558000.0,12900000.0,12900000.0,12900000.0,12900000.0,,,0.0,0.0,9000000.0,9000000.0,9000000.0,9000000.0,16700000.0,16700000.0,16700000.0,16700000.0,6700000.0,6700000.0,6700000.0,6700000.0,,8500000.0,8500000.0,8500000.0,8500000.0,8100000.0,8100000.0,8100000.0,8100000.0,17500000.0,17500000.0,17500000.0,17500000.0,18800000.0,18800000.0,18800000.0
ProceedsFromIssuanceOfLongTermDebt / USD,,,,,,,,,,,,,,,,,,,,,,,,,,,,,,965000000.0,705000000.0,180000000.0,435000000.0,760000000.0,1215000000.0,240000000.0,550000000.0,805000000.0,950000000.0,180000000.0,415000000.0,640000000.0,1015000000.0,210000000.0,525000000.0,745000000.0,980000000.0,325000000.0,870000000.0,910000000.0,910000000.0,,110000000.0,165000000.0,300000000.0,1000000000.0,235000000.0,695000000.0,1390000000.0,525000000.0,230000000.0,635000000.0,790000000.0,1795000000.0,160000000.0,385000000.0,590000000.0
ProceedsFromSaleOfPropertyPlantAndEquipment / USD,1762000.0,3624000.0,5929000.0,1973000.0,3686000.0,4264000.0,8383000.0,685000.0,2240000.0,3264000.0,4863000.0,621000.0,1635000.0,2886000.0,4459000.0,985000.0,1325000.0,1102000.0,3554000.0,1267000.0,2904000.0,4291000.0,4524000.0,1054000.0,2720000.0,4154000.0,4990000.0,1663000.0,4112000.0,6696000.0,5819000.0,900000.0,3000000.0,4600000.0,9900000.0,2100000.0,4600000.0,6200000.0,6500000.0,2700000.0,6800000.0,8300000.0,7400000.0,1600000.0,3500000.0,5000000.0,9500000.0,2100000.0,5100000.0,8600000.0,6600000.0,,2700000.0,5800000.0,7700000.0,10600000.0,2400000.0,6500000.0,10100000.0,8400000.0,2800000.0,4800000.0,8800000.0,11400000.0,2500000.0,6000000.0,9600000.0
ProceedsFromStockOptionsExercised / USD,,,,,,,,,0.0,0.0,0.0,0.0,5353000.0,7706000.0,0.0,18285000.0,20201000.0,23785000.0,8939000.0,2821000.0,7118000.0,9039000.0,29644000.0,1641000.0,5143000.0,7036000.0,9306000.0,2080000.0,6911000.0,9289000.0,7697000.0,20500000.0,22400000.0,25000000.0,19100000.0,2900000.0,3300000.0,3500000.0,29300000.0,3800000.0,5600000.0,11300000.0,9500000.0,18100000.0,40100000.0,43000000.0,13400000.0,7400000.0,26300000.0,38300000.0,58500000.0,,6600000.0,13600000.0,24400000.0,41000000.0,3900000.0,5800000.0,7800000.0,31600000.0,5900000.0,12500000.0,15400000.0,9200000.0,15800000.0,18600000.0,26300000.0
PropertyPlantAndEquipmentGross / USD,,,,,,,571467000.0,,,,632332000.0,,,,725104000.0,,,,840078000.0,,,,1019902000.0,,,,1193734000.0,,,,1324923000.0,,,,1498800000.0,,,,1604900000.0,,,,1746200000.0,,,,1966900000.0,,,,2084600000.0,,,,,2197200000.0,,,,2311400000.0,,,,2436600000.0,,,
PropertyPlantAndEquipmentNet / USD,324182000.0,324182000.0,324182000.0,335004000.0,335004000.0,335004000.0,335004000.0,363419000.0,363419000.0,363419000.0,363419000.0,435601000.0,435601000.0,435601000.0,435601000.0,516427000.0,516427000.0,516427000.0,516427000.0,654850000.0,654850000.0,654850000.0,654850000.0,763889000.0,763889000.0,763889000.0,763889000.0,818889000.0,818889000.0,818889000.0,818889000.0,899700000.0,899700000.0,899700000.0,899700000.0,893600000.0,893600000.0,893600000.0,893600000.0,924800000.0,924800000.0,924800000.0,924800000.0,1023200000.0,1023200000.0,1023200000.0,1023200000.0,1030700000.0,1030700000.0,1030700000.0,1030700000.0,,1019200000.0,1019200000.0,1019200000.0,1019200000.0,1010000000.0,1010000000.0,1010000000.0,1010000000.0,1011100000.0,1011100000.0,1011100000.0,1011100000.0,1056600000.0,1056600000.0,1056600000.0
ProvisionForDoubtfulAccounts / USD,3536000.0,5527000.0,5343000.0,2567000.0,4689000.0,7300000.0,7498000.0,1624000.0,3370000.0,6004000.0,9409000.0,2267000.0,4258000.0,6591000.0,8658000.0,2329000.0,4791000.0,7240000.0,9217000.0,2045000.0,4336000.0,7087000.0,9726000.0,2796000.0,5421000.0,8429000.0,9421000.0,2883000.0,4806000.0,6768000.0,11480000.0,2100000.0,3900000.0,6600000.0,8800000.0,2200000.0,4000000.0,6200000.0,8600000.0,1300000.0,2700000.0,5100000.0,8200000.0,2000000.0,3100000.0,4900000.0,8100000.0,1900000.0,4000000.0,5800000.0,5500000.0,,-100000.0,-100000.0,800000.0,7500000.0,-300000.0,400000.0,-900000.0,2500000.0,-1400000.0,200000.0,1400000.0,-1800000.0,-900000.0,-600000.0,-200000.0
RepaymentsOfLongTermDebt / USD,,,,,,,,,,,,,,,,,,,,,,,,,,,,,,740000000.0,615000000.0,175000000.0,370000000.0,680000000.0,955000000.0,265000000.0,495000000.0,750000000.0,920000000.0,190000000.0,405000000.0,665000000.0,980000000.0,240000000.0,525000000.0,800000000.0,895000000.0,215000000.0,810000000.0,850000000.0,1065000000.0,,110000000.0,165000000.0,340000000.0,940000000.0,260000000.0,580000000.0,1225000000.0,540000000.0,385000000.0,840000000.0,1085000000.0,1630000000.0,220000000.0,410000000.0,610000000.0
ResidualValueOfLeasedAsset / USD,,,,,,,,,,,,,,,,,,,,,,,,,,,,,,,,,,,,,,,,,,,90000000.0,93200000.0,93000000.0,85400000.0,83100000.0,88100000.0,88700000.0,88600000.0,83400000.0,,79300000.0,82400000.0,86600000.0,86000000.0,87400000.0,94600000.0,109000000.0,118400000.0,125800000.0,125200000.0,134300000.0,127300000.0,124100000.0,127500000.0,133000000.0
RetainedEarningsAccumulatedDeficit / USD,1134244000.0,1134244000.0,1134244000.0,1175641000.0,1175641000.0,1175641000.0,1175641000.0,1258183000.0,1258183000.0,1258183000.0,1258183000.0,1424371000.0,1424371000.0,1424371000.0,1424371000.0,1477601000.0,1477601000.0,1477601000.0,1477601000.0,1688781000.0,1688781000.0,1688781000.0,1688781000.0,1886350000.0,1886350000.0,1886350000.0,1886350000.0,1842772000.0,1842772000.0,1842772000.0,1842772000.0,1940100000.0,1940100000.0,1940100000.0,1940100000.0,2110600000.0,2110600000.0,2110600000.0,2110600000.0,2341600000.0,2341600000.0,2341600000.0,2341600000.0,2633900000.0,2633900000.0,2633900000.0,2633900000.0,2689600000.0,2689600000.0,2689600000.0,2689600000.0,,2970900000.0,2970900000.0,2970900000.0,2970900000.0,3218700000.0,3218700000.0,3218700000.0,3218700000.0,3356900000.0,3356900000.0,3356900000.0,3356900000.0,3613500000.0,3613500000.0,3613500000.0
RevenueFromContractWithCustomerExcludingAssessedTax / USD,,,,,,,,,,,,,,,,,,,,,,,,,,,,,,,,,,,,1047700000.0,2169200000.0,3302000000.0,3962000000.0,1185800000.0,2453700000.0,3733500000.0,4390500000.0,1309300000.0,2677700000.0,4056800000.0,4965100000.0,1367000000.0,2876000000.0,4289300000.0,5333700000.0,,1417000000.0,2924700000.0,4479000000.0,5647300000.0,1704100000.0,3482600000.0,5285000000.0,6010900000.0,1859100000.0,3742200000.0,5588100000.0,6980600000.0,1895100000.0,3811300000.0,5721500000.0
RightOfUseAssetObtainedInExchangeForOperatingLeaseLiability / USD,,,,,,,,,,,,,,,,,,,,,,,,,,,,,,,,,,,,,,,,21800000.0,57400000.0,87600000.0,116100000.0,21800000.0,57400000.0,87600000.0,116100000.0,25000000.0,33700000.0,76100000.0,116100000.0,,30900000.0,65600000.0,83400000.0,99200000.0,23900000.0,55600000.0,74000000.0,103600000.0,25900000.0,64300000.0,96300000.0,89400000.0,30400000.0,49400000.0,75500000.0
SellingGeneralAndAdministrativeExpense / USD,380461000.0,593771000.0,671248000.0,179909000.0,352052000.0,520171000.0,785688000.0,175410000.0,361193000.0,553333000.0,686792000.0,204692000.0,420560000.0,642817000.0,745112000.0,232970000.0,469508000.0,708322000.0,859369000.0,247334000.0,498084000.0,753042000.0,941236000.0,269843000.0,545859000.0,831991000.0,1007431000.0,280387000.0,557031000.0,839409000.0,1110776000.0,290200000.0,582800000.0,879900000.0,1121500000.0,305900000.0,627500000.0,955000000.0,1169500000.0,342700000.0,692000000.0,1045800000.0,1282800000.0,363600000.0,730300000.0,1099500000.0,1400200000.0,365500000.0,721100000.0,1071600000.0,1458200000.0,,363100000.0,746000000.0,1147800000.0,1426000000.0,435300000.0,879500000.0,1326700000.0,1559800000.0,456800000.0,919400000.0,1380200000.0,1762200000.0,471400000.0,948000000.0,1418500000.0
ShareBasedCompensation / USD,1429000.0,2313000.0,1915000.0,900000.0,1900000.0,2850000.0,3247000.0,1000000.0,2000000.0,3015000.0,3850000.0,900000.0,1800000.0,2925000.0,4030000.0,1050000.0,2100000.0,3450000.0,4050000.0,1350000.0,2700000.0,4050000.0,4800000.0,1380000.0,3000000.0,4620000.0,5400000.0,1620000.0,3441000.0,4641000.0,7039000.0,1000000.0,1700000.0,2900000.0,5800000.0,1200000.0,2800000.0,4000000.0,4100000.0,1400000.0,2500000.0,3800000.0,5200000.0,1600000.0,2900000.0,4300000.0,5100000.0,1600000.0,2900000.0,4300000.0,5700000.0,,1500000.0,2900000.0,4300000.0,5700000.0,1500000.0,3000000.0,4400000.0,5600000.0,1900000.0,3800000.0,5600000.0,7200000.0,2000000.0,4000000.0,6000000.0
ShareBasedCompensationArrangementByShareBasedPaymentAwardOptionsExercisableNumber / shares,,,,,,,210000.0,,,,,,,,,,,,1442380.0,1371605.0,1811980.0,1720630.0,1972330.0,1885130.0,2214540.0,2109640.0,1792242.0,901375.0,1238025.0,1138350.0,1200250.0,1083000.0,1309103.0,1301603.0,1280499.0,1184946.0,1422405.0,1312759.0,1554378.0,1440687.0,2625361.0,2493166.0,2164067.0,2463001.0,2319023.0,1839849.0,1885241.0,2429656.0,2453607.0,1995198.0,1693805.0,,2428597.0,2573231.0,2494904.0,2437636.0,3018825.0,2890559.0,2775078.0,2197022.0,2520144.0,2480536.0,2219624.0,1780331.0,2213633.0,4032123.0,3616165.0
ShareBasedCompensationArrangementByShareBasedPaymentAwardOptionsExercisesInPeriodTotalIntrinsicValue / USD,,,,,,,0.0,,,,0.0,,,,0.0,,,,4977000.0,,,,34424000.0,,,,9925000.0,,,,7466000.0,,,,14200000.0,,,,23200000.0,,,,6900000.0,,,,4200000.0,,,,20200000.0,,,,,26700000.0,,,,38800000.0,,,,10200000.0,,,
ShareBasedCompensationArrangementByShareBasedPaymentAwardOptionsGrantsInPeriod / shares,,,,,,,395000.0,,,,,1200000.0,7895000.0,7895000.0,7895000.0,7895000.0,8100000.0,8100000.0,8100000.0,8100000.0,9042500.0,9042500.0,9055000.0,9055000.0,9948220.0,9948220.0,9948220.0,9948220.0,6413660.0,6413660.0,6413660.0,7178449.0,6628449.0,6628449.0,6628449.0,7149050.0,6380235.0,6380235.0,6382417.0,6510879.0,13021758.0,13021758.0,13021758.0,13924021.0,13104021.0,13104021.0,13104021.0,13845531.0,11375531.0,11375531.0,11375531.0,,12088969.0,11678969.0,11678969.0,11678969.0,12750912.0,10840912.0,10840912.0,10840912.0,11655824.0,9869384.0,9869384.0,9869384.0,10552702.0,17723644.0,17723644.0
ShareBasedCompensationArrangementByShareBasedPaymentAwardOptionsOutstandingNumber / shares,,,,,,,2275000.0,,,,,,5391675.0,5176092.0,4835792.0,4589997.0,4517555.0,4395605.0,4356630.0,4255855.0,4984480.0,4876880.0,4712330.0,4580130.0,5192882.0,5008342.0,4530982.0,3512081.0,4116511.0,3976593.0,3757947.0,4340594.0,4297369.0,4220498.0,3948908.0,4278972.0,4201518.0,4071702.0,3999632.0,4270442.0,7637201.0,7460434.0,6807217.0,7353228.0,6568808.0,6035427.0,5914757.0,6307624.0,5978456.0,5486190.0,5173270.0,,5670586.0,5566756.0,5451776.0,5374736.0,6169792.0,5852489.0,5645208.0,4974078.0,5177879.0,5034200.0,4714873.0,4227927.0,4524721.0,8484835.0,8025475.0
SharebasedCompensationArrangementBySharebasedPaymentAwardOptionsVestedInPeriodFairValue1 / USD,,,,,,,,,,,,,,,,,,,,,,,,,,,,,,,7287000.0,,,,5100000.0,,,,7100000.0,,,,4200000.0,,,,5300000.0,,,,5900000.0,,,,,6100000.0,,,,4800000.0,,,,5200000.0,,,
ShortTermLeaseCost / USD,,,,,,,,,,,,,,,,,,,,,,,,,,,,,,,,,,,,,,,,7300000.0,13500000.0,20100000.0,27400000.0,,,,27400000.0,,,,27400000.0,,,,,23600000.0,,,,19200000.0,,,,26600000.0,,,
StateAndLocalIncomeTaxExpenseBenefitContinuingOperations / USD,,,,,,,21537000.0,,,,14431000.0,,,,22422000.0,,,,28425000.0,,,,28567000.0,,,,29600000.0,,,,31024000.0,,,,31500000.0,,,,29400000.0,,,,36500000.0,,,,39000000.0,,,,41800000.0,,,,,47000000.0,,,,45000000.0,,,,56900000.0,,,
StockIssuedDuringPeriodSharesStockOptionsExercised / shares,,,,,,,,,,,,,,,,,,,,,,,,,,,,,,,,,,,,,,,,,,,659224.0,,,,620766.0,,,,2325073.0,,,,,1630664.0,,,,1305107.0,,,,346992.0,,,
StockRepurchasedDuringPeriodShares / shares,,,,,,,,,,,,,,,,,,,,,,,,,,,,,,,,,,,,,,,,,,,3800000.0,,,,4000000.0,,,,0.0,,,,,1600000.0,,,,0.0,,,,5000000.0,,,
StockholdersEquity / USD,1142259000.0,1142259000.0,922093000.0,1190843000.0,1190843000.0,1190843000.0,1010161000.0,1282512000.0,1282512000.0,1282512000.0,1142259000.0,1458976000.0,1458976000.0,1458976000.0,1190843000.0,1560360000.0,1560360000.0,1560360000.0,1282512000.0,1772697000.0,1772697000.0,1772697000.0,1458976000.0,1915217000.0,1915217000.0,1915217000.0,1560360000.0,1801289000.0,1801289000.0,1801289000.0,1772697000.0,1933100000.0,1933100000.0,1933100000.0,1915300000.0,2096900000.0,2096900000.0,2096900000.0,1801400000.0,2172000000.0,2226600000.0,2315600000.0,2096900000.0,2397200000.0,2503700000.0,2585700000.0,2302700000.0,2656600000.0,2783000000.0,2885600000.0,2665600000.0,,2786700000.0,2880800000.0,2964700000.0,2733200000.0,3142000000.0,3178700000.0,3161200000.0,3042200000.0,3270600000.0,3380800000.0,3466600000.0,3163200000.0,3429200000.0,3495600000.0,3597400000.0
StockholdersEquityNoteStockSplitConversionRatio1 / pure,,,,,,,,,,,,,,,,,,,,,,,,,,,,,,,,,,,,,,,,,2.0,2.0,2.0,2.0,2.0,2.0,2.0,,,,2.0,,,,,,,,,,,,,,,2.0,2.0
UndistributedEarningsOfForeignSubsidiaries / USD,,,,,,,,,,,,,,,,,,,85000000.0,,,,112908000.0,,,,140000000.0,,,,147000000.0,,,,,,,,248000000.0,,,,288100000.0,,,,365200000.0,,,,436300000.0,,,,,447600000.0,,,,514700000.0,,,,539600000.0,,,
UnrecognizedTaxBenefits / USD,,,,,,,5657000.0,1606000.0,2251000.0,1728000.0,1605000.0,3800000.0,4268000.0,4399000.0,3617000.0,5517000.0,5321000.0,4254000.0,4653000.0,7661000.0,7660000.0,4692000.0,5331000.0,3916000.0,3916000.0,3916000.0,3282000.0,4122000.0,4299000.0,4499000.0,3772000.0,5800000.0,5100000.0,5300000.0,5400000.0,,,,5400000.0,,,,4400000.0,,,,5300000.0,,,,8600000.0,,,,,8800000.0,,,,7400000.0,,,,10100000.0,,,
UnrecognizedTaxBenefitsIncomeTaxPenaltiesAndInterestExpense / USD,,,,,,,,,,,,,,,,,,,,,,,,,,,,,,,,,,,,,,,,,,,,,,,,,,,,,,,,,,,,700000.0,,,,3800000.0,,,
UnrecognizedTaxBenefitsIncreasesResultingFromCurrentPeriodTaxPositions / USD,,,,,,,571000.0,,,,457000.0,,,,523000.0,,,,2170000.0,,,,1058000.0,,,,924000.0,,,,984000.0,,,,800000.0,,,,700000.0,,,,700000.0,,,,4700000.0,,,,800000.0,,,,,900000.0,,,,600000.0,,,,600000.0,,,
UnrecognizedTaxBenefitsIncreasesResultingFromPriorPeriodTaxPositions / USD,,,,,,,2096000.0,,,,1666000.0,,,,578000.0,,,,172000.0,,,,37000.0,,,,185000.0,,,,704000.0,,,,200000.0,,,,400000.0,,,,1800000.0,,,,200000.0,,,,200000.0,,,,,300000.0,,,,3500000.0,,,,5600000.0,,,
UnrecognizedTaxBenefitsPeriodIncreaseDecrease / USD,,,,,,,,,,,,,,,,,,,,,,,,,,,,,,,,,,,,0.0,0.0,0.0,,0.0,0.0,0.0,,0.0,0.0,0.0,0.0,0.0,0.0,0.0,0.0,,0.0,0.0,0.0,,0.0,0.0,0.0,,0.0,0.0,0.0,,0.0,0.0,0.0
UnrecognizedTaxBenefitsReductionsResultingFromLapseOfApplicableStatuteOfLimitations / USD,,,,,,,-161000.0,,,,0.0,,,,0.0,,,,0.0,,,,0.0,,,,506000.0,,,,0.0,,,,1000000.0,,,,1100000.0,,,,900000.0,,,,1400000.0,,,,700000.0,,,,,2600000.0,,,3900000.0,900000.0,,,,6100000.0,,,
UnrecognizedTaxBenefitsThatWouldImpactEffectiveTaxRate / USD,,,,,,,,,,,,,,,,,,,,,,,,,,,,,,,,,,,,,,,,,,,,,,,,,,,,,,,,6500000.0,,,,8600000.0,,,,9200000.0,,,
VariableLeaseCost / USD,,,,,,,,,,,,,,,,,,,,,,,,,,,,,,,,,,,,,,,,3700000.0,6500000.0,9100000.0,11900000.0,,,,11900000.0,,,,11900000.0,,,,,8700000.0,,,,11700000.0,,,,11200000.0,,,
WeightedAverageNumberOfDilutedSharesOutstanding / shares,,,,,148531000.0,148531000.0,148831028.0,147430712.0,295020392.0,294861424.0,296715970.0,295428942.0,295689663.0,295762762.0,294861424.0,296927223.0,297021238.0,297083700.0,295868726.0,297651960.0,297689550.0,297701324.0,297150950.0,297495170.0,297534473.0,297485083.0,297683588.0,295936718.0,293870152.0,292720637.0,297313244.0,289123603.0,289132302.0,289135842.0,292045442.0,289455941.0,289099316.0,288591574.0,289157523.0,287875763.0,575118936.0,574916816.0,576685466.0,572993962.0,573775059.0,573977305.0,574325528.0,575318830.0,575128270.0,575470232.0,574441628.0,,576546969.0,576754733.0,576928254.0,575671954.0,577618806.0,577509039.0,576579199.0,577117056.0,572632589.0,572757476.0,572871420.0,575623114.0,574090707.0,1148206892.0,1148271852.0
WeightedAverageNumberOfSharesOutstandingBasic / shares,,,,,148531000.0,148531000.0,148831028.0,147430712.0,294861424.0,294861424.0,296715970.0,294861424.0,294917946.0,294994553.0,294861424.0,295538402.0,295826501.0,295964359.0,295053790.0,296643014.0,296711326.0,296755815.0,296089348.0,296641994.0,296666992.0,296642783.0,296754160.0,295237625.0,293191566.0,292083511.0,296490378.0,288808019.0,288863482.0,288907934.0,291453107.0,289242447.0,288948734.0,288451470.0,288949525.0,287642801.0,574783228.0,574526758.0,576416870.0,572172602.0,572669693.0,572934475.0,573933834.0,573904156.0,573550730.0,573673031.0,573202152.0,,574336112.0,574465377.0,574637254.0,573778761.0,575559161.0,575510253.0,574667188.0,574808030.0,570928848.0,571033444.0,571145110.0,573777790.0,572339493.0,1144915794.0,1145102552.0
