fact_unit,2011-07-27,2011-10-28,2012-03-27,2012-05-09,2012-08-06,2012-10-26,2013-02-28,2013-05-03,2013-07-25,2013-10-30,2014-02-26,2014-05-01,2014-07-30,2014-10-30,2015-02-26,2015-05-07,2015-07-30,2015-10-29,2016-02-26,2016-05-03,2016-07-27,2016-07-28,2016-10-27,2017-03-01,2017-05-04,2017-08-02,2017-11-07,2018-03-01,2018-04-30,2018-08-01,2018-11-01,2019-02-19,2019-04-30,2019-07-31,2019-10-30,2020-02-14,2020-05-01,2020-07-31,2020-10-29,2021-02-16,2021-04-29,2021-07-29,2021-10-28,2022-02-14,2022-04-28,2022-07-28,2022-10-27,2023-02-13,2023-04-27,2023-07-27,2023-10-26,2024-02-13,2024-04-25,2024-07-25,2024-10-24,2025-02-11,2025-04-24,2025-07-24,2025-10-23
AccountsPayableAndAccruedLiabilitiesCurrent / USD,137930000.0,137930000.0,137930000.0,147214000.0,147214000.0,147214000.0,147214000.0,184034000.0,184034000.0,184034000.0,184034000.0,319965000.0,319965000.0,319965000.0,263043000.0,241654000.0,241654000.0,241654000.0,242000000.0,362000000.0,362000000.0,242000000.0,362000000.0,362000000.0,385000000.0,385000000.0,385000000.0,385000000.0,366000000.0,366000000.0,366000000.0,366000000.0,390000000.0,390000000.0,390000000.0,390000000.0,484000000.0,502000000.0,502000000.0,502000000.0,641000000.0,641000000.0,641000000.0,641000000.0,842000000.0,842000000.0,842000000.0,842000000.0,889000000.0,889000000.0,889000000.0,889000000.0,1252000000.0,1252000000.0,1252000000.0,1252000000.0,1331000000.0,1331000000.0,1331000000.0
AccumulatedDepreciationDepletionAndAmortizationPropertyPlantAndEquipment / USD,,,102799000.0,,,,128450000.0,,,,171057000.0,,,,207934000.0,,,,277000000.0,,,277000000.0,,362000000.0,,,,465000000.0,,,,541000000.0,,,,533000000.0,,,,530000000.0,,,,577000000.0,,,,632000000.0,,,,695000000.0,,,,729000000.0,,,
AccumulatedOtherComprehensiveIncomeLossNetOfTax / USD,-2192000.0,-2192000.0,-2192000.0,-1405000.0,-1405000.0,-1405000.0,-1405000.0,-457000.0,-457000.0,-457000.0,-457000.0,-1086000.0,-1086000.0,-1086000.0,-1086000.0,-1019000.0,-1019000.0,-1019000.0,-1000000.0,-4000000.0,-4000000.0,-1000000.0,-4000000.0,-4000000.0,-2000000.0,-2000000.0,-2000000.0,-2000000.0,-5000000.0,-5000000.0,-5000000.0,-5000000.0,-8000000.0,-8000000.0,-8000000.0,-8000000.0,4000000.0,4000000.0,4000000.0,4000000.0,37000000.0,37000000.0,37000000.0,37000000.0,-5000000.0,-5000000.0,-5000000.0,-5000000.0,-160000000.0,-160000000.0,-160000000.0,-160000000.0,-82000000.0,-82000000.0,-82000000.0,-82000000.0,-57000000.0,-57000000.0,-57000000.0
AdditionalPaidInCapitalCommonStock / USD,251612000.0,251612000.0,251612000.0,266022000.0,266022000.0,266022000.0,266022000.0,285524000.0,285524000.0,285524000.0,285524000.0,340848000.0,340848000.0,340848000.0,340848000.0,396059000.0,396059000.0,396059000.0,396000000.0,803000000.0,803000000.0,396000000.0,803000000.0,803000000.0,841000000.0,841000000.0,841000000.0,841000000.0,1044000000.0,1044000000.0,1044000000.0,1044000000.0,643000000.0,643000000.0,643000000.0,643000000.0,175000000.0,175000000.0,175000000.0,175000000.0,199000000.0,199000000.0,199000000.0,199000000.0,236000000.0,236000000.0,236000000.0,236000000.0,328000000.0,328000000.0,328000000.0,328000000.0,410000000.0,410000000.0,410000000.0,410000000.0,462000000.0,462000000.0,462000000.0
AllocatedShareBasedCompensationExpense / USD,,,7485000.0,4064000.0,8374000.0,12723000.0,9531000.0,4666000.0,9812000.0,15448000.0,17052000.0,4421000.0,12150000.0,20654000.0,20018000.0,5596000.0,10456000.0,16115000.0,29000000.0,6000000.0,9000000.0,29000000.0,16000000.0,22000000.0,,16000000.0,24000000.0,23000000.0,,,,26000000.0,,,,46000000.0,,,,27000000.0,,,,39000000.0,,,,57000000.0,,,,72000000.0,,,,103000000.0,,,
AllocatedShareBasedCompensationExpenseNetOfTax / USD,,,4641000.0,,,,6004000.0,,,,10658000.0,,,,14556000.0,,,,25000000.0,,,25000000.0,,14000000.0,,,,16000000.0,,,,22000000.0,,,,40000000.0,,,,26000000.0,,,,37000000.0,,,,53000000.0,,,,68000000.0,,,,96000000.0,,,
AmortizationOfIntangibleAssets / USD,,,12938000.0,,,,18474000.0,,,,17450000.0,,,,20176000.0,,,,18000000.0,,,18000000.0,,18000000.0,,,,17000000.0,,,,32000000.0,,,,31000000.0,,,,21000000.0,,,,18000000.0,,,,15000000.0,,,,49000000.0,,,,77000000.0,,,
AmountOfRestrictedNetAssetsForConsolidatedAndUnconsolidatedSubsidiaries / USD,,,397800000.0,492400000.0,492400000.0,492400000.0,492400000.0,549700000.0,549700000.0,549700000.0,550000000.0,608000000.0,608000000.0,608000000.0,608000000.0,859000000.0,859000000.0,859000000.0,859000000.0,1229000000.0,1229000000.0,859000000.0,1229000000.0,1229000000.0,1492000000.0,1492000000.0,1492000000.0,1492000000.0,1691000000.0,1691000000.0,1691000000.0,1691000000.0,,,,2262000000.0,,,,1810000000.0,,,,2700000000.0,,,,3100000000.0,,,,3700000000.0,,,,4200000000.0,,,
AntidilutiveSecuritiesExcludedFromComputationOfEarningsPerShareAmount / shares,,,,,,126000000.0,,7900.0,43000.0,,,,,,,,,,,,,,,,,0.0,,,,,,,,,,,100000.0,,,,,,,,,,,,,,,,,140000.0,102000.0,108000.0,,140000.0,102000.0
AssetImpairmentCharges / USD,,,,,,,,,,,,,,,,,,,,,,,,,,,,,,,,,,,,,,,,,,,,,,,,0.0,,,,0.0,,,,208000000.0,,,
Assets / USD,1509214000.0,1509214000.0,1509214000.0,1652146000.0,1652146000.0,1652146000.0,1652146000.0,1934822000.0,1934822000.0,1934822000.0,1652146000.0,3002937000.0,3002937000.0,3002937000.0,1934822000.0,4477215000.0,4477215000.0,4477215000.0,2988000000.0,6576000000.0,6576000000.0,2988000000.0,6576000000.0,4435000000.0,7449000000.0,7449000000.0,7449000000.0,6576000000.0,8471000000.0,8471000000.0,8471000000.0,7449000000.0,7154000000.0,7154000000.0,7154000000.0,8471000000.0,6787000000.0,6787000000.0,6787000000.0,7154000000.0,9532000000.0,9532000000.0,9532000000.0,9532000000.0,12209000000.0,12209000000.0,12209000000.0,12209000000.0,12314000000.0,12314000000.0,12314000000.0,12314000000.0,14892000000.0,14892000000.0,14892000000.0,14892000000.0,15630000000.0,15630000000.0,15630000000.0
AssetsCurrent / USD,957939000.0,957939000.0,960217000.0,1048082000.0,1048082000.0,1048082000.0,1048082000.0,1349126000.0,1349126000.0,1349126000.0,1349126000.0,2039664000.0,2039664000.0,2039664000.0,2039664000.0,3245397000.0,3245397000.0,3245397000.0,3203000000.0,5306000000.0,5306000000.0,3203000000.0,5306000000.0,5306000000.0,5988000000.0,5988000000.0,5988000000.0,5988000000.0,7511000000.0,7511000000.0,7511000000.0,7511000000.0,6462000000.0,6462000000.0,6462000000.0,6462000000.0,5967000000.0,5967000000.0,5967000000.0,5967000000.0,7876000000.0,7876000000.0,7876000000.0,7876000000.0,10064000000.0,10064000000.0,10064000000.0,10064000000.0,10084000000.0,10084000000.0,10084000000.0,10084000000.0,12542000000.0,12542000000.0,12542000000.0,12542000000.0,12773000000.0,12773000000.0,12773000000.0
AssetsFairValueDisclosure / USD,,,,,,353050000.0,,,,,,,,,,,,,,,,,,,,,,,,3215000000.0,3215000000.0,3215000000.0,2157000000.0,2157000000.0,2157000000.0,2157000000.0,1975000000.0,1975000000.0,1975000000.0,1975000000.0,1875000000.0,1875000000.0,1875000000.0,1875000000.0,3202000000.0,3202000000.0,3202000000.0,3202000000.0,3499000000.0,3499000000.0,3499000000.0,3499000000.0,4259000000.0,,,4259000000.0,4325000000.0,4325000000.0,4325000000.0
AvailableForSaleDebtSecuritiesAccumulatedGrossUnrealizedGainBeforeTax / USD,,,,,,,,,,,,,,,,,,,,,,,,,,,,,,,,,1000000.0,8000000.0,0.0,0.0,7000000.0,7000000.0,7000000.0,7000000.0,50000000.0,50000000.0,50000000.0,50000000.0,12000000.0,12000000.0,12000000.0,12000000.0,2000000.0,2000000.0,2000000.0,2000000.0,21000000.0,21000000.0,21000000.0,21000000.0,14000000.0,14000000.0,14000000.0
AvailableForSaleDebtSecuritiesAccumulatedGrossUnrealizedLossBeforeTax / USD,,,,,,,,,,,,,,,,,,,,,,,,,,,,,,,,,5000000.0,2000000.0,11000000.0,11000000.0,2000000.0,2000000.0,2000000.0,2000000.0,1000000.0,1000000.0,1000000.0,1000000.0,18000000.0,18000000.0,18000000.0,18000000.0,212000000.0,212000000.0,212000000.0,212000000.0,129000000.0,129000000.0,129000000.0,129000000.0,89000000.0,89000000.0,89000000.0
AvailableForSaleSecuritiesDebtMaturitiesAfterFiveThroughTenYearsAmortizedCost / USD,,,,,,,,,,,,,,,,7331000.0,32848000.0,30744000.0,11000000.0,21000000.0,33000000.0,11000000.0,26000000.0,25000000.0,36000000.0,23000000.0,17000000.0,6000000.0,1000000.0,,,,12000000.0,124000000.0,107000000.0,171000000.0,183000000.0,172000000.0,160000000.0,132000000.0,167000000.0,264000000.0,296000000.0,335000000.0,318000000.0,377000000.0,390000000.0,364000000.0,455000000.0,428000000.0,440000000.0,406000000.0,431000000.0,452000000.0,509000000.0,500000000.0,553000000.0,578000000.0,610000000.0
AvailableForSaleSecuritiesDebtMaturitiesAfterFiveThroughTenYearsFairValue / USD,,,,,,,,,,,,,,,,7339000.0,32576000.0,30808000.0,10000000.0,21000000.0,34000000.0,10000000.0,27000000.0,25000000.0,35000000.0,23000000.0,17000000.0,6000000.0,1000000.0,,,,12000000.0,125000000.0,108000000.0,171000000.0,181000000.0,176000000.0,165000000.0,137000000.0,169000000.0,267000000.0,298000000.0,335000000.0,306000000.0,358000000.0,364000000.0,345000000.0,443000000.0,415000000.0,424000000.0,405000000.0,427000000.0,446000000.0,519000000.0,494000000.0,552000000.0,583000000.0,621000000.0
AvailableForSaleSecuritiesDebtMaturitiesAfterOneThroughFiveYearsAmortizedCost / USD,,,153210000.0,163552000.0,145958000.0,145510000.0,146364000.0,167493000.0,373250000.0,330370000.0,353814000.0,366550000.0,412095000.0,530920000.0,571971000.0,601243000.0,740989000.0,771762000.0,967000000.0,938000000.0,844000000.0,967000000.0,817000000.0,806000000.0,872000000.0,1194000000.0,944000000.0,972000000.0,959000000.0,914000000.0,799000000.0,692000000.0,550000000.0,917000000.0,875000000.0,957000000.0,1032000000.0,979000000.0,943000000.0,892000000.0,948000000.0,1200000000.0,1530000000.0,1667000000.0,1733000000.0,2276000000.0,2330000000.0,2249000000.0,2340000000.0,2421000000.0,2447000000.0,2437000000.0,2419000000.0,2273000000.0,2295000000.0,2224000000.0,2162000000.0,1958000000.0,1784000000.0
AvailableForSaleSecuritiesDebtMaturitiesAfterOneThroughFiveYearsFairValue / USD,,,153573000.0,164118000.0,146320000.0,146067000.0,146644000.0,167801000.0,369844000.0,328809000.0,352447000.0,366567000.0,412437000.0,530190000.0,570730000.0,601953000.0,738942000.0,770930000.0,962000000.0,940000000.0,850000000.0,962000000.0,821000000.0,803000000.0,870000000.0,1193000000.0,943000000.0,966000000.0,947000000.0,902000000.0,789000000.0,684000000.0,547000000.0,921000000.0,878000000.0,962000000.0,1017000000.0,1009000000.0,975000000.0,926000000.0,974000000.0,1225000000.0,1546000000.0,1662000000.0,1668000000.0,2175000000.0,2186000000.0,2127000000.0,2245000000.0,2311000000.0,2334000000.0,2384000000.0,2366000000.0,2225000000.0,2297000000.0,2202000000.0,2156000000.0,1966000000.0,1801000000.0
AvailableForSaleSecuritiesDebtMaturitiesAfterTenYearsAmortizedCost / USD,,,18500000.0,18350000.0,14950000.0,14950000.0,14650000.0,14500000.0,13400000.0,12400000.0,11400000.0,11400000.0,11400000.0,7200000.0,5100000.0,3000000.0,2500000.0,2500000.0,,,,,,,,,,,,,,,23000000.0,202000000.0,271000000.0,360000000.0,440000000.0,450000000.0,425000000.0,328000000.0,361000000.0,430000000.0,497000000.0,541000000.0,577000000.0,742000000.0,784000000.0,778000000.0,899000000.0,917000000.0,967000000.0,986000000.0,1053000000.0,1068000000.0,1109000000.0,1106000000.0,1191000000.0,1185000000.0,1171000000.0
AvailableForSaleSecuritiesDebtMaturitiesAfterTenYearsFairValue / USD,,,15702000.0,15693000.0,13101000.0,13523000.0,13419000.0,13600000.0,12527000.0,11674000.0,10898000.0,10928000.0,11025000.0,6891000.0,4847000.0,2800000.0,2365000.0,2355000.0,,,,,,,,,,,,,,,23000000.0,203000000.0,273000000.0,360000000.0,437000000.0,456000000.0,434000000.0,337000000.0,366000000.0,435000000.0,499000000.0,538000000.0,548000000.0,696000000.0,715000000.0,712000000.0,845000000.0,853000000.0,889000000.0,940000000.0,1006000000.0,1019000000.0,1089000000.0,1062000000.0,1164000000.0,1161000000.0,1158000000.0
AvailableForSaleSecuritiesDebtMaturitiesSingleMaturityDate / USD,,,,,,,,,,,,,,,,,,,,,,,,,2056000000.0,2517000000.0,2113000000.0,,,,,,,,,,,,,,,,,,2988000000.0,3567000000.0,3639000000.0,,3810000000.0,3886000000.0,4111000000.0,,4424000000.0,4347000000.0,4482000000.0,,4438000000.0,4310000000.0,4226000000.0
AvailableForSaleSecuritiesDebtMaturitiesWithinOneYearAmortizedCost / USD,,,183607000.0,193996000.0,198369000.0,210489000.0,195986000.0,173871000.0,348784000.0,406330000.0,350488000.0,329504000.0,328339000.0,312449000.0,448880000.0,594621000.0,695555000.0,659930000.0,830000000.0,1109000000.0,1084000000.0,830000000.0,887000000.0,930000000.0,1151000000.0,1301000000.0,1154000000.0,1722000000.0,1576000000.0,1356000000.0,1025000000.0,1000000000.0,927000000.0,821000000.0,498000000.0,453000000.0,375000000.0,263000000.0,193000000.0,474000000.0,428000000.0,312000000.0,555000000.0,665000000.0,466000000.0,340000000.0,378000000.0,318000000.0,280000000.0,313000000.0,474000000.0,538000000.0,634000000.0,666000000.0,581000000.0,570000000.0,568000000.0,602000000.0,649000000.0
AvailableForSaleSecuritiesDebtMaturitiesWithinOneYearFairValue / USD,,,183775000.0,194299000.0,198590000.0,210828000.0,196201000.0,174145000.0,348700000.0,406342000.0,350605000.0,329633000.0,328437000.0,312493000.0,448732000.0,594574000.0,695104000.0,659729000.0,829000000.0,1109000000.0,1084000000.0,829000000.0,887000000.0,930000000.0,1151000000.0,1301000000.0,1153000000.0,1721000000.0,1573000000.0,1354000000.0,1023000000.0,997000000.0,926000000.0,821000000.0,498000000.0,453000000.0,375000000.0,265000000.0,195000000.0,475000000.0,429000000.0,314000000.0,557000000.0,667000000.0,466000000.0,338000000.0,374000000.0,315000000.0,277000000.0,307000000.0,464000000.0,530000000.0,625000000.0,657000000.0,577000000.0,567000000.0,566000000.0,600000000.0,646000000.0
CapitalizedComputerSoftwareAccumulatedAmortization / USD,,,48458000.0,,,,62932000.0,,,,86901000.0,,,,104016000.0,,,,148000000.0,,,148000000.0,,195000000.0,,,,259000000.0,,,,308000000.0,,,,320000000.0,,,,351000000.0,,,,385000000.0,,,,427000000.0,,,,482000000.0,,,,537000000.0,,,
CashAndCashEquivalentsAtCarryingValue / USD,469501000.0,469501000.0,387162000.0,455886000.0,455886000.0,455886000.0,469501000.0,493827000.0,493827000.0,493827000.0,455886000.0,795770000.0,795770000.0,795770000.0,493827000.0,935895000.0,935895000.0,935895000.0,796000000.0,1539000000.0,1539000000.0,796000000.0,1539000000.0,936000000.0,2329000000.0,2329000000.0,2329000000.0,1539000000.0,3198000000.0,2979000000.0,3934000000.0,2819000000.0,3729000000.0,3401000000.0,2814000000.0,3186000000.0,3224000000.0,2253000000.0,2679000000.0,2826000000.0,2365000000.0,3303000000.0,3196000000.0,2452000000.0,4431000000.0,4608000000.0,4357000000.0,4154000000.0,4804000000.0,4312000000.0,4242000000.0,4438000000.0,4554000000.0,4910000000.0,5565000000.0,4006000000.0,4513000000.0,4354000000.0,4732000000.0
CashCashEquivalentsRestrictedCashAndRestrictedCashEquivalents / USD,,,,,,,,,,,,,,,,,,,,,,,,,,,,,2912000000.0,2912000000.0,2912000000.0,2426000000.0,3290000000.0,3290000000.0,3290000000.0,2912000000.0,2926000000.0,2926000000.0,2926000000.0,3290000000.0,2508000000.0,2508000000.0,2508000000.0,2926000000.0,4223000000.0,4223000000.0,4223000000.0,2508000000.0,4506000000.0,4506000000.0,4506000000.0,4223000000.0,4048000000.0,4048000000.0,4048000000.0,4506000000.0,4908000000.0,4908000000.0,4908000000.0
CashCashEquivalentsRestrictedCashAndRestrictedCashEquivalentsPeriodIncreaseDecreaseIncludingExchangeRateEffect / USD,,,,,,,,,,,,,,,,,,,,,,,,,,,,,381000000.0,159000000.0,1113000000.0,486000000.0,534000000.0,209000000.0,-382000000.0,378000000.0,372000000.0,-599000000.0,-192000000.0,-364000000.0,-85000000.0,858000000.0,758000000.0,-418000000.0,274000000.0,453000000.0,212000000.0,1715000000.0,360000000.0,-128000000.0,-211000000.0,283000000.0,549000000.0,909000000.0,1572000000.0,-458000000.0,-336000000.0,-490000000.0,-29000000.0
CommonStockParOrStatedValuePerShare / USD/shares,0.001,0.001,0.001,0.001,0.001,0.001,0.001,0.001,0.001,0.001,0.001,0.001,0.001,0.001,0.001,0.001,0.001,0.001,0.001,0.001,0.001,0.001,0.001,0.001,0.001,0.001,0.001,0.001,0.001,0.001,0.001,0.001,0.001,0.001,0.001,0.001,0.001,0.001,0.001,0.001,0.001,0.001,0.001,,0.001,0.001,0.001,0.001,0.001,0.001,0.001,0.001,0.001,0.001,0.001,0.001,0.001,0.001,0.001
CommonStockSharesAuthorized / shares,80000.0,80000000.0,80000000.0,80000000.0,80000000.0,80000000.0,80000000.0,80000000.0,80000000.0,80000000.0,150000000.0,150000000.0,150000000.0,150000000.0,150000000.0,150000000.0,150000000.0,150000000.0,150000000.0,150000000.0,150000000.0,150000000.0,150000000.0,150000000.0,150000000.0,150000000.0,150000000.0,150000000.0,150000000.0,150000000.0,150000000.0,150000000.0,150000000.0,150000000.0,150000000.0,150000000.0,150000000.0,150000000.0,150000000.0,150000000.0,150000000.0,150000000.0,150000000.0,,150000000.0,150000000.0,150000000.0,150000000.0,150000000.0,150000000.0,150000000.0,150000000.0,150000000.0,150000000.0,150000000.0,150000000.0,150000000.0,150000000.0,150000000.0
CommonStockSharesOutstanding / shares,45463.0,45463000.0,45463000.0,45815000.0,45815000.0,45815000.0,45815000.0,46762000.0,46762000.0,46762000.0,46762000.0,45871000.0,45871000.0,45871000.0,45871000.0,49727000.0,49727000.0,49727000.0,50000000.0,56000000.0,56000000.0,50000000.0,56000000.0,56000000.0,57000000.0,57000000.0,57000000.0,57000000.0,60000000.0,60000000.0,60000000.0,60000000.0,62000000.0,62000000.0,62000000.0,62000000.0,62000000.0,62000000.0,62000000.0,62000000.0,59000000.0,59000000.0,59000000.0,,58000000.0,58000000.0,58000000.0,58000000.0,58000000.0,58000000.0,58000000.0,58000000.0,58000000.0,58000000.0,58000000.0,58000000.0,56000000.0,56000000.0,56000000.0
CommonStockValueOutstanding / USD,45000.0,45000.0,45000.0,46000.0,46000.0,46000.0,46000.0,47000.0,47000.0,47000.0,47000.0,46000.0,46000.0,46000.0,46000.0,50000.0,50000.0,50000.0,0.0,0.0,0.0,0.0,0.0,0.0,0.0,0.0,0.0,0.0,0.0,0.0,0.0,0.0,0.0,0.0,0.0,0.0,0.0,0.0,0.0,0.0,0.0,0.0,0.0,0.0,0.0,0.0,0.0,0.0,0.0,0.0,0.0,0.0,0.0,0.0,0.0,0.0,0.0,0.0,0.0
ComprehensiveIncomeNetOfTax / USD,20942000.0,37047000.0,31366000.0,17271000.0,35423000.0,54208000.0,54590000.0,18385000.0,-18597000.0,-14778000.0,21605000.0,30175000.0,52238000.0,61101000.0,10738000.0,5202000.0,13435000.0,28900000.0,52000000.0,29000000.0,66000000.0,52000000.0,114000000.0,62000000.0,30000000.0,65000000.0,106000000.0,140000000.0,78000000.0,-152000000.0,-249000000.0,54000000.0,101000000.0,304000000.0,502000000.0,-515000000.0,203000000.0,407000000.0,582000000.0,705000000.0,159000000.0,482000000.0,672000000.0,749000000.0,217000000.0,402000000.0,536000000.0,706000000.0,182000000.0,383000000.0,556000000.0,617000000.0,356000000.0,644000000.0,870000000.0,637000000.0,298000000.0,599000000.0,1001000000.0
ContractWithCustomerLiabilityCurrent / USD,,,,,,,,,,,,,,,,,,,,,,,,,,,,,,282000000.0,282000000.0,282000000.0,211000000.0,211000000.0,211000000.0,211000000.0,249000000.0,249000000.0,249000000.0,249000000.0,375000000.0,375000000.0,375000000.0,375000000.0,370000000.0,370000000.0,370000000.0,370000000.0,359000000.0,359000000.0,359000000.0,359000000.0,418000000.0,418000000.0,418000000.0,418000000.0,51000000.0,51000000.0,51000000.0
CostOfGoodsAndServicesSold / USD,,,,,,,,,,,,,,,,,,,,,,,,,,,,,,,,,,,,,3371000000.0,6837000000.0,10360000000.0,,3716000000.0,7314000000.0,11412000000.0,13905000000.0,5474000000.0,11293000000.0,17342000000.0,15820000000.0,6563000000.0,13435000000.0,20183000000.0,23704000000.0,6871000000.0,13909000000.0,21215000000.0,27175000000.0,8414000000.0,16782000000.0,25425000000.0
CostsAndExpenses / USD,1924463000.0,2933656000.0,3618954000.0,1088406000.0,2224100000.0,3367256000.0,3980976000.0,1340167000.0,2809217000.0,4346999000.0,4404442000.0,1522526000.0,3081914000.0,4744067000.0,5873116000.0,2044976000.0,4324588000.0,6769160000.0,6452000000.0,3089000000.0,6498000000.0,6452000000.0,9996000000.0,9474000000.0,4254000000.0,8508000000.0,12936000000.0,13791000000.0,4822000000.0,10108000000.0,15220000000.0,17476000000.0,4424000000.0,8965000000.0,13404000000.0,20438000000.0,3839000000.0,7767000000.0,11753000000.0,17759000000.0,4275000000.0,8469000000.0,13201000000.0,15785000000.0,6187000000.0,12714000000.0,19533000000.0,18345000000.0,7398000000.0,15091000000.0,22683000000.0,26751000000.0,7694000000.0,15578000000.0,23767000000.0,30801000000.0,9505000000.0,18951000000.0,28824000000.0
CurrentFederalTaxExpenseBenefit / USD,,,9421000.0,,,,36395000.0,,,,24435000.0,,,,23019000.0,,,,67000000.0,,,67000000.0,,72000000.0,,,,172000000.0,,,,134000000.0,,,,-9000000.0,,,,272000000.0,,,,204000000.0,,,,281000000.0,,,,209000000.0,,,,297000000.0,,,
CurrentIncomeTaxExpenseBenefit / USD,,,7863000.0,,,,38539000.0,,,,26022000.0,,,,24273000.0,,,,67000000.0,,,67000000.0,,75000000.0,,,,186000000.0,,,,131000000.0,,,,-6000000.0,,,,298000000.0,,,,225000000.0,,,,307000000.0,,,,240000000.0,,,,337000000.0,,,
CurrentStateAndLocalTaxExpenseBenefit / USD,,,-1558000.0,,,,2144000.0,,,,1587000.0,,,,1254000.0,,,,0.0,,,0.0,,3000000.0,,,,8000000.0,,,,3000000.0,,,,3000000.0,,,,18000000.0,,,,12000000.0,,,,26000000.0,,,,31000000.0,,,,40000000.0,,,
DebtInstrumentCarryingAmount / USD,,,164014000.0,169526000.0,169526000.0,169526000.0,169526000.0,579860000.0,585825000.0,591884000.0,598240000.0,598240000.0,598240000.0,598240000.0,598240000.0,704097000.0,704097000.0,704097000.0,852000000.0,1553000000.0,1553000000.0,852000000.0,1553000000.0,1553000000.0,,,,2041000000.0,,,1344000000.0,1282000000.0,1336000000.0,1317000000.0,1262000000.0,1262000000.0,,,,2150000000.0,,,,2200000000.0,,,,2200000000.0,,,,2200000000.0,,,,2950000000.0,,,
DebtSecuritiesAvailableForSaleAmortizedCostExcludingAccruedInterestAfterAllowanceForCreditLoss / USD,,,,,,,,,,,,,,,,,,,,,,,,,,,,,,,,,,,,,,,,,,1826000000.0,1826000000.0,1826000000.0,3208000000.0,3208000000.0,3208000000.0,3208000000.0,3709000000.0,3709000000.0,3709000000.0,3709000000.0,4367000000.0,4367000000.0,4367000000.0,4367000000.0,4400000000.0,4400000000.0,4400000000.0
DebtSecuritiesAvailableForSaleContinuousUnrealizedLossPosition12MonthsOrLonger / USD,,,,,,,,,,,,,,,,,,,,,,,,,,,,,,,,,694000000.0,694000000.0,694000000.0,694000000.0,0.0,0.0,,,,,,,,86000000.0,0.0,0.0,1398000000.0,1398000000.0,1398000000.0,1398000000.0,2431000000.0,2431000000.0,2431000000.0,2431000000.0,1594000000.0,1594000000.0,1594000000.0
DebtSecuritiesAvailableForSaleContinuousUnrealizedLossPosition12MonthsOrLongerAccumulatedLoss / USD,,,,,,,,,,,,,,,,,,,,,,,,,,,,,,,,,8000000.0,8000000.0,8000000.0,8000000.0,0.0,0.0,,,,,,,,4000000.0,0.0,0.0,135000000.0,135000000.0,135000000.0,135000000.0,126000000.0,126000000.0,126000000.0,126000000.0,72000000.0,72000000.0,72000000.0
DebtSecuritiesAvailableForSaleContinuousUnrealizedLossPosition12MonthsOrLongerNumberOfPositions / position,,,,,,,,,,,,,,,,,,,,,,,,,,,,,,,,,,,,,,,,,,,,,,45.0,305.0,0.0,624.0,624.0,624.0,624.0,1261.0,1261.0,1261.0,1261.0,871.0,871.0,871.0
DebtSecuritiesAvailableForSaleContinuousUnrealizedLossPositionLessThan12Months / USD,,,,,,,,,,,,,,,,,,,,,,,,,,,,,,,,,509000000.0,509000000.0,509000000.0,509000000.0,365000000.0,365000000.0,365000000.0,365000000.0,77000000.0,77000000.0,77000000.0,77000000.0,1706000000.0,1706000000.0,1706000000.0,1706000000.0,1858000000.0,1858000000.0,1858000000.0,1858000000.0,386000000.0,386000000.0,386000000.0,386000000.0,1204000000.0,1204000000.0,1204000000.0
DebtSecuritiesAvailableForSaleContinuousUnrealizedLossPositionLessThan12MonthsAccumulatedLoss / USD,,,,,,,,,,,,,,,,,,,,,,,,,,,,,,,,,3000000.0,3000000.0,3000000.0,3000000.0,2000000.0,2000000.0,2000000.0,2000000.0,1000000.0,1000000.0,1000000.0,1000000.0,18000000.0,18000000.0,18000000.0,18000000.0,77000000.0,77000000.0,77000000.0,77000000.0,3000000.0,3000000.0,3000000.0,3000000.0,17000000.0,17000000.0,17000000.0
DebtSecuritiesAvailableForSaleContinuousUnrealizedLossPositionLessThan12MonthsNumberOfPositions / position,,,,,,,,,,,,,,,,,,,,,,,,,,,,,,,,,,,,,,,,,21.0,21.0,21.0,,677.0,677.0,677.0,677.0,1116.0,1116.0,1116.0,1116.0,258.0,258.0,258.0,258.0,813.0,813.0,813.0
DebtSecuritiesAvailableForSaleExcludingAccruedInterest / USD,,,,,,,,,,,,,,,,,,,,,,,,,,,,,,,,,,,,,,,,,,1875000000.0,1875000000.0,1875000000.0,3202000000.0,3202000000.0,3202000000.0,3202000000.0,3499000000.0,3499000000.0,3499000000.0,3499000000.0,4259000000.0,4259000000.0,4259000000.0,4259000000.0,4325000000.0,4325000000.0,4325000000.0
DebtSecuritiesAvailableForSaleRealizedGain / USD,,,,,,,,,,,,,,,,,,,,,,,,,,,,,,,,,,,11000000.0,13000000.0,5000000.0,6000000.0,11000000.0,13000000.0,5000000.0,6000000.0,6000000.0,13000000.0,,,7000000.0,6000000.0,0.0,0.0,0.0,10000000.0,0.0,0.0,0.0,1000000.0,0.0,0.0,
DebtSecuritiesAvailableForSaleRealizedLoss / USD,,,,,,,,,,,,,,,,,,,,,,,,,,,,,,,,,,,,,,,0.0,,,0.0,,,,,0.0,7000000.0,0.0,0.0,0.0,0.0,10000000.0,10000000.0,10000000.0,7000000.0,2000000.0,3000000.0,
DecreaseInUnrecognizedTaxBenefitsIsReasonablyPossible / USD,,,,,,,,,,,,,,,,,,,1000000.0,,,1000000.0,,2000000.0,,,,2000000.0,,,,3000000.0,,,,5000000.0,,,,10000000.0,,,,10000000.0,,,,5000000.0,,,,5000000.0,,,,5000000.0,,,
DeferredCompensationPlanAssets / USD,,,,,,,,,,,,,,,,,,,,,,,,,,,,,,,,,,,,,,,,,,,,17000000.0,,,,23000000.0,,,,26000000.0,,,,39000000.0,,,
DeferredFederalIncomeTaxExpenseBenefit / USD,,,1924000.0,,,,-4717000.0,,,,16905000.0,,,,-9205000.0,,,,-25000000.0,,,-25000000.0,,0.0,,,,-10000000.0,,,,19000000.0,,,,-85000000.0,,,,-3000000.0,,,,5000000.0,,,,-13000000.0,,,,-17000000.0,,,,-66000000.0,,,
DeferredFinanceCostsNoncurrentNet / USD,,,,,,,,,,,,,,,,,,,,,,,,,11000000.0,11000000.0,11000000.0,11000000.0,12000000.0,12000000.0,12000000.0,12000000.0,10000000.0,10000000.0,10000000.0,10000000.0,7000000.0,7000000.0,7000000.0,7000000.0,23000000.0,23000000.0,23000000.0,23000000.0,27000000.0,27000000.0,27000000.0,27000000.0,24000000.0,24000000.0,24000000.0,24000000.0,20000000.0,20000000.0,20000000.0,20000000.0,27000000.0,27000000.0,27000000.0
DeferredIncomeTaxAssetsNet / USD,,,,,,,,,,,,,,,,,,,,,,,,,,10000000.0,10000000.0,10000000.0,103000000.0,103000000.0,103000000.0,103000000.0,117000000.0,117000000.0,117000000.0,117000000.0,79000000.0,79000000.0,79000000.0,79000000.0,69000000.0,69000000.0,69000000.0,69000000.0,106000000.0,106000000.0,106000000.0,106000000.0,220000000.0,220000000.0,220000000.0,220000000.0,227000000.0,227000000.0,227000000.0,227000000.0,207000000.0,207000000.0,207000000.0
DeferredIncomeTaxExpenseBenefit / USD,624000.0,4463000.0,-574000.0,,,,-4017000.0,,,,16892000.0,,,,-13760000.0,,,,-31000000.0,,,-31000000.0,,-2000000.0,,,,-7000000.0,,,,22000000.0,,,,-94000000.0,,,,-6000000.0,,,,10000000.0,,,,-19000000.0,,,,-24000000.0,,,,-66000000.0,,,
DeferredIncomeTaxLiabilities / USD,,,,,,,,,,,,,,,,,,,78000000.0,,,78000000.0,,110000000.0,,,,136000000.0,,,,15000000.0,,,,6000000.0,,,,9000000.0,,,,29000000.0,,,,14000000.0,,,,44000000.0,,,,43000000.0,,,
DeferredStateAndLocalIncomeTaxExpenseBenefit / USD,,,-2498000.0,,,,700000.0,,,,-13000.0,,,,-4555000.0,,,,-6000000.0,,,-6000000.0,,-2000000.0,,,,4000000.0,,,,2000000.0,,,,-9000000.0,,,,-3000000.0,,,,6000000.0,,,,-7000000.0,,,,-7000000.0,,,,0.0,,,
DeferredTaxAssetsLiabilitiesNet / USD,,,-519000.0,,,,-14800000.0,,,,-5457000.0,,,,25976000.0,,,,15000000.0,,,15000000.0,,18000000.0,,,,103000000.0,,,,103000000.0,,,,117000000.0,,,,79000000.0,,,,69000000.0,,,,106000000.0,,,,220000000.0,,,,227000000.0,,,
DeferredTaxAssetsNet / USD,,,,,,,,,,,,,,,,,,,93000000.0,,,93000000.0,,128000000.0,,,,131000000.0,,,,118000000.0,,,,123000000.0,,,,88000000.0,,,,98000000.0,,,,120000000.0,,,,264000000.0,,,,270000000.0,,,
DeferredTaxAssetsOperatingLossCarryforwards / USD,,,27000.0,,,,27000.0,,,,27000.0,,,,27000.0,,,,3000000.0,,,3000000.0,,7000000.0,,,,13000000.0,,,,27000000.0,,,,16000000.0,,,,13000000.0,,,,11000000.0,,,,13000000.0,,,,9000000.0,,,,7000000.0,,,
DeferredTaxAssetsOther / USD,,,-69000.0,,,,21000.0,,,,176000.0,,,,-928000.0,,,,,,,,,,,,,,,,,3000000.0,,,,3000000.0,,,,0.0,,,,4000000.0,,,,4000000.0,,,,5000000.0,,,,6000000.0,,,
DeferredTaxAssetsTaxCreditCarryforwards / USD,,,,,,,,,,,,,,,,,,,8000000.0,,,8000000.0,,8000000.0,,,,7000000.0,,,,15000000.0,,,,12000000.0,,,,11000000.0,,,,7000000.0,,,,5000000.0,,,,5000000.0,,,,5000000.0,,,
DeferredTaxAssetsTaxDeferredExpenseCompensationAndBenefits / USD,,,2126000.0,,,,2051000.0,,,,2518000.0,,,,2540000.0,,,,4000000.0,,,4000000.0,,5000000.0,,,,5000000.0,,,,16000000.0,,,,12000000.0,,,,11000000.0,,,,15000000.0,,,,23000000.0,,,,24000000.0,,,,26000000.0,,,
DeferredTaxAssetsTaxDeferredExpenseReservesAndAccrualsAccruedLiabilities / USD,,,12618000.0,,,,14541000.0,,,,15381000.0,,,,19545000.0,,,,13000000.0,,,13000000.0,,37000000.0,,,,22000000.0,,,,15000000.0,,,,39000000.0,,,,35000000.0,,,,52000000.0,,,,57000000.0,,,,77000000.0,,,,94000000.0,,,
DeferredTaxAssetsTaxDeferredExpenseReservesAndAccrualsDeferredRent / USD,,,,,,,,,,,,,,,,,,,34000000.0,,,34000000.0,,35000000.0,,,,38000000.0,,,,30000000.0,,,,30000000.0,,,,5000000.0,,,,8000000.0,,,,9000000.0,,,,88000000.0,,,,87000000.0,,,
DeferredTaxAssetsTaxDeferredExpenseReservesAndAccrualsUnearnedPremiumsReserve / USD,,,3517000.0,,,,4139000.0,,,,15675000.0,,,,10543000.0,,,,22000000.0,,,22000000.0,,21000000.0,,,,27000000.0,,,,19000000.0,,,,9000000.0,,,,11000000.0,,,,18000000.0,,,,17000000.0,,,,16000000.0,,,,19000000.0,,,
DeferredTaxAssetsUnrealizedCurrencyLosses / USD,,,,,,,,,,,,,,,,,,,,,,,,,,,,,,,,,,,,,,,,,,,,,,,,2000000.0,,,,49000000.0,,,,26000000.0,,,
DeferredTaxAssetsValuationAllowance / USD,,,,,,,,,,,3000000.0,,,,3600000.0,,,,6000000.0,,,6000000.0,,9000000.0,,,,16000000.0,,,,41000000.0,,,,28000000.0,,,,24000000.0,,,,17000000.0,,,,10000000.0,,,,18000000.0,,,,24000000.0,,,
DeferredTaxLiabilitiesPrepaidExpenses / USD,,,,,,,,,,,,,,,,,,,6000000.0,,,6000000.0,,9000000.0,,,,9000000.0,,,,6000000.0,,,,6000000.0,,,,6000000.0,,,,10000000.0,,,,13000000.0,,,,15000000.0,,,,14000000.0,,,
DefinedContributionPlanCostRecognized / USD,,,4700000.0,,,,5900000.0,,,,8500000.0,,,,10700000.0,,,,13000000.0,,,13000000.0,,21000000.0,,,,27000000.0,,,,36000000.0,,,,43000000.0,,,,36000000.0,,,,28000000.0,,,,28000000.0,,,,41000000.0,,,,45000000.0,,,
DefinedContributionPlanEmployerMatchingContributionPercent / pure,,,,,,,0.04,,,,0.04,,,,0.04,,,,0.04,,,0.04,,0.04,,,,0.04,,,,0.04,,,,0.04,,,,0.04,,,,0.04,,,,0.04,,,,0.04,,,,0.04,,,
Depreciation / USD,,,,,,,,,,,17500000.0,,,,20500000.0,,,,27000000.0,,,27000000.0,,34000000.0,,,,50000000.0,,,,45000000.0,,,,42000000.0,,,,36000000.0,,,,21000000.0,,,,16000000.0,,,,16000000.0,,,,17000000.0,,,
DepreciationAndAmortization / USD,21280000.0,33234000.0,38110000.0,12667000.0,25157000.0,38587000.0,45704000.0,15025000.0,31058000.0,46916000.0,48253000.0,16563000.0,33578000.0,52449000.0,63114000.0,20691000.0,43593000.0,67835000.0,73000000.0,25000000.0,50000000.0,73000000.0,76000000.0,93000000.0,32000000.0,66000000.0,102000000.0,104000000.0,39000000.0,76000000.0,109000000.0,139000000.0,26000000.0,51000000.0,76000000.0,137000000.0,25000000.0,47000000.0,68000000.0,99000000.0,20000000.0,41000000.0,64000000.0,89000000.0,33000000.0,64000000.0,96000000.0,88000000.0,40000000.0,84000000.0,129000000.0,131000000.0,44000000.0,86000000.0,128000000.0,176000000.0,45000000.0,91000000.0,138000000.0
DepreciationDepletionAndAmortization / USD,23912000.0,40485000.0,38110000.0,18094000.0,34602000.0,52414000.0,60765000.0,18339000.0,38010000.0,58289000.0,74383000.0,21799000.0,43907000.0,68035000.0,78764000.0,32994000.0,65654000.0,99464000.0,94000000.0,33000000.0,62000000.0,94000000.0,93000000.0,134000000.0,44000000.0,89000000.0,135000000.0,126000000.0,49000000.0,96000000.0,139000000.0,182000000.0,37000000.0,73000000.0,104000000.0,178000000.0,25000000.0,47000000.0,68000000.0,127000000.0,20000000.0,41000000.0,64000000.0,89000000.0,33000000.0,64000000.0,96000000.0,88000000.0,40000000.0,84000000.0,129000000.0,131000000.0,44000000.0,86000000.0,128000000.0,176000000.0,45000000.0,91000000.0,138000000.0
EarningsPerShareBasic / USD/shares,0.55,0.94,0.8,0.38,0.76,1.18,1.34,0.39,-0.42,-0.34,0.45,0.65,1.19,1.36,0.21,0.1,0.27,0.61,1.16,0.58,1.36,1.16,2.21,1.33,0.44,1.02,1.79,2.75,1.38,-2.74,-4.44,0.93,1.79,5.1,8.32,-9.07,3.19,6.34,9.15,11.57,2.95,7.65,10.8,11.85,3.95,7.14,9.63,11.4,4.45,8.74,12.74,11.4,5.58,10.95,15.18,13.72,5.21,10.38,16.05
EarningsPerShareDiluted / USD/shares,0.54,0.93,0.79,0.38,0.75,1.16,1.32,0.39,-0.42,-0.34,0.45,0.64,1.17,1.33,0.21,0.09,0.26,0.59,1.13,0.56,1.29,1.13,2.07,1.29,0.43,1.01,1.77,2.58,1.37,-2.74,-4.44,0.92,1.64,4.68,7.6,-9.07,2.99,6.04,8.8,10.61,2.92,7.54,10.65,11.47,3.89,7.05,9.51,11.23,4.39,8.63,12.58,11.25,5.52,10.87,15.08,13.55,5.17,10.33,15.97
EffectiveIncomeTaxRateContinuingOperations / pure,,,,,,,0.386,,,,0.357,,,,0.45,,,,0.448,,,0.448,,0.538,,,,0.555,,,,0.748,,,,0.164,,,,0.292,,,,0.242,,,,0.3,,,,0.247,,,,0.255,,,
EffectiveIncomeTaxRateReconciliationAtFederalStatutoryIncomeTaxRate / pure,,,0.35,,,,0.35,,,,0.35,,,,0.35,,,,0.35,,,0.35,,0.35,,,,0.35,,,,0.35,,,,0.35,,,,0.21,,,,0.21,,,,0.21,,,,0.21,,,,0.21,,,
EffectiveIncomeTaxRateReconciliationNondeductibleExpenseShareBasedCompensationCost / pure,,,,,,,0.01,,,,0.0,,,,0.062,,,,0.096,,,0.096,,-0.041,,,,0.006,,,,0.031,,,,-0.028,,,,0.007,,,,0.012,,,,0.011,,,,0.015,,,,0.018,,,
EffectiveIncomeTaxRateReconciliationOtherAdjustments / pure,,,,,,,-0.001,,,,0.003,,,,0.033,,,,0.02,,,0.02,,-0.003,,,,0.005,,,,0.003,,,,-0.011,,,,0.0,,,,0.006,,,,0.002,,,,0.0,,,,-0.003,,,
EffectiveIncomeTaxRateReconciliationStateAndLocalIncomeTaxes / pure,,,,,,,0.021,,,,0.009,,,,-0.092,,,,-0.005,,,-0.005,,0.004,,,,0.024,,,,0.016,,,,0.007,,,,0.012,,,,0.014,,,,0.016,,,,0.022,,,,0.03,,,
EntityCommonStockSharesOutstanding / shares,46065000.0,45696400.0,45838000.0,46350000.0,46544000.0,46583300.0,45154000.0,45416300.0,45684600.0,45760400.0,45977000.0,46264000.0,46508000.0,48397000.0,49873000.0,50132000.0,56056000.0,56082000.0,56199000.0,56584000.0,56801000.0,,56821000.0,56750000.0,57004000.0,57118000.0,57094000.0,59727000.0,61685000.0,61762000.0,62389000.0,62460000.0,62619000.0,62711000.0,62700000.0,60800000.0,59200000.0,59300000.0,59300000.0,58000000.0,58400000.0,58400000.0,58400000.0,58400000.0,58700000.0,58100000.0,58400000.0,57900000.0,58300000.0,58300000.0,58300000.0,58400000.0,58600000.0,58600000.0,57200000.0,55500000.0,54200000.0,54200000.0,51400000.0
EntityPublicFloat / USD,324000000.0,324000000.0,731000000.0,,,,664300000.0,,,,1060900000.0,,,,1338400000.0,,,,2823500000.0,,,,,2077800000.0,,,,2952700000.0,,,,6018800000.0,,,,8928700000.0,,,,10500000000.0,,,,14700000000.0,,,,16100000000.0,,,,17400000000.0,,,,17200000000.0,,,
FinanceLeaseInterestExpense / USD,,,,,,,,,,,,,,,,,,,,,,,,,,,,,,,,,4000000.0,8000000.0,11000000.0,15000000.0,,,,15000000.0,,,,15000000.0,,,,15000000.0,,,,15000000.0,,,,15000000.0,,,
FinanceLeaseInterestPaymentOnLiability / USD,,,,,,,,,,,,,,,,,,,,,,,,,,,,,,,,,4000000.0,7000000.0,12000000.0,15000000.0,,,,15000000.0,,,,15000000.0,,,,15000000.0,,,,15000000.0,,,,15000000.0,,,
FinanceLeaseLiability / USD,,,,,,,,,,,,,,,,,,,,,,,,,,,,,,,,,241000000.0,239000000.0,241000000.0,239000000.0,,,,239000000.0,,,,237000000.0,,,,234000000.0,,,,237000000.0,,,,226000000.0,,,
FinanceLeaseLiabilityCurrent / USD,,,,,,,,,,,,,,,,,,,,,,,,,,,,,,,,,7000000.0,7000000.0,8000000.0,8000000.0,,,,8000000.0,,,,12000000.0,,,,15000000.0,,,,22000000.0,,,,21000000.0,,,
FinanceLeaseLiabilityNoncurrent / USD,,,,,,,,,,,,,,,,,,,,,,,,,,,,,,,,,197000000.0,197000000.0,233000000.0,231000000.0,231000000.0,231000000.0,231000000.0,231000000.0,225000000.0,225000000.0,225000000.0,225000000.0,219000000.0,219000000.0,219000000.0,219000000.0,215000000.0,215000000.0,215000000.0,215000000.0,205000000.0,205000000.0,205000000.0,205000000.0,195000000.0,195000000.0,195000000.0
FinanceLeaseLiabilityPaymentsDue / USD,,,,,,,,,,,,,,,,,,,,,,,,,,,,,,,,,413000000.0,408000000.0,406000000.0,400000000.0,,,,383000000.0,,,,368000000.0,,,,356000000.0,,,,333000000.0,,,,314000000.0,,,
FinanceLeaseLiabilityPaymentsDueAfterYearFive / USD,,,,,,,,,,,,,,,,,,,,,,,,,,,,,,,,,311000000.0,311000000.0,311000000.0,289000000.0,,,,266000000.0,,,,243000000.0,,,,219000000.0,,,,194000000.0,,,,169000000.0,,,
FinanceLeaseLiabilityPaymentsDueNextTwelveMonths / USD,,,,,,,,,,,,,,,,,,,,,,,,,,,,,,,,,,,,23000000.0,,,,26000000.0,,,,29000000.0,,,,34000000.0,,,,34000000.0,,,,36000000.0,,,
FinanceLeaseLiabilityPaymentsDueYearFive / USD,,,,,,,,,,,,,,,,,,,,,,,,,,,,,,,,,21000000.0,21000000.0,21000000.0,22000000.0,,,,23000000.0,,,,23000000.0,,,,24000000.0,,,,25000000.0,,,,25000000.0,,,
FinanceLeaseLiabilityPaymentsDueYearFour / USD,,,,,,,,,,,,,,,,,,,,,,,,,,,,,,,,,21000000.0,21000000.0,22000000.0,21000000.0,,,,22000000.0,,,,22000000.0,,,,23000000.0,,,,24000000.0,,,,25000000.0,,,
FinanceLeaseLiabilityPaymentsDueYearThree / USD,,,,,,,,,,,,,,,,,,,,,,,,,,,,,,,,,22000000.0,22000000.0,23000000.0,21000000.0,,,,22000000.0,,,,24000000.0,,,,26000000.0,,,,26000000.0,,,,27000000.0,,,
FinanceLeaseLiabilityPaymentsDueYearTwo / USD,,,,,,,,,,,,,,,,,,,,,,,,,,,,,,,,,22000000.0,22000000.0,23000000.0,24000000.0,,,,24000000.0,,,,27000000.0,,,,30000000.0,,,,30000000.0,,,,32000000.0,,,
FinanceLeaseLiabilityUndiscountedExcessAmount / USD,,,,,,,,,,,,,,,,,,,,,,,,,,,,,,,,,172000000.0,169000000.0,165000000.0,161000000.0,,,,146000000.0,,,,134000000.0,,,,119000000.0,,,,107000000.0,,,,96000000.0,,,
FinanceLeasePrincipalPayments / USD,,,,,,,,,,,,,,,,,,,,,,,,,,,,,,,,,1000000.0,3000000.0,4000000.0,6000000.0,,,,6000000.0,,,,9000000.0,,,,9000000.0,,,,18000000.0,,,,15000000.0,,,
FinanceLeaseRightOfUseAsset / USD,,,,,,,,,,,,,,,,,,,,,,,,,,,,,,,,,237000000.0,233000000.0,233000000.0,228000000.0,,,,228000000.0,,,,216000000.0,,,,206000000.0,,,,72000000.0,,,,67000000.0,,,
FinanceLeaseRightOfUseAssetAmortization / USD,,,,,,,,,,,,,,,,,,,,,,,,,,,,,,,,,4000000.0,8000000.0,12000000.0,17000000.0,,,,0.0,,,,17000000.0,,,,19000000.0,,,,25000000.0,,,,28000000.0,,,
FinanceLeaseWeightedAverageDiscountRatePercent / pure,,,,,,,,,,,,,,,,,,,,,,,,,,,,,,,,,0.066,0.066,0.065,0.065,,,,0.065,,,,0.064,,,,0.063,,,,0.064,,,,0.065,,,
FiniteLivedIntangibleAssetsAccumulatedAmortization / USD,,,82192000.0,,,,98586000.0,,,,118361000.0,,,,139077000.0,,,,160000000.0,,,160000000.0,,154000000.0,,,,186000000.0,,,,152000000.0,,,,174000000.0,,,,170000000.0,,,,183000000.0,,,,231000000.0,,,,308000000.0,,,,393000000.0,,,
FiniteLivedIntangibleAssetsAmortizationExpenseNextTwelveMonths / USD,,,,,,,17900000.0,,,,20400000.0,,,,16300000.0,,,,25000000.0,,,25000000.0,,35000000.0,,,,21000000.0,,,,18000000.0,,,,14000000.0,,,,46000000.0,,,,59000000.0,,,,84000000.0,,,,71000000.0,,,,80000000.0,,,
FiniteLivedIntangibleAssetsAmortizationExpenseYearFive / USD,,,,,,,9300000.0,,,,12100000.0,,,,9200000.0,,,,13000000.0,,,13000000.0,,8000000.0,,,,3000000.0,,,,3000000.0,,,,3000000.0,,,,43000000.0,,,,15000000.0,,,,13000000.0,,,,8000000.0,,,,21000000.0,,,
FiniteLivedIntangibleAssetsAmortizationExpenseYearFour / USD,,,,,,,9400000.0,,,,12400000.0,,,,13800000.0,,,,18000000.0,,,18000000.0,,19000000.0,,,,5000000.0,,,,3000000.0,,,,3000000.0,,,,44000000.0,,,,55000000.0,,,,25000000.0,,,,15000000.0,,,,21000000.0,,,
FiniteLivedIntangibleAssetsAmortizationExpenseYearThree / USD,,,,,,,12100000.0,,,,12700000.0,,,,14100000.0,,,,22000000.0,,,22000000.0,,27000000.0,,,,14000000.0,,,,5000000.0,,,,3000000.0,,,,44000000.0,,,,56000000.0,,,,64000000.0,,,,27000000.0,,,,29000000.0,,,
FiniteLivedIntangibleAssetsAmortizationExpenseYearTwo / USD,,,,,,,17000000.0,,,,14700000.0,,,,14400000.0,,,,25000000.0,,,25000000.0,,33000000.0,,,,18000000.0,,,,14000000.0,,,,5000000.0,,,,44000000.0,,,,57000000.0,,,,67000000.0,,,,67000000.0,,,,40000000.0,,,
FiniteLivedIntangibleAssetsGross / USD,,,187692000.0,,,,200382000.0,,,,196072000.0,,,,237948000.0,,,,249000000.0,,,249000000.0,,276000000.0,,,,326000000.0,,,,221000000.0,,,,221000000.0,,,,199000000.0,,,,432000000.0,,,,501000000.0,,,,583000000.0,,,,601000000.0,,,
FiniteLivedIntangibleAssetsNet / USD,105500000.0,105500000.0,105500000.0,101796000.0,101796000.0,101796000.0,101796000.0,77711000.0,77711000.0,77711000.0,77711000.0,98871000.0,98871000.0,98871000.0,98871000.0,89273000.0,89273000.0,89273000.0,89000000.0,122000000.0,122000000.0,89000000.0,122000000.0,122000000.0,140000000.0,140000000.0,140000000.0,140000000.0,,,,69000000.0,,,,47000000.0,,,,29000000.0,,,,249000000.0,,,,270000000.0,,,,275000000.0,,,,208000000.0,,,
GeneralAndAdministrativeExpense / USD,156959000.0,245619000.0,276027000.0,94436000.0,191357000.0,290967000.0,345993000.0,121474000.0,241048000.0,365564000.0,393452000.0,141278000.0,302757000.0,478990000.0,518615000.0,188087000.0,381326000.0,560205000.0,666000000.0,256000000.0,543000000.0,666000000.0,830000000.0,765000000.0,340000000.0,691000000.0,1034000000.0,1146000000.0,439000000.0,844000000.0,1227000000.0,1393000000.0,352000000.0,687000000.0,998000000.0,1594000000.0,302000000.0,630000000.0,953000000.0,1333000000.0,317000000.0,662000000.0,1030000000.0,1296000000.0,473000000.0,957000000.0,1489000000.0,1480000000.0,571000000.0,1122000000.0,1682000000.0,2068000000.0,591000000.0,1209000000.0,1817000000.0,2311000000.0,711000000.0,1402000000.0,2078000000.0
Goodwill / USD,212228000.0,212228000.0,212228000.0,153954000.0,153954000.0,153954000.0,153954000.0,151088000.0,151088000.0,151088000.0,151088000.0,230738000.0,230738000.0,230738000.0,230738000.0,271964000.0,271964000.0,271964000.0,272000000.0,519000000.0,519000000.0,272000000.0,519000000.0,519000000.0,620000000.0,620000000.0,620000000.0,620000000.0,,,,186000000.0,,,,186000000.0,,,,,,,,143000000.0,,,,692000000.0,,,,982000000.0,,,,1115000000.0,,,
GoodwillAcquiredDuringPeriod / USD,,,256000.0,,,,,,,,,,,,,,,,,98000000.0,90000000.0,90000000.0,95000000.0,96000000.0,,,,,,,,,,,,0.0,,,,,,,,549000000.0,,,,290000000.0,,,,133000000.0,,,,126000000.0,,,
HeldToMaturitySecuritiesDebtMaturitiesAfterFiveThroughTenYearsNetCarryingAmount / USD,,,,,,,,,,,,,,,,,,,,,,,,,,,,,,,,,,,,,,,,,,,,,,,4000000.0,8000000.0,8000000.0,6000000.0,6000000.0,6000000.0,5000000.0,6000000.0,5000000.0,5000000.0,5000000.0,5000000.0,5000000.0
HeldToMaturitySecuritiesDebtMaturitiesAfterOneThroughFiveYearsNetCarryingAmount / USD,,,9264000.0,1041000.0,1351000.0,311000.0,4368000.0,3500000.0,4241000.0,5592000.0,4551000.0,5079000.0,600000.0,312000.0,1462000.0,5265000.0,10164000.0,10452000.0,9000000.0,5000000.0,1000000.0,9000000.0,1000000.0,10000000.0,18000000.0,18000000.0,17000000.0,4000000.0,3000000.0,,7000000.0,15000000.0,,6000000.0,,,3000000.0,4000000.0,2000000.0,2000000.0,16000000.0,8000000.0,8000000.0,70000000.0,31000000.0,28000000.0,37000000.0,37000000.0,111000000.0,131000000.0,155000000.0,65000000.0,59000000.0,78000000.0,77000000.0,142000000.0,45000000.0,25000000.0,28000000.0
HeldToMaturitySecuritiesDebtMaturitiesWithinOneYearNetCarryingAmount / USD,,,36900000.0,40906000.0,42257000.0,44177000.0,39733000.0,51617000.0,52694000.0,59633000.0,58542000.0,76957000.0,83840000.0,92807000.0,101017000.0,96101000.0,100792000.0,91518000.0,100000000.0,111000000.0,106000000.0,100000000.0,115000000.0,100000000.0,97000000.0,100000000.0,100000000.0,115000000.0,117000000.0,,111000000.0,105000000.0,100000000.0,92000000.0,79000000.0,,79000000.0,83000000.0,91000000.0,134000000.0,122000000.0,137000000.0,148000000.0,142000000.0,190000000.0,191000000.0,201000000.0,193000000.0,123000000.0,112000000.0,100000000.0,190000000.0,197000000.0,184000000.0,207000000.0,139000000.0,261000000.0,261000000.0,267000000.0
IncomeLossFromContinuingOperationsBeforeIncomeTaxesExtraordinaryItemsNoncontrollingInterest / USD,,,,,,,,,,,,,,,,,,,,,,,,,,,,,,,,,,,,,,,,,,,910000000.0,972000000.0,305000000.0,548000000.0,739000000.0,961000000.0,344000000.0,678000000.0,985000000.0,875000000.0,427000000.0,843000000.0,1175000000.0,1063000000.0,399000000.0,805000000.0,1243000000.0
IncomeTaxExpenseBenefit / USD,12991000.0,22171000.0,7289000.0,10309000.0,20596000.0,30832000.0,34522000.0,11033000.0,-9147000.0,-11113000.0,42914000.0,24445000.0,39926000.0,43791000.0,10513000.0,5655000.0,16357000.0,24784000.0,36000000.0,39000000.0,101000000.0,36000000.0,153000000.0,73000000.0,40000000.0,87000000.0,137000000.0,179000000.0,54000000.0,-30000000.0,-46000000.0,153000000.0,72000000.0,175000000.0,237000000.0,-100000000.0,62000000.0,123000000.0,181000000.0,292000000.0,75000000.0,194000000.0,271000000.0,235000000.0,77000000.0,135000000.0,183000000.0,288000000.0,86000000.0,172000000.0,249000000.0,216000000.0,106000000.0,213000000.0,300000000.0,271000000.0,98000000.0,203000000.0,315000000.0
IncomeTaxesPaidNet / USD,,,,,,,,,,,,,41407000.0,72156000.0,-4634000.0,,,,95000000.0,,,95000000.0,,30000000.0,,,,197000000.0,,,,153000000.0,,,,7000000.0,,,,240000000.0,,,,239000000.0,,,,321000000.0,,,,235000000.0,,,,340000000.0,,,
IncreaseDecreaseInAccountsPayableAndAccruedLiabilities / USD,27958000.0,15131000.0,-26467000.0,-25796000.0,-8715000.0,246000.0,40482000.0,-34796000.0,-22982000.0,-9030000.0,2778000.0,-31847000.0,-16968000.0,20991000.0,8078000.0,58952000.0,57625000.0,-26384000.0,33000000.0,189000000.0,158000000.0,33000000.0,34000000.0,11000000.0,205000000.0,147000000.0,1000000.0,84000000.0,50000000.0,-18000000.0,90000000.0,-4000000.0,319000000.0,349000000.0,398000000.0,-12000000.0,-30000000.0,-61000000.0,37000000.0,45000000.0,254000000.0,259000000.0,63000000.0,9000000.0,16000000.0,-15000000.0,129000000.0,86000000.0,-81000000.0,-147000000.0,-40000000.0,138000000.0,-215000000.0,-208000000.0,-137000000.0,55000000.0,-215000000.0,-307000000.0,-33000000.0
IncreaseDecreaseInAccruedIncomeTaxesPayable / USD,4910000.0,3327000.0,-2049000.0,-5430000.0,-7571000.0,-18957000.0,19258000.0,-3663000.0,-19737000.0,-21878000.0,-24855000.0,8424000.0,8976000.0,-1012000.0,18172000.0,4642000.0,16016000.0,25063000.0,-39000000.0,2000000.0,1000000.0,-39000000.0,30000000.0,42000000.0,-24000000.0,-10000000.0,32000000.0,-22000000.0,59000000.0,-30000000.0,-22000000.0,-26000000.0,78000000.0,127000000.0,118000000.0,-16000000.0,43000000.0,-3000000.0,4000000.0,51000000.0,60000000.0,184000000.0,34000000.0,-15000000.0,66000000.0,14000000.0,23000000.0,-14000000.0,67000000.0,46000000.0,59000000.0,7000000.0,101000000.0,202000000.0,309000000.0,2000000.0,65000000.0,1000000.0,29000000.0
IncreaseDecreaseInContractWithCustomerLiability / USD,,,,,,,,,,,,,,,,,,,,,,,,,,,,,,-32000000.0,153000000.0,92000000.0,130000000.0,-42000000.0,-55000000.0,-34000000.0,-4000000.0,-181000000.0,-4000000.0,-21000000.0,-206000000.0,-195000000.0,-188000000.0,38000000.0,-304000000.0,-333000000.0,-374000000.0,126000000.0,-352000000.0,-357000000.0,293000000.0,-5000000.0,295000000.0,55000000.0,332000000.0,-11000000.0,-90000000.0,-405000000.0,-53000000.0
IncreaseDecreaseInDeferredIncomeTaxes / USD,,,1000.0,-1619000.0,2839000.0,-8069000.0,4092000.0,-8263000.0,1264000.0,-523000.0,-13836000.0,16000.0,22155000.0,38442000.0,9887000.0,670000.0,-1692000.0,10705000.0,32000000.0,-1000000.0,-7000000.0,32000000.0,12000000.0,2000000.0,-30000000.0,-39000000.0,-20000000.0,7000000.0,5000000.0,41000000.0,68000000.0,-22000000.0,6000000.0,6000000.0,32000000.0,94000000.0,-15000000.0,-19000000.0,-7000000.0,6000000.0,-14000000.0,-6000000.0,3000000.0,-10000000.0,-6000000.0,-7000000.0,8000000.0,19000000.0,-16000000.0,-3000000.0,35000000.0,24000000.0,-1000000.0,4000000.0,33000000.0,66000000.0,-26000000.0,-21000000.0,-14000000.0
IncreaseDecreaseInHealthCareInsuranceLiabilities / USD,30284000.0,33347000.0,22874000.0,-2974000.0,-12743000.0,6699000.0,34363000.0,53357000.0,123062000.0,133987000.0,48120000.0,-3385000.0,-29043000.0,138176000.0,92054000.0,149754000.0,254395000.0,454059000.0,175000000.0,248000000.0,292000000.0,175000000.0,359000000.0,531000000.0,255000000.0,82000000.0,168000000.0,482000000.0,-3000000.0,148000000.0,549000000.0,226000000.0,-163000000.0,-267000000.0,-144000000.0,263000000.0,34000000.0,-194000000.0,14000000.0,-226000000.0,127000000.0,106000000.0,431000000.0,-107000000.0,168000000.0,272000000.0,522000000.0,544000000.0,263000000.0,405000000.0,251000000.0,471000000.0,296000000.0,149000000.0,611000000.0,153000000.0,-24000000.0,-48000000.0,65000000.0
IncreaseDecreaseInPrepaidDeferredExpenseAndOtherAssets / USD,6348000.0,7707000.0,-383000.0,8069000.0,2780000.0,1819000.0,12034000.0,5640000.0,10352000.0,10574000.0,-3308000.0,8956000.0,22856000.0,27552000.0,8958000.0,78023000.0,66887000.0,51582000.0,23000000.0,137000000.0,97000000.0,23000000.0,63000000.0,20000000.0,202000000.0,143000000.0,116000000.0,35000000.0,12000000.0,38000000.0,53000000.0,69000000.0,239000000.0,181000000.0,117000000.0,56000000.0,-20000000.0,-18000000.0,6000000.0,-6000000.0,229000000.0,157000000.0,98000000.0,-28000000.0,15000000.0,6000000.0,43000000.0,16000000.0,32000000.0,64000000.0,110000000.0,19000000.0,-7000000.0,-6000000.0,69000000.0,124000000.0,-8000000.0,-16000000.0,6000000.0
IncreaseDecreaseInReceivables / USD,1598000.0,64896000.0,8092000.0,-19388000.0,-26999000.0,-5411000.0,7539000.0,54356000.0,-6891000.0,-10989000.0,-352000.0,569000.0,64094000.0,144285000.0,-18216000.0,39297000.0,174579000.0,126748000.0,149000000.0,-105000000.0,35000000.0,149000000.0,23000000.0,298000000.0,266000000.0,415000000.0,427000000.0,-56000000.0,32000000.0,32000000.0,28000000.0,348000000.0,83000000.0,315000000.0,507000000.0,-103000000.0,29000000.0,-91000000.0,-50000000.0,530000000.0,197000000.0,174000000.0,369000000.0,76000000.0,98000000.0,192000000.0,247000000.0,100000000.0,-21000000.0,43000000.0,15000000.0,415000000.0,234000000.0,83000000.0,132000000.0,95000000.0,123000000.0,5000000.0,31000000.0
IncrementalCommonSharesAttributableToShareBasedPaymentArrangements / shares,,,211000.0,669000.0,649000.0,641000.0,457000.0,857000.0,0.0,0.0,669000.0,462000.0,488000.0,532000.0,619000.0,597000.0,527000.0,441000.0,1000000.0,0.0,,1000000.0,1000000.0,0.0,1000000.0,,,1000000.0,,,0.0,300000.0,300000.0,200000.0,300000.0,0.0,600000.0,600000.0,600000.0,300000.0,700000.0,800000.0,800000.0,600000.0,900000.0,800000.0,700000.0,900000.0,700000.0,700000.0,700000.0,800000.0,500000.0,400000.0,400000.0,700000.0,400000.0,300000.0,300000.0
InsuranceRecoveries / USD,,,,,,,,,,,,,,,,,,,,,,,,,,,,,,,,65000000.0,,,,24000000.0,,,,33000000.0,,,,18000000.0,,,,23000000.0,,,,33000000.0,,,,35000000.0,,,
IntangibleAssetsNetIncludingGoodwill / USD,,,,,,,,,,,,,,,,,,,,,,361000000.0,641000000.0,641000000.0,760000000.0,760000000.0,760000000.0,641000000.0,255000000.0,255000000.0,255000000.0,760000000.0,190000000.0,190000000.0,190000000.0,255000000.0,172000000.0,172000000.0,172000000.0,172000000.0,941000000.0,941000000.0,941000000.0,941000000.0,1252000000.0,1252000000.0,1252000000.0,1252000000.0,1390000000.0,1390000000.0,1390000000.0,1390000000.0,1449000000.0,1449000000.0,1449000000.0,1449000000.0,1938000000.0,1938000000.0,1938000000.0
InterestAndDividendIncomeOperating / USD,3120000.0,4880000.0,9149000.0,1594000.0,3040000.0,3804000.0,6259000.0,1717000.0,2738000.0,3893000.0,5446000.0,1516000.0,3144000.0,4884000.0,5075000.0,1629000.0,3574000.0,5615000.0,7000000.0,3000000.0,7000000.0,7000000.0,12000000.0,20000000.0,9000000.0,19000000.0,29000000.0,23000000.0,14000000.0,30000000.0,48000000.0,38000000.0,24000000.0,56000000.0,93000000.0,70000000.0,29000000.0,63000000.0,103000000.0,125000000.0,4000000.0,9000000.0,13000000.0,17000000.0,20000000.0,42000000.0,58000000.0,17000000.0,20000000.0,38000000.0,57000000.0,,21000000.0,40000000.0,60000000.0,,,,
InterestExpenseNonoperating / USD,,,,,,,,,,,,,,,,,,,,,,,,,,,,,,,,,,,,,,,,,,,,,,,,,,,,,,55000000.0,82000000.0,110000000.0,27000000.0,55000000.0,84000000.0
InterestPaidNet / USD,,,,,,,,,,,,,,,,,,,,,,,,,,,,,,,,66000000.0,,,,78000000.0,,,,93000000.0,,,,78000000.0,,,,112000000.0,,,,127000000.0,,,,108000000.0,,,
InterestReceivable / USD,,,,,,,,,,,,,,,,,,,,,,,,,,,,,,,,,,,,,12000000.0,12000000.0,12000000.0,12000000.0,,,,10000000.0,,,,11000000.0,,,,35000000.0,,,,53000000.0,,,
LesseeOperatingLeaseLiabilityPaymentsDue / USD,,,,,,,,,,,,,,,,,,,,,,,,,,,,,,,,,103000000.0,95000000.0,85000000.0,80000000.0,,,,84000000.0,,,,163000000.0,,,,143000000.0,,,,128000000.0,,,,102000000.0,,,
LesseeOperatingLeaseLiabilityPaymentsDueAfterYearFive / USD,,,,,,,,,,,,,,,,,,,,,,,,,,,,,,,,,9000000.0,9000000.0,8000000.0,3000000.0,,,,3000000.0,,,,61000000.0,,,,55000000.0,,,,50000000.0,,,,42000000.0,,,
LesseeOperatingLeaseLiabilityPaymentsDueNextTwelveMonths / USD,,,,,,,,,,,,,,,,,,,,,,,,,,,,,,,,,,,,28000000.0,,,,29000000.0,,,,30000000.0,,,,28000000.0,,,,24000000.0,,,,19000000.0,,,
LesseeOperatingLeaseLiabilityPaymentsDueYearFive / USD,,,,,,,,,,,,,,,,,,,,,,,,,,,,,,,,,9000000.0,10000000.0,10000000.0,5000000.0,,,,6000000.0,,,,10000000.0,,,,9000000.0,,,,9000000.0,,,,8000000.0,,,
LesseeOperatingLeaseLiabilityPaymentsDueYearFour / USD,,,,,,,,,,,,,,,,,,,,,,,,,,,,,,,,,12000000.0,12000000.0,12000000.0,10000000.0,,,,10000000.0,,,,16000000.0,,,,11000000.0,,,,11000000.0,,,,9000000.0,,,
LesseeOperatingLeaseLiabilityPaymentsDueYearThree / USD,,,,,,,,,,,,,,,,,,,,,,,,,,,,,,,,,18000000.0,18000000.0,18000000.0,14000000.0,,,,16000000.0,,,,20000000.0,,,,18000000.0,,,,14000000.0,,,,11000000.0,,,
LesseeOperatingLeaseLiabilityPaymentsDueYearTwo / USD,,,,,,,,,,,,,,,,,,,,,,,,,,,,,,,,,28000000.0,28000000.0,28000000.0,20000000.0,,,,20000000.0,,,,26000000.0,,,,22000000.0,,,,20000000.0,,,,13000000.0,,,
LesseeOperatingLeaseLiabilityUndiscountedExcessAmount / USD,,,,,,,,,,,,,,,,,,,,,,,,,,,,,,,,,10000000.0,10000000.0,8000000.0,7000000.0,,,,8000000.0,,,,29000000.0,,,,25000000.0,,,,23000000.0,,,,19000000.0,,,
Liabilities / USD,790157000.0,790157000.0,790157000.0,897073000.0,897073000.0,897073000.0,897073000.0,1152508000.0,1152508000.0,1152508000.0,1152508000.0,2110000000.0,2110000000.0,2110000000.0,2110000000.0,3466773000.0,3466773000.0,3466773000.0,3425000000.0,5019000000.0,5019000000.0,3425000000.0,5019000000.0,5019000000.0,5800000000.0,5800000000.0,5800000000.0,5800000000.0,7134000000.0,7134000000.0,7134000000.0,7134000000.0,5507000000.0,5507000000.0,5507000000.0,5507000000.0,4827000000.0,4827000000.0,4827000000.0,4827000000.0,7436000000.0,7436000000.0,7436000000.0,7436000000.0,9579000000.0,9579000000.0,9579000000.0,9579000000.0,9350000000.0,9350000000.0,9350000000.0,9350000000.0,10677000000.0,10677000000.0,10677000000.0,10677000000.0,11134000000.0,11134000000.0,11134000000.0
LiabilitiesAndStockholdersEquity / USD,1509214000.0,1509214000.0,1509214000.0,1652146000.0,1652146000.0,1652146000.0,1652146000.0,1934822000.0,1934822000.0,1934822000.0,1934822000.0,3002937000.0,3002937000.0,3002937000.0,3002937000.0,4477215000.0,4477215000.0,4477215000.0,4435000000.0,6576000000.0,6576000000.0,4435000000.0,6576000000.0,6576000000.0,7449000000.0,7449000000.0,7449000000.0,7449000000.0,8471000000.0,8471000000.0,8471000000.0,8471000000.0,7154000000.0,7154000000.0,7154000000.0,7154000000.0,6787000000.0,6787000000.0,6787000000.0,6787000000.0,9532000000.0,9532000000.0,9532000000.0,9532000000.0,12209000000.0,12209000000.0,12209000000.0,12209000000.0,12314000000.0,12314000000.0,12314000000.0,12314000000.0,14892000000.0,14892000000.0,14892000000.0,14892000000.0,15630000000.0,15630000000.0,15630000000.0
LiabilitiesCurrent / USD,565548000.0,565548000.0,565548000.0,601834000.0,601834000.0,601834000.0,601834000.0,828037000.0,828037000.0,828037000.0,828037000.0,1293976000.0,1293976000.0,1293976000.0,1293976000.0,2174773000.0,2174773000.0,2174773000.0,2175000000.0,3822000000.0,3822000000.0,2175000000.0,3822000000.0,3822000000.0,4570000000.0,4570000000.0,4570000000.0,4570000000.0,5557000000.0,5557000000.0,5557000000.0,5557000000.0,4246000000.0,4246000000.0,4246000000.0,4246000000.0,3269000000.0,3269000000.0,3269000000.0,3269000000.0,4965000000.0,4965000000.0,4965000000.0,4965000000.0,7047000000.0,7047000000.0,7047000000.0,7047000000.0,6855000000.0,6855000000.0,6855000000.0,6855000000.0,8168000000.0,8168000000.0,8168000000.0,8168000000.0,7896000000.0,7896000000.0,7896000000.0
LiabilityForClaimsAndClaimsAdjustmentExpense / USD,354356000.0,354356000.0,354356000.0,402476000.0,402476000.0,402476000.0,402476000.0,494530000.0,494530000.0,494530000.0,354356000.0,494530000.0,494530000.0,494530000.0,402476000.0,669787000.0,669787000.0,669787000.0,495000000.0,1201000000.0,1201000000.0,495000000.0,1201000000.0,670000000.0,1685000000.0,1685000000.0,1685000000.0,1201000000.0,1929000000.0,1929000000.0,1929000000.0,1685000000.0,2192000000.0,2192000000.0,2192000000.0,1929000000.0,1961000000.0,1961000000.0,1961000000.0,2192000000.0,1854000000.0,1854000000.0,1854000000.0,1961000000.0,2696000000.0,2696000000.0,2696000000.0,1854000000.0,3363000000.0,3363000000.0,3363000000.0,2696000000.0,3528000000.0,3528000000.0,3528000000.0,3363000000.0,4204000000.0,4204000000.0,4204000000.0
LiabilityForUnpaidClaimsAndClaimsAdjustmentExpenseBusinessAcquisitions / USD,,,,,,,,,,,,,,,,,,,,,,,,,,,,,,,,,,,,,,,,0.0,,,,224000000.0,,,,,,,,96000000.0,,,,476000000.0,,,
LiabilityForUnpaidClaimsAndClaimsAdjustmentExpenseClaimsPaidCurrentYear1 / USD,,,,,,,,,,,,,4932195000.0,4932195000.0,4689395000.0,7064427000.0,7064427000.0,7064427000.0,4932000000.0,10448000000.0,10448000000.0,4932000000.0,10448000000.0,7064000000.0,2241000000.0,5885000000.0,9536000000.0,10448000000.0,2683000000.0,6883000000.0,10944000000.0,13304000000.0,2498000000.0,6248000000.0,9866000000.0,15130000000.0,2197000000.0,5585000000.0,8996000000.0,13671000000.0,2274000000.0,5688000000.0,9500000000.0,12554000000.0,3513000000.0,9023000000.0,14880000000.0,13871000000.0,4197000000.0,10622000000.0,17538000000.0,21148000000.0,4487000000.0,11166000000.0,18228000000.0,24345000000.0,5409000000.0,13429000000.0,22172000000.0
LiabilityForUnpaidClaimsAndClaimsAdjustmentExpenseClaimsPaidPriorYears1 / USD,,,,,,,,,,,,,385479000.0,385479000.0,308307000.0,449771000.0,449771000.0,449771000.0,385000000.0,910000000.0,910000000.0,385000000.0,910000000.0,450000000.0,1116000000.0,1240000000.0,1278000000.0,910000000.0,1335000000.0,1457000000.0,1501000000.0,1284000000.0,1438000000.0,1652000000.0,1706000000.0,1574000000.0,1311000000.0,1450000000.0,1481000000.0,1710000000.0,1305000000.0,1486000000.0,1527000000.0,1482000000.0,1781000000.0,1949000000.0,2008000000.0,1507000000.0,2199000000.0,2411000000.0,2481000000.0,2080000000.0,2358000000.0,2650000000.0,2707000000.0,2670000000.0,2879000000.0,3161000000.0,3215000000.0
LiabilityForUnpaidClaimsAndClaimsAdjustmentExpenseIncurredButNotReportedIBNRClaimsAmount / USD,,,,,,,,,,,,,424173000.0,424173000.0,377614000.0,870429000.0,870429000.0,870429000.0,424000000.0,1191000000.0,1191000000.0,424000000.0,1191000000.0,871000000.0,1352000000.0,1352000000.0,1352000000.0,1191000000.0,1717000000.0,1717000000.0,1717000000.0,1552000000.0,,,,1391000000.0,,,,1631000000.0,,,,2480000000.0,,,,2588000000.0,,,,2898000000.0,,,,3083000000.0,,,
LiabilityForUnpaidClaimsAndClaimsAdjustmentExpenseIncurredClaims1 / USD,,,,,,,,,,,,,5381664000.0,5381664000.0,5096760000.0,8076906000.0,8076906000.0,8076906000.0,5381000000.0,11794000000.0,11794000000.0,5381000000.0,11794000000.0,8077000000.0,3588000000.0,7182000000.0,10930000000.0,11794000000.0,4111000000.0,8602000000.0,12822000000.0,14774000000.0,3722000000.0,7572000000.0,11362000000.0,17073000000.0,3371000000.0,6837000000.0,10360000000.0,15137000000.0,3716000000.0,7314000000.0,11412000000.0,13905000000.0,5474000000.0,11293000000.0,17342000000.0,15820000000.0,6563000000.0,13435000000.0,20183000000.0,23704000000.0,6871000000.0,13909000000.0,21215000000.0,27175000000.0,8414000000.0,16782000000.0,25425000000.0
LongTermDebtMaturitiesRepaymentsOfPrincipalAfterYearFive / USD,,,42474000.0,,,,41170000.0,591170000.0,550000000.0,550000000.0,550000000.0,550000000.0,550000000.0,851551000.0,851551000.0,851551000.0,851551000.0,851551000.0,1002000000.0,1002000000.0,1002000000.0,1002000000.0,1002000000.0,1002000000.0,,,,491000000.0,,,330000000.0,330000000.0,330000000.0,,,330000000.0,,,,1450000000.0,,,,2200000000.0,,,,2200000000.0,,,,1400000000.0,,,,2150000000.0,,,
LongTermDebtMaturitiesRepaymentsOfPrincipalInNextTwelveMonths / USD,,,1197000.0,,,,1155000.0,863000.0,187000000.0,187000000.0,187000000.0,,,,0.0,,,,1000000.0,,,1000000.0,,0.0,,,,0.0,,,0.0,0.0,,,,18000000.0,,,,0.0,,,,0.0,,,,0.0,,,,0.0,,,,0.0,,,
LongTermDebtMaturitiesRepaymentsOfPrincipalInYearFive / USD,,,1309000.0,,,,1372000.0,1372000.0,,,0.0,0.0,0.0,0.0,0.0,0.0,0.0,0.0,550000000.0,550000000.0,550000000.0,550000000.0,550000000.0,0.0,,,,1000000000.0,,,0.0,0.0,70000000.0,22000000.0,22000000.0,154000000.0,,,,0.0,,,,0.0,,,,0.0,,,,800000000.0,,,,0.0,,,
LongTermDebtMaturitiesRepaymentsOfPrincipalInYearFour / USD,,,1259000.0,,,,41309000.0,1309000.0,0.0,0.0,0.0,0.0,0.0,0.0,0.0,0.0,0.0,0.0,0.0,0.0,0.0,0.0,0.0,550000000.0,,,,0.0,,,700000000.0,700000000.0,10000000.0,722000000.0,722000000.0,22000000.0,,,,0.0,,,,0.0,,,,0.0,,,,0.0,,,,800000000.0,,,
LongTermDebtMaturitiesRepaymentsOfPrincipalInYearThree / USD,,,188206000.0,,,,1259000.0,1259000.0,0.0,0.0,0.0,0.0,0.0,0.0,0.0,0.0,0.0,0.0,0.0,0.0,0.0,0.0,0.0,0.0,,,,550000000.0,,,0.0,0.0,710000000.0,16000000.0,16000000.0,722000000.0,,,,0.0,,,,0.0,,,,0.0,,,,0.0,,,,0.0,,,
LongTermDebtMaturitiesRepaymentsOfPrincipalInYearTwo / USD,,,1155000.0,,,,188206000.0,188206000.0,0.0,0.0,0.0,0.0,0.0,0.0,0.0,0.0,0.0,0.0,0.0,0.0,0.0,0.0,0.0,0.0,,,,0.0,,,314000000.0,252000000.0,7000000.0,73000000.0,18000000.0,16000000.0,,,,700000000.0,,,,0.0,,,,0.0,,,,0.0,,,,0.0,,,
LongTermDebtNoncurrent / USD,164014000.0,164014000.0,164014000.0,216929000.0,216929000.0,216929000.0,216929000.0,261784000.0,,,,,,,,,,,,,,887000000.0,1160000000.0,1160000000.0,1173000000.0,975000000.0,975000000.0,975000000.0,1318000000.0,1318000000.0,1318000000.0,1318000000.0,1020000000.0,1020000000.0,1020000000.0,1020000000.0,1237000000.0,1237000000.0,1237000000.0,1237000000.0,2127000000.0,2127000000.0,2127000000.0,2127000000.0,2173000000.0,2173000000.0,2173000000.0,2173000000.0,2176000000.0,2176000000.0,2176000000.0,2176000000.0,2180000000.0,2180000000.0,2180000000.0,2180000000.0,2923000000.0,2923000000.0,2923000000.0
MarketableSecuritiesCurrent / USD,295375000.0,295375000.0,295375000.0,336916000.0,336916000.0,336916000.0,336916000.0,342845000.0,342845000.0,342845000.0,342845000.0,703052000.0,703052000.0,703052000.0,703052000.0,1019462000.0,1019462000.0,1019462000.0,1019000000.0,1801000000.0,1801000000.0,1019000000.0,1801000000.0,1801000000.0,1758000000.0,1758000000.0,1758000000.0,1758000000.0,2524000000.0,2524000000.0,2524000000.0,2524000000.0,1681000000.0,1681000000.0,1681000000.0,1681000000.0,1946000000.0,1946000000.0,1946000000.0,1946000000.0,1875000000.0,1875000000.0,1875000000.0,1875000000.0,3202000000.0,3202000000.0,3202000000.0,3202000000.0,3499000000.0,3499000000.0,3499000000.0,3499000000.0,4259000000.0,4259000000.0,4259000000.0,4259000000.0,4325000000.0,4325000000.0,4325000000.0
NetCashProvidedByUsedInFinancingActivities / USD,105051000.0,111857000.0,-35319000.0,3538000.0,7206000.0,-895000.0,113811000.0,16039000.0,58589000.0,48423000.0,49473000.0,374837000.0,490460000.0,490458000.0,47743000.0,-35932000.0,-41668000.0,82783000.0,493000000.0,5000000.0,384000000.0,493000000.0,384000000.0,79000000.0,2000000.0,11000000.0,11000000.0,1085000000.0,-1000000.0,333000000.0,632000000.0,19000000.0,-5000000.0,-503000000.0,-1012000000.0,636000000.0,-48000000.0,-362000000.0,-510000000.0,-1193000000.0,-125000000.0,63000000.0,61000000.0,-559000000.0,-207000000.0,-200000000.0,-204000000.0,217000000.0,-77000000.0,-268000000.0,-258000000.0,-183000000.0,-65000000.0,-55000000.0,-61000000.0,-441000000.0,-62000000.0,-50000000.0,-414000000.0
NetCashProvidedByUsedInInvestingActivities / USD,-139430000.0,-164388000.0,-37713000.0,-79755000.0,-118777000.0,-122662000.0,-288823000.0,-42718000.0,-61307000.0,-90794000.0,-236927000.0,-21200000.0,-431812000.0,-541416000.0,-93584000.0,-27491000.0,-102336000.0,-261280000.0,-543000000.0,-228000000.0,-557000000.0,-543000000.0,-665000000.0,-536000000.0,-314000000.0,-273000000.0,-131000000.0,-1420000000.0,-337000000.0,-846000000.0,-476000000.0,-206000000.0,145000000.0,398000000.0,821000000.0,-1062000000.0,171000000.0,-393000000.0,-80000000.0,1143000000.0,-103000000.0,38000000.0,98000000.0,-293000000.0,-87000000.0,-408000000.0,-1106000000.0,-400000000.0,74000000.0,-591000000.0,-938000000.0,-1653000000.0,-302000000.0,-439000000.0,-719000000.0,-790000000.0,-488000000.0,-435000000.0,-483000000.0
NetCashProvidedByUsedInOperatingActivities / USD,25863000.0,9485000.0,155371000.0,84123000.0,114898000.0,155163000.0,161397000.0,50575000.0,235983000.0,264024000.0,225395000.0,20104000.0,-111748000.0,111744000.0,347784000.0,210897000.0,235460000.0,841198000.0,190000000.0,554000000.0,648000000.0,190000000.0,906000000.0,1060000000.0,139000000.0,278000000.0,633000000.0,1125000000.0,719000000.0,672000000.0,957000000.0,673000000.0,394000000.0,314000000.0,-191000000.0,804000000.0,249000000.0,156000000.0,398000000.0,-314000000.0,143000000.0,757000000.0,599000000.0,434000000.0,568000000.0,1061000000.0,1522000000.0,1898000000.0,363000000.0,731000000.0,985000000.0,2119000000.0,916000000.0,1403000000.0,2352000000.0,773000000.0,214000000.0,-5000000.0,868000000.0
NetIncomeLoss / USD,21169000.0,37342000.0,30868000.0,17388000.0,34828000.0,53778000.0,54970000.0,18089000.0,-19217000.0,-15853000.0,20818000.0,29915000.0,54486000.0,62055000.0,9790000.0,4498000.0,12309000.0,28431000.0,53000000.0,28000000.0,67000000.0,53000000.0,113000000.0,62000000.0,24000000.0,57000000.0,99000000.0,143000000.0,77000000.0,-153000000.0,77000000.0,52000000.0,107000000.0,107000000.0,107000000.0,-512000000.0,198000000.0,198000000.0,198000000.0,707000000.0,178000000.0,178000000.0,178000000.0,737000000.0,228000000.0,228000000.0,228000000.0,673000000.0,258000000.0,258000000.0,258000000.0,659000000.0,321000000.0,321000000.0,321000000.0,792000000.0,301000000.0,301000000.0,301000000.0
NetInvestmentIncome / USD,,,,,,,,,,,,,,,,,,,,,,,,,,,,,,,,,,,,,,,,,25000000.0,38000000.0,48000000.0,115000000.0,9000000.0,19000000.0,39000000.0,59000000.0,11000000.0,33000000.0,82000000.0,52000000.0,71000000.0,168000000.0,280000000.0,143000000.0,108000000.0,223000000.0,341000000.0
NumberOfReportableSegments / segment,,,,,,,,,,,,,,,,,,,,,,,,,,,,,,,,,,,2.0,2.0,2.0,2.0,2.0,,,,,,,4.0,4.0,4.0,4.0,4.0,4.0,4.0,4.0,4.0,4.0,4.0,4.0,4.0,4.0
OperatingIncomeLoss / USD,41616000.0,71569000.0,51934000.0,31300000.0,62710000.0,96276000.0,105001000.0,33420000.0,-13118000.0,-10750000.0,135821000.0,67873000.0,114319000.0,139245000.0,41093000.0,24267000.0,56694000.0,96473000.0,137000000.0,82000000.0,198000000.0,137000000.0,311000000.0,193000000.0,89000000.0,194000000.0,312000000.0,387000000.0,82000000.0,-205000000.0,-286000000.0,306000000.0,222000000.0,564000000.0,859000000.0,-555000000.0,280000000.0,545000000.0,802000000.0,1131000000.0,274000000.0,698000000.0,987000000.0,1044000000.0,335000000.0,608000000.0,829000000.0,1078000000.0,372000000.0,733000000.0,1068000000.0,1020000000.0,455000000.0,898000000.0,1257000000.0,1173000000.0,426000000.0,860000000.0,1327000000.0
OperatingLeaseCost / USD,,,,,,,,,,,,,,,,,,,,,,,,,,,,,,,,,9000000.0,17000000.0,26000000.0,34000000.0,,,,34000000.0,,,,28000000.0,,,,28000000.0,,,,34000000.0,,,,31000000.0,,,
OperatingLeaseImpairmentLoss / USD,,,,,,,,,,,,,,,,,,,,,,,,,,,,,,,,,,,,,,,,,,,,,,,,,,,,192000000.0,,,,192000000.0,,,
OperatingLeaseLiability / USD,,,,,,,,,,,,,,,,,,,,,,,,,,,,,,,,,93000000.0,85000000.0,77000000.0,73000000.0,,,,73000000.0,,,,76000000.0,,,,134000000.0,,,,118000000.0,,,,105000000.0,,,
OperatingLeaseLiabilityCurrent / USD,,,,,,,,,,,,,,,,,,,,,,,,,,,,,,,,,31000000.0,29000000.0,28000000.0,25000000.0,,,,25000000.0,,,,21000000.0,,,,35000000.0,,,,41000000.0,,,,20000000.0,,,
OperatingLeaseLiabilityNoncurrent / USD,,,,,,,,,,,,,,,,,,,,,,,,,,,,,,,,,62000000.0,56000000.0,49000000.0,48000000.0,,,,48000000.0,,,,42000000.0,,,,99000000.0,,,,77000000.0,,,,85000000.0,,,
OperatingLeasePayments / USD,,,,,,,,,,,,,,,,,,,,,,,,,,,,,,,,,9000000.0,19000000.0,28000000.0,36000000.0,,,,36000000.0,,,,30000000.0,,,,30000000.0,,,,33000000.0,,,,31000000.0,,,
OperatingLeaseWeightedAverageDiscountRatePercent / pure,,,,,,,,,,,,,,,,,,,,,,,,,,,,,,,,,0.055,0.055,0.056,0.056,,,,0.052,,,,0.043,,,,0.044,,,,0.048,,,,0.05,,,
OtherAssetsNoncurrent / USD,17368000.0,17368000.0,15090000.0,17099000.0,17099000.0,17099000.0,17099000.0,19621000.0,19621000.0,19621000.0,19621000.0,35564000.0,35564000.0,46462000.0,46462000.0,44326000.0,44326000.0,44326000.0,30000000.0,28000000.0,28000000.0,30000000.0,28000000.0,28000000.0,41000000.0,41000000.0,41000000.0,41000000.0,141000000.0,141000000.0,141000000.0,141000000.0,24000000.0,24000000.0,24000000.0,24000000.0,105000000.0,105000000.0,105000000.0,105000000.0,119000000.0,119000000.0,119000000.0,119000000.0,179000000.0,179000000.0,179000000.0,179000000.0,123000000.0,123000000.0,123000000.0,123000000.0,143000000.0,143000000.0,143000000.0,143000000.0,138000000.0,138000000.0,138000000.0
OtherComprehensiveIncomeLossNetOfTaxPortionAttributableToParent / USD,-227000.0,-295000.0,,-117000.0,595000.0,430000.0,-380000.0,296000.0,620000.0,1075000.0,787000.0,260000.0,-2248000.0,-954000.0,948000.0,704000.0,1126000.0,469000.0,-1000000.0,1000000.0,-1000000.0,-1000000.0,1000000.0,0.0,6000000.0,8000000.0,7000000.0,-3000000.0,1000000.0,1000000.0,1000000.0,2000000.0,-6000000.0,-6000000.0,-6000000.0,-3000000.0,5000000.0,5000000.0,5000000.0,-2000000.0,-19000000.0,-19000000.0,-19000000.0,12000000.0,-11000000.0,-11000000.0,-11000000.0,33000000.0,-76000000.0,-76000000.0,-76000000.0,-42000000.0,35000000.0,35000000.0,35000000.0,-155000000.0,-3000000.0,-3000000.0,-3000000.0
OtherComprehensiveIncomeUnrealizedHoldingGainLossOnSecuritiesArisingDuringPeriodBeforeTax / USD,,,,,700000.0,900000.0,-613000.0,100000.0,1001000.0,1734000.0,,419000.0,-3626000.0,-1539000.0,,1426000.0,1817000.0,756000.0,-1000000.0,2000000.0,-1000000.0,-1000000.0,1000000.0,0.0,9000000.0,13000000.0,10000000.0,-5000000.0,1000000.0,1000000.0,2000000.0,3000000.0,-7000000.0,-6000000.0,-5000000.0,-5000000.0,7000000.0,17000000.0,17000000.0,-3000000.0,-25000000.0,37000000.0,43000000.0,16000000.0,-15000000.0,-14000000.0,-27000000.0,44000000.0,-100000000.0,-162000000.0,-237000000.0,-55000000.0,46000000.0,17000000.0,-7000000.0,-204000000.0,-5000000.0,-4000000.0,96000000.0
OtherComprehensiveIncomeUnrealizedHoldingGainLossOnSecuritiesArisingDuringPeriodTax / USD,,,,,,,,,381000.0,659000.0,,159000.0,-1378000.0,-585000.0,,722000.0,691000.0,287000.0,0.0,1000000.0,0.0,0.0,0.0,0.0,3000000.0,5000000.0,3000000.0,-2000000.0,0.0,0.0,1000000.0,1000000.0,-1000000.0,-1000000.0,-1000000.0,-2000000.0,2000000.0,4000000.0,4000000.0,-1000000.0,-6000000.0,9000000.0,10000000.0,4000000.0,-4000000.0,-3000000.0,-7000000.0,11000000.0,-24000000.0,-39000000.0,-57000000.0,-13000000.0,11000000.0,3000000.0,-2000000.0,-49000000.0,-2000000.0,-1000000.0,23000000.0
OtherCostAndExpenseOperating / USD,,,,,,,,,,,,,,,,,,,,,,,,,,,,,,,,,,,,,3000000.0,5000000.0,5000000.0,61000000.0,4000000.0,6000000.0,9000000.0,6000000.0,20000000.0,28000000.0,30000000.0,31000000.0,16000000.0,27000000.0,43000000.0,61000000.0,16000000.0,33000000.0,,58000000.0,38000000.0,81000000.0,
OtherExpenses / USD,,,,,,,,,,,0.0,,,,945000.0,,,,,,,,,,,,,,,,,,,,,,,,,131000000.0,,,,,,,,,,,,,,,,3566000000.0,1073000000.0,2133000000.0,3344000000.0
OtherIncome / USD,,,,,,,0.0,0.0,,,,,,,,,,,,,,,,,,,,,,,,,,,,,,,,,,,,,,,,,,,,77000000.0,,,,75000000.0,22000000.0,43000000.0,63000000.0
OtherLiabilitiesNoncurrent / USD,19711000.0,19711000.0,19711000.0,21782000.0,21782000.0,21782000.0,21782000.0,23480000.0,23480000.0,23480000.0,23480000.0,26351000.0,26351000.0,26351000.0,26351000.0,33487000.0,33487000.0,33487000.0,34000000.0,37000000.0,37000000.0,34000000.0,37000000.0,37000000.0,42000000.0,42000000.0,42000000.0,42000000.0,61000000.0,61000000.0,61000000.0,61000000.0,44000000.0,44000000.0,44000000.0,44000000.0,90000000.0,90000000.0,90000000.0,90000000.0,119000000.0,119000000.0,119000000.0,119000000.0,140000000.0,140000000.0,140000000.0,140000000.0,104000000.0,104000000.0,104000000.0,104000000.0,124000000.0,124000000.0,124000000.0,124000000.0,120000000.0,120000000.0,120000000.0
OtherOperatingActivitiesCashFlowStatement / USD,,,,,,,,,,,,,,14406000.0,11224000.0,-1548000.0,1723000.0,3875000.0,18000000.0,3000000.0,9000000.0,18000000.0,13000000.0,7000000.0,6000000.0,11000000.0,14000000.0,19000000.0,3000000.0,7000000.0,13000000.0,16000000.0,2000000.0,4000000.0,6000000.0,21000000.0,6000000.0,7000000.0,0.0,26000000.0,-3000000.0,-1000000.0,2000000.0,0.0,12000000.0,10000000.0,9000000.0,12000000.0,-8000000.0,-6000000.0,-3000000.0,33000000.0,5000000.0,5000000.0,3000000.0,8000000.0,2000000.0,4000000.0,8000000.0
OtherOperatingIncome / USD,,,,,,,,,,,,,,,,,,,,,,,,,,,,,,,,,,,,,,,,,,,,,,,,,,,,,,,,1020000000.0,407000000.0,821000000.0,1447000000.0
OtherOperatingIncomeExpenseNet / USD,,,,,,,,,,,,,,,,,,,,,,,,,,,,,,,,,,,,,,,,,,,,,,,,,,,,,,,-90000000.0,,,,-80000000.0
PaymentForContingentConsiderationLiabilityFinancingActivities / USD,,,,,,,,,,,,,,,,,,,,,,,,,,,,,,,,,,,,,,,,,0.0,0.0,0.0,0.0,20000000.0,20000000.0,20000000.0,0.0,20000000.0,20000000.0,20000000.0,20000000.0,,,,20000000.0,,,
PaymentsForLossesAndLossAdjustmentExpense / USD,,,,,,,,,,,,,5317674000.0,5317674000.0,4997702000.0,7514198000.0,7514198000.0,7514198000.0,5317000000.0,11358000000.0,11358000000.0,5317000000.0,11358000000.0,7514000000.0,3357000000.0,7125000000.0,10814000000.0,11358000000.0,4018000000.0,8340000000.0,12445000000.0,14588000000.0,3936000000.0,7900000000.0,11572000000.0,16704000000.0,3508000000.0,7035000000.0,10477000000.0,15381000000.0,3579000000.0,7174000000.0,11027000000.0,14036000000.0,5294000000.0,10972000000.0,16888000000.0,15378000000.0,6396000000.0,13033000000.0,20019000000.0,23228000000.0,6845000000.0,13816000000.0,20935000000.0,27015000000.0,8288000000.0,16590000000.0,25387000000.0
PaymentsForProceedsFromOtherInvestingActivities / USD,,,,,,,,,,,,,,-1971000.0,,547000.0,7388000.0,15220000.0,-6000000.0,7000000.0,17000000.0,-6000000.0,34000000.0,23000000.0,-1000000.0,6000000.0,12000000.0,35000000.0,6000000.0,24000000.0,33000000.0,19000000.0,5000000.0,9000000.0,23000000.0,38000000.0,4000000.0,2000000.0,2000000.0,18000000.0,-3000000.0,-3000000.0,-3000000.0,2000000.0,-9000000.0,-5000000.0,-3000000.0,-2000000.0,13000000.0,7000000.0,41000000.0,63000000.0,-5000000.0,-2000000.0,2000000.0,50000000.0,-3000000.0,-2000000.0,-68000000.0
PaymentsForRepurchaseOfCommonStock / USD,,7000000.0,27712000.0,,,7000000.0,0.0,0.0,0.0,0.0,7000000.0,50000000.0,50000000.0,50000000.0,3000000.0,,,,53000000.0,,,53000000.0,,,,,,,,,,,,,,0.0,0.0,0.0,0.0,0.0,453000000.0,453000000.0,453000000.0,47000000.0,128000000.0,128000000.0,128000000.0,606000000.0,,200000000.0,200000000.0,128000000.0,,,0.0,400000000.0,0.0,0.0,500000000.0
PaymentsToAcquireBusinessesNetOfCashAcquired / USD,134400000.0,127231000.0,11294000.0,3253000.0,3253000.0,3253000.0,130743000.0,,,0.0,84253000.0,0.0,0.0,57684000.0,0.0,0.0,0.0,7500000.0,62000000.0,8000000.0,8000000.0,62000000.0,77000000.0,44000000.0,2000000.0,8000000.0,48000000.0,450000000.0,,,,48000000.0,,,,,,,0.0,0.0,,,62000000.0,0.0,,,0.0,755000000.0,,,134000000.0,129000000.0,0.0,0.0,3000000.0,134000000.0,295000000.0,295000000.0,344000000.0
PaymentsToAcquireMarketableSecurities / USD,91768000.0,162620000.0,186764000.0,104984000.0,183647000.0,258209000.0,302842000.0,88199000.0,144348000.0,234465000.0,345968000.0,76012000.0,532151000.0,627953000.0,306437000.0,142145000.0,368304000.0,616324000.0,770000000.0,438000000.0,993000000.0,770000000.0,1311000000.0,953000000.0,611000000.0,974000000.0,1444000000.0,1923000000.0,733000000.0,1636000000.0,1894000000.0,1929000000.0,389000000.0,914000000.0,1202000000.0,2697000000.0,185000000.0,1162000000.0,1938000000.0,1444000000.0,578000000.0,670000000.0,670000000.0,2536000000.0,388000000.0,1006000000.0,2018000000.0,670000000.0,403000000.0,1413000000.0,1764000000.0,2713000000.0,646000000.0,924000000.0,1295000000.0,1913000000.0,380000000.0,594000000.0,989000000.0
PaymentsToAcquirePropertyPlantAndEquipment / USD,,,,,,,,,,,,,,,,,,,,,,,,115000000.0,46000000.0,102000000.0,143000000.0,132000000.0,26000000.0,60000000.0,85000000.0,176000000.0,4000000.0,14000000.0,24000000.0,86000000.0,6000000.0,20000000.0,30000000.0,30000000.0,21000000.0,45000000.0,64000000.0,57000000.0,16000000.0,29000000.0,56000000.0,74000000.0,23000000.0,50000000.0,81000000.0,77000000.0,32000000.0,63000000.0,89000000.0,91000000.0,27000000.0,54000000.0,89000000.0
PreferredStockParOrStatedValuePerShare / USD/shares,0.001,0.001,0.001,0.001,0.001,0.001,0.001,0.001,0.001,0.001,0.001,0.001,0.001,0.001,0.001,0.001,0.001,0.001,0.001,0.001,0.001,0.001,0.001,0.001,0.001,0.001,0.001,0.001,0.001,0.001,0.001,0.001,0.001,0.001,0.001,0.001,0.001,0.001,0.001,0.001,0.001,0.001,0.001,,0.001,0.001,0.001,0.001,0.001,0.001,0.001,0.001,0.001,0.001,0.001,0.001,0.001,0.001,0.001
PreferredStockSharesAuthorized / shares,20000.0,20000000.0,20000000.0,20000000.0,20000000.0,20000000.0,20000000.0,20000000.0,20000000.0,20000000.0,20000000.0,20000000.0,20000000.0,20000000.0,20000000.0,20000000.0,20000000.0,20000000.0,20000000.0,20000000.0,20000000.0,20000000.0,20000000.0,20000000.0,20000000.0,20000000.0,20000000.0,20000000.0,20000000.0,20000000.0,20000000.0,20000000.0,20000000.0,20000000.0,20000000.0,20000000.0,20000000.0,20000000.0,20000000.0,20000000.0,20000000.0,20000000.0,20000000.0,,20000000.0,20000000.0,20000000.0,20000000.0,20000000.0,20000000.0,20000000.0,20000000.0,20000000.0,20000000.0,20000000.0,20000000.0,20000000.0,20000000.0,20000000.0
PreferredStockSharesIssued / shares,0.0,,,,,0.0,0.0,0.0,0.0,0.0,0.0,0.0,0.0,0.0,0.0,0.0,0.0,0.0,0.0,0.0,0.0,0.0,0.0,0.0,0.0,0.0,0.0,0.0,0.0,0.0,0.0,0.0,0.0,0.0,0.0,0.0,0.0,0.0,0.0,0.0,0.0,0.0,0.0,,0.0,0.0,0.0,0.0,0.0,0.0,0.0,0.0,0.0,0.0,0.0,0.0,0.0,0.0,0.0
PreferredStockSharesOutstanding / shares,0.0,,,,,0.0,0.0,0.0,0.0,0.0,0.0,0.0,0.0,0.0,0.0,0.0,0.0,0.0,0.0,0.0,0.0,0.0,0.0,0.0,0.0,0.0,0.0,0.0,0.0,0.0,0.0,0.0,0.0,0.0,0.0,0.0,0.0,0.0,0.0,0.0,0.0,0.0,0.0,,0.0,0.0,0.0,0.0,0.0,0.0,0.0,0.0,0.0,0.0,0.0,0.0,0.0,0.0,0.0
PreferredStockValue / USD,0.0,,,,,,,0.0,0.0,0.0,0.0,0.0,0.0,0.0,0.0,0.0,0.0,0.0,0.0,0.0,0.0,0.0,0.0,0.0,0.0,0.0,0.0,0.0,0.0,0.0,0.0,0.0,0.0,0.0,0.0,0.0,0.0,0.0,0.0,0.0,0.0,0.0,0.0,0.0,0.0,0.0,0.0,0.0,0.0,0.0,0.0,0.0,0.0,0.0,0.0,0.0,0.0,0.0,0.0
PremiumsEarnedNet / USD,,,,,,,,,,,,,,,,,,,,,,,,,,,,,,,14165000000.0,16445000000.0,4323000000.0,8837000000.0,13174000000.0,18854000000.0,3952000000.0,8001000000.0,12085000000.0,,4304000000.0,8676000000.0,13444000000.0,16208000000.0,6306000000.0,12889000000.0,19689000000.0,18299000000.0,7531000000.0,15330000000.0,22966000000.0,26855000000.0,7885000000.0,15927000000.0,24167000000.0,30883000000.0,9504000000.0,18950000000.0,28644000000.0
PrepaidExpenseAndOtherAssetsCurrent / USD,,,,,,,,,,,,,,,,,,,49000000.0,192000000.0,192000000.0,49000000.0,192000000.0,192000000.0,131000000.0,131000000.0,131000000.0,131000000.0,239000000.0,239000000.0,239000000.0,239000000.0,149000000.0,149000000.0,149000000.0,149000000.0,163000000.0,163000000.0,163000000.0,163000000.0,175000000.0,175000000.0,175000000.0,175000000.0,247000000.0,247000000.0,247000000.0,247000000.0,277000000.0,277000000.0,277000000.0,277000000.0,331000000.0,331000000.0,331000000.0,331000000.0,487000000.0,487000000.0,487000000.0
PrepaidReinsurancePremiums / USD,,,,,,,,,,,,,,,,,,,,,,,,,,,,,,,,30000000.0,,,,20000000.0,,,,16000000.0,,,,17000000.0,,,,9000000.0,,,,2000000.0,,,,2000000.0,,,
ProceedsFromIssuanceOfOtherLongTermDebt / USD,,,,,,,,,,,,,,,,,,,,,,,,,,,,,,,,,,,,,,,,,,,,,,,,,,,,,,,,,0.0,,
ProceedsFromIssuanceOfSeniorLongTermDebt / USD,,,,,,,,,,,,,,,,,,,,,,,,,,,,,,,,,,,,,,0.0,0.0,0.0,,789000000.0,789000000.0,0.0,,,,1429000000.0,,,,740000000.0,,,,0.0,,,
ProceedsFromLinesOfCredit / USD,,,,,,,,,,,,,,,,,,,,,,,,,,,,,,,,,,,,300000000.0,100000000.0,220000000.0,220000000.0,0.0,380000000.0,380000000.0,380000000.0,220000000.0,,,,380000000.0,,,,,,,0.0,0.0,,,
ProceedsFromLongTermLinesOfCredit / USD,105000000.0,105000000.0,105000000.0,10000000.0,60000000.0,60000000.0,105000000.0,10000000.0,60000000.0,60000000.0,0.0,,,,60000000.0,,,,,,,,,,,,0.0,0.0,,,300000000.0,0.0,0.0,0.0,0.0,0.0,,,,,,,,,,,,,,,,,,,,,0.0,0.0,300000000.0
ProceedsFromPaymentsForOtherFinancingActivities / USD,,,,,,,,,,,,0.0,0.0,363000.0,3667000.0,857000.0,1064000.0,2117000.0,2000000.0,4000000.0,3000000.0,2000000.0,3000000.0,2000000.0,2000000.0,1000000.0,1000000.0,5000000.0,-2000000.0,8000000.0,7000000.0,19000000.0,-5000000.0,-1000000.0,7000000.0,11000000.0,1000000.0,27000000.0,24000000.0,18000000.0,-45000000.0,-45000000.0,-47000000.0,29000000.0,-8000000.0,0.0,-4000000.0,2000000.0,-5000000.0,5000000.0,15000000.0,1000000.0,-7000000.0,4000000.0,-1000000.0,33000000.0,-6000000.0,6000000.0,-7000000.0
ProceedsFromSaleAndMaturityOfAvailableForSaleSecurities / USD,,,201900000.0,61300000.0,121400000.0,226400000.0,182300000.0,,,,,,,,,,,,,,,,,,,,,,,,,,,,,,,,,,,,,,,,,,,,,948000000.0,118000000.0,292000000.0,410000000.0,1069000000.0,188000000.0,471000000.0,786000000.0
ProceedsFromSaleAndMaturityOfMarketableSecurities / USD,116276000.0,184170000.0,204365000.0,61275000.0,121434000.0,226413000.0,223077000.0,65767000.0,136772000.0,213665000.0,302667000.0,75647000.0,149420000.0,227800000.0,298006000.0,147370000.0,326648000.0,473836000.0,400000000.0,255000000.0,541000000.0,400000000.0,863000000.0,633000000.0,348000000.0,812000000.0,1512000000.0,1126000000.0,433000000.0,874000000.0,1536000000.0,1966000000.0,543000000.0,1335000000.0,2070000000.0,1759000000.0,366000000.0,791000000.0,1890000000.0,2445000000.0,493000000.0,750000000.0,891000000.0,2302000000.0,308000000.0,622000000.0,965000000.0,1097000000.0,513000000.0,879000000.0,1082000000.0,1329000000.0,371000000.0,546000000.0,670000000.0,1398000000.0,211000000.0,506000000.0,871000000.0
ProceedsFromSaleOfAvailableForSaleSecuritiesDebt / USD,,,,,,,,,,,,,,,,,,,,,,,,,,,,,,,,,,,,,,,,,,,,,,,,,,,,381000000.0,253000000.0,254000000.0,260000000.0,329000000.0,23000000.0,35000000.0,85000000.0
PropertyPlantAndEquipmentAndFinanceLeaseRightOfUseAssetAfterAccumulatedDepreciationAndAmortization / USD,,,,,,,,,,,,,,,,,,,,,,,,,,,,,,,,,,,,,,385000000.0,385000000.0,385000000.0,391000000.0,391000000.0,391000000.0,391000000.0,396000000.0,396000000.0,396000000.0,396000000.0,259000000.0,259000000.0,259000000.0,259000000.0,270000000.0,270000000.0,270000000.0,270000000.0,288000000.0,288000000.0,288000000.0
PropertyPlantAndEquipmentGross / USD,,,203336000.0,,,,319384000.0,,,,392500000.0,,,,500017000.0,,,,618000000.0,,,618000000.0,,755000000.0,,,,919000000.0,,,,883000000.0,,,,774000000.0,,,,687000000.0,,,,752000000.0,,,,822000000.0,,,,882000000.0,,,,932000000.0,,,
PropertyPlantAndEquipmentOwnedAccumulatedDepreciation / USD,,,,,,,65518000.0,,,,84156000.0,,,,103918000.0,,,,129000000.0,,,129000000.0,,167000000.0,,,,206000000.0,,,,233000000.0,,,,213000000.0,,,,179000000.0,,,,192000000.0,,,,205000000.0,,,,213000000.0,,,,192000000.0,,,
ReceivablesNetCurrent / USD,168190000.0,168190000.0,168190000.0,167898000.0,167898000.0,167898000.0,167898000.0,149682000.0,149682000.0,149682000.0,149682000.0,298935000.0,298935000.0,298935000.0,298935000.0,596456000.0,596456000.0,596456000.0,596000000.0,597000000.0,597000000.0,596000000.0,597000000.0,597000000.0,974000000.0,974000000.0,974000000.0,974000000.0,871000000.0,871000000.0,871000000.0,871000000.0,1330000000.0,1330000000.0,1330000000.0,1330000000.0,1406000000.0,1406000000.0,1406000000.0,1406000000.0,1672000000.0,1672000000.0,1672000000.0,1672000000.0,2177000000.0,2177000000.0,2177000000.0,2177000000.0,2302000000.0,2302000000.0,2302000000.0,2302000000.0,3104000000.0,3104000000.0,3104000000.0,3104000000.0,3299000000.0,3299000000.0,3299000000.0
ReinsuranceReceivablesIncurredButNotReportedClaims / USD,,,,,,,,,,,,,,,,,,,,,,,,,,,,,,,,,,,,,,,,,,,,,,,,,,,,,,,,,3194000000.0,3036000000.0,3173000000.0
ReinsuranceRecoverableForUnpaidClaimsAndClaimsAdjustments / USD,,,,,,,,,,,,,,,,,,,,,,,,9000000.0,61000000.0,83000000.0,72000000.0,46000000.0,,,,61000000.0,,,,16000000.0,,,,31000000.0,,,,21000000.0,,,,30000000.0,,,,27000000.0,,,,28000000.0,,,
RepaymentsOfLinesOfCredit / USD,,,,,,,,40000000.0,40000000.0,40000000.0,40000000.0,,,,,,,,,,,,,,,,,,,0.0,0.0,0.0,,300000000.0,300000000.0,0.0,,0.0,0.0,300000000.0,,600000000.0,600000000.0,,,,,,,,,,,,0.0,,,,
RepaymentsOfLongTermLinesOfCredit / USD,,105000000.0,105000000.0,,10000000.0,20000000.0,105000000.0,0.0,10000000.0,20000000.0,0.0,40000000.0,40000000.0,40000000.0,20000000.0,,,,40000000.0,,,40000000.0,,,,,,,,,,,,,,,,,,0.0,,,,0.0,,,,600000000.0,,,,,,,,0.0,,0.0,150000000.0
RestrictedCashAndCashEquivalents / USD,,,,,,,,,,,,,,,,,,,,,,,,,,,,,95000000.0,92000000.0,91000000.0,,95000000.0,98000000.0,94000000.0,,74000000.0,74000000.0,55000000.0,100000000.0,58000000.0,63000000.0,70000000.0,56000000.0,66000000.0,68000000.0,78000000.0,69000000.0,62000000.0,66000000.0,53000000.0,68000000.0,43000000.0,47000000.0,55000000.0,42000000.0,59000000.0,64000000.0,147000000.0
RestrictedInvestmentsNoncurrent / USD,42100000.0,42100000.0,42100000.0,46164000.0,46164000.0,46164000.0,46164000.0,44101000.0,44101000.0,44101000.0,44101000.0,63093000.0,63093000.0,63093000.0,63093000.0,102479000.0,102479000.0,102479000.0,102000000.0,109000000.0,109000000.0,102000000.0,109000000.0,109000000.0,110000000.0,110000000.0,110000000.0,110000000.0,119000000.0,119000000.0,119000000.0,119000000.0,120000000.0,120000000.0,120000000.0,120000000.0,79000000.0,79000000.0,79000000.0,79000000.0,136000000.0,136000000.0,136000000.0,136000000.0,212000000.0,212000000.0,212000000.0,212000000.0,238000000.0,238000000.0,238000000.0,238000000.0,261000000.0,261000000.0,261000000.0,261000000.0,286000000.0,286000000.0,286000000.0
RetainedEarningsAccumulatedDeficit / USD,469592000.0,469592000.0,469592000.0,490410000.0,490410000.0,490410000.0,490410000.0,500200000.0,500200000.0,500200000.0,500200000.0,553129000.0,553129000.0,553129000.0,553129000.0,615352000.0,615352000.0,615352000.0,615000000.0,758000000.0,758000000.0,615000000.0,758000000.0,758000000.0,810000000.0,810000000.0,810000000.0,810000000.0,298000000.0,298000000.0,298000000.0,298000000.0,1012000000.0,1012000000.0,1012000000.0,1012000000.0,1781000000.0,1781000000.0,1781000000.0,1781000000.0,1860000000.0,1860000000.0,1860000000.0,1860000000.0,2399000000.0,2399000000.0,2399000000.0,2399000000.0,2796000000.0,2796000000.0,2796000000.0,2796000000.0,3887000000.0,3887000000.0,3887000000.0,3887000000.0,4091000000.0,4091000000.0,4091000000.0
Revenues / USD,1966079000.0,3005225000.0,3669356000.0,1119706000.0,2286810000.0,3463532000.0,4085977000.0,1373587000.0,2796099000.0,4336249000.0,4540263000.0,1590399000.0,3196233000.0,4883312000.0,5914209000.0,2069243000.0,4381282000.0,6865633000.0,6589000000.0,3171000000.0,6696000000.0,6589000000.0,10307000000.0,9667000000.0,4343000000.0,8702000000.0,13248000000.0,14178000000.0,4904000000.0,9903000000.0,14934000000.0,17782000000.0,4646000000.0,9529000000.0,14226000000.0,19883000000.0,4119000000.0,8312000000.0,12555000000.0,18890000000.0,4549000000.0,9167000000.0,14188000000.0,16829000000.0,6522000000.0,13322000000.0,20362000000.0,19423000000.0,7770000000.0,15824000000.0,23751000000.0,27771000000.0,8149000000.0,16476000000.0,25024000000.0,31974000000.0,9931000000.0,19811000000.0,30151000000.0
RightOfUseAssetObtainedInExchangeForFinanceLeaseLiability / USD,,,,,,,,,,,,,,,,,,,,,,,,,,,,,,,,,241000000.0,241000000.0,245000000.0,245000000.0,,,,245000000.0,,,,7000000.0,,,,7000000.0,,,,18000000.0,,,,18000000.0,,,
RightOfUseAssetObtainedInExchangeForOperatingLeaseLiability / USD,,,,,,,,,,,,,,,,,,,,,,,,,,,,,,,,,94000000.0,95000000.0,95000000.0,99000000.0,,,,99000000.0,,,,28000000.0,,,,28000000.0,,,,86000000.0,,,,10000000.0,,,
ShareBasedCompensation / USD,4508000.0,7268000.0,7485000.0,4064000.0,8374000.0,12723000.0,9531000.0,4666000.0,9812000.0,15448000.0,17052000.0,4421000.0,12150000.0,20654000.0,20018000.0,5596000.0,10456000.0,16115000.0,29000000.0,6000000.0,9000000.0,29000000.0,16000000.0,22000000.0,7000000.0,16000000.0,24000000.0,23000000.0,6000000.0,35000000.0,38000000.0,26000000.0,6000000.0,13000000.0,20000000.0,46000000.0,9000000.0,19000000.0,29000000.0,27000000.0,12000000.0,28000000.0,43000000.0,39000000.0,24000000.0,35000000.0,49000000.0,57000000.0,34000000.0,57000000.0,80000000.0,72000000.0,25000000.0,55000000.0,88000000.0,103000000.0,36000000.0,68000000.0,98000000.0
ShareBasedCompensationArrangementByShareBasedPaymentAwardEquityInstrumentsOtherThanOptionsVestedInPeriodTotalFairValue / USD,,,,,,,,,,24300000.0,,13100000.0,16200000.0,19300000.0,,,,,22000000.0,,,22000000.0,,,,,,39000000.0,16000000.0,44000000.0,45000000.0,22000000.0,15000000.0,17000000.0,17000000.0,47000000.0,18000000.0,20000000.0,20000000.0,18000000.0,,,,21000000.0,,,,23000000.0,,,,124000000.0,,,,139000000.0,,,
ShareRepurchaseProgramExciseTax / USD,,,,,,,,,,,,,,,,,,,,,,,,,,,,,,,,,,,,,,,,,,,,,,,,,,,,,,,3000000.0,8000000.0,5000000.0,5000000.0,3000000.0
ShareRepurchaseProgramExciseTaxPayable / USD,,,,,,,,,,,,,,,,,,,,,,,,,,,,,,,,,,,,,,,,,,,,,,,,,,,,,,,,8000000.0,13000000.0,13000000.0,8000000.0
ShortdurationInsuranceContractsCumulativePaidClaimsAndAllocatedClaimAdjustmentExpenseNet / USD,,,,,,,,,,,,,,,,,,,,,,,,33444000000.0,,,,42014000000.0,,,,45462000000.0,,,,44460000000.0,,,,43149000000.0,,,,51180000000.0,,,,64189000000.0,,,,76560000000.0,,,,86970000000.0,,,
ShortdurationInsuranceContractsLiabilityForUnpaidClaimsAndAllocatedClaimAdjustmentExpenseNet / USD,,,,,,,,,,,,,,,,,,,,,,,,35130000000.0,,,,44069000000.0,,,,47263000000.0,,,,46125000000.0,,,,45255000000.0,,,,54039000000.0,,,,67438000000.0,,,,80136000000.0,,,,90773000000.0,,,
ShortdurationInsuranceContractsLiabilityForUnpaidClaimsAndClaimAdjustmentExpenseAggregateReconcilingItems / USD,,,,,,,,,,,,,,,,,,,,,,,,243000000.0,,,,137000000.0,,,,150000000.0,,,,174000000.0,,,,280000000.0,,,,274000000.0,,,,270000000.0,,,,529000000.0,,,,359000000.0,,,
SpecialAssessmentBond / USD,,,,,,,,,,,,,,,,,,,,,,,,,,,,,,,,,,,,,,,,35000000.0,,,,35000000.0,,,,35000000.0,,,,35000000.0,,,,35000000.0,,,
StatutoryAccountingPracticesStatutoryCapitalAndSurplusBalance / USD,,,509900000.0,536300000.0,542100000.0,525400000.0,557900000.0,585500000.0,627700000.0,637000000.0,662000000.0,641000000.0,728000000.0,798000000.0,955000000.0,987000000.0,1071000000.0,1166000000.0,1350000000.0,1349000000.0,1384000000.0,1350000000.0,1510000000.0,1693000000.0,1722000000.0,1662000000.0,1828000000.0,1777000000.0,1904000000.0,2152000000.0,2125000000.0,2388000000.0,,,,1852000000.0,,,,2020000000.0,,,,2900000000.0,,,,3300000000.0,,,,4100000000.0,,,,4600000000.0,,,
StatutoryAccountingPracticesStatutoryCapitalAndSurplusRequired / USD,,,265700000.0,265100000.0,265800000.0,270000000.0,345700000.0,341700000.0,363200000.0,362200000.0,389000000.0,410000000.0,418000000.0,413000000.0,541000000.0,581000000.0,589000000.0,592000000.0,776000000.0,854000000.0,854000000.0,776000000.0,857000000.0,1100000000.0,1100000000.0,1118000000.0,1113000000.0,1186000000.0,1181000000.0,1180000000.0,1138000000.0,1040000000.0,,,,1110000000.0,,,,1310000000.0,,,,2100000000.0,,,,2300000000.0,,,,2300000000.0,,,,2600000000.0,,,
StockIssuedDuringPeriodValueShareBasedCompensation / USD,,,8516000.0,,,,11271000.0,,11300000.0,19100000.0,20474000.0,,10700000.0,17500000.0,16362000.0,,,,31000000.0,,,31000000.0,,30000000.0,,,,26000000.0,1000000.0,16000000.0,24000000.0,36000000.0,1000000.0,1000000.0,1000000.0,42000000.0,3000000.0,3000000.0,3000000.0,37000000.0,4000000.0,4000000.0,4000000.0,47000000.0,-27000000.0,-27000000.0,-27000000.0,65000000.0,-18000000.0,-18000000.0,-18000000.0,39000000.0,-32000000.0,-32000000.0,-32000000.0,97000000.0,-20000000.0,-20000000.0,-20000000.0
StockRepurchasedAndRetiredDuringPeriodValue / USD,1673000.0,,7000000.0,3161000.0,3714000.0,3751000.0,,8768000.0,9390000.0,9852000.0,,4644000.0,5669000.0,6667000.0,,,,,,,,,,,,,,,,,,,,,,,,,,,,,,,,,,,,,,,,,,,500000000.0,500000000.0,500000000.0
StockRepurchasedDuringPeriodValue / USD,,,,,,,,,,,,,,,,,,,,,,,,,,,,,,,,,,,,54000000.0,446000000.0,446000000.0,446000000.0,54000000.0,446000000.0,446000000.0,446000000.0,54000000.0,122000000.0,122000000.0,122000000.0,605000000.0,,200000000.0,200000000.0,122000000.0,,,500000000.0,400000000.0,,,
StockholdersEquity / USD,719057000.0,719057000.0,719057000.0,755073000.0,755073000.0,755073000.0,755073000.0,782314000.0,782314000.0,782314000.0,782314000.0,892937000.0,892937000.0,892937000.0,892937000.0,1010442000.0,1010442000.0,1010442000.0,1010000000.0,1557000000.0,1557000000.0,1010000000.0,1557000000.0,1557000000.0,1649000000.0,1649000000.0,1649000000.0,1649000000.0,1337000000.0,1337000000.0,1337000000.0,1337000000.0,1647000000.0,1647000000.0,1647000000.0,1649000000.0,1960000000.0,1960000000.0,1960000000.0,1337000000.0,2096000000.0,2096000000.0,2096000000.0,1647000000.0,2096000000.0,2096000000.0,2096000000.0,1960000000.0,2630000000.0,2630000000.0,2630000000.0,2096000000.0,2964000000.0,2964000000.0,2964000000.0,2630000000.0,4215000000.0,4215000000.0,4215000000.0
SupplementalInformationForPropertyCasualtyInsuranceUnderwritersCurrentYearClaimsAndClaimsAdjustmentExpense / USD,,,,,,,,,,,,,5434443000.0,5434443000.0,5136055000.0,8122885000.0,8122885000.0,8122885000.0,5434000000.0,11935000000.0,11935000000.0,5434000000.0,11935000000.0,8123000000.0,3755000000.0,7371000000.0,11120000000.0,11935000000.0,4253000000.0,8633000000.0,12813000000.0,14966000000.0,4033000000.0,7870000000.0,11670000000.0,17037000000.0,3560000000.0,7069000000.0,10613000000.0,15478000000.0,3817000000.0,7372000000.0,11478000000.0,14176000000.0,5668000000.0,11486000000.0,17558000000.0,15939000000.0,6769000000.0,13746000000.0,20521000000.0,23943000000.0,7169000000.0,14180000000.0,21573000000.0,27459000000.0,8748000000.0,17301000000.0,26050000000.0
SupplementalInformationForPropertyCasualtyInsuranceUnderwritersPriorYearClaimsAndClaimsAdjustmentExpense / USD,,,,,,,,,,,,,-52779000.0,-52779000.0,-39295000.0,-45979000.0,-45979000.0,-45979000.0,-53000000.0,-141000000.0,-141000000.0,-53000000.0,-141000000.0,-46000000.0,-167000000.0,-189000000.0,-190000000.0,-141000000.0,-142000000.0,-31000000.0,9000000.0,-192000000.0,-311000000.0,-298000000.0,-308000000.0,36000000.0,-189000000.0,232000000.0,-253000000.0,-341000000.0,-101000000.0,-58000000.0,-66000000.0,-271000000.0,-194000000.0,-193000000.0,-216000000.0,-119000000.0,-206000000.0,-311000000.0,-338000000.0,-239000000.0,-298000000.0,-271000000.0,-358000000.0,-284000000.0,-334000000.0,-519000000.0,-625000000.0
TaxCreditCarryforwardValuationAllowance / USD,,,,,,,,,,,,,,,5400000.0,,,,9000000.0,,,9000000.0,,16000000.0,,,,41000000.0,,,,28000000.0,,,,24000000.0,,,,17000000.0,,,,10000000.0,,,,18000000.0,,,,24000000.0,,,,19000000.0,,,
UnrecognizedTaxBenefits / USD,,,11676000.0,10700000.0,10700000.0,10700000.0,4128000.0,10600000.0,10600000.0,10600000.0,10962000.0,8000000.0,8000000.0,8000000.0,10712000.0,,,,11000000.0,,,11000000.0,,8000000.0,,,,3000000.0,,,,9000000.0,,,,11000000.0,,,,13000000.0,,,,20000000.0,,,,20000000.0,,,,20000000.0,,,,15000000.0,,,
UnrecognizedTaxBenefitsReductionsResultingFromLapseOfApplicableStatuteOfLimitations / USD,,,137000.0,,,,57000.0,,,,387000.0,,,,211000.0,,,,,,,,,,,,,,,,,0.0,,,,0.0,,,,2000000.0,,,,,,,,0.0,,,,0.0,,,,10000000.0,,,
UnrecognizedTaxBenefitsThatWouldImpactEffectiveTaxRate / USD,,,7400000.0,7400000.0,7300000.0,7200000.0,7400000.0,7200000.0,7200000.0,7400000.0,7400000.0,5700000.0,5700000.0,5700000.0,7400000.0,,,,6000000.0,,,6000000.0,,2000000.0,,,,7000000.0,,,,9000000.0,,,,12000000.0,,,,18000000.0,,,,20000000.0,,,,20000000.0,,,,15000000.0,,,,5000000.0,,,
ValuationAllowanceDeferredTaxAssetChangeInAmount / USD,,,,,,,,,,,600000.0,,,,1800000.0,,,,-3000000.0,,,-3000000.0,,7000000.0,,,,25000000.0,,,,13000000.0,,,,-4000000.0,,,,-7000000.0,,,,7000000.0,,,,-8000000.0,,,,6000000.0,,,,-5000000.0,,,
WeightedAverageNumberOfDilutedSharesOutstanding / shares,38929000.0,40203000.0,38976000.0,46257000.0,46392000.0,46334000.0,41631.0,46887000.0,46176000.0,46301000.0,46425000.0,46443000.0,46506000.0,46767000.0,46999000.0,47520000.0,47824000.0,48088000.0,47000000.0,50000000.0,52000000.0,47000000.0,55000000.0,48000000.0,57000000.0,56000000.0,56000000.0,56000000.0,56000000.0,56000000.0,56200000.0,56200000.0,65200000.0,66000000.0,66600000.0,56400000.0,66200000.0,65100000.0,64600000.0,66600000.0,61000000.0,60200000.0,60000000.0,64200000.0,58600000.0,58500000.0,58500000.0,59900000.0,58700000.0,58600000.0,58500000.0,58600000.0,58000000.0,58000000.0,58100000.0,58500000.0,58300000.0,58300000.0,58100000.0
WeightedAverageNumberOfSharesCommonStockSubjectToRepurchaseOrCancellation / shares,,,1482000.0,125000.0,280000.0,-160000.0,0.0,0.0,0.0,0.0,160000.0,,,,2000.0,,,,1000000.0,,,1000000.0,,,,,,,,,,,,,,,0.0,0.0,0.0,0.0,1700000.0,2500000.0,2800000.0,0.0,400000.0,500000.0,500000.0,3000000.0,,200000.0,300000.0,500000.0,,,0.0,500000.0,0.0,0.0,200000.0
WeightedAverageNumberOfSharesOutstandingBasic / shares,38541000.0,39767000.0,38765000.0,45588000.0,45743000.0,45693000.0,41174.0,45998000.0,46176000.0,46301000.0,45756000.0,45981000.0,45712000.0,45708000.0,46380000.0,46021000.0,46150000.0,46435000.0,46000000.0,49000000.0,50000000.0,46000000.0,51000000.0,47000000.0,55000000.0,55000000.0,55000000.0,52000000.0,56000000.0,56000000.0,56200000.0,55400000.0,59800000.0,60500000.0,60800000.0,56400000.0,62100000.0,62100000.0,62200000.0,61100000.0,60200000.0,59400000.0,59200000.0,62200000.0,57700000.0,57700000.0,57800000.0,59000000.0,58000000.0,57900000.0,57800000.0,57800000.0,57500000.0,57600000.0,57700000.0,57800000.0,57900000.0,58000000.0,57800000.0
