fact_unit,2012-04-12,2013-03-27,2014-02-28,2015-03-06,2016-02-26,2017-03-03,2018-04-11,2019-03-01,2019-10-29,2020-02-27,2020-04-28,2020-07-28,2020-10-27,2021-02-25,2021-04-27,2021-08-03,2021-11-02,2022-02-24,2022-05-03,2022-07-26,2022-11-01,2023-03-01,2023-05-02,2023-07-25,2023-11-07,2024-02-22,2024-04-30,2024-07-23,2024-11-05,2025-02-20,2025-04-29,2025-07-24,2025-10-28
AccountsPayableCurrent / USD,593000000.0,455000000.0,562000000.0,544000000.0,729000000.0,1014000000.0,973000000.0,1146000000.0,999000000.0,999000000.0,944000000.0,944000000.0,944000000.0,944000000.0,991000000.0,991000000.0,991000000.0,991000000.0,1252000000.0,1252000000.0,1252000000.0,1252000000.0,1185000000.0,1185000000.0,1185000000.0,1185000000.0,1164000000.0,1164000000.0,1164000000.0,1164000000.0,1017000000.0,1017000000.0,1017000000.0
AccountsReceivableGrossCurrent / USD,,425000000.0,463000000.0,504000000.0,549000000.0,1048000000.0,1035000000.0,882000000.0,,795000000.0,,,,669000000.0,,,,767000000.0,,,,925000000.0,,,,961000000.0,,,,894000000.0,,,
AccountsReceivableNetCurrent / USD,396000000.0,,,,,1047000000.0,1033000000.0,879000000.0,792000000.0,792000000.0,667000000.0,667000000.0,667000000.0,667000000.0,765000000.0,765000000.0,765000000.0,765000000.0,923000000.0,923000000.0,923000000.0,923000000.0,960000000.0,960000000.0,960000000.0,960000000.0,894000000.0,894000000.0,894000000.0,894000000.0,1032000000.0,1032000000.0,1032000000.0
AccruedEmployeeBenefitsCurrent / USD,,,,,,,,,,,,,,,,286000000.0,286000000.0,,476000000.0,476000000.0,476000000.0,,467000000.0,467000000.0,467000000.0,,500000000.0,500000000.0,500000000.0,,371000000.0,371000000.0,371000000.0
AccruedEmployeeBenefitsCurrentAndNoncurrent / USD,,,,,,,,,,,,,,,,,,286000000.0,,,,476000000.0,,,,467000000.0,,,,500000000.0,,,
AccumulatedDepreciationDepletionAndAmortizationPropertyPlantAndEquipment / USD,975000000.0,1002000000.0,1033000000.0,2544000000.0,2560000000.0,2583000000.0,2314000000.0,2875000000.0,3299000000.0,3299000000.0,3742000000.0,3742000000.0,3742000000.0,3742000000.0,4237000000.0,4237000000.0,4237000000.0,4237000000.0,4676000000.0,4676000000.0,4676000000.0,4676000000.0,5214000000.0,5396000000.0,5214000000.0,5214000000.0,5660000000.0,5660000000.0,5660000000.0,5660000000.0,6145000000.0,6145000000.0,6145000000.0
AccumulatedOtherComprehensiveIncomeLossNetOfTax / USD,538000000.0,399000000.0,538000000.0,323000000.0,210000000.0,181000000.0,34000000.0,177000000.0,123000000.0,123000000.0,75000000.0,75000000.0,75000000.0,75000000.0,117000000.0,117000000.0,117000000.0,117000000.0,48000000.0,48000000.0,48000000.0,48000000.0,76000000.0,76000000.0,76000000.0,76000000.0,90000000.0,90000000.0,90000000.0,90000000.0,-17000000.0,-17000000.0,-17000000.0
AdditionalPaidInCapitalCommonStock / USD,6006000000.0,6047000000.0,6090000000.0,6175000000.0,6300000000.0,15150000000.0,15679000000.0,15960000000.0,15460000000.0,15460000000.0,15184000000.0,15184000000.0,15184000000.0,15184000000.0,14133000000.0,14133000000.0,14133000000.0,14133000000.0,13727000000.0,13727000000.0,13727000000.0,13727000000.0,14091000000.0,14091000000.0,14091000000.0,14091000000.0,14501000000.0,14501000000.0,14501000000.0,14501000000.0,14962000000.0,14962000000.0,14962000000.0
AdjustmentsToAdditionalPaidInCapitalSharebasedCompensationRequisiteServicePeriodRecognitionValue / USD,28000000.0,12000000.0,31000000.0,52000000.0,88000000.0,125000000.0,218000000.0,336000000.0,68000000.0,281000000.0,87000000.0,87000000.0,87000000.0,311000000.0,108000000.0,108000000.0,108000000.0,356000000.0,91000000.0,91000000.0,91000000.0,384000000.0,92000000.0,92000000.0,92000000.0,341000000.0,101000000.0,101000000.0,101000000.0,364000000.0,118000000.0,118000000.0,118000000.0
AllowanceForDoubtfulAccountsReceivableCurrent / USD,,4000000.0,4000000.0,3000000.0,3000000.0,1000000.0,2000000.0,3000000.0,,3000000.0,,,,2000000.0,,,,2000000.0,,,,2000000.0,,,,1000000.0,,,,0.0,,,
AmortizationOfAcquisitionCosts / USD,,21000000.0,,,232000000.0,152000000.0,223000000.0,1527000000.0,1085000000.0,1448000000.0,357000000.0,712000000.0,1070000000.0,1449000000.0,381000000.0,761000000.0,1179000000.0,1435000000.0,180000000.0,319000000.0,456000000.0,1327000000.0,135000000.0,269000000.0,400000000.0,592000000.0,85000000.0,166000000.0,237000000.0,509000000.0,51000000.0,79000000.0,108000000.0
AmortizationOfDebtDiscountPremium / USD,,,,,3000000.0,3000000.0,39000000.0,34000000.0,31000000.0,40000000.0,11000000.0,22000000.0,34000000.0,42000000.0,,-1000000.0,-1000000.0,42000000.0,0.0,1000000.0,1000000.0,-1000000.0,1000000.0,1000000.0,2000000.0,1000000.0,1000000.0,1000000.0,2000000.0,2000000.0,1000000.0,2000000.0,2000000.0
AmortizationOfFinancingCosts / USD,,,,,32000000.0,13000000.0,11000000.0,16000000.0,7000000.0,12000000.0,3000000.0,6000000.0,8000000.0,10000000.0,1000000.0,4000000.0,7000000.0,11000000.0,2000000.0,3000000.0,5000000.0,9000000.0,2000000.0,3000000.0,5000000.0,7000000.0,2000000.0,4000000.0,6000000.0,7000000.0,2000000.0,3000000.0,5000000.0
AmortizationOfIntangibleAssets / USD,,281000000.0,291000000.0,262000000.0,186000000.0,255000000.0,1507000000.0,1539000000.0,,1509000000.0,,,,1529000000.0,,,,1398000000.0,,,,674000000.0,,,,644000000.0,,,,454000000.0,,,
Assets / USD,7637000000.0,6612000000.0,6439000000.0,6449000000.0,6850000000.0,26354000000.0,24898000000.0,24049000000.0,21530000000.0,21530000000.0,20016000000.0,20016000000.0,20016000000.0,20016000000.0,19847000000.0,19847000000.0,19847000000.0,19847000000.0,20864000000.0,20864000000.0,20864000000.0,20864000000.0,23236000000.0,23236000000.0,23236000000.0,23236000000.0,24353000000.0,24353000000.0,24353000000.0,24353000000.0,24385000000.0,24385000000.0,24385000000.0
AssetsCurrent / USD,2136000000.0,1966000000.0,1954000000.0,2092000000.0,2630000000.0,4812000000.0,5398000000.0,6044000000.0,5225000000.0,5225000000.0,3267000000.0,3267000000.0,3267000000.0,3267000000.0,4324000000.0,4324000000.0,4324000000.0,4324000000.0,5228000000.0,5228000000.0,5228000000.0,5228000000.0,6935000000.0,6935000000.0,6935000000.0,6935000000.0,7864000000.0,7864000000.0,7864000000.0,7864000000.0,7305000000.0,7305000000.0,7305000000.0
AssetsNoncurrent / USD,5501000000.0,4646000000.0,4485000000.0,4357000000.0,4220000000.0,21542000000.0,19500000000.0,18005000000.0,16305000000.0,16305000000.0,16749000000.0,16749000000.0,16749000000.0,16749000000.0,15523000000.0,15523000000.0,15523000000.0,15523000000.0,15636000000.0,15636000000.0,15636000000.0,15636000000.0,16301000000.0,16301000000.0,16301000000.0,16301000000.0,16489000000.0,16489000000.0,16489000000.0,16489000000.0,17080000000.0,17080000000.0,17080000000.0
AssetsOfDisposalGroupIncludingDiscontinuedOperationCurrent / USD,110000000.0,,,13000000.0,15000000.0,15000000.0,1104000000.0,,0.0,0.0,50000000.0,50000000.0,50000000.0,50000000.0,,,,0.0,,,,,,,,,,,,,,0.0,0.0
CapitalExpendituresIncurredButNotYetPaid / USD,,,,,,,,,,,89000000.0,178000000.0,272000000.0,137000000.0,78000000.0,54000000.0,62000000.0,133000000.0,121000000.0,167000000.0,224000000.0,119000000.0,246000000.0,243000000.0,176000000.0,243000000.0,176000000.0,165000000.0,167000000.0,232000000.0,223000000.0,166000000.0,125000000.0
CashAndCashEquivalentsAtCarryingValue / USD,1026000000.0,898000000.0,617000000.0,670000000.0,617000000.0,670000000.0,1185000000.0,1614000000.0,2789000000.0,2789000000.0,1045000000.0,1045000000.0,1045000000.0,1045000000.0,2275000000.0,2275000000.0,2275000000.0,2275000000.0,2830000000.0,2830000000.0,2830000000.0,2830000000.0,3845000000.0,3845000000.0,3845000000.0,3845000000.0,3862000000.0,3862000000.0,3862000000.0,3862000000.0,3292000000.0,3292000000.0,3292000000.0
CashCashEquivalentsRestrictedCashAndRestrictedCashEquivalents / USD,,,,,,,,,3547000000.0,1894000000.0,2789000000.0,2789000000.0,2789000000.0,3547000000.0,1045000000.0,1045000000.0,1045000000.0,2789000000.0,2275000000.0,2275000000.0,2275000000.0,1045000000.0,2830000000.0,2830000000.0,2830000000.0,2275000000.0,3845000000.0,3845000000.0,3845000000.0,2830000000.0,3862000000.0,3862000000.0,3862000000.0
CashCashEquivalentsRestrictedCashAndRestrictedCashEquivalentsPeriodIncreaseDecreaseIncludingExchangeRateEffect / USD,,,,,,,,,-1603000000.0,1653000000.0,-597000000.0,241000000.0,748000000.0,-758000000.0,34000000.0,2221000000.0,2521000000.0,-1744000000.0,-433000000.0,635000000.0,28000000.0,1230000000.0,-147000000.0,715000000.0,929000000.0,555000000.0,85000000.0,18000000.0,197000000.0,1015000000.0,-954000000.0,-1003000000.0,-1114000000.0
CommercialPaper / USD,,,,,,,,,,,,,,,,,,,,,,,,,,,,,,2000000000.0,2000000000.0,2000000000.0,2000000000.0
CommercialPaperAverageOutstanding / USD,,,,,,,,,,,,,,,,,,,,,,,,,,,,,,0.0,,,
CommonStockDividendsPerShareDeclared / USD/shares,,,,,,,,,0.25,0.0,0.25,,,0.5,0.375,0.375,0.375,1.25,0.5625,0.5625,0.5625,1.5,0.845,0.845,0.845,2.25,1.014,1.014,1.014,3.38,1.014,1.014,1.014
CommonStockParOrStatedValuePerShare / EUR/shares,0.2,0.2,0.2,0.2,0.2,0.2,0.2,0.2,0.2,0.2,0.2,,0.2,0.2,,0.2,0.2,0.2,0.2,0.2,0.2,0.2,0.2,0.2,0.2,0.2,0.2,0.2,0.2,0.2,0.2,0.2,0.2
CommonStockSharesAuthorized / shares,430503000.0,430503000.0,430503000.0,430503000.0,430503000.0,430503000.0,430503000.0,430503000.0,,430503000.0,,,,430503000.0,,,,430503000.0,,,,430503000.0,,,,430503000.0,,,,430503000.0,,,
CommonStockSharesIssued / shares,250751500.0,251751500.0,251751500.0,251751500.0,251751500.0,346002862.0,346002862.0,346002862.0,,328702719.0,,,,315519638.0,,,,289519638.0,,,,274519638.0,,,,274519638.0,,,,274519638.0,,,
CommonStockValue / EUR,,,,,,69000000.0,69000000.0,69000000.0,,66000000.0,,,,63000000.0,,,,58000000.0,,,,55000000.0,,,,55000000.0,,,,55000000.0,,,
CommonStockValue / USD,51000000.0,51000000.0,51000000.0,51000000.0,51000000.0,68000000.0,71000000.0,71000000.0,67000000.0,67000000.0,64000000.0,64000000.0,64000000.0,64000000.0,59000000.0,59000000.0,59000000.0,59000000.0,56000000.0,56000000.0,56000000.0,56000000.0,56000000.0,56000000.0,56000000.0,56000000.0,56000000.0,56000000.0,56000000.0,56000000.0,56000000.0,56000000.0,56000000.0
ComprehensiveIncomeNetOfTax / USD,-154000000.0,-317000000.0,175000000.0,-138000000.0,395000000.0,402000000.0,1497000000.0,53000000.0,1881000000.0,2358000000.0,-35000000.0,15000000.0,73000000.0,2154000000.0,-82000000.0,-260000000.0,-242000000.0,195000000.0,297000000.0,703000000.0,1197000000.0,94000000.0,635000000.0,1227000000.0,1875000000.0,1802000000.0,637000000.0,1324000000.0,2064000000.0,2815000000.0,593000000.0,1237000000.0,2029000000.0
ComprehensiveIncomeNetOfTaxAttributableToNoncontrollingInterest / USD,-14000000.0,-50000000.0,46000000.0,63000000.0,67000000.0,68000000.0,73000000.0,59000000.0,37000000.0,57000000.0,5000000.0,10000000.0,20000000.0,50000000.0,8000000.0,13000000.0,17000000.0,29000000.0,11000000.0,20000000.0,27000000.0,28000000.0,9000000.0,22000000.0,34000000.0,35000000.0,8000000.0,14000000.0,19000000.0,46000000.0,5000000.0,11000000.0,22000000.0
ComprehensiveIncomeNetOfTaxIncludingPortionAttributableToNoncontrollingInterest / USD,-140000000.0,-267000000.0,221000000.0,-75000000.0,462000000.0,470000000.0,1570000000.0,112000000.0,1918000000.0,2415000000.0,-30000000.0,25000000.0,93000000.0,2204000000.0,-74000000.0,-247000000.0,-225000000.0,224000000.0,308000000.0,723000000.0,1224000000.0,122000000.0,644000000.0,1249000000.0,1909000000.0,1837000000.0,645000000.0,1338000000.0,2083000000.0,2861000000.0,598000000.0,1248000000.0,2051000000.0
ContractWithCustomerLiability / USD,,,,,,,,,,,,,,,,,,,,,,,,,,,,,,280000000.0,,,
CostOfRevenue / USD,2621000000.0,2579000000.0,2288000000.0,2370000000.0,2638000000.0,3007000000.0,3314000000.0,5429000000.0,3396000000.0,4637000000.0,1022000000.0,2088000000.0,3167000000.0,4556000000.0,1024000000.0,1981000000.0,3158000000.0,4259000000.0,1212000000.0,2386000000.0,3664000000.0,4377000000.0,1359000000.0,2789000000.0,4267000000.0,4996000000.0,1351000000.0,2769000000.0,4238000000.0,5688000000.0,1343000000.0,2678000000.0,4062000000.0
CurrentFederalTaxExpenseBenefit / USD,,12000000.0,3000000.0,1000000.0,10000000.0,7000000.0,13000000.0,7000000.0,,179000000.0,,,,296000000.0,,,,90000000.0,,,,147000000.0,,,,106000000.0,,,,285000000.0,,,
CurrentForeignTaxExpenseBenefit / USD,,40000000.0,29000000.0,20000000.0,17000000.0,32000000.0,51000000.0,67000000.0,,135000000.0,,,,91000000.0,,,,105000000.0,,,,119000000.0,,,,186000000.0,,,,480000000.0,,,
CurrentIncomeTaxExpenseBenefit / USD,,52000000.0,32000000.0,21000000.0,27000000.0,39000000.0,64000000.0,74000000.0,,314000000.0,,,,387000000.0,,,,195000000.0,,,,266000000.0,,,,292000000.0,,,,765000000.0,,,
CustomerFunds / USD,,,,,,,,,,,,,,,,,,,,,,,432000000.0,432000000.0,432000000.0,432000000.0,280000000.0,280000000.0,280000000.0,,131000000.0,,
DebtAndCapitalLeaseObligations / USD,,3764000000.0,3456000000.0,3297000000.0,9206000000.0,,9187000000.0,6565000000.0,7354000000.0,7354000000.0,7365000000.0,7365000000.0,7365000000.0,7365000000.0,7609000000.0,7609000000.0,7609000000.0,7609000000.0,10572000000.0,10572000000.0,10572000000.0,10572000000.0,11165000000.0,11165000000.0,11165000000.0,11165000000.0,11175000000.0,11175000000.0,11175000000.0,,10854000000.0,10854000000.0,10854000000.0
DebtCurrent / USD,,52000000.0,307000000.0,40000000.0,20000000.0,556000000.0,421000000.0,751000000.0,1107000000.0,1107000000.0,,0.0,0.0,,,,0.0,,,,,,0.0,0.0,0.0,0.0,1000000000.0,1000000000.0,1000000000.0,1000000000.0,500000000.0,500000000.0,500000000.0
DebtInstrumentCarryingAmount / USD,,,,,,,,,,,,,,,,,,,,,,,,,,,,,,11250000000.0,,,
DebtInstrumentFaceAmount / USD,,3033000000.0,3470000000.0,1033000000.0,4198000000.0,9343000000.0,9361000000.0,6650000000.0,7400000000.0,7400000000.0,7400000000.0,7400000000.0,7400000000.0,7400000000.0,7650000000.0,7650000000.0,7650000000.0,7650000000.0,10650000000.0,10650000000.0,10650000000.0,10650000000.0,11250000000.0,11250000000.0,11250000000.0,11250000000.0,11250000000.0,11250000000.0,11250000000.0,10920000000.0,10920000000.0,10920000000.0,10920000000.0
DebtInstrumentUnamortizedDiscountPremiumAndDebtIssuanceCostsNet / USD,,,,,,82000000.0,61000000.0,28000000.0,31000000.0,31000000.0,35000000.0,35000000.0,35000000.0,35000000.0,41000000.0,41000000.0,41000000.0,41000000.0,78000000.0,78000000.0,78000000.0,78000000.0,85000000.0,85000000.0,85000000.0,85000000.0,75000000.0,75000000.0,75000000.0,75000000.0,66000000.0,66000000.0,66000000.0
DeferredFederalIncomeTaxExpenseBenefit / USD,,-3000000.0,10000000.0,-5000000.0,-1000000.0,-2000000.0,4000000.0,-205000000.0,,259000000.0,,,,-2000000.0,,,,28000000.0,,,,-58000000.0,,,,-10000000.0,,,,10000000.0,,,
DeferredFinanceCostsNet / USD,,,,,,61000000.0,34000000.0,32000000.0,,33000000.0,,,,33000000.0,,,,47000000.0,,,,52000000.0,,,,44000000.0,,,,38000000.0,,,
DeferredForeignIncomeTaxExpenseBenefit / USD,,-25000000.0,-21000000.0,-15000000.0,-6000000.0,3000000.0,-172000000.0,-720000000.0,,-1056000000.0,,,,-209000000.0,,,,-203000000.0,,,,-291000000.0,,,,-10000000.0,,,,-246000000.0,,,
DeferredIncomeTaxAssetsNet / USD,,,,,,,,,,293000000.0,,,,293000000.0,,,,477000000.0,,,,441000000.0,,,,716000000.0,,,,992000000.0,1251000000.0,1251000000.0,1251000000.0
DeferredIncomeTaxExpenseBenefit / USD,,-28000000.0,-11000000.0,-20000000.0,-7000000.0,1000000.0,-168000000.0,-925000000.0,-159000000.0,-797000000.0,-63000000.0,-93000000.0,-126000000.0,-211000000.0,-75000000.0,-156000000.0,-274000000.0,-175000000.0,12000000.0,12000000.0,6000000.0,-349000000.0,-33000000.0,-98000000.0,-196000000.0,-20000000.0,-62000000.0,-137000000.0,-170000000.0,-236000000.0,-64000000.0,-87000000.0,-127000000.0
DeferredIncomeTaxLiabilities / USD,,,273000000.0,256000000.0,187000000.0,3537000000.0,2932000000.0,1324000000.0,,1010000000.0,,,,748000000.0,,,,307000000.0,,,,211000000.0,,,,205000000.0,,,,208000000.0,,,
DeferredIncomeTaxLiabilitiesNet / USD,,,,,,,,,450000000.0,450000000.0,282000000.0,282000000.0,282000000.0,282000000.0,85000000.0,85000000.0,85000000.0,85000000.0,57000000.0,57000000.0,57000000.0,57000000.0,45000000.0,45000000.0,45000000.0,45000000.0,44000000.0,44000000.0,44000000.0,44000000.0,,,
DeferredTaxAssetInterestCarryforward / USD,,,,,,,,,,-479000000.0,,,,276000000.0,,,,78000000.0,,,,173000000.0,,,,130000000.0,,,,155000000.0,,,
DeferredTaxAssetsGoodwillAndIntangibleAssets / USD,,22000000.0,13000000.0,5000000.0,2000000.0,,,,,,,,,,,,,,,,,0.0,,,,331000000.0,,,,600000000.0,,,
DeferredTaxAssetsGross / USD,,819000000.0,808000000.0,808000000.0,765000000.0,1966000000.0,1827000000.0,1087000000.0,,998000000.0,,,,949000000.0,,,,926000000.0,,,,756000000.0,,,,1030000000.0,,,,1300000000.0,,,
DeferredTaxAssetsInventory / USD,,1000000.0,2000000.0,2000000.0,2000000.0,-109000000.0,27000000.0,3000000.0,,2000000.0,,,,4000000.0,,,,8000000.0,,,,5000000.0,,,,14000000.0,,,,16000000.0,,,
DeferredTaxAssetsLiabilitiesNet / USD,,-68000000.0,-54000000.0,-55000000.0,,,,,,11000000.0,,,,11000000.0,,,,392000000.0,,,,384000000.0,,,,671000000.0,,,,948000000.0,,,
DeferredTaxAssetsNet / USD,,,,,,1334000000.0,1700000000.0,947000000.0,,853000000.0,,,,759000000.0,,,,699000000.0,,,,595000000.0,,,,876000000.0,,,,1156000000.0,,,
DeferredTaxAssetsOperatingLossCarryforwards / USD,,,,,659000000.0,963000000.0,1031000000.0,621000000.0,,598000000.0,,,,499000000.0,,,,480000000.0,,,,317000000.0,,,,287000000.0,,,,273000000.0,,,
DeferredTaxAssetsPropertyPlantAndEquipment / USD,,25000000.0,20000000.0,27000000.0,19000000.0,,,,,,,,,,,,,,,,,,,,,0.0,,,,8000000.0,,,
DeferredTaxAssetsTaxDeferredExpenseCompensationAndBenefitsPensions / USD,,,,,,,86000000.0,93000000.0,,83000000.0,,,,95000000.0,,,,121000000.0,,,,104000000.0,,,,51000000.0,,,,63000000.0,,,
DeferredTaxAssetsTaxDeferredExpenseCompensationAndBenefitsShareBasedCompensationCost / USD,,,,,,73000000.0,58000000.0,25000000.0,,18000000.0,,,,15000000.0,,,,13000000.0,,,,9000000.0,,,,11000000.0,,,,10000000.0,,,
DeferredTaxAssetsTaxDeferredExpenseReservesAndAccrualsOther / USD,,,,,,,107000000.0,100000000.0,,83000000.0,,,,111000000.0,,,,107000000.0,,,,147000000.0,,,,111000000.0,,,,111000000.0,,,
DeferredTaxAssetsTaxDeferredExpenseReservesAndAccrualsRestructuringCharges / USD,,,,,,,40000000.0,16000000.0,,12000000.0,,,,5000000.0,,,,15000000.0,,,,6000000.0,,,,3000000.0,,,,23000000.0,,,
DeferredTaxAssetsValuationAllowance / USD,,545000000.0,589000000.0,607000000.0,627000000.0,632000000.0,127000000.0,140000000.0,,145000000.0,,,,190000000.0,,,,227000000.0,,,,161000000.0,,,,154000000.0,,,,144000000.0,,,
DeferredTaxLiabilitiesGoodwillAndIntangibleAssetsGoodwill / USD,,,,,,,,,,39000000.0,,,,43000000.0,,,,66000000.0,,,,83000000.0,,,,97000000.0,,,,115000000.0,,,
DeferredTaxLiabilitiesOther / USD,,,,0.0,,,,,,0.0,,,,52000000.0,,,,56000000.0,,,,63000000.0,,,,64000000.0,,,,57000000.0,,,
DeferredTaxLiabilitiesUndistributedForeignEarnings / USD,,27000000.0,27000000.0,31000000.0,31000000.0,359000000.0,367000000.0,109000000.0,,96000000.0,,,,99000000.0,,,,54000000.0,,,,38000000.0,,,,33000000.0,,,,36000000.0,,,
DeferredTaxLiabilityNotRecognizedAmountOfUnrecognizedDeferredTaxLiabilityUndistributedEarningsOfForeignSubsidiaries / USD,,,,,,,,,,9000000.0,,,,11000000.0,,,,35000000.0,,,,44000000.0,,,,54000000.0,,,,67000000.0,,,
DefinedBenefitPlanAmortizationOfGainsLosses / USD,,1000000.0,-1000000.0,-1000000.0,-1000000.0,1000000.0,-3000000.0,-2000000.0,,-4000000.0,,,,-4000000.0,,,,-4000000.0,,,,-8000000.0,,,,-10000000.0,,,,-9000000.0,,,
DefinedBenefitPlanAssumptionsUsedCalculatingBenefitObligationDiscountRate / pure,,0.044,0.035,0.037,0.026,0.025,0.02,0.019,,0.02,,,,0.012,,,,0.008,,,,0.012,,,,0.033,,,,0.032,,,
DefinedBenefitPlanAssumptionsUsedCalculatingBenefitObligationRateOfCompensationIncrease / pure,,0.031,0.024,0.023,0.018,0.022,0.019,0.018,,0.018,,,,0.015,,,,0.016,,,,0.022,,,,0.022,,,,0.022,,,
DefinedBenefitPlanAssumptionsUsedCalculatingNetPeriodicBenefitCostDiscountRate / pure,,0.048,0.043,0.044,0.035,0.037,0.026,0.025,,0.02,,,,0.019,,,,0.02,,,,0.012,,,,0.008,,,,0.012,,,
DefinedBenefitPlanAssumptionsUsedCalculatingNetPeriodicBenefitCostExpectedLongTermReturnOnAssets / pure,,0.043,0.042,0.041,0.04,0.042,0.042,0.035,,0.031,,,,0.03,,,,0.027,,,,0.026,,,,0.026,,,,0.026,,,
DefinedBenefitPlanAssumptionsUsedCalculatingNetPeriodicBenefitCostRateOfCompensationIncrease / pure,,0.03,0.031,0.031,0.024,0.023,0.018,0.022,,0.019,,,,0.018,,,,0.018,,,,0.015,,,,0.016,,,,0.019,,,
DefinedBenefitPlanExpectedFutureBenefitPaymentsFiveFiscalYearsThereafter / USD,,95000000.0,107000000.0,107000000.0,124000000.0,128000000.0,135000000.0,137000000.0,,147000000.0,,,,170000000.0,,,,162000000.0,,,,160000000.0,,,,184000000.0,,,,161000000.0,,,
DefinedBenefitPlanExpectedFutureBenefitPaymentsNextTwelveMonths / USD,,16000000.0,16000000.0,14000000.0,21000000.0,21000000.0,22000000.0,21000000.0,,21000000.0,,,,24000000.0,,,,22000000.0,,,,21000000.0,,,,24000000.0,,,,25000000.0,,,
DefinedBenefitPlanExpectedFutureBenefitPaymentsYearFive / USD,,14000000.0,17000000.0,17000000.0,19000000.0,20000000.0,23000000.0,23000000.0,,27000000.0,,,,28000000.0,,,,28000000.0,,,,26000000.0,,,,31000000.0,,,,28000000.0,,,
DefinedBenefitPlanExpectedFutureBenefitPaymentsYearFour / USD,,14000000.0,15000000.0,16000000.0,18000000.0,18000000.0,20000000.0,23000000.0,,24000000.0,,,,28000000.0,,,,25000000.0,,,,27000000.0,,,,29000000.0,,,,28000000.0,,,
DefinedBenefitPlanExpectedFutureBenefitPaymentsYearThree / USD,,15000000.0,15000000.0,13000000.0,17000000.0,17000000.0,18000000.0,19000000.0,,24000000.0,,,,26000000.0,,,,25000000.0,,,,24000000.0,,,,28000000.0,,,,26000000.0,,,
DefinedBenefitPlanExpectedFutureBenefitPaymentsYearTwo / USD,,13000000.0,14000000.0,13000000.0,14000000.0,16000000.0,17000000.0,18000000.0,,21000000.0,,,,24000000.0,,,,23000000.0,,,,24000000.0,,,,25000000.0,,,,25000000.0,,,
DefinedBenefitPlanExpectedFutureEmployerContributionsNextFiscalYear / USD,,,,,,,7000000.0,12000000.0,,14000000.0,,,,9000000.0,,,,12000000.0,,,,19000000.0,,,,15000000.0,,,,14000000.0,,,
DefinedBenefitPlanExpectedReturnOnPlanAssets / USD,,6000000.0,6000000.0,6000000.0,7000000.0,7000000.0,6000000.0,6000000.0,,6000000.0,,,,6000000.0,,,,6000000.0,,,,5000000.0,,,,6000000.0,,,,5000000.0,,,
DefinedBenefitPlanFairValueOfPlanAssets / USD,,162000000.0,170000000.0,157000000.0,190000000.0,172000000.0,195000000.0,201000000.0,,203000000.0,,,,224000000.0,,,,222000000.0,,,,202000000.0,,,,213000000.0,,,,201000000.0,,,
DefinedBenefitPlanInterestCost / USD,,15000000.0,15000000.0,14000000.0,15000000.0,13000000.0,11000000.0,14000000.0,,11000000.0,,,,12000000.0,,,,12000000.0,,,,7000000.0,,,,6000000.0,,,,8000000.0,,,
DefinedBenefitPlanNetPeriodicBenefitCost / USD,,20000000.0,20000000.0,18000000.0,21000000.0,15000000.0,16000000.0,26000000.0,,-1000000.0,,,,26000000.0,,,,24000000.0,,,,27000000.0,,,,28000000.0,,,,27000000.0,,,
DefinedBenefitPlanPensionPlansWithAccumulatedBenefitObligationsInExcessOfPlanAssetsAggregateAccumulatedBenefitObligation / USD,,,,,,,,,,,,,,,,,,,,,,,,,,407000000.0,,,,459000000.0,,,
DefinedBenefitPlanPensionPlansWithAccumulatedBenefitObligationsInExcessOfPlanAssetsAggregateFairValueOfPlanAssets / USD,,,,,,,,,,,,,,,,,,,,,,,,,,84000000.0,,,,87000000.0,,,
DefinedBenefitPlanRecognizedNetGainLossDueToSettlementsAndCurtailments1 / USD,,1000000.0,1000000.0,2000000.0,6000000.0,6000000.0,6000000.0,1000000.0,,25000000.0,,,,0.0,,,,0.0,,,,0.0,,,,0.0,,,,0.0,,,
DefinedBenefitPlanServiceCost / USD,,12000000.0,12000000.0,11000000.0,12000000.0,10000000.0,12000000.0,17000000.0,,15000000.0,,,,16000000.0,,,,14000000.0,,,,17000000.0,,,,18000000.0,,,,15000000.0,,,
DefinedBenefitPlanWeightedAverageAssetAllocations / pure,,,,,,,,,,1.0,,,,1.0,,,,1.0,,,,1.0,,,,1.0,,,,1.0,,,
DefinedContributionPlanCostRecognized / USD,,15000000.0,16000000.0,19000000.0,20000000.0,21000000.0,21000000.0,44000000.0,,42000000.0,,,,49000000.0,,,,47000000.0,,,,47000000.0,,,,52000000.0,,,,62000000.0,,,
DepositsAssetsCurrent / USD,,,,,,,,,,,,,,,,,,,,,,,,,,0.0,409000000.0,409000000.0,409000000.0,409000000.0,,,0.0
Depreciation / USD,,359000000.0,290000000.0,247000000.0,246000000.0,219000000.0,262000000.0,609000000.0,354000000.0,611000000.0,124000000.0,252000000.0,387000000.0,478000000.0,133000000.0,269000000.0,408000000.0,518000000.0,132000000.0,267000000.0,406000000.0,547000000.0,142000000.0,291000000.0,447000000.0,551000000.0,160000000.0,322000000.0,485000000.0,605000000.0,145000000.0,291000000.0,440000000.0
DepreciationAndAmortization / USD,,,591000000.0,533000000.0,514000000.0,405000000.0,517000000.0,2205000000.0,1484000000.0,2173000000.0,502000000.0,1008000000.0,1525000000.0,1987000000.0,540000000.0,1083000000.0,1672000000.0,2047000000.0,341000000.0,646000000.0,952000000.0,1988000000.0,310000000.0,627000000.0,948000000.0,,283000000.0,564000000.0,837000000.0,,235000000.0,448000000.0,666000000.0
DepreciationDepletionAndAmortization / USD,818000000.0,684000000.0,,,,,,,1484000000.0,2173000000.0,502000000.0,1008000000.0,1525000000.0,1987000000.0,540000000.0,1083000000.0,1672000000.0,2047000000.0,341000000.0,646000000.0,952000000.0,1988000000.0,310000000.0,627000000.0,948000000.0,1262000000.0,283000000.0,564000000.0,837000000.0,1250000000.0,235000000.0,448000000.0,666000000.0
Dividends / USD,,,,,,,,,74000000.0,0.0,71000000.0,71000000.0,71000000.0,147000000.0,105000000.0,,315000000.0,351000000.0,,,,420000000.0,,,,606000000.0,,,,885000000.0,,,
DividendsCommonStock / USD,,,,,,,,147000000.0,74000000.0,147000000.0,71000000.0,71000000.0,71000000.0,147000000.0,105000000.0,105000000.0,105000000.0,351000000.0,155000000.0,155000000.0,155000000.0,420000000.0,222000000.0,222000000.0,222000000.0,606000000.0,264000000.0,264000000.0,264000000.0,885000000.0,260000000.0,260000000.0,260000000.0
DividendsPayableCurrentAndNoncurrent / USD,,,,,,,,,,,,,,,,105000000.0,105000000.0,105000000.0,155000000.0,155000000.0,155000000.0,149000000.0,222000000.0,222000000.0,222000000.0,219000000.0,263000000.0,263000000.0,263000000.0,261000000.0,260000000.0,260000000.0,260000000.0
EarningsPerShareBasic / USD/shares,,,1.57,-0.46,1.4,2.27,6.36,0.59,5.74,6.54,-0.07,0.07,0.46,6.78,-0.08,-0.84,-0.92,0.86,1.27,2.73,4.66,0.19,2.5,5.05,7.86,6.91,2.37,5.06,8.12,10.64,2.49,5.07,7.89
EarningsPerShareDiluted / USD/shares,,,1.57,-0.46,1.36,2.17,6.1,0.58,5.69,6.41,-0.07,0.07,0.45,6.72,-0.08,-0.84,-0.92,0.85,1.25,2.67,4.57,0.18,2.48,5.01,7.8,6.79,2.35,5.03,8.03,10.55,2.47,5.01,7.8
EffectOfExchangeRateOnCashCashEquivalentsRestrictedCashAndRestrictedCashEquivalents / USD,,,,,,,,,,20000000.0,,,,-8000000.0,,,,-2000000.0,-5000000.0,-3000000.0,-6000000.0,1000000.0,0.0,-11000000.0,-22000000.0,-3000000.0,2000000.0,-1000000.0,-4000000.0,-12000000.0,-3000000.0,-7000000.0,0.0
EffectiveIncomeTaxRateContinuingOperations / pure,,-0.068,0.21,-0.04,0.053,0.063,-0.07,1.411,0.142,-0.278,0.31,0.308,0.214,0.074,0.2,0.124,0.271,0.069,0.099,0.12,0.134,-83.0,0.148,0.154,0.158,0.125,0.159,0.172,0.158,0.157,0.179,0.184,0.186
EffectiveIncomeTaxRateReconciliationAtFederalStatutoryIncomeTaxRate / pure,,0.255,0.25,0.25,0.25,0.25,0.25,0.25,,0.25,,,,0.25,,,,0.25,,,,0.25,0.258,0.258,0.258,0.25,0.258,0.258,0.258,0.258,0.258,0.258,0.258
EffectiveIncomeTaxRateReconciliationChangeInDeferredTaxAssetsValuationAllowance / pure,,-0.167,0.127,-1.78,0.053,0.024,-0.138,0.726,,0.011,,,,0.004,,,,0.202,,,,35.0,,,,-0.009,,,,0.0,,,
EffectiveIncomeTaxRateReconciliationForeignIncomeTaxRateDifferential / pure,,0.016,-0.157,0.64,-0.034,-0.025,-0.043,0.242,,-0.045,,,,0.008,,,,0.055,,,,21.75,,,,-0.019,,,,-0.024,,,
EffectiveIncomeTaxRateReconciliationNondeductibleExpense / pure,,-0.123,0.196,-0.696,0.066,0.056,0.04,-0.07,,0.022,,,,0.027,,,,0.178,,,,61.0,,,,0.025,,,,0.017,,,
EffectiveIncomeTaxRateReconciliationOtherReconcilingItemsPercent / pure,,,,,,,0.008,0.056,,-0.006,,,,-0.018,,,,0.015,,,,-2.0,,,,-0.001,,,,0.017,,,
EffectiveIncomeTaxRateReconciliationPriorYearIncomeTaxes / pure,,-0.016,-0.02,0.052,-0.008,0.005,0.001,0.001,,-0.003,,,,-0.035,,,,-0.012,,,,-13.0,,,,-0.01,,,,-0.001,,,
EmployeeServiceShareBasedCompensationTaxBenefitFromCompensationExpense / USD,,,,,,,18000000.0,58000000.0,,51000000.0,,,,27000000.0,,,,27000000.0,,,,32000000.0,,,,54000000.0,,,,26000000.0,,,
EntityCommonStockSharesOutstanding / shares,251751500.0,251751500.0,251751500.0,251751500.0,346002862.0,346002862.0,346002862.0,328702719.0,279527075.0,279750659.0,279034929.0,279224213.0,279749594.0,277008199.0,275750318.0,265134880.0,265933249.0,262538156.0,262564790.0,262598471.0,259134862.0,259519410.0,259742578.0,257802134.0,257763301.0,256459260.0,255683781.0,254732930.0,254155580.0,253620117.0,252628698.0,252114595.0,251674471.0
EntityPublicFloat / USD,,,,,,,,,,27200000000.0,,,,30200000000.0,,,,54700000000.0,,,,38400000000.0,,,,52900000000.0,,,,67700000000.0,,,
EnvironmentalCostsRecognizedCapitalized / USD,,,,,,,,,,,,,,,,,,,,,,87000000.0,,,,87000000.0,,,,90000000.0,,,
EquityMethodInvestments / USD,132000000.0,37000000.0,45000000.0,45000000.0,71000000.0,141000000.0,154000000.0,146000000.0,,13000000.0,,,,11000000.0,61000000.0,61000000.0,61000000.0,61000000.0,75000000.0,75000000.0,75000000.0,75000000.0,71000000.0,71000000.0,71000000.0,71000000.0,101000000.0,101000000.0,101000000.0,101000000.0,300000000.0,300000000.0,300000000.0
EstimatedInsuranceRecoveries / USD,,,,,,,61000000.0,61000000.0,65000000.0,65000000.0,25000000.0,25000000.0,25000000.0,25000000.0,8000000.0,8000000.0,8000000.0,8000000.0,46000000.0,46000000.0,46000000.0,46000000.0,43000000.0,43000000.0,43000000.0,43000000.0,67000000.0,67000000.0,67000000.0,67000000.0,259000000.0,259000000.0,259000000.0
FinanceLeaseLiability / USD,,,,,,,,,30000000.0,27000000.0,25000000.0,25000000.0,25000000.0,70000000.0,,,,23000000.0,,,,23000000.0,,,,21000000.0,,,,19000000.0,,,
FinanceLeaseRightOfUseAsset / USD,,,,,,,,,,,,,,,,,,,,,,64000000.0,,,,61000000.0,,,,57000000.0,,,
FinanceLeaseRightOfUseAssetAccumulatedAmortization / USD,,,,,,,,,,,,,,,,,,,,,,15000000.0,,,,18000000.0,,,,21000000.0,,,
FinanceLeaseRightOfUseAssetBeforeAccumulatedAmortization / USD,,,,,,,,,,,,,,,,,,,,,,82000000.0,,,,82000000.0,,,,82000000.0,,,
FiniteLivedIntangibleAssetsAccumulatedAmortization / USD,1442000000.0,1365000000.0,1646000000.0,1942000000.0,1942000000.0,1293000000.0,1188000000.0,2169000000.0,4716000000.0,3472000000.0,5764000000.0,5764000000.0,5764000000.0,4716000000.0,7007000000.0,7007000000.0,7007000000.0,5764000000.0,3021000000.0,3021000000.0,3021000000.0,7007000000.0,1883000000.0,1883000000.0,1883000000.0,3021000000.0,1342000000.0,1342000000.0,1342000000.0,1883000000.0,1037000000.0,1037000000.0,1037000000.0
FiniteLivedIntangibleAssetsForeignCurrencyTranslationGainLoss / USD,,,,,,-41000000.0,-12000000.0,4000000.0,,-1000000.0,,,,0.0,,,,0.0,,,,-2000000.0,,,,-2000000.0,,,,1000000.0,,,
FiniteLivedIntangibleAssetsGross / USD,2928000000.0,2536000000.0,2611000000.0,2697000000.0,2697000000.0,1866000000.0,9978000000.0,9512000000.0,9183000000.0,9335000000.0,9384000000.0,9384000000.0,9384000000.0,9183000000.0,9249000000.0,9249000000.0,9249000000.0,9384000000.0,4715000000.0,4715000000.0,4715000000.0,9249000000.0,3194000000.0,3194000000.0,3194000000.0,4715000000.0,2264000000.0,2264000000.0,2264000000.0,3194000000.0,1873000000.0,1873000000.0,1873000000.0
FiniteLivedIntangibleAssetsNet / USD,1486000000.0,1171000000.0,965000000.0,755000000.0,755000000.0,573000000.0,8790000000.0,7343000000.0,4467000000.0,5863000000.0,3620000000.0,3620000000.0,3620000000.0,4467000000.0,2242000000.0,2242000000.0,2242000000.0,3620000000.0,1694000000.0,1694000000.0,1694000000.0,2242000000.0,1311000000.0,1311000000.0,1311000000.0,1694000000.0,922000000.0,922000000.0,922000000.0,1311000000.0,836000000.0,836000000.0,836000000.0
FiniteLivedIntangibleAssetsPeriodIncreaseDecrease / USD,,,,,-182000000.0,8217000000.0,-1447000000.0,-1480000000.0,,-1396000000.0,,,,-847000000.0,,,,-1378000000.0,,,,-548000000.0,,,,-383000000.0,,,,-389000000.0,,,
FinitelivedIntangibleAssetsAcquired1 / USD,,,,,58000000.0,8551000000.0,299000000.0,78000000.0,,114000000.0,,,,683000000.0,,,,63000000.0,,,,163000000.0,,,,264000000.0,,,,64000000.0,,,
ForeignCurrencyExchangeRateTranslation1 / EUR/USD,,,,,,,1.0915,1.0474,,1.1932,,,,1.1451,,,,1.1217,,,,1.228,,,,1.1325,,,,1.067,,,
ForeignCurrencyTransactionGainLossBeforeTax / USD,,-331000000.0,128000000.0,28000000.0,62000000.0,-246000000.0,-193000000.0,-15000000.0,-1000000.0,-30000000.0,-6000000.0,-7000000.0,-6000000.0,-14000000.0,4000000.0,-1000000.0,-6000000.0,-15000000.0,1000000.0,0.0,3000000.0,-16000000.0,0.0,3000000.0,2000000.0,5000000.0,-5000000.0,-10000000.0,-15000000.0,-17000000.0,-3000000.0,-8000000.0,-15000000.0
GainLossOnDispositionOfAssets / USD,58000000.0,-21000000.0,-10000000.0,20000000.0,2000000.0,10000000.0,1263000000.0,11000000.0,0.0,1615000000.0,0.0,-1000000.0,20000000.0,0.0,110000000.0,110000000.0,111000000.0,20000000.0,0.0,0.0,0.0,115000000.0,1000000.0,1000000.0,2000000.0,1000000.0,0.0,1000000.0,1000000.0,0.0,2000000.0,2000000.0,2000000.0
GainLossOnSaleOfInvestments / USD,,,,,,,,,,,,,,0.0,0.0,0.0,0.0,0.0,3000000.0,-2000000.0,2000000.0,21000000.0,4000000.0,-4000000.0,-6000000.0,-2000000.0,-1000000.0,5000000.0,1000000.0,-4000000.0,-2000000.0,-5000000.0,-12000000.0
GainsLossesOnExtinguishmentOfDebt / USD,1020000000.0,57000000.0,-32000000.0,-161000000.0,-114000000.0,-3000000.0,-32000000.0,-32000000.0,-26000000.0,-41000000.0,,-10000000.0,-11000000.0,-26000000.0,,,,-11000000.0,,0.0,0.0,-60000000.0,,-18000000.0,-18000000.0,-22000000.0,0.0,0.0,0.0,-18000000.0,,,
Goodwill / USD,2299000000.0,2299000000.0,2231000000.0,2277000000.0,2358000000.0,2121000000.0,7399000000.0,8843000000.0,8857000000.0,8866000000.0,9949000000.0,9949000000.0,9949000000.0,8857000000.0,9984000000.0,9984000000.0,9984000000.0,9949000000.0,9961000000.0,9961000000.0,9961000000.0,9984000000.0,9943000000.0,9943000000.0,9943000000.0,9961000000.0,9955000000.0,9955000000.0,9955000000.0,9943000000.0,9930000000.0,9930000000.0,9930000000.0
GoodwillForeignCurrencyTranslationGainLoss / USD,,,,,,-178000000.0,-25000000.0,51000000.0,,-20000000.0,,,,-5000000.0,,,,32000000.0,,,,-29000000.0,,,,-26000000.0,,,,12000000.0,,,
GoodwillGross / USD,,2529000000.0,2454000000.0,2502000000.0,2593000000.0,2328000000.0,9414000000.0,9029000000.0,,9020000000.0,,,,8971000000.0,,,,10063000000.0,,,,10098000000.0,,,,10075000000.0,,,,10057000000.0,,,
GoodwillImpairedAccumulatedImpairmentLoss / USD,,230000000.0,223000000.0,225000000.0,235000000.0,207000000.0,186000000.0,186000000.0,,154000000.0,,,,114000000.0,,,,114000000.0,,,,114000000.0,,,,114000000.0,,,,114000000.0,,,
GoodwillImpairmentLoss / USD,,0.0,0.0,0.0,0.0,0.0,0.0,0.0,,0.0,,,,0.0,,,,0.0,,,,0.0,,,,0.0,,,,0.0,,,
GoodwillPeriodIncreaseDecrease / USD,,-68000000.0,46000000.0,81000000.0,-237000000.0,7107000000.0,-385000000.0,23000000.0,,-9000000.0,,,,1092000000.0,,,,35000000.0,,,,-23000000.0,,,,-18000000.0,,,,12000000.0,,,
GovernmentAssistanceAmount / USD,,,,,,,,,,,,,,,,,,,,,,,,,,88000000.0,,,,123000000.0,,,
GovernmentAssistanceAmountCumulativeCurrent / USD,,,,,,,,,,,,,,,,,,,,,,,,,,57000000.0,,,,95000000.0,,,
GovernmentAssistanceAmountCumulativeNoncurrent / USD,,,,,,,,,,,,,,,,,,,,,,,,,,57000000.0,,,,71000000.0,,,
GrossProfit / USD,898000000.0,1823000000.0,1906000000.0,1988000000.0,2177000000.0,2640000000.0,2787000000.0,4069000000.0,3608000000.0,4619000000.0,1072000000.0,2223000000.0,3409000000.0,4851000000.0,997000000.0,1857000000.0,2947000000.0,4618000000.0,1355000000.0,2777000000.0,4360000000.0,4235000000.0,1777000000.0,3659000000.0,5626000000.0,6067000000.0,1770000000.0,3651000000.0,5616000000.0,7517000000.0,1783000000.0,3575000000.0,5441000000.0
IncomeLossFromContinuingOperationsBeforeIncomeTaxesDomestic / USD,,-490000000.0,-27000000.0,-93000000.0,205000000.0,398000000.0,1528000000.0,537000000.0,,1679000000.0,,,,2570000000.0,,,,429000000.0,,,,447000000.0,,,,942000000.0,,,,1520000000.0,,,
IncomeLossFromContinuingOperationsBeforeIncomeTaxesForeign / USD,,135000000.0,127000000.0,68000000.0,172000000.0,241000000.0,-42000000.0,-1140000000.0,,57000000.0,,,,-195000000.0,,,,-138000000.0,,,,-446000000.0,,,,1238000000.0,,,,1843000000.0,,,
IncomeLossFromContinuingOperationsBeforeIncomeTaxesMinorityInterestAndIncomeLossFromEquityMethodInvestments / USD,-249000000.0,-355000000.0,100000000.0,-25000000.0,377000000.0,639000000.0,1486000000.0,-603000000.0,2228000000.0,1736000000.0,-29000000.0,39000000.0,187000000.0,2375000000.0,-10000000.0,-251000000.0,-325000000.0,291000000.0,405000000.0,878000000.0,1496000000.0,1000000.0,768000000.0,1583000000.0,2486000000.0,2180000000.0,743000000.0,1606000000.0,2523000000.0,3363000000.0,786000000.0,1607000000.0,2515000000.0
IncomeLossFromEquityMethodInvestments / USD,-86000000.0,-86000000.0,-77000000.0,-27000000.0,58000000.0,8000000.0,8000000.0,11000000.0,,53000000.0,,,,59000000.0,-1000000.0,-2000000.0,-3000000.0,1000000.0,-1000000.0,-3000000.0,0.0,-4000000.0,12000000.0,9000000.0,5000000.0,-2000000.0,-2000000.0,-3000000.0,-5000000.0,-1000000.0,-1000000.0,-4000000.0,-10000000.0
IncomeLossFromEquityMethodInvestmentsNetOfDividendsOrDistributions / USD,,,-77000000.0,7000000.0,7000000.0,8000000.0,9000000.0,,58000000.0,53000000.0,4000000.0,3000000.0,2000000.0,59000000.0,-1000000.0,-2000000.0,-3000000.0,1000000.0,-1000000.0,-3000000.0,0.0,-4000000.0,12000000.0,9000000.0,5000000.0,-2000000.0,-2000000.0,-3000000.0,-5000000.0,-1000000.0,-1000000.0,-4000000.0,-10000000.0
IncomeTaxExpenseBenefit / USD,10000000.0,24000000.0,21000000.0,1000000.0,20000000.0,40000000.0,-104000000.0,-851000000.0,317000000.0,-483000000.0,-9000000.0,12000000.0,40000000.0,176000000.0,2000000.0,-31000000.0,-88000000.0,20000000.0,40000000.0,105000000.0,200000000.0,-83000000.0,114000000.0,243000000.0,392000000.0,272000000.0,118000000.0,276000000.0,399000000.0,529000000.0,141000000.0,295000000.0,468000000.0
IncomeTaxHolidayAggregateDollarAmount / USD,,,,,28000000.0,29000000.0,29000000.0,24000000.0,15000000.0,23000000.0,2000000.0,4000000.0,8000000.0,21000000.0,3000000.0,5000000.0,7000000.0,12000000.0,4000000.0,7000000.0,10000000.0,11000000.0,,,,14000000.0,,,,17000000.0,,,
IncomeTaxHolidayIncomeTaxBenefitsPerShare / USD/shares,,,,,0.11,0.11,0.11,0.07,0.04,0.07,0.01,0.02,0.03,0.06,0.01,0.02,0.03,0.04,0.01,0.03,0.04,0.04,,,,0.05,,,,0.07,,,
IncomeTaxReconciliationChangeInDeferredTaxAssetsValuationAllowance / USD,,,,,,,,,,19000000.0,,13000000.0,20000000.0,10000000.0,,,,59000000.0,,,,35000000.0,,,,-20000000.0,,,,0.0,,,
IncomeTaxReconciliationForeignIncomeTaxRateDifferential / USD,,,,,,,,,,-78000000.0,-10000000.0,9000000.0,14000000.0,19000000.0,,,,16000000.0,,,,22000000.0,,,,-42000000.0,,,,-80000000.0,,,
IncomeTaxReconciliationIncomeTaxExpenseBenefitAtFederalStatutoryIncomeTaxRate / USD,,,,,,,,,,434000000.0,,,,594000000.0,,,,73000000.0,,,,0.0,,,,545000000.0,,,,868000000.0,,,
IncomeTaxReconciliationNondeductibleExpense / USD,,,,,,,,,,38000000.0,,,,64000000.0,,,,52000000.0,,,,61000000.0,,,,53000000.0,,,,56000000.0,,,
IncomeTaxReconciliationOtherReconcilingItems / USD,,,,,,,,,,-11000000.0,,,23000000.0,-45000000.0,,,,4000000.0,,,,-2000000.0,,,,-3000000.0,,,,58000000.0,,,
IncomeTaxReconciliationPriorYearIncomeTaxes / USD,,,,,,,,,19000000.0,-5000000.0,,,,-83000000.0,16000000.0,,,-3000000.0,,,,-13000000.0,,,,-21000000.0,,,,-2000000.0,,,
IncomeTaxesPaidNet / USD,50000000.0,19000000.0,25000000.0,28000000.0,34000000.0,24000000.0,40000000.0,67000000.0,127000000.0,356000000.0,209000000.0,275000000.0,334000000.0,188000000.0,39000000.0,64000000.0,103000000.0,368000000.0,40000000.0,161000000.0,250000000.0,148000000.0,122000000.0,272000000.0,432000000.0,353000000.0,294000000.0,533000000.0,698000000.0,558000000.0,198000000.0,391000000.0,587000000.0
IncreaseDecreaseInAccountsPayableAndAccruedLiabilities / USD,-194000000.0,-237000000.0,-373000000.0,61000000.0,-68000000.0,222000000.0,127000000.0,-156000000.0,59000000.0,225000000.0,-250000000.0,-468000000.0,-425000000.0,-129000000.0,64000000.0,-96000000.0,-14000000.0,-460000000.0,51000000.0,124000000.0,242000000.0,319000000.0,266000000.0,270000000.0,545000000.0,248000000.0,52000000.0,-92000000.0,-220000000.0,633000000.0,-102000000.0,-322000000.0,-204000000.0
IncreaseDecreaseInAccountsReceivableAndOtherOperatingAssets / USD,,,32000000.0,-2000000.0,37000000.0,111000000.0,78000000.0,51000000.0,-136000000.0,-31000000.0,42000000.0,11000000.0,28000000.0,-187000000.0,-27000000.0,-251000000.0,1000000.0,-116000000.0,95000000.0,230000000.0,214000000.0,51000000.0,61000000.0,111000000.0,165000000.0,176000000.0,138000000.0,158000000.0,118000000.0,106000000.0,25000000.0,15000000.0,182000000.0
IncreaseDecreaseInInventories / USD,-31000000.0,-8000000.0,104000000.0,61000000.0,22000000.0,42000000.0,-82000000.0,-568000000.0,70000000.0,120000000.0,-38000000.0,-122000000.0,-135000000.0,65000000.0,35000000.0,35000000.0,-129000000.0,-128000000.0,26000000.0,86000000.0,143000000.0,-163000000.0,122000000.0,273000000.0,392000000.0,159000000.0,196000000.0,325000000.0,359000000.0,593000000.0,-32000000.0,14000000.0,100000000.0
IncreaseDecreaseInOtherNoncurrentAssets / USD,-105000000.0,157000000.0,-51000000.0,-26000000.0,18000000.0,-13000000.0,-30000000.0,-5000000.0,26000000.0,100000000.0,-20000000.0,-6000000.0,-36000000.0,22000000.0,-4000000.0,7000000.0,16000000.0,-43000000.0,8000000.0,60000000.0,106000000.0,-7000000.0,247000000.0,288000000.0,325000000.0,350000000.0,33000000.0,0.0,49000000.0,306000000.0,-6000000.0,-46000000.0,88000000.0
IncrementalCommonSharesAttributableToCallOptionsAndWarrants / shares,,,5004000.0,5004000.0,5004000.0,6753000.0,6194000.0,5582000.0,1290000.0,4517000.0,0.0,771000.0,775000.0,1145000.0,0.0,0.0,0.0,776000.0,416000.0,406000.0,397000.0,526000.0,321000.0,309000.0,297000.0,386000.0,206000.0,197000.0,193000.0,276000.0,172000.0,165000.0,155000.0
IncrementalCommonSharesAttributableToShareBasedPaymentArrangements / shares,,,,,1520000.0,3902000.0,4158000.0,3548000.0,1730000.0,2639000.0,0.0,1870000.0,2548000.0,1680000.0,0.0,0.0,0.0,3079000.0,5321000.0,5512000.0,5175000.0,3520000.0,1699000.0,1763000.0,1921000.0,4573000.0,1428000.0,1712000.0,2729000.0,1898000.0,2215000.0,2775000.0,2770000.0
InterestExpense / USD,,320000000.0,312000000.0,270000000.0,214000000.0,158000000.0,227000000.0,408000000.0,197000000.0,310000000.0,87000000.0,176000000.0,274000000.0,273000000.0,82000000.0,176000000.0,276000000.0,370000000.0,87000000.0,177000000.0,273000000.0,362000000.0,104000000.0,210000000.0,319000000.0,369000000.0,111000000.0,220000000.0,329000000.0,427000000.0,105000000.0,202000000.0,298000000.0
InterestIncomeDepositsWithFinancialInstitutions / USD,,,,,3000000.0,3000000.0,6000000.0,11000000.0,38000000.0,27000000.0,13000000.0,25000000.0,42000000.0,48000000.0,4000000.0,8000000.0,11000000.0,57000000.0,1000000.0,2000000.0,3000000.0,13000000.0,2000000.0,8000000.0,29000000.0,4000000.0,42000000.0,85000000.0,134000000.0,61000000.0,50000000.0,89000000.0,125000000.0
InterestPaidNet / USD,391000000.0,,,,,138000000.0,172000000.0,348000000.0,103000000.0,245000000.0,25000000.0,103000000.0,147000000.0,177000000.0,53000000.0,157000000.0,211000000.0,242000000.0,56000000.0,160000000.0,216000000.0,336000000.0,45000000.0,178000000.0,217000000.0,356000000.0,54000000.0,140000000.0,178000000.0,323000000.0,38000000.0,124000000.0,151000000.0
InterestPayableCurrentAndNoncurrent / USD,,,25000000.0,27000000.0,28000000.0,46000000.0,48000000.0,35000000.0,,31000000.0,,,,52000000.0,,,,57000000.0,,,,57000000.0,,,,99000000.0,,,,90000000.0,,,
InventoryFinishedGoodsNetOfReserves / USD,,,,,,437000000.0,207000000.0,273000000.0,256000000.0,256000000.0,246000000.0,246000000.0,246000000.0,246000000.0,178000000.0,178000000.0,178000000.0,226000000.0,236000000.0,236000000.0,236000000.0,236000000.0,323000000.0,323000000.0,323000000.0,323000000.0,388000000.0,388000000.0,388000000.0,388000000.0,671000000.0,671000000.0,671000000.0
InventoryNet / USD,513000000.0,513000000.0,715000000.0,740000000.0,755000000.0,1879000000.0,1113000000.0,1236000000.0,1279000000.0,1279000000.0,1192000000.0,1192000000.0,1192000000.0,1192000000.0,1030000000.0,1030000000.0,1030000000.0,1030000000.0,1189000000.0,1189000000.0,1189000000.0,1189000000.0,1782000000.0,1782000000.0,1782000000.0,1782000000.0,2134000000.0,2134000000.0,2134000000.0,2134000000.0,2356000000.0,2356000000.0,2356000000.0
InventoryRawMaterialsNetOfReserves / USD,,,,,,66000000.0,52000000.0,62000000.0,74000000.0,74000000.0,52000000.0,52000000.0,52000000.0,52000000.0,66000000.0,66000000.0,66000000.0,66000000.0,107000000.0,107000000.0,107000000.0,107000000.0,151000000.0,151000000.0,151000000.0,151000000.0,113000000.0,113000000.0,113000000.0,113000000.0,109000000.0,109000000.0,109000000.0
InventoryValuationReserves / USD,,,61000000.0,63000000.0,64000000.0,84000000.0,84000000.0,107000000.0,111000000.0,111000000.0,114000000.0,114000000.0,114000000.0,114000000.0,122000000.0,122000000.0,122000000.0,122000000.0,120000000.0,120000000.0,120000000.0,120000000.0,125000000.0,125000000.0,125000000.0,125000000.0,189000000.0,189000000.0,189000000.0,189000000.0,150000000.0,150000000.0,150000000.0
InventoryWorkInProcessNetOfReserves / USD,,,,,,1376000000.0,854000000.0,901000000.0,949000000.0,949000000.0,894000000.0,894000000.0,894000000.0,894000000.0,786000000.0,786000000.0,786000000.0,738000000.0,846000000.0,846000000.0,846000000.0,846000000.0,1308000000.0,1308000000.0,1308000000.0,1308000000.0,1633000000.0,1633000000.0,1633000000.0,1633000000.0,1576000000.0,1576000000.0,1576000000.0
Investments / USD,,,,,,,,,,,,,,37000000.0,120000000.0,120000000.0,120000000.0,120000000.0,112000000.0,112000000.0,112000000.0,112000000.0,98000000.0,98000000.0,98000000.0,98000000.0,168000000.0,168000000.0,168000000.0,168000000.0,372000000.0,372000000.0,372000000.0
LeaseAndRentalExpense / USD,,,,,,,,,,63000000.0,,,,57000000.0,,,,12000000.0,,,,9000000.0,,,,10000000.0,,,,11000000.0,,,
LesseeOperatingLeaseLiabilityPaymentsDue / USD,,,,,,,,,245000000.0,260000000.0,239000000.0,242000000.0,242000000.0,256000000.0,,,,256000000.0,,,,295000000.0,,,,299000000.0,,,,321000000.0,,,321000000.0
LesseeOperatingLeaseLiabilityPaymentsDueAfterYearFive / USD,,,,,,,,,67000000.0,52000000.0,51000000.0,,,47000000.0,,,,45000000.0,,,,67000000.0,,,,66000000.0,,,,88000000.0,,,
LesseeOperatingLeaseLiabilityPaymentsDueNextTwelveMonths / USD,,,,,,,,,,,,,,64000000.0,,,,60000000.0,,,,63000000.0,,,,64000000.0,,,,62000000.0,,,
LesseeOperatingLeaseLiabilityPaymentsDueYearFive / USD,,,,,,,,,27000000.0,22000000.0,22000000.0,,,23000000.0,,,,28000000.0,,,,26000000.0,,,,26000000.0,,,,32000000.0,,,
LesseeOperatingLeaseLiabilityPaymentsDueYearFour / USD,,,,,,,,,32000000.0,30000000.0,31000000.0,23000000.0,25000000.0,28000000.0,,,,30000000.0,,,,41000000.0,,,,32000000.0,,,,38000000.0,,,
LesseeOperatingLeaseLiabilityPaymentsDueYearThree / USD,,,,,,,,,46000000.0,37000000.0,37000000.0,33000000.0,37000000.0,44000000.0,,,,40000000.0,,,,45000000.0,,,,53000000.0,,,,46000000.0,,,
LesseeOperatingLeaseLiabilityPaymentsDueYearTwo / USD,,,,,,,,,57000000.0,51000000.0,51000000.0,41000000.0,45000000.0,50000000.0,,,,53000000.0,,,,53000000.0,,,,58000000.0,,,,55000000.0,,,
LesseeOperatingLeaseLiabilityUndiscountedExcessAmount / USD,,,,,,,,,22000000.0,22000000.0,20000000.0,20000000.0,19000000.0,19000000.0,,,,19000000.0,,,,38000000.0,,,,40000000.0,,,,46000000.0,,,
Liabilities / USD,,,,,,,,,10840000000.0,,10361000000.0,10361000000.0,10361000000.0,,10696000000.0,10696000000.0,10696000000.0,,14094000000.0,14094000000.0,14094000000.0,,15496000000.0,15496000000.0,15496000000.0,,15393000000.0,15393000000.0,15393000000.0,,14854000000.0,14854000000.0,14854000000.0
LiabilitiesAndStockholdersEquity / USD,7637000000.0,6612000000.0,6439000000.0,6449000000.0,6850000000.0,26354000000.0,24898000000.0,24049000000.0,21530000000.0,21530000000.0,20016000000.0,20016000000.0,20016000000.0,20016000000.0,19847000000.0,19847000000.0,19847000000.0,19847000000.0,20864000000.0,20864000000.0,20864000000.0,20864000000.0,23236000000.0,23236000000.0,23236000000.0,23236000000.0,24353000000.0,24353000000.0,24353000000.0,24353000000.0,24385000000.0,24385000000.0,24385000000.0
LiabilitiesCurrent / USD,1748000000.0,1049000000.0,1496000000.0,1193000000.0,1320000000.0,2548000000.0,2433000000.0,2718000000.0,3385000000.0,3385000000.0,1791000000.0,1791000000.0,1791000000.0,1791000000.0,2017000000.0,2017000000.0,2017000000.0,2017000000.0,2452000000.0,2452000000.0,2452000000.0,2452000000.0,3270000000.0,3270000000.0,3270000000.0,3270000000.0,4111000000.0,4111000000.0,4111000000.0,4111000000.0,3098000000.0,3098000000.0,3098000000.0
LiabilitiesNoncurrent / USD,4670000000.0,4206000000.0,3659000000.0,3710000000.0,4729000000.0,12003000000.0,11309000000.0,7615000000.0,7455000000.0,7455000000.0,8570000000.0,8570000000.0,8570000000.0,8570000000.0,8679000000.0,8679000000.0,8679000000.0,8679000000.0,11642000000.0,11642000000.0,11642000000.0,11642000000.0,12226000000.0,12226000000.0,12226000000.0,12226000000.0,11282000000.0,11282000000.0,11282000000.0,11282000000.0,11756000000.0,11756000000.0,11756000000.0
LiabilitiesSubjectToCompromiseProvisionForExpectedAndAllowedClaims / USD,,15000000.0,59000000.0,7000000.0,2000000.0,28000000.0,55000000.0,104000000.0,123000000.0,123000000.0,44000000.0,44000000.0,44000000.0,44000000.0,17000000.0,17000000.0,17000000.0,17000000.0,65000000.0,65000000.0,65000000.0,65000000.0,58000000.0,58000000.0,58000000.0,58000000.0,112000000.0,112000000.0,112000000.0,112000000.0,281000000.0,281000000.0,281000000.0
LongTermDebt / USD,,,,,,,,,,7400000000.0,,,,7650000000.0,,,,10650000000.0,,,,11250000000.0,,,,11250000000.0,,,,10420000000.0,,,
LongTermDebtAndCapitalLeaseObligations / USD,,4128000000.0,3185000000.0,3281000000.0,3936000000.0,8656000000.0,8766000000.0,5814000000.0,6247000000.0,6247000000.0,7365000000.0,7365000000.0,7365000000.0,7365000000.0,7609000000.0,7609000000.0,7609000000.0,7609000000.0,10572000000.0,10572000000.0,10572000000.0,10572000000.0,11165000000.0,11165000000.0,11165000000.0,11165000000.0,10175000000.0,10175000000.0,10175000000.0,10175000000.0,10354000000.0,10354000000.0,10354000000.0
LongTermDebtAndCapitalLeaseObligationsCurrent / USD,,,,,12000000.0,550000000.0,421000000.0,751000000.0,1107000000.0,1107000000.0,,0.0,0.0,0.0,0.0,0.0,0.0,0.0,0.0,0.0,0.0,0.0,0.0,0.0,0.0,0.0,1000000000.0,1000000000.0,1000000000.0,,500000000.0,500000000.0,500000000.0
LongTermDebtAndCapitalLeaseObligationsIncludingCurrentMaturities / USD,,,,,,9206000000.0,,,8505000000.0,,,,,,,,,,,,,,,,,,,,,11175000000.0,,,
LongTermDebtCurrent / USD,,,,,,,,,,,,,,,,,,,,,,,,,,,,,,1000000000.0,,,
LongTermDebtMaturitiesRepaymentsOfPrincipalAfterYearFive / USD,,1846000000.0,1378000000.0,1375000000.0,2860000000.0,2800000000.0,,,,2750000000.0,,,,4250000000.0,,,,7000000000.0,,,,7500000000.0,,,,7000000000.0,,,,6670000000.0,,,
LongTermDebtMaturitiesRepaymentsOfPrincipalInNextTwelveMonths / USD,,17000000.0,271000000.0,16000000.0,551000000.0,421000000.0,,,,0.0,,,,0.0,,,,0.0,,,,0.0,,,,1000000000.0,,,,500000000.0,,,
LongTermDebtMaturitiesRepaymentsOfPrincipalInYearFive / USD,,1167000000.0,754000000.0,948000000.0,3568000000.0,1850000000.0,,,,1000000000.0,,,,500000000.0,,,,1250000000.0,,,,1000000000.0,,,,500000000.0,,,,1000000000.0,,,
LongTermDebtMaturitiesRepaymentsOfPrincipalInYearFour / USD,,629000000.0,624000000.0,754000000.0,1180000000.0,2370000000.0,,,,900000000.0,,,,1000000000.0,,,,500000000.0,,,,1250000000.0,,,,1000000000.0,,,,500000000.0,,,
LongTermDebtMaturitiesRepaymentsOfPrincipalInYearThree / USD,,25000000.0,511000000.0,392000000.0,781000000.0,1167000000.0,,,,1400000000.0,,,,900000000.0,,,,1000000000.0,,,,500000000.0,,,,1250000000.0,,,,1000000000.0,,,
LongTermDebtMaturitiesRepaymentsOfPrincipalInYearTwo / USD,,28000000.0,14000000.0,510000000.0,434000000.0,768000000.0,,,,1350000000.0,,,,1000000000.0,,,,900000000.0,,,,1000000000.0,,,,500000000.0,,,,1250000000.0,,,
LongTermDebtNoncurrent / USD,4128000000.0,,,,,,,,,,,,,,,,,,,,,,,,,,,,,10175000000.0,,,
LongtermDebtWeightedAverageInterestRate / pure,,0.074,0.043,0.033,0.039,0.037,0.037,0.04,,0.045,,,,0.042,,,,,,,,,,,,,,,,0.037,,,
MarketableSecurities / USD,,,,,,,,,,,,,,1000000.0,19000000.0,19000000.0,19000000.0,19000000.0,18000000.0,18000000.0,18000000.0,18000000.0,9000000.0,9000000.0,9000000.0,9000000.0,12000000.0,12000000.0,12000000.0,12000000.0,1000000.0,1000000.0,1000000.0
MinorityInterest / USD,233000000.0,212000000.0,235000000.0,245000000.0,263000000.0,288000000.0,221000000.0,189000000.0,185000000.0,185000000.0,214000000.0,214000000.0,214000000.0,214000000.0,207000000.0,207000000.0,207000000.0,207000000.0,242000000.0,242000000.0,242000000.0,242000000.0,291000000.0,291000000.0,291000000.0,291000000.0,316000000.0,316000000.0,316000000.0,316000000.0,348000000.0,348000000.0,348000000.0
NetCashProvidedByUsedInFinancingActivities / USD,,,,,,,,-1392000000.0,-4885000000.0,-2886000000.0,-756000000.0,-293000000.0,-388000000.0,-4597000000.0,-431000000.0,1454000000.0,1330000000.0,-1831000000.0,-979000000.0,-360000000.0,-1640000000.0,-835000000.0,-674000000.0,-332000000.0,-891000000.0,-1585000000.0,-198000000.0,-763000000.0,-1296000000.0,-1619000000.0,-1528000000.0,-2095000000.0,-2621000000.0
NetCashProvidedByUsedInInvestingActivities / USD,,,,,,,,-627000000.0,-348000000.0,2072000000.0,-136000000.0,-280000000.0,-418000000.0,-522000000.0,-37000000.0,-150000000.0,-255000000.0,-2284000000.0,-181000000.0,-370000000.0,-618000000.0,-418000000.0,-329000000.0,-617000000.0,-977000000.0,-934000000.0,-351000000.0,-606000000.0,-879000000.0,-1249000000.0,-274000000.0,-513000000.0,-884000000.0
NetCashProvidedByUsedInOperatingActivities / USD,,,,,,,,2303000000.0,3638000000.0,2447000000.0,296000000.0,813000000.0,1559000000.0,4369000000.0,512000000.0,926000000.0,1453000000.0,2373000000.0,732000000.0,1368000000.0,2292000000.0,2482000000.0,856000000.0,1675000000.0,2819000000.0,3077000000.0,632000000.0,1388000000.0,2376000000.0,3895000000.0,851000000.0,1612000000.0,2391000000.0
NetIncomeLoss / USD,-167000000.0,-456000000.0,390000000.0,-115000000.0,348000000.0,539000000.0,1526000000.0,200000000.0,1932000000.0,2215000000.0,-21000000.0,20000000.0,129000000.0,2208000000.0,-21000000.0,-235000000.0,-257000000.0,243000000.0,353000000.0,750000000.0,1269000000.0,52000000.0,657000000.0,1327000000.0,2065000000.0,1871000000.0,615000000.0,1313000000.0,2100000000.0,2787000000.0,639000000.0,1297000000.0,2015000000.0
NetIncomeLossAttributableToNoncontrollingInterest / USD,-14000000.0,-50000000.0,46000000.0,63000000.0,67000000.0,68000000.0,73000000.0,59000000.0,37000000.0,57000000.0,5000000.0,10000000.0,20000000.0,50000000.0,8000000.0,13000000.0,17000000.0,29000000.0,11000000.0,20000000.0,27000000.0,28000000.0,9000000.0,22000000.0,34000000.0,35000000.0,8000000.0,14000000.0,19000000.0,46000000.0,5000000.0,11000000.0,22000000.0
NumberOfBusinessesAcquired / business,,,,,,,,,0.0,0.0,0.0,0.0,0.0,0.0,0.0,0.0,0.0,0.0,0.0,0.0,,0.0,,,,0.0,0.0,0.0,0.0,0.0,0.0,0.0,0.0
NumberOfReportableSegments / business,,,,,,,,,,,,,,,,,,,,,,,,,,1.0,,,,1.0,,,
NumberOfReportableSegments / segment,,,,,,,,,,1.0,,,,1.0,,,,1.0,,,,1.0,,,,1.0,,,,1.0,,,1.0
OperatingExpenses / USD,,,,,,,,,3124000000.0,4092000000.0,1020000000.0,2013000000.0,2988000000.0,4142000000.0,1039000000.0,2043000000.0,3102000000.0,4002000000.0,863000000.0,1712000000.0,2584000000.0,3931000000.0,904000000.0,1845000000.0,2813000000.0,3484000000.0,942000000.0,1886000000.0,2852000000.0,3723000000.0,921000000.0,1813000000.0,2684000000.0
OperatingIncomeLoss / USD,-931000000.0,273000000.0,357000000.0,412000000.0,651000000.0,1049000000.0,2015000000.0,-150000000.0,2486000000.0,2102000000.0,54000000.0,211000000.0,444000000.0,2710000000.0,68000000.0,-77000000.0,-45000000.0,641000000.0,492000000.0,1065000000.0,1776000000.0,418000000.0,873000000.0,1816000000.0,2817000000.0,2583000000.0,825000000.0,1762000000.0,2754000000.0,3797000000.0,856000000.0,1752000000.0,2742000000.0
OperatingLeaseCost / USD,,,,,,,,,41000000.0,59000000.0,13000000.0,26000000.0,41000000.0,59000000.0,,,,59000000.0,,,,65000000.0,,,,66000000.0,,,,66000000.0,,,
OperatingLeaseExpense / USD,,,,,,,,,,12000000.0,,,,12000000.0,,,,9000000.0,,,,10000000.0,,,,11000000.0,,,,11000000.0,,,
OperatingLeaseLiability / USD,,,,,,,,,188000000.0,188000000.0,238000000.0,238000000.0,238000000.0,238000000.0,,,,237000000.0,,,,237000000.0,,,,257000000.0,,,,259000000.0,,,
OperatingLeaseLiabilityCurrent / USD,,,,,,,,,53000000.0,62000000.0,62000000.0,62000000.0,62000000.0,62000000.0,,,,60000000.0,,,,56000000.0,,,,55000000.0,,,,55000000.0,,,
OperatingLeaseLiabilityNoncurrent / USD,,,,,,,,,135000000.0,176000000.0,176000000.0,176000000.0,176000000.0,176000000.0,,,,177000000.0,,,,181000000.0,,,,202000000.0,,,,204000000.0,,,
OperatingLeasePayments / USD,,,,,,,,,41000000.0,53000000.0,,,,53000000.0,,,,53000000.0,,,,63000000.0,,,,64000000.0,,,,66000000.0,,,
OperatingLeaseRightOfUseAsset / USD,,,,,,,,,188000000.0,226000000.0,226000000.0,226000000.0,226000000.0,226000000.0,,,,,,,,226000000.0,,,,250000000.0,,,,250000000.0,,,
OperatingLeaseWeightedAverageDiscountRatePercent / pure,,,,,,,,,0.031,0.031,0.03,0.03,0.03,0.03,,,,0.03,,,,0.03,,,,0.02,,,,0.04,,,
OperatingLossCarryforwards / USD,,2515000000.0,2608000000.0,2463000000.0,1130000000.0,1899000000.0,906000000.0,795000000.0,,734000000.0,,,,737000000.0,,,,537000000.0,,,,470000000.0,,,,398000000.0,,,,333000000.0,,,
OtherAccruedLiabilitiesCurrent / USD,,,,,,,,,,,,,,,,435000000.0,435000000.0,435000000.0,468000000.0,468000000.0,468000000.0,468000000.0,652000000.0,652000000.0,652000000.0,652000000.0,644000000.0,644000000.0,644000000.0,644000000.0,560000000.0,560000000.0,560000000.0
OtherAssetsCurrent / USD,129000000.0,82000000.0,90000000.0,116000000.0,97000000.0,257000000.0,254000000.0,382000000.0,365000000.0,365000000.0,313000000.0,313000000.0,313000000.0,313000000.0,254000000.0,254000000.0,254000000.0,254000000.0,286000000.0,286000000.0,286000000.0,286000000.0,348000000.0,348000000.0,348000000.0,348000000.0,565000000.0,565000000.0,565000000.0,565000000.0,625000000.0,625000000.0,625000000.0
OtherAssetsNoncurrent / USD,135000000.0,144000000.0,128000000.0,144000000.0,403000000.0,602000000.0,962000000.0,981000000.0,545000000.0,545000000.0,732000000.0,732000000.0,732000000.0,732000000.0,1013000000.0,1013000000.0,1013000000.0,1013000000.0,1346000000.0,1346000000.0,1346000000.0,1346000000.0,1942000000.0,1942000000.0,1942000000.0,1942000000.0,2289000000.0,2289000000.0,2289000000.0,1297000000.0,1796000000.0,1796000000.0,1796000000.0
OtherComprehensiveIncomeForeignCurrencyTransactionAndTranslationGainLossArisingDuringPeriodNetOfTax / USD,,160000000.0,-19000000.0,10000000.0,-27000000.0,140000000.0,131000000.0,-124000000.0,-33000000.0,156000000.0,-12000000.0,-6000000.0,-47000000.0,-51000000.0,-49000000.0,-23000000.0,14000000.0,-15000000.0,-42000000.0,-33000000.0,-56000000.0,78000000.0,-18000000.0,-87000000.0,-165000000.0,-74000000.0,19000000.0,21000000.0,-24000000.0,-72000000.0,-38000000.0,-54000000.0,5000000.0
OtherComprehensiveIncomeLossBeforeReclassificationsBeforeTax / USD,,,,,,,,,-67000000.0,-52000000.0,-58000000.0,-24000000.0,12000000.0,-75000000.0,-53000000.0,-42000000.0,-69000000.0,30000000.0,-24000000.0,-112000000.0,-218000000.0,-60000000.0,21000000.0,3000000.0,-50000000.0,39000000.0,-53000000.0,-72000000.0,6000000.0,-15000000.0,46000000.0,190000000.0,187000000.0
OtherComprehensiveIncomeLossCashFlowHedgeGainLossAfterReclassificationAndTax / USD,,,,,,,,,,5000000.0,,,,5000000.0,,,,9000000.0,,,,-11000000.0,,,,-11000000.0,,,,-1000000.0,,,
OtherComprehensiveIncomeLossCashFlowHedgeGainLossBeforeReclassificationAndTax / USD,,,,,,,,,-4000000.0,,-10000000.0,1000000.0,-4000000.0,,-10000000.0,1000000.0,5000000.0,,-14000000.0,-14000000.0,-16000000.0,,-4000000.0,-12000000.0,-25000000.0,,3000000.0,-10000000.0,-12000000.0,,-8000000.0,-8000000.0,8000000.0
OtherComprehensiveIncomeLossNetOfTax / USD,,139000000.0,,,47000000.0,,,-147000000.0,-56000000.0,143000000.0,-61000000.0,-25000000.0,15000000.0,-57000000.0,-56000000.0,-47000000.0,-72000000.0,-48000000.0,-22000000.0,-100000000.0,-190000000.0,42000000.0,22000000.0,11000000.0,-36000000.0,-69000000.0,-46000000.0,-60000000.0,14000000.0,28000000.0,46000000.0,187000000.0,184000000.0
OtherComprehensiveIncomeLossNetOfTaxPortionAttributableToParent / USD,,139000000.0,-215000000.0,-23000000.0,47000000.0,-137000000.0,-29000000.0,-147000000.0,32000000.0,,-14000000.0,-14000000.0,-14000000.0,,-61000000.0,-61000000.0,-61000000.0,,-56000000.0,-56000000.0,-56000000.0,,-22000000.0,-22000000.0,-22000000.0,,22000000.0,22000000.0,22000000.0,,-46000000.0,-46000000.0,-46000000.0
OtherComprehensiveIncomeLossPensionAndOtherPostretirementBenefitPlansAdjustmentNetOfTax / USD,,19000000.0,,,-10000000.0,66000000.0,-31000000.0,27000000.0,5000000.0,16000000.0,2000000.0,4000000.0,5000000.0,-5000000.0,2000000.0,3000000.0,4000000.0,38000000.0,0.0,0.0,0.0,45000000.0,,1000000.0,0.0,-16000000.0,,0.0,0.0,-101000000.0,,-2000000.0,-1000000.0
OtherComprehensiveIncomeLossTax / USD,4000000.0,,,,-10000000.0,,,,-2000000.0,1000000.0,6000000.0,9000000.0,0.0,-14000000.0,-5000000.0,-5000000.0,-6000000.0,-16000000.0,-1000000.0,-4000000.0,-9000000.0,3000000.0,1000000.0,-3000000.0,-4000000.0,46000000.0,-3000000.0,-3000000.0,3000000.0,-12000000.0,1000000.0,3000000.0,2000000.0
OtherInventoryMaterialsSuppliesAndMerchandiseUnderConsignment / USD,,15000000.0,20000000.0,22000000.0,19000000.0,69000000.0,53000000.0,69000000.0,52000000.0,52000000.0,41000000.0,41000000.0,41000000.0,41000000.0,31000000.0,31000000.0,31000000.0,31000000.0,12000000.0,12000000.0,12000000.0,12000000.0,8000000.0,8000000.0,8000000.0,8000000.0,,,,11000000.0,,,
OtherInvestments / USD,,,,,,,,,,,,,,25000000.0,40000000.0,40000000.0,40000000.0,40000000.0,19000000.0,19000000.0,19000000.0,19000000.0,18000000.0,18000000.0,18000000.0,18000000.0,55000000.0,55000000.0,55000000.0,55000000.0,71000000.0,71000000.0,71000000.0
OtherLiabilitiesCurrent / USD,95000000.0,,,,,,,,1219000000.0,1219000000.0,815000000.0,815000000.0,815000000.0,815000000.0,966000000.0,966000000.0,966000000.0,966000000.0,1175000000.0,1175000000.0,1175000000.0,1175000000.0,2066000000.0,2066000000.0,2066000000.0,2066000000.0,1855000000.0,1855000000.0,1855000000.0,1855000000.0,1434000000.0,1434000000.0,1434000000.0
OtherLiabilitiesNoncurrent / USD,107000000.0,189000000.0,173000000.0,168000000.0,714000000.0,1011000000.0,862000000.0,1085000000.0,753000000.0,753000000.0,923000000.0,923000000.0,923000000.0,923000000.0,971000000.0,971000000.0,971000000.0,971000000.0,1001000000.0,1001000000.0,1001000000.0,1001000000.0,1015000000.0,1015000000.0,1015000000.0,1015000000.0,1054000000.0,1054000000.0,1054000000.0,1098000000.0,1392000000.0,1392000000.0,1392000000.0
OtherNoncashIncomeExpense / USD,-41000000.0,-4000000.0,-18000000.0,-22000000.0,-2000000.0,9000000.0,-3000000.0,10000000.0,-12000000.0,4000000.0,-5000000.0,-3000000.0,1000000.0,-12000000.0,-5000000.0,0.0,2000000.0,2000000.0,-3000000.0,1000000.0,7000000.0,11000000.0,-2000000.0,-8000000.0,-16000000.0,15000000.0,7000000.0,4000000.0,-6000000.0,-7000000.0,-3000000.0,1000000.0,-3000000.0
OtherNonoperatingIncomeExpense / USD,,,-257000000.0,-437000000.0,-274000000.0,-410000000.0,-529000000.0,-453000000.0,-258000000.0,-366000000.0,-83000000.0,-172000000.0,-257000000.0,-335000000.0,-78000000.0,-174000000.0,-280000000.0,-350000000.0,-87000000.0,-187000000.0,-280000000.0,-417000000.0,-105000000.0,-233000000.0,-331000000.0,-403000000.0,-82000000.0,-156000000.0,-231000000.0,-434000000.0,-70000000.0,-145000000.0,-227000000.0
OtherNonrecurringIncomeExpense / USD,13000000.0,16000000.0,,,-7000000.0,-1000000.0,-2000000.0,0.0,-22000000.0,-1575000000.0,0.0,1000000.0,-22000000.0,-2001000000.0,-110000000.0,-110000000.0,-111000000.0,-25000000.0,,,,-114000000.0,,,,-2000000.0,,,,-1000000.0,,,
OtherOperatingIncomeExpenseNet / USD,,,4000000.0,29000000.0,9000000.0,10000000.0,1263000000.0,9000000.0,2002000000.0,1575000000.0,2000000.0,1000000.0,23000000.0,2001000000.0,110000000.0,109000000.0,110000000.0,25000000.0,0.0,0.0,0.0,114000000.0,0.0,2000000.0,4000000.0,0.0,-3000000.0,-3000000.0,-10000000.0,3000000.0,-6000000.0,-10000000.0,-15000000.0
PaymentsForRepurchaseOfCommonStock / USD,57000000.0,57000000.0,57000000.0,40000000.0,405000000.0,1435000000.0,475000000.0,1280000000.0,4582000000.0,286000000.0,715000000.0,1360000000.0,1369000000.0,5006000000.0,355000000.0,358000000.0,370000000.0,1443000000.0,905000000.0,2108000000.0,3265000000.0,627000000.0,552000000.0,554000000.0,920000000.0,4015000000.0,11000000.0,313000000.0,619000000.0,1426000000.0,303000000.0,613000000.0,918000000.0
PaymentsForRestructuring / USD,,,29000000.0,65000000.0,98000000.0,46000000.0,133000000.0,65000000.0,48000000.0,25000000.0,15000000.0,24000000.0,30000000.0,57000000.0,17000000.0,25000000.0,32000000.0,36000000.0,5000000.0,8000000.0,9000000.0,37000000.0,2000000.0,5000000.0,13000000.0,11000000.0,31000000.0,45000000.0,57000000.0,16000000.0,93000000.0,118000000.0,137000000.0
PaymentsOfDebtIssuanceCosts / USD,,,,9000000.0,23000000.0,16000000.0,32000000.0,26000000.0,11000000.0,0.0,,23000000.0,24000000.0,23000000.0,,15000000.0,15000000.0,24000000.0,0.0,22000000.0,22000000.0,15000000.0,1000000.0,13000000.0,13000000.0,47000000.0,,,,14000000.0,,,0.0
PaymentsOfDividendsCommonStock / USD,,,,,,,,0.0,0.0,0.0,73000000.0,144000000.0,214000000.0,74000000.0,105000000.0,210000000.0,315000000.0,319000000.0,105000000.0,260000000.0,412000000.0,420000000.0,149000000.0,371000000.0,594000000.0,562000000.0,219000000.0,483000000.0,745000000.0,815000000.0,261000000.0,521000000.0,780000000.0
PaymentsToAcquireAvailableForSaleSecuritiesDebt / USD,,,,,,,,,7000000.0,0.0,2000000.0,17000000.0,19000000.0,9000000.0,0.0,0.0,15000000.0,19000000.0,2000000.0,6000000.0,6000000.0,30000000.0,0.0,2000000.0,9000000.0,8000000.0,58000000.0,62000000.0,93000000.0,20000000.0,34000000.0,34000000.0,193000000.0
PaymentsToAcquireBusinessesNetOfCashAcquired / USD,8000000.0,8000000.0,2000000.0,2000000.0,1000000.0,8000000.0,1692000000.0,202000000.0,18000000.0,0.0,0.0,0.0,0.0,18000000.0,10000000.0,21000000.0,21000000.0,1698000000.0,0.0,1000000.0,17000000.0,34000000.0,4000000.0,5000000.0,27000000.0,23000000.0,,,,27000000.0,,0.0,0.0
PaymentsToAcquireEquipmentOnLease / USD,,,,,,,,,,,,,,,,,0.0,0.0,0.0,0.0,14000000.0,0.0,5000000.0,5000000.0,5000000.0,33000000.0,,,,5000000.0,,,
PaymentsToAcquireIntangibleAssets / USD,8000000.0,7000000.0,10000000.0,29000000.0,35000000.0,36000000.0,12000000.0,59000000.0,46000000.0,66000000.0,28000000.0,51000000.0,72000000.0,50000000.0,45000000.0,73000000.0,95000000.0,102000000.0,37000000.0,72000000.0,99000000.0,130000000.0,43000000.0,72000000.0,122000000.0,132000000.0,42000000.0,93000000.0,135000000.0,159000000.0,32000000.0,87000000.0,113000000.0
PaymentsToAcquirePropertyPlantAndEquipment / USD,92000000.0,258000000.0,221000000.0,251000000.0,215000000.0,329000000.0,341000000.0,389000000.0,441000000.0,552000000.0,144000000.0,250000000.0,388000000.0,611000000.0,143000000.0,218000000.0,288000000.0,526000000.0,150000000.0,300000000.0,501000000.0,392000000.0,280000000.0,548000000.0,830000000.0,767000000.0,251000000.0,452000000.0,652000000.0,1063000000.0,226000000.0,411000000.0,597000000.0
PaymentsToAcquireShortTermInvestments / USD,,,,,,,,,,,,,,,,,,,,,,,,,,,,,,0.0,,,0.0
PensionExpense / USD,,83000000.0,90000000.0,84000000.0,86000000.0,77000000.0,69000000.0,102000000.0,,97000000.0,,,,105000000.0,,,,98000000.0,,,,103000000.0,,,,112000000.0,,,,116000000.0,,,
PreferredStockParOrStatedValuePerShare / EUR/shares,,,,,0.2,0.2,0.2,0.2,,0.2,,,,0.2,,,,0.2,,,,0.2,,,,0.2,,,,0.2,,,
PreferredStockSharesAuthorized / shares,,645754500.0,645754500.0,645754500.0,645754500.0,645754500.0,645754500.0,645754500.0,,645754500.0,,,,645754500.0,,,,645754500.0,,,,645754500.0,,,,645754500.0,,,,645754500.0,,,
PreferredStockSharesIssued / shares,,,,,0.0,0.0,0.0,0.0,,0.0,,,,0.0,,,,0.0,,,,0.0,,,,0.0,,,,0.0,,,
ProceedsFromEquityMethodInvestmentDividendsOrDistributionsReturnOfCapital / USD,,12000000.0,12000000.0,12000000.0,4000000.0,1000000.0,1000000.0,0.0,4000000.0,0.0,1000000.0,1000000.0,1000000.0,4000000.0,0.0,0.0,0.0,0.0,0.0,1000000.0,3000000.0,1000000.0,2000000.0,2000000.0,2000000.0,10000000.0,,,,10000000.0,,,
ProceedsFromInsuranceSettlementInvestingActivities / USD,,,,,,,,,,,,,,,,,0.0,0.0,,,7000000.0,0.0,,,,10000000.0,0.0,0.0,0.0,0.0,2000000.0,2000000.0,2000000.0
ProceedsFromIssuanceOfCommercialPaper / USD,,,,,,,,,,,,,,,,,,,,,,,,,,,,,,,0.0,0.0,0.0
ProceedsFromIssuanceOfLongTermDebt / USD,974000000.0,974000000.0,1578000000.0,967000000.0,2251000000.0,1150000000.0,3680000000.0,3259000000.0,0.0,0.0,,1750000000.0,1750000000.0,1997000000.0,,2000000000.0,2000000000.0,1750000000.0,,2000000000.0,2000000000.0,2000000000.0,,1496000000.0,1496000000.0,4000000000.0,,,,1496000000.0,0.0,0.0,0.0
ProceedsFromPaymentsForOtherFinancingActivities / USD,,,,,,,,,,,,,,0.0,,0.0,0.0,0.0,,-1000000.0,-1000000.0,-1000000.0,0.0,-1000000.0,-1000000.0,-2000000.0,-1000000.0,-1000000.0,-2000000.0,-2000000.0,-1000000.0,-1000000.0,-2000000.0
ProceedsFromRepurchaseOfEquity / USD,,15000000.0,177000000.0,145000000.0,51000000.0,115000000.0,51000000.0,115000000.0,,233000000.0,,,,39000000.0,,,,84000000.0,,,,71000000.0,,,,62000000.0,,,,59000000.0,,,
ProceedsFromSaleOfAvailableForSaleSecuritiesDebt / USD,,,,,,,,,0.0,0.0,,,,2000000.0,,,,1000000.0,,,,2000000.0,,,,8000000.0,,,,13000000.0,,,
ProceedsFromSaleOfOtherInvestments / USD,,,,,,,,,,,,,,,,0.0,0.0,,8000000.0,8000000.0,8000000.0,,,12000000.0,12000000.0,,0.0,0.0,0.0,,5000000.0,5000000.0,5000000.0
ProceedsFromSaleOfPropertyPlantAndEquipment / USD,21000000.0,31000000.0,15000000.0,2000000.0,6000000.0,4000000.0,7000000.0,1000000.0,1000000.0,2000000.0,,0.0,23000000.0,1000000.0,,1000000.0,3000000.0,23000000.0,0.0,0.0,1000000.0,4000000.0,1000000.0,1000000.0,2000000.0,1000000.0,0.0,1000000.0,1000000.0,2000000.0,2000000.0,3000000.0,3000000.0
ProceedsFromSaleOfShortTermInvestments / USD,,,,,,,,,,,,,,,,,,,,,,,,,,,0.0,0.0,0.0,0.0,9000000.0,9000000.0,9000000.0
ProceedsFromSalesOfAssetsInvestingActivities / USD,,,,,,,,,,,,,21000000.0,0.0,161000000.0,161000000.0,163000000.0,21000000.0,0.0,0.0,0.0,165000000.0,1000000.0,1000000.0,2000000.0,1000000.0,0.0,1000000.0,1000000.0,2000000.0,2000000.0,3000000.0,3000000.0
ProceedsFromStockOptionsExercised / USD,10000000.0,10000000.0,10000000.0,14000000.0,177000000.0,145000000.0,51000000.0,115000000.0,36000000.0,233000000.0,32000000.0,37000000.0,70000000.0,39000000.0,29000000.0,37000000.0,64000000.0,84000000.0,31000000.0,31000000.0,60000000.0,72000000.0,28000000.0,28000000.0,58000000.0,62000000.0,33000000.0,34000000.0,70000000.0,59000000.0,37000000.0,40000000.0,79000000.0
ProfitLoss / USD,-153000000.0,-406000000.0,436000000.0,-52000000.0,415000000.0,607000000.0,1599000000.0,259000000.0,70000000.0,2272000000.0,-16000000.0,-16000000.0,-16000000.0,2258000000.0,-13000000.0,-13000000.0,-13000000.0,272000000.0,364000000.0,364000000.0,364000000.0,80000000.0,666000000.0,666000000.0,666000000.0,1906000000.0,623000000.0,623000000.0,623000000.0,2833000000.0,644000000.0,644000000.0,644000000.0
PropertyPlantAndEquipmentGross / USD,2139000000.0,2065000000.0,2103000000.0,3592000000.0,3683000000.0,5505000000.0,4666000000.0,5170000000.0,,5735000000.0,,,,6190000000.0,,,,6521000000.0,,,,7311000000.0,,,,8319000000.0,,,,8983000000.0,,,
PropertyPlantAndEquipmentNet / USD,1164000000.0,1164000000.0,1063000000.0,1070000000.0,1048000000.0,1123000000.0,2922000000.0,2352000000.0,2436000000.0,2295000000.0,2448000000.0,2448000000.0,2448000000.0,2436000000.0,2284000000.0,2284000000.0,2284000000.0,2448000000.0,2635000000.0,2635000000.0,2635000000.0,2284000000.0,3105000000.0,3105000000.0,3105000000.0,2635000000.0,3323000000.0,3323000000.0,3323000000.0,3105000000.0,3267000000.0,3267000000.0,3267000000.0
PurchaseObligation / USD,,,166000000.0,336000000.0,809000000.0,550000000.0,633000000.0,333000000.0,,290000000.0,,,,372000000.0,1048000000.0,3769000000.0,4364000000.0,4354000000.0,3925000000.0,3885000000.0,3750000000.0,3672000000.0,3900000000.0,3800000000.0,3900000000.0,4184000000.0,4118000000.0,3899000000.0,3468000000.0,3046000000.0,3239000000.0,3501000000.0,3341000000.0
ReceivablesNetCurrent / USD,438000000.0,479000000.0,510000000.0,542000000.0,593000000.0,1047000000.0,1033000000.0,879000000.0,,792000000.0,,,,667000000.0,,,,765000000.0,,,,923000000.0,,,,960000000.0,,,,894000000.0,,,
ReclassificationFromAccumulatedOtherComprehensiveIncomeCurrentPeriodBeforeTax / USD,,,,,,,,,-9000000.0,1000000.0,-3000000.0,-8000000.0,-3000000.0,-13000000.0,8000000.0,10000000.0,9000000.0,4000000.0,-1000000.0,-8000000.0,-19000000.0,6000000.0,-2000000.0,-5000000.0,-10000000.0,-35000000.0,-4000000.0,-9000000.0,-11000000.0,-17000000.0,-1000000.0,0.0,1000000.0
RepaymentsOfCommercialPaper / USD,,,,,,,,,,,,,,,,,,,,,,,,,,,,,,,0.0,0.0,0.0
RepaymentsOfNotesPayable / USD,286000000.0,1383000000.0,1997000000.0,1676000000.0,2429000000.0,92000000.0,3586000000.0,3295000000.0,1273000000.0,2728000000.0,,553000000.0,600000000.0,1273000000.0,,,,600000000.0,,0.0,0.0,1809000000.0,,917000000.0,917000000.0,1021000000.0,0.0,0.0,0.0,917000000.0,1000000000.0,1000000000.0,1000000000.0
ResearchAndDevelopmentExpense / USD,764000000.0,568000000.0,635000000.0,628000000.0,639000000.0,763000000.0,890000000.0,1560000000.0,1297000000.0,1554000000.0,415000000.0,823000000.0,1219000000.0,1700000000.0,425000000.0,827000000.0,1265000000.0,1643000000.0,461000000.0,937000000.0,1429000000.0,1725000000.0,518000000.0,1060000000.0,1608000000.0,1936000000.0,577000000.0,1166000000.0,1767000000.0,2148000000.0,564000000.0,1158000000.0,1735000000.0
RestructuringCharges / USD,,-66000000.0,103000000.0,27000000.0,44000000.0,239000000.0,52000000.0,7000000.0,30000000.0,5000000.0,9000000.0,17000000.0,38000000.0,29000000.0,0.0,0.0,1000000.0,77000000.0,0.0,1000000.0,1000000.0,1000000.0,21000000.0,21000000.0,21000000.0,1000000.0,21000000.0,21000000.0,21000000.0,106000000.0,7000000.0,17000000.0,21000000.0
RestructuringReserve / USD,,97000000.0,99000000.0,170000000.0,117000000.0,40000000.0,240000000.0,151000000.0,65000000.0,89000000.0,32000000.0,32000000.0,32000000.0,65000000.0,74000000.0,74000000.0,74000000.0,32000000.0,37000000.0,37000000.0,37000000.0,74000000.0,20000000.0,20000000.0,20000000.0,37000000.0,101000000.0,101000000.0,101000000.0,20000000.0,157000000.0,157000000.0,157000000.0
RestructuringReserveAccrualAdjustment1 / USD,,,,,,2000000.0,3000000.0,16000000.0,-4000000.0,0.0,0.0,0.0,0.0,-4000000.0,0.0,0.0,0.0,0.0,-1000000.0,-5000000.0,-6000000.0,0.0,-3000000.0,-3000000.0,-7000000.0,-7000000.0,3000000.0,-3000000.0,-7000000.0,-8000000.0,0.0,-4000000.0,-9000000.0
RestructuringReserveCurrent / USD,,47000000.0,138000000.0,103000000.0,37000000.0,197000000.0,129000000.0,74000000.0,60000000.0,60000000.0,32000000.0,32000000.0,32000000.0,32000000.0,60000000.0,60000000.0,60000000.0,60000000.0,25000000.0,25000000.0,25000000.0,25000000.0,19000000.0,19000000.0,19000000.0,19000000.0,92000000.0,92000000.0,92000000.0,92000000.0,147000000.0,147000000.0,147000000.0
RestructuringReserveNoncurrent / USD,,52000000.0,32000000.0,14000000.0,3000000.0,43000000.0,22000000.0,15000000.0,5000000.0,5000000.0,,,0.0,0.0,14000000.0,14000000.0,14000000.0,14000000.0,12000000.0,12000000.0,12000000.0,12000000.0,1000000.0,1000000.0,1000000.0,1000000.0,9000000.0,9000000.0,9000000.0,9000000.0,10000000.0,10000000.0,10000000.0
RestructuringReserveTranslationAndOtherAdjustment / USD,,-2000000.0,1000000.0,6000000.0,-7000000.0,9000000.0,-5000000.0,12000000.0,-2000000.0,-4000000.0,0.0,0.0,0.0,-1000000.0,-1000000.0,-1000000.0,0.0,1000000.0,-1000000.0,-1000000.0,-3000000.0,-1000000.0,-2000000.0,-2000000.0,-2000000.0,0.0,-1000000.0,-1000000.0,-1000000.0,-1000000.0,1000000.0,5000000.0,5000000.0
RetainedEarningsAccumulatedDeficit / USD,-5609000000.0,-5219000000.0,-5334000000.0,-5105000000.0,-4804000000.0,-3542000000.0,-3934000000.0,-2339000000.0,-1907000000.0,-1907000000.0,-2845000000.0,-2845000000.0,-2845000000.0,-2845000000.0,-4328000000.0,-4328000000.0,-4328000000.0,-4328000000.0,-5371000000.0,-5371000000.0,-5371000000.0,-5371000000.0,-3975000000.0,-3975000000.0,-3975000000.0,-3975000000.0,-2793000000.0,-2793000000.0,-2793000000.0,-2793000000.0,-1814000000.0,-1814000000.0,-1814000000.0
RevenueFromContractWithCustomerExcludingAssessedTax / USD,,,,,,,,9498000000.0,7004000000.0,9256000000.0,2094000000.0,4311000000.0,6576000000.0,9407000000.0,2021000000.0,3838000000.0,6105000000.0,8877000000.0,2567000000.0,5163000000.0,8024000000.0,8612000000.0,3136000000.0,6448000000.0,9893000000.0,11063000000.0,3121000000.0,6420000000.0,9854000000.0,13205000000.0,3126000000.0,6253000000.0,9503000000.0
RightOfUseAssetObtainedInExchangeForOperatingLeaseLiability / USD,,,,,,,,,260000000.0,279000000.0,188000000.0,198000000.0,260000000.0,188000000.0,,,,188000000.0,,,,50000000.0,,,,67000000.0,,,,91000000.0,,,
SellingGeneralAndAdministrativeExpense / USD,,966000000.0,918000000.0,977000000.0,664000000.0,686000000.0,922000000.0,1141000000.0,742000000.0,1090000000.0,248000000.0,478000000.0,699000000.0,993000000.0,233000000.0,455000000.0,658000000.0,924000000.0,222000000.0,456000000.0,699000000.0,879000000.0,251000000.0,516000000.0,805000000.0,956000000.0,280000000.0,554000000.0,848000000.0,1066000000.0,306000000.0,576000000.0,841000000.0
ShareBasedCompensation / USD,28000000.0,12000000.0,31000000.0,52000000.0,88000000.0,133000000.0,216000000.0,338000000.0,221000000.0,281000000.0,86000000.0,173000000.0,257000000.0,314000000.0,107000000.0,212000000.0,295000000.0,346000000.0,91000000.0,184000000.0,265000000.0,384000000.0,89000000.0,178000000.0,267000000.0,353000000.0,99000000.0,201000000.0,304000000.0,364000000.0,115000000.0,229000000.0,344000000.0
StockIssuedDuringPeriodValueRestrictedStockAwardNetOfForfeitures / USD,10000000.0,10000000.0,10000000.0,14000000.0,177000000.0,145000000.0,51000000.0,115000000.0,20000000.0,233000000.0,32000000.0,32000000.0,32000000.0,39000000.0,29000000.0,29000000.0,29000000.0,84000000.0,31000000.0,31000000.0,31000000.0,72000000.0,28000000.0,28000000.0,28000000.0,62000000.0,33000000.0,33000000.0,33000000.0,59000000.0,,,
StockIssuedDuringPeriodValueShareBasedCompensation / USD,,,,,,,,,,,,,,,,,,,,,,,,,,,,,,,37000000.0,37000000.0,
StockRepurchaseProgramAuthorizedAmount1 / USD,,,,,,,,,,5000000000.0,,,,,,,,2000000000.0,,,,2000000000.0,,,,2000000000.0,,,,2000000000.0,,,
StockRepurchasedAndRetiredDuringPeriodValue / USD,,,,,,,,,,,,,,5006000000.0,,,,1443000000.0,,,,627000000.0,,,,4015000000.0,,,,1429000000.0,303000000.0,303000000.0,303000000.0
StockholdersEquity / USD,986000000.0,1145000000.0,1049000000.0,1301000000.0,538000000.0,11515000000.0,10935000000.0,13527000000.0,10505000000.0,10505000000.0,9441000000.0,9441000000.0,9441000000.0,9441000000.0,8944000000.0,8944000000.0,8944000000.0,8944000000.0,6528000000.0,6528000000.0,6528000000.0,6528000000.0,7449000000.0,7449000000.0,7449000000.0,7449000000.0,8644000000.0,8644000000.0,8644000000.0,8644000000.0,9183000000.0,9183000000.0,9183000000.0
StockholdersEquityIncludingPortionAttributableToNoncontrollingInterest / USD,1182000000.0,1041000000.0,1219000000.0,1357000000.0,1284000000.0,1546000000.0,801000000.0,11803000000.0,13716000000.0,11156000000.0,10690000000.0,10690000000.0,10690000000.0,13716000000.0,9655000000.0,9655000000.0,9655000000.0,10690000000.0,9151000000.0,9151000000.0,9151000000.0,9655000000.0,6770000000.0,6770000000.0,6770000000.0,9151000000.0,7740000000.0,7740000000.0,7740000000.0,6770000000.0,8960000000.0,8960000000.0,8960000000.0
TaxCreditCarryforwardAmount / USD,,92000000.0,97000000.0,95000000.0,795000000.0,749000000.0,580000000.0,571000000.0,,500000000.0,,,,468000000.0,,,,363000000.0,,,,231000000.0,,,,227000000.0,,,,221000000.0,,,
TaxesPayableCurrent / USD,,,,,,,,,,,,,,,,140000000.0,140000000.0,140000000.0,82000000.0,82000000.0,82000000.0,82000000.0,296000000.0,296000000.0,296000000.0,296000000.0,170000000.0,170000000.0,170000000.0,170000000.0,114000000.0,114000000.0,114000000.0
TreasuryStockAcquiredAverageCostPerShare / USD/shares,,21.7,36.6,61.73,88.93,82.36,88.93,82.36,,113.36,,,,92.07,,,,90.94,,,,129.7,,,,194.63,,,,171.59,,,
TreasuryStockCommonShares / shares,,,,,,,,,,,,,,,,,,,,,,,15056232.0,16394164.0,15056232.0,9044952.0,17329585.0,17329585.0,17329585.0,9569359.0,20195011.0,20195011.0,20195011.0
TreasuryStockCommonValue / USD,,,,,,,,,,,,,,,,,,,,,,,2799000000.0,2799000000.0,2799000000.0,1037000000.0,3210000000.0,3210000000.0,3210000000.0,1932000000.0,4004000000.0,4004000000.0,4004000000.0
TreasuryStockSharesAcquired / shares,,,,,5336310.0,15537868.0,5336310.0,15537868.0,251000000.0,2522589.0,8482000000.0,8482000000.0,8482000000.0,54376181.0,,,,15865718.0,,,,4828913.0,,,,20628901.0,,,,8330021.0,,,
TreasuryStockSharesRetired / shares,,,,,,,,0.0,,0.0,,,,17300143.0,,,,13183081.0,,,,26000000.0,,,,26000000.0,,,,26000000.0,,,
TreasuryStockValueAcquiredCostMethod / USD,57000000.0,57000000.0,57000000.0,26000000.0,405000000.0,1435000000.0,475000000.0,1280000000.0,30000000.0,286000000.0,715000000.0,715000000.0,715000000.0,,355000000.0,355000000.0,355000000.0,,905000000.0,905000000.0,905000000.0,627000000.0,552000000.0,552000000.0,552000000.0,4015000000.0,7000000.0,7000000.0,7000000.0,1429000000.0,,,
UndistributedEarningsOfForeignSubsidiaries / USD,,,,,,,,,,45000000.0,,,,114000000.0,,,,345000000.0,,,,484000000.0,,,,614000000.0,,,,773000000.0,,,
UnrecognizedTaxBenefits / USD,,52000000.0,195000000.0,169000000.0,139000000.0,143000000.0,125000000.0,149000000.0,,146000000.0,,,,177000000.0,,,,165000000.0,,,,159000000.0,,,,161000000.0,,,,176000000.0,,,
UnrecognizedTaxBenefitsDecreasesResultingFromForeignCurrencyTranslation / USD,,,,,,,,,,4000000.0,,,,4000000.0,,,,1000000.0,,,,0.0,,,,1000000.0,,,,4000000.0,,,
UnrecognizedTaxBenefitsDecreasesResultingFromPriorPeriodTaxPositions / USD,,7000000.0,12000000.0,25000000.0,4000000.0,21000000.0,111000000.0,3000000.0,,0.0,,,,17000000.0,,,,4000000.0,,,,0.0,,,,1000000.0,,,,4000000.0,,,
UnrecognizedTaxBenefitsDecreasesResultingFromSettlementsWithTaxingAuthorities / USD,,24000000.0,24000000.0,23000000.0,2000000.0,2000000.0,2000000.0,4000000.0,,2000000.0,,,,5000000.0,,,,9000000.0,,,,6000000.0,,,,0.0,,,,4000000.0,,,
UnrecognizedTaxBenefitsIncomeTaxPenaltiesAndInterestAccrued / USD,,11000000.0,8000000.0,3000000.0,4000000.0,7000000.0,14000000.0,12000000.0,,17000000.0,,,,14000000.0,,,,11000000.0,,,,13000000.0,,,,18000000.0,,,,16000000.0,,,
UnrecognizedTaxBenefitsIncomeTaxPenaltiesAndInterestExpense / USD,,5000000.0,3000000.0,-5000000.0,1000000.0,3000000.0,7000000.0,2000000.0,,6000000.0,,,,3000000.0,,,,3000000.0,,,,4000000.0,,,,5000000.0,,,,1000000.0,,,
UnrecognizedTaxBenefitsIncreasesResultingFromCurrentPeriodTaxPositions / USD,,140000000.0,10000000.0,2000000.0,7000000.0,3000000.0,15000000.0,9000000.0,,10000000.0,,,,7000000.0,,,,7000000.0,,,,7000000.0,,,,11000000.0,,,,11000000.0,,,
UnrecognizedTaxBenefitsIncreasesResultingFromPriorPeriodTaxPositions / USD,,10000000.0,16000000.0,16000000.0,1000000.0,1000000.0,1000000.0,1000000.0,,19000000.0,,,,7000000.0,,,,4000000.0,,,,5000000.0,,,,7000000.0,,,,1000000.0,,,
UnrecognizedTaxBenefitsReductionsResultingFromLapseOfApplicableStatuteOfLimitations / USD,,,,,,,,,,0.0,,,,0.0,,,,3000000.0,,,,4000000.0,,,,1000000.0,,,,3000000.0,,,
UnrecognizedTaxBenefitsThatWouldImpactEffectiveTaxRate / USD,,15000000.0,17000000.0,23000000.0,126000000.0,125000000.0,149000000.0,138000000.0,,134000000.0,,,,140000000.0,,,,152000000.0,,,,150000000.0,,,,165000000.0,,,,182000000.0,,,
ValuationAllowanceDeferredTaxAssetChangeInAmount / USD,,63000000.0,44000000.0,18000000.0,20000000.0,5000000.0,-505000000.0,13000000.0,32000000.0,59000000.0,,,,35000000.0,,,,20000000.0,,,,0.0,,,,-7000000.0,,,,-10000000.0,,,
WeightedAverageNumberDilutedSharesOutstandingAdjustment / shares,,,6524000.0,6524000.0,6524000.0,10655000.0,10352000.0,9130000.0,3020000.0,7156000.0,0.0,2641000.0,3323000.0,2825000.0,0.0,0.0,0.0,3855000.0,5737000.0,5918000.0,5572000.0,4046000.0,2020000.0,2072000.0,2218000.0,4959000.0,1634000.0,1909000.0,2922000.0,2174000.0,2387000.0,2940000.0,2925000.0
WeightedAverageNumberOfDilutedSharesOutstanding / shares,,,248812000.0,248064000.0,255050000.0,248609000.0,250116000.0,347607000.0,339791000.0,345802000.0,287227000.0,286858000.0,285819000.0,328606000.0,279933000.0,279533000.0,279511000.0,285911000.0,283263000.0,281063000.0,277886000.0,283809000.0,265109000.0,264909000.0,264838000.0,275646000.0,261210000.0,261278000.0,261666000.0,264053000.0,258954000.0,258963000.0,258426000.0
WeightedAverageNumberOfSharesOutstandingBasic / shares,,,248812000.0,248064000.0,248526000.0,237954000.0,239764000.0,338477000.0,336771000.0,338646000.0,287227000.0,284217000.0,282496000.0,325781000.0,279933000.0,279533000.0,279511000.0,282056000.0,277526000.0,275145000.0,272314000.0,279763000.0,263089000.0,262837000.0,262620000.0,270687000.0,259576000.0,259369000.0,258744000.0,261879000.0,256567000.0,256023000.0,255501000.0
