fact_unit,2011-08-03,2011-11-03,2012-02-17,2012-05-04,2012-08-03,2012-11-02,2013-02-13,2013-05-03,2013-08-01,2013-10-30,2014-02-12,2014-04-29,2014-07-30,2014-10-29,2015-02-26,2015-04-30,2015-07-30,2015-10-29,2016-02-26,2016-04-27,2016-07-28,2016-10-27,2017-02-10,2017-04-27,2017-07-27,2017-10-26,2018-02-07,2018-04-26,2018-07-26,2018-10-25,2019-02-20,2019-04-30,2019-07-30,2019-10-29,2020-02-14,2020-04-28,2020-07-28,2020-10-27,2021-02-12,2021-04-29,2021-07-29,2021-10-28,2022-02-16,2022-05-03,2022-08-02,2022-11-01,2023-02-16,2023-05-01,2023-08-01,2023-11-01,2024-02-15,2024-05-01,2024-08-06,2024-10-31,2025-02-18,2025-05-05,2025-08-05,2025-11-03
AccountsReceivableNetCurrent / USD,82056000.0,82056000.0,82056000.0,94723000.0,94723000.0,94723000.0,94723000.0,89038000.0,89038000.0,89038000.0,89038000.0,86181000.0,86181000.0,86181000.0,86181000.0,78633000.0,78633000.0,78633000.0,78633000.0,68154000.0,68154000.0,68154000.0,68154000.0,83319000.0,83319000.0,83319000.0,83319000.0,165364000.0,165364000.0,165364000.0,165364000.0,171359000.0,171359000.0,171359000.0,171359000.0,163516000.0,163516000.0,163516000.0,163516000.0,197461000.0,197461000.0,197461000.0,197461000.0,189280000.0,189280000.0,189280000.0,189280000.0,189280000.0,189280000.0,189280000.0,189280000.0,183815000.0,183815000.0,183815000.0,183815000.0,181203000.0,181203000.0,181203000.0
AccumulatedDepreciationDepletionAndAmortizationPropertyPlantAndEquipment / USD,,,39780000.0,,,,48746000.0,,,,60320000.0,,,,79341000.0,,,,93041000.0,,,,97250000.0,,,,100354000.0,,,,101380000.0,,,,103744000.0,,,,108747000.0,,,,118749000.0,,,,122630000.0,,,,125317000.0,,,,130464000.0,,,
AccumulatedOtherComprehensiveIncomeLossForeignCurrencyTranslationAdjustmentNetOfTax / USD,,,600000.0,,,,-1500000.0,,,,-2000000.0,,,,-1500000.0,,,,-800000.0,,,,-4400000.0,,,,-7400000.0,,,,-11000000.0,,,,-5700000.0,,,,-9800000.0,,,,-9800000.0,,,,-3900000.0,,,,-7500000.0,,,,-13800000.0,,,
AccumulatedOtherComprehensiveIncomeLossNetOfTax / USD,-1455000.0,-1455000.0,-1455000.0,-2052000.0,-2052000.0,-2052000.0,-2052000.0,-1515000.0,-1515000.0,-1515000.0,-1515000.0,-831000.0,-831000.0,-831000.0,-831000.0,-4363000.0,-4363000.0,-4363000.0,-4363000.0,-7408000.0,-7408000.0,-7408000.0,-7408000.0,-10743000.0,-10743000.0,-10743000.0,-10743000.0,-5659000.0,-5659000.0,-5659000.0,-5659000.0,-10217000.0,-10217000.0,-10217000.0,-10217000.0,-9651000.0,-9651000.0,-9651000.0,-9651000.0,-3885000.0,-3885000.0,-3885000.0,-3885000.0,-7543000.0,-7543000.0,-7543000.0,-7543000.0,-13801000.0,-13801000.0,-13801000.0,-13801000.0,-11444000.0,-11444000.0,-11444000.0,-11444000.0,-15384000.0,-15384000.0,-15384000.0
AdditionalPaidInCapitalCommonStock / USD,,,,,,,,,,,,,,,,,506727000.0,506727000.0,506727000.0,534651000.0,534651000.0,534651000.0,534651000.0,543974000.0,543974000.0,543974000.0,543974000.0,559918000.0,559918000.0,559918000.0,559918000.0,576957000.0,576957000.0,576957000.0,576957000.0,593583000.0,593583000.0,593583000.0,593583000.0,763051000.0,763051000.0,763051000.0,763051000.0,1727143000.0,1727143000.0,1727143000.0,1727143000.0,1841120000.0,1841120000.0,1841120000.0,1841120000.0,3957728000.0,3957728000.0,3957728000.0,3957728000.0,20411998000.0,20411998000.0,20411998000.0
AdjustmentsToAdditionalPaidInCapitalSharebasedCompensationRequisiteServicePeriodRecognitionValue / USD,,,,,,,,,,,2078000.0,,,,2078000.0,,,,2078000.0,,,,11786000.0,,,,17299000.0,,,,11817000.0,4743000.0,4743000.0,4743000.0,14267000.0,2965000.0,2965000.0,2965000.0,14568000.0,3164000.0,3164000.0,3164000.0,10057000.0,6848000.0,6848000.0,6848000.0,10576000.0,14209000.0,14209000.0,14209000.0,42690000.0,16822000.0,16822000.0,16822000.0,64105000.0,15938000.0,15938000.0,15938000.0
AdjustmentsToAdditionalPaidInCapitalStockSplit / USD,,,,,,,,,,,,,,,,,,,,,,,,,,,,,,,,,,,,,,,,,,,,,,,,,,,,,,0.0,0.0,,,
AllowanceForDoubtfulAccountsReceivableCurrent / USD,,,,,,,,,,,4366000.0,3989000.0,3989000.0,3989000.0,3989000.0,4412000.0,4412000.0,4412000.0,4412000.0,3825000.0,3825000.0,3825000.0,3825000.0,3181000.0,3181000.0,3181000.0,3181000.0,4190000.0,4190000.0,4190000.0,4190000.0,5489000.0,5489000.0,5489000.0,5489000.0,1637000.0,1637000.0,1637000.0,1637000.0,2760000.0,2760000.0,2760000.0,2760000.0,2775000.0,2775000.0,2775000.0,2775000.0,2564000.0,2564000.0,2564000.0,2564000.0,3069000.0,3069000.0,3069000.0,3069000.0,2188000.0,2188000.0,2188000.0
AmortizationOfFinancingCosts / USD,,,,,,,,,,,,,,,,,,,,,,,,,,,,,,,,,,,,,,,,0.0,0.0,0.0,,1172000.0,2977000.0,5084000.0,,2129000.0,4297000.0,6490000.0,7201000.0,2210000.0,4400000.0,6599000.0,8694000.0,2557000.0,6399000.0,10231000.0
Assets / USD,381566000.0,381566000.0,381566000.0,453851000.0,453851000.0,453851000.0,453851000.0,477938000.0,477938000.0,477938000.0,477938000.0,585514000.0,585514000.0,585514000.0,585514000.0,558797000.0,558797000.0,558797000.0,558797000.0,656894000.0,656894000.0,656894000.0,656894000.0,768319000.0,768319000.0,768319000.0,768319000.0,933219000.0,933219000.0,933219000.0,933219000.0,855768000.0,855768000.0,855768000.0,855768000.0,916571000.0,916571000.0,916571000.0,916571000.0,1465612000.0,1465612000.0,1465612000.0,1465612000.0,3557124000.0,3557124000.0,3557124000.0,3557124000.0,2410272000.0,2410272000.0,2410272000.0,2410272000.0,4762528000.0,4762528000.0,4762528000.0,4762528000.0,6351539000.0,7053073000.0,8343581000.0
AssetsCurrent / USD,296858000.0,296858000.0,296858000.0,343205000.0,343205000.0,343205000.0,343205000.0,362043000.0,362043000.0,362043000.0,362043000.0,479948000.0,479948000.0,479948000.0,479948000.0,462365000.0,462365000.0,462365000.0,462365000.0,565314000.0,565314000.0,565314000.0,565314000.0,684987000.0,684987000.0,684987000.0,684987000.0,860653000.0,860653000.0,860653000.0,860653000.0,778399000.0,778399000.0,778399000.0,778399000.0,753446000.0,753446000.0,753446000.0,753446000.0,272620000.0,272620000.0,272620000.0,272620000.0,267965000.0,267965000.0,267965000.0,267965000.0,264566000.0,264566000.0,264566000.0,264566000.0,267895000.0,267895000.0,267895000.0,267895000.0,252324000.0,252324000.0,252324000.0
BilledContractReceivables / USD,,,163939000.0,179179000.0,179179000.0,179179000.0,179179000.0,176511000.0,176511000.0,176511000.0,176511000.0,190446000.0,190446000.0,190446000.0,190446000.0,187470000.0,187470000.0,187470000.0,187470000.0,175382000.0,175382000.0,175382000.0,175382000.0,188038000.0,188038000.0,188038000.0,188038000.0,169554000.0,169554000.0,169554000.0,169554000.0,176848000.0,176848000.0,176848000.0,176848000.0,165153000.0,165153000.0,165153000.0,165153000.0,200221000.0,200221000.0,200221000.0,200221000.0,192055000.0,192055000.0,192055000.0,192055000.0,191844000.0,191844000.0,191844000.0,191844000.0,186884000.0,186884000.0,186884000.0,186884000.0,183391000.0,183391000.0,183391000.0
CapitalUnitsAuthorized / shares,,,,,,,,,,,,,,,,,,,,,,,,,,,,,,,,,,,,,,,,,,,,,,,,,,,,,,,500000000.0,,,
CapitalizedComputerSoftwareAdditions / USD,,,4200000.0,,,,2200000.0,,,,5900000.0,,,,8100000.0,,,,5400000.0,,,,8400000.0,,,,9600000.0,,,,0.0,,,,0.0,,,,0.0,,,,0.0,,,,0.0,,,,0.0,,,,0.0,,,
CapitalizedContractCostNet / USD,,,,,,,,,,,,,,,,,,,,,,,,,,,,4500000.0,4500000.0,4500000.0,4500000.0,,,,4200000.0,,,,4800000.0,,,,6100000.0,,,,4700000.0,,,,15800000.0,,,,15700000.0,,,
CashAndCashEquivalentsAtCarryingValue / USD,224769000.0,224769000.0,122915000.0,174097000.0,174097000.0,174097000.0,224769000.0,223043000.0,223043000.0,223043000.0,223043000.0,220171000.0,224393000.0,224393000.0,199634000.0,220171000.0,220171000.0,220171000.0,224393000.0,146919000.0,146919000.0,146919000.0,220171000.0,401975000.0,401975000.0,401975000.0,401975000.0,420244000.0,420244000.0,420244000.0,420244000.0,109924000.0,109924000.0,109924000.0,109924000.0,456727000.0,456727000.0,456727000.0,456727000.0,59675000.0,59675000.0,59675000.0,59675000.0,63356000.0,63356000.0,63356000.0,63356000.0,43835000.0,43835000.0,43835000.0,43835000.0,46817000.0,46817000.0,46817000.0,46817000.0,38117000.0,38117000.0,38117000.0
CashCashEquivalentsRestrictedCashAndRestrictedCashEquivalentsIncludingDisposalGroupAndDiscontinuedOperations / USD,,,,,,,,,,,,,,,,,,,,,,,,,,,,,402712000.0,402712000.0,292959000.0,421182000.0,421182000.0,421182000.0,402712000.0,110786000.0,110786000.0,110786000.0,421182000.0,457816000.0,457816000.0,457816000.0,110786000.0,60759000.0,60759000.0,60759000.0,457816000.0,64434000.0,64434000.0,64434000.0,60759000.0,50868000.0,50868000.0,50868000.0,64434000.0,48673000.0,48673000.0,48673000.0
CashCashEquivalentsRestrictedCashAndRestrictedCashEquivalentsPeriodIncreaseDecreaseIncludingExchangeRateEffect / USD,,,,,,,,,,,,,,,,,,,,,,,,,55073000.0,73162000.0,145379000.0,-43185000.0,-22185000.0,-15093000.0,109753000.0,-268002000.0,-329791000.0,-308199000.0,18470000.0,148879000.0,151750000.0,265083000.0,-310396000.0,-25798000.0,-35696000.0,-403932000.0,347030000.0,22979000.0,-3155000.0,-2635000.0,-397057000.0,34508000.0,11107000.0,2534000.0,3675000.0,45596000.0,17185000.0,-3994000.0,-13566000.0,35055000.0,20128000.0,-468000.0
ComprehensiveIncomeNetOfTax / USD,,,73970000.0,1156000.0,3917000.0,8711000.0,41733000.0,579000.0,7314000.0,12483000.0,17343000.0,50604000.0,49223000.0,67405000.0,21083000.0,-6270000.0,-16883000.0,-19827000.0,84016000.0,18316000.0,41861000.0,65416000.0,1503000.0,14934000.0,32326000.0,59233000.0,103166000.0,16575000.0,28785000.0,48089000.0,88718000.0,3113000.0,4049000.0,16141000.0,23465000.0,-7653000.0,13395000.0,20731000.0,17943000.0,110000.0,4508000.0,-7434000.0,34921000.0,-111856000.0,-410806000.0,-448399000.0,-1758000.0,-132760000.0,-1199171000.0,-1230764000.0,-539138000.0,461931000.0,484087000.0,338441000.0,-1476055000.0,-54843000.0,-157783000.0,-493987000.0
ContractWithCustomerLiabilityCurrent / USD,,,,,,,,,,,,,,,,,,,,,,,,,,,,,,198734000.0,198734000.0,176540000.0,176540000.0,176540000.0,176540000.0,187107000.0,187107000.0,187107000.0,187107000.0,191250000.0,191250000.0,191250000.0,191250000.0,209860000.0,209860000.0,209860000.0,209860000.0,217428000.0,217428000.0,217428000.0,217428000.0,228162000.0,228162000.0,228162000.0,228162000.0,237974000.0,237974000.0,237974000.0
ContractWithCustomerLiabilityNoncurrent / USD,,,,,,,,,,,,,,,,,,,,,,,,,,,,,,6400000.0,6400000.0,6469000.0,6469000.0,6469000.0,6469000.0,4344000.0,4344000.0,4344000.0,4344000.0,14662000.0,14662000.0,14662000.0,14662000.0,8089000.0,8089000.0,8089000.0,8089000.0,12763000.0,12763000.0,12763000.0,12763000.0,8524000.0,8524000.0,8524000.0,8524000.0,4970000.0,4970000.0,4970000.0
CostOfGoodsAndServicesSold / USD,,,,,,,,,,,,,,,,,,,,,,,,,,,,,47507000.0,71896000.0,93147000.0,25185000.0,50225000.0,73614000.0,96649000.0,26173000.0,51523000.0,75338000.0,99499000.0,24545000.0,48534000.0,70270000.0,99974000.0,22549000.0,45587000.0,67906000.0,91055000.0,25677000.0,50881000.0,76266000.0,91909000.0,27941000.0,55062000.0,81723000.0,102989000.0,30015000.0,60950000.0,95299000.0
CurrentFederalTaxExpenseBenefit / USD,,,2853000.0,,,,3092000.0,,,,1222000.0,,,,533000.0,,,,-12404000.0,,,,-306000.0,,,,11748000.0,,,,18453000.0,,,,48794000.0,,,,-1916000.0,,,,1256000.0,,,,1861000.0,,,,-4622000.0,,,,9278000.0,,,
CurrentForeignTaxExpenseBenefit / USD,,,4705000.0,,,,5932000.0,,,,5344000.0,,,,7269000.0,,,,5994000.0,,,,7638000.0,,,,7565000.0,,,,4941000.0,,,,4074000.0,,,,6460000.0,,,,5135000.0,,,,5221000.0,,,,5533000.0,,,,8139000.0,,,
CurrentIncomeTaxExpenseBenefit / USD,,,10295000.0,,,,9482000.0,,,,6657000.0,,,,7870000.0,,,,-6238000.0,,,,7331000.0,,,,22310000.0,,,,27075000.0,,,,56945000.0,,,,6200000.0,,,,6534000.0,,,,8527000.0,,,,3095000.0,,,,22779000.0,,,
CurrentStateAndLocalTaxExpenseBenefit / USD,,,2737000.0,,,,458000.0,,,,91000.0,,,,68000.0,,,,172000.0,,,,-1000.0,,,,2997000.0,,,,3681000.0,,,,4077000.0,,,,1656000.0,,,,143000.0,,,,1445000.0,,,,2184000.0,,,,5362000.0,,,
DeferredFederalIncomeTaxExpenseBenefit / USD,,,13352000.0,,,,3712000.0,,,,-1095000.0,,,,995000.0,,,,-3417000.0,,,,-2132000.0,,,,9215000.0,,,,-4165000.0,,,,-1649000.0,,,,-6071000.0,,,,-749000.0,,,,-15038000.0,,,,-204784000.0,,,,89581000.0,,,
DeferredForeignIncomeTaxExpenseBenefit / USD,,,217000.0,,,,-2386000.0,,,,-1864000.0,,,,-441000.0,,,,-411000.0,,,,1855000.0,,,,-285000.0,,,,585000.0,,,,-757000.0,,,,-101000.0,,,,-1397000.0,,,,351000.0,,,,576000.0,,,,451000.0,,,
DeferredIncomeTaxAssetsNet / USD,,,,,,,,,,,,,,,,,,,,,,,,,,,,,,,,,,,,,19409000.0,19409000.0,19409000.0,6503000.0,6503000.0,6503000.0,6503000.0,319782000.0,319782000.0,319782000.0,319782000.0,188152000.0,188152000.0,188152000.0,188152000.0,757573000.0,757573000.0,757573000.0,757573000.0,1525307000.0,1525307000.0,1525307000.0
DeferredIncomeTaxExpenseBenefit / USD,776000.0,-509000.0,14998000.0,,,,1686000.0,,,,-3264000.0,,,,1864000.0,,,,-3561000.0,,,,-1315000.0,,,,9623000.0,,,,-4381000.0,,,,-3666000.0,,,,-8219000.0,,,,-2626000.0,,,,-20956000.0,,,,-279004000.0,,,,124553000.0,,,
DeferredIncomeTaxLiabilities / USD,,,,,,,,,,,,,,,,,,,,,,,,,,,,,,,,,,,,,,,1708000.0,1708000.0,1708000.0,1708000.0,1708000.0,,,,,,,,,,,,,2280000000.0,6310000000.0,7430000000.0
DeferredIncomeTaxLiabilitiesNet / USD,,,,,,,,,,,,,,,,,,,,,,,,,,,,,,,,,,,,,26000.0,26000.0,26000.0,8211000.0,8211000.0,8211000.0,8211000.0,109000.0,109000.0,109000.0,109000.0,198000.0,198000.0,198000.0,198000.0,357000.0,357000.0,357000.0,357000.0,407000.0,407000.0,407000.0
DeferredIncomeTaxesAndTaxCredits / USD,,,,,,,,,,,-3371000.0,-3962000.0,-6141000.0,-4035000.0,1967000.0,-4424000.0,-8924000.0,-12337000.0,-3319000.0,4788000.0,13308000.0,11015000.0,-1526000.0,688000.0,-2537000.0,-4439000.0,9666000.0,-968000.0,-3654000.0,-5508000.0,-4450000.0,-2662000.0,-5758000.0,-6667000.0,-3605000.0,-1694000.0,-3219000.0,-3352000.0,-8274000.0,957000.0,273000.0,-13341000.0,-2614000.0,-76759000.0,-197383000.0,-221328000.0,-20830000.0,-57445000.0,76109000.0,90166000.0,-284221000.0,-460061000.0,-530628000.0,-425986000.0,131493000.0,-161170000.0,-278140000.0,-420038000.0
DeferredStateAndLocalIncomeTaxExpenseBenefit / USD,,,1429000.0,,,,360000.0,,,,-305000.0,,,,1310000.0,,,,267000.0,,,,-1038000.0,,,,693000.0,,,,-801000.0,,,,-1260000.0,,,,-2047000.0,,,,-480000.0,,,,-6269000.0,,,,-74796000.0,,,,34521000.0,,,
DeferredTaxAssetInterestCarryforward / USD,,,,,,,,,,,,,,,,,,,,,,,,,,,,,,,,,,,,,,,,,,,,,,,,,,,1239000.0,,,,11627000.0,,,
DeferredTaxAssetsDeferredIncome / USD,,,1795000.0,,,,2634000.0,,,,2858000.0,,,,2746000.0,,,,1989000.0,,,,3454000.0,,,,3305000.0,,,,1214000.0,,,,543000.0,,,,423000.0,,,,408000.0,,,,13954000.0,,,,24747000.0,,,,1481000.0,,,
DeferredTaxAssetsGoodwillAndIntangibleAssets / USD,,,,,,,3976000.0,,,,2624000.0,,,,1317000.0,,,,59000.0,,,,24000.0,,,,11000.0,,,,10000.0,,,,0.0,,,,1878000.0,,,,1707000.0,,,,20963000.0,,,,41082000.0,,,,57410000.0,,,
DeferredTaxAssetsGross / USD,,,33946000.0,,,,46161000.0,,,,44294000.0,,,,37852000.0,,,,43151000.0,,,,29523000.0,,,,27491000.0,,,,20422000.0,,,,26608000.0,,,,28950000.0,,,,49348000.0,,,,327391000.0,,,,723782000.0,,,,784489000.0,,,
DeferredTaxAssetsLiabilitiesNet / USD,,,18344000.0,23531000.0,23531000.0,23531000.0,23531000.0,23526000.0,23526000.0,23526000.0,23526000.0,17149000.0,17149000.0,17149000.0,17149000.0,17010000.0,17010000.0,17010000.0,17010000.0,7972000.0,7972000.0,7972000.0,7972000.0,11410000.0,11410000.0,11410000.0,11410000.0,9293000.0,9293000.0,9293000.0,9293000.0,17279000.0,17279000.0,17279000.0,17279000.0,19383000.0,19383000.0,19383000.0,19383000.0,116460000.0,237294000.0,259327000.0,319673000.0,,,,319673000.0,,,,187954000.0,,,,757216000.0,,,
DeferredTaxAssetsNet / USD,,,31236000.0,,,,45425000.0,,,,44063000.0,,,,37775000.0,,,,40840000.0,,,,27539000.0,,,,26659000.0,,,,19407000.0,,,,25101000.0,,,,26820000.0,,,,48089000.0,,,,326392000.0,,,,212370000.0,,,,783062000.0,,,
DeferredTaxAssetsOperatingLossCarryforwards / USD,,,3183000.0,,,,7055000.0,,,,5439000.0,,,,981000.0,,,,6911000.0,,,,501000.0,,,,214000.0,,,,761000.0,,,,841000.0,,,,874000.0,,,,1690000.0,,,,968000.0,,,,723000.0,,,,727000.0,,,
DeferredTaxAssetsOther / USD,,,3176000.0,,,,4210000.0,,,,3523000.0,,,,2197000.0,,,,3425000.0,,,,2915000.0,,,,2002000.0,,,,2457000.0,,,,2115000.0,,,,1453000.0,,,,3605000.0,,,,1889000.0,,,,1887000.0,,,,4699000.0,,,
DeferredTaxAssetsTaxCreditCarryforwards / USD,,,3089000.0,,,,,,,,9474000.0,,,,8723000.0,,,,10402000.0,,,,2984000.0,,,,1372000.0,,,,1520000.0,,,,1839000.0,,,,2553000.0,,,,4158000.0,,,,3844000.0,,,,1677000.0,,,,1841000.0,,,
DeferredTaxAssetsTaxDeferredExpenseCompensationAndBenefitsEmployeeCompensation / USD,,,,,,,15698000.0,,,,15684000.0,,,,17465000.0,,,,11452000.0,,,,7331000.0,,,,7866000.0,,,,2863000.0,,,,6519000.0,,,,6257000.0,,,,6527000.0,,,,6290000.0,,,,6602000.0,,,,5882000.0,,,
DeferredTaxAssetsTaxDeferredExpenseCompensationAndBenefitsShareBasedCompensationCost / USD,,,,,,,,,,,,,,,714000.0,,,,5485000.0,,,,9905000.0,,,,11440000.0,,,,11597000.0,,,,12987000.0,,,,14182000.0,22100000.0,22300000.0,26000000.0,11410000.0,,,,15493000.0,,,,23305000.0,,,,30345000.0,,,
DeferredTaxAssetsTaxDeferredExpenseReservesAndAccrualsImpairmentLosses / USD,,,,,,,,,,,,,,,,,,,,,,,,,,,,,,,,,,,,,,12800000.0,0.0,54300000.0,173300000.0,12800000.0,19843000.0,,,,258458000.0,,,,607659000.0,,,,652280000.0,,,
DeferredTaxAssetsValuationAllowance / USD,,,2710000.0,736000.0,736000.0,736000.0,736000.0,231000.0,231000.0,231000.0,231000.0,77000.0,77000.0,77000.0,77000.0,2311000.0,2311000.0,2311000.0,2311000.0,1984000.0,1984000.0,1984000.0,1984000.0,832000.0,832000.0,832000.0,832000.0,1015000.0,1015000.0,1015000.0,1015000.0,1507000.0,1507000.0,1507000.0,1507000.0,2130000.0,2130000.0,2130000.0,2130000.0,1259000.0,1259000.0,1259000.0,1259000.0,1000000.0,391300000.0,411800000.0,999000.0,55100000.0,2600000.0,118400000.0,511412000.0,400000.0,1400000.0,1400000.0,1427000.0,500000.0,500000.0,500000.0
DeferredTaxLiabilities / USD,,,12892000.0,,,,21894000.0,,,,20537000.0,,,,20626000.0,,,,23830000.0,,,,19567000.0,,,,15249000.0,,,,10114000.0,,,,7822000.0,,,,7437000.0,,,,49797000.0,,,,6719000.0,,,,24416000.0,,,,25846000.0,,,
DeferredTaxLiabilitiesPrepaidExpenses / USD,,,,,,,886000.0,,,,686000.0,,,,1084000.0,,,,1044000.0,,,,1389000.0,,,,1098000.0,,,,1301000.0,,,,1049000.0,,,,1693000.0,,,,1792000.0,,,,2101000.0,,,,4372000.0,,,,3681000.0,,,
DeferredTaxLiabilitiesPropertyPlantAndEquipment / USD,,,7201000.0,,,,18343000.0,,,,15992000.0,,,,15751000.0,,,,17149000.0,,,,12253000.0,,,,10821000.0,,,,6778000.0,,,,5841000.0,,,,5092000.0,,,,4233000.0,,,,2936000.0,,,,1786000.0,,,,1062000.0,,,
DeferredTaxLiabilitiesUndistributedForeignEarnings / USD,,,159900000.0,159900000.0,159900000.0,159900000.0,184000000.0,184000000.0,184000000.0,184000000.0,192700000.0,192700000.0,192700000.0,192700000.0,201700000.0,201700000.0,201700000.0,201700000.0,252900000.0,252900000.0,252900000.0,252900000.0,322000000.0,322000000.0,322000000.0,322000000.0,,,,,,,,,,,,,0.0,,,,1741000.0,,,,1682000.0,,,,2231000.0,,,,2923000.0,,,
DefinedContributionPlanEmployerDiscretionaryContributionAmount / USD,,,,,,,,,,,2600000.0,,,,2600000.0,,,,2700000.0,,,,2900000.0,,,,1600000.0,,,,1900000.0,,,,2100000.0,,,,2400000.0,,,,4100000.0,,,,3300000.0,,,,2900000.0,,,,3100000.0,,,
DefinedContributionPlanEmployerMatchingContributionPercent / pure,,,,,,,,,,,0.06,,,,0.06,,,,0.06,,,,0.06,,,,0.06,,,,0.06,,,,0.06,,,,0.06,,,,0.12,,,,0.12,,,,0.12,,,,0.12,,,
DefinedContributionPlanEmployerMatchingContributionPercentOfMatch / pure,,,,,,,,,,,0.5,,,,0.5,,,,0.5,,,,0.5,,,,0.5,,,,0.5,,,,0.5,,,,0.5,,,,0.5,,,,0.5,,,,0.5,,,,0.5,,,
DefinedContributionPlanEmployersMatchingContributionAnnualVestingPercentage / pure,,,,,,,,,,,,,,,,,,,,,,,,,,,,,,,,,,,,,,,,,,,,,,,,,,,0.25,,,,0.25,,,
DefinedContributionPlanMaximumAnnualContributionsPerEmployeePercent / pure,,,,,,,,,,,0.5,,,,0.5,,,,0.5,,,,0.5,,,,0.5,,,,0.5,,,,0.5,,,,0.5,,,,0.5,,,,0.5,,,,0.5,,,,0.5,,,
DepreciationAndAmortization / USD,,,,,,,,,,,9400000.0,,,,17700000.0,,,,21000000.0,,,,20100000.0,,,,14000000.0,,,,10600000.0,,,,8400000.0,,,,8300000.0,,,,11700000.0,,,,11400000.0,,,,8700000.0,,,,6700000.0,,,
DepreciationDepletionAndAmortization / USD,,,5000000.0,,,,6200000.0,,,,17271000.0,6456000.0,13102000.0,19584000.0,22454000.0,6702000.0,13260000.0,19305000.0,26399000.0,5103000.0,10316000.0,16172000.0,25295000.0,4553000.0,8832000.0,13089000.0,21214000.0,4491000.0,8540000.0,12009000.0,19944000.0,3298000.0,3870000.0,3483000.0,15532000.0,1657000.0,3623000.0,5456000.0,3701000.0,2756000.0,5828000.0,9342000.0,8594000.0,2782000.0,5997000.0,8639000.0,13332000.0,2691000.0,4767000.0,6917000.0,11358000.0,3431000.0,6661000.0,9405000.0,10874000.0,3050000.0,6701000.0,12679000.0
DividendsPreferredStock / USD,,,,,,,,,,,,,,,,,,,,,,,,,,,,,,,,,,,,,,,,,,,,,,,,,,,,,,,,0.0,0.0,0.0
DividendsPreferredStockCash / USD,,,,,,,,,,,,,,,,,,,,,,,,,,,,,,,,,,,,,,,,,,,,,,,,,,,,,,,,9188000.0,9188000.0,9188000.0
DividendsPreferredStockStock / USD,,,,,,,,,,,,,,,,,,,,,,,,,,,,,,,,,,,,,,,,,,,,,,,,,,,,,,,,,0.0,0.0
EarningsPerShareBasic / USD/shares,1.57,2.24,6.28,0.11,0.38,0.84,3.85,0.03,0.7,1.13,1.67,4.57,4.43,5.95,1.87,-0.57,-1.49,-1.56,7.37,1.81,3.79,5.89,0.45,1.25,2.9,5.23,9.33,1.36,2.23,3.82,8.07,0.15,0.57,1.68,1.59,-0.77,1.21,2.16,1.98,0.07,0.41,-1.04,3.35,-11.4,-42.22,-45.47,-0.78,-11.58,-105.64,-107.99,-53.44,38.97,41.18,2.91,-12.98,-0.31,-0.89,-2.71
EarningsPerShareDiluted / USD/shares,1.52,2.16,6.09,0.1,0.36,0.81,3.72,0.02,0.68,1.1,1.62,4.57,4.43,5.95,1.84,-0.57,-1.49,-1.56,7.37,1.79,3.74,5.8,0.44,1.24,2.88,5.2,9.18,1.34,2.2,3.78,8.01,0.15,0.57,1.67,1.58,-0.77,1.21,2.15,1.97,0.07,0.41,-1.04,3.33,-11.4,-42.22,-45.47,-0.78,-11.58,-105.64,-107.99,-53.44,31.79,33.56,2.39,-12.98,-0.31,-0.89,-2.71
EffectOfExchangeRateOnCashCashEquivalentsRestrictedCashAndRestrictedCashEquivalentsIncludingDisposalGroupAndDiscontinuedOperations / USD,,,,,,,,,,,,,,,,,,,,,,,,,,,,,5246000.0,6992000.0,-4176000.0,2202000.0,-2240000.0,-3904000.0,8222000.0,-1133000.0,33000.0,-3926000.0,-3444000.0,-3871000.0,-1154000.0,2839000.0,-1374000.0,-2160000.0,-969000.0,-2037000.0,4784000.0,-324000.0,-3224000.0,-5597000.0,-2608000.0,351000.0,-235000.0,-997000.0,-3375000.0,-1078000.0,-1556000.0,77000.0
EffectiveIncomeTaxRateContinuingOperations / pure,,,0.295,-1.144,-0.079,0.071,0.203,0.3,0.311,0.303,0.135,0.247,0.254,20.121,0.302,0.312,0.255,0.282,-0.585,0.253,0.275,0.265,0.544,0.23,0.209,0.169,0.232,0.215,0.214,0.178,0.197,-0.448,0.077,-0.038,0.745,0.061,0.35,0.224,-0.099,0.704,0.431,0.36,0.102,0.403,0.322,0.328,0.623,0.269,0.08,0.101,0.34,-56.606,17.089,6.322,-0.111,0.752,0.637,0.454
EffectiveIncomeTaxRateReconciliationAtFederalStatutoryIncomeTaxRate / pure,,,0.35,0.35,0.35,0.35,0.35,0.35,0.35,0.35,0.35,0.35,0.35,0.35,0.35,0.35,0.35,0.35,0.35,0.35,0.35,0.35,0.35,0.35,0.35,0.35,0.35,0.35,0.35,0.35,0.35,0.35,0.35,0.35,0.35,0.35,0.35,0.35,0.35,0.35,0.35,0.35,0.21,,,,0.21,,,,0.21,,,,0.21,,,
EffectiveIncomeTaxRateReconciliationChangeInDeferredTaxAssetsValuationAllowance / pure,,,-0.016,,,,-0.043,,,,-0.071,,,,0.001,,,,-0.008,,,,0.211,,,,-0.001,,,,-0.008,,,,0.002,,,,0.025,,,,0.016,,,,0.027,,,,0.0,,,,-0.386,,,
EffectiveIncomeTaxRateReconciliationChangeInEnactedTaxRate / pure,,,-0.002,,,,,,,,,,,,,,,,,,,,,,,,0.0,,,,0.0,,,,0.554,,,,-0.152,,,,,,,,,,,,0.0,,,,-0.003,,,
EffectiveIncomeTaxRateReconciliationNondeductibleExpenseOther / pure,,,,,,,,,,,0.022,,,,0.026,,,,0.025,,,,0.02,,,,,,,,,,,,0.0,,,,0.021,,,,0.014,,,,-0.125,,,,-0.01,,,,-0.003,,,
EffectiveIncomeTaxRateReconciliationOtherAdjustments / pure,,,0.018,,,,0.06,,,,0.038,,,,0.019,,,,0.034,,,,0.008,,,,0.008,,,,-0.001,,,,0.0,,,,0.003,,,,0.002,,,,0.003,,,,0.002,,,,-0.001,,,
EffectiveIncomeTaxRateReconciliationOtherReconcilingItemsPercent / pure,,,,,,,,,,,-0.002,,,,0.006,,,,0.008,,,,-0.016,,,,0.007,,,,0.01,,,,0.005,,,,0.03,,,,0.013,,,,-0.081,,,,-0.001,,,,-0.001,,,
EffectiveIncomeTaxRateReconciliationShareBasedCompensationExcessTaxBenefitPercent / pure,,,,,,,,,,,,,,,,,,,,,,,,,,,,,,,,,,,0.006,,,,0.058,,,,0.018,,,,0.118,,,,0.04,,,,-0.001,,,
EffectiveIncomeTaxRateReconciliationStateAndLocalIncomeTaxes / pure,,,0.032,,,,0.01,,,,-0.005,,,,0.03,,,,0.02,,,,-0.043,,,,0.017,,,,0.016,,,,0.025,,,,-0.013,,,,-0.017,,,,0.18,,,,0.091,,,,0.073,,,
EffectiveIncomeTaxRateReconciliationTaxCreditsResearch / pure,,,,,,,,,,,-0.033,,,,0.007,,,,0.126,,,,0.137,,,,0.006,,,,0.008,,,,0.011,,,,0.118,,,,0.093,,,,-0.199,,,,-0.008,,,,-0.001,,,
EmployeeRelatedLiabilitiesCurrent / USD,60201000.0,60201000.0,60201000.0,68308000.0,68308000.0,68308000.0,68308000.0,71789000.0,71789000.0,71789000.0,71789000.0,79495000.0,79495000.0,79495000.0,79495000.0,50588000.0,50588000.0,50588000.0,50588000.0,40067000.0,40067000.0,40067000.0,40067000.0,43323000.0,43323000.0,43323000.0,43323000.0,41498000.0,41498000.0,41498000.0,41498000.0,48045000.0,48045000.0,48045000.0,48045000.0,48792000.0,48792000.0,48792000.0,48792000.0,49249000.0,49249000.0,49249000.0,49249000.0,54548000.0,54548000.0,54548000.0,54548000.0,53716000.0,53716000.0,53716000.0,53716000.0,50045000.0,50045000.0,50045000.0,50045000.0,58362000.0,58362000.0,58362000.0
EmployeeServiceShareBasedCompensationTaxBenefitFromCompensationExpense / USD,,,,,,,,,,,,,,,,,,,,,,,,,,,,,,,,,,,,,,,,,,,2000000.0,1300000.0,3277000.0,5489000.0,2028000.0,2897000.0,6240000.0,9146000.0,8260000.0,3225000.0,5979000.0,9396000.0,12155000.0,4192000.0,8079000.0,
EntityPublicFloat / USD,,,1334300000.0,,,,1125900000.0,,,,787300000.0,,,,1305700000.0,,,,1590100000.0,,,,1648000000.0,,,,1807900000.0,,,,1207600000.0,,,,1178700000.0,,,,907000000.0,,,,5172000000.0,,,,1533000000.0,,,,4133000000.0,,,,23499000000.0,,,
ForeignCurrencyTransactionGainLossBeforeTax / USD,,,-1600000.0,,,,2100000.0,,,,400000.0,,,,-2000000.0,,,,-3300000.0,,,,5300000.0,,,,2400000.0,,,,3000000.0,,,,-7000000.0,,,,4700000.0,,,,-1000000.0,,,,-7600000.0,,,,2500000.0,,,,6200000.0,,,
GainLossOnDispositionOfIntangibleAssets / USD,,,,,,,,,,,,,,,,,,,,,,,,,,,,,,,,,,,,,,,,,,,,,,,0.0,,,,0.0,,,,927000.0,,,
GainsLossesOnExtinguishmentOfDebt / USD,,,,,,,,,,,,,,,,,,,,,,,,,,,,,,,,,,,,,,,,,,,,,,,,0.0,0.0,0.0,0.0,44686000.0,44686000.0,44686000.0,0.0,,,-22933000.0
GeneralAndAdministrativeExpense / USD,37134000.0,58950000.0,54613000.0,23281000.0,45600000.0,67218000.0,81599000.0,23665000.0,46732000.0,69192000.0,86237000.0,26412000.0,53006000.0,77271000.0,93384000.0,26303000.0,51565000.0,76376000.0,104734000.0,22125000.0,43228000.0,63071000.0,96343000.0,22219000.0,43311000.0,63014000.0,80732000.0,20257000.0,39839000.0,58921000.0,79462000.0,22172000.0,43471000.0,63756000.0,80161000.0,22604000.0,43784000.0,63684000.0,86134000.0,21332000.0,40781000.0,60514000.0,86697000.0,21729000.0,44646000.0,68397000.0,80136000.0,26706000.0,55208000.0,82491000.0,95501000.0,27906000.0,56736000.0,85959000.0,111421000.0,34666000.0,70795000.0,104300000.0
GrossProfit / USD,154954000.0,242244000.0,311185000.0,88868000.0,192476000.0,297516000.0,348486000.0,102604000.0,203868000.0,305101000.0,406470000.0,94282000.0,195741000.0,304407000.0,424648000.0,104895000.0,211135000.0,327384000.0,437319000.0,96773000.0,203801000.0,308653000.0,444620000.0,96192000.0,195233000.0,302194000.0,428761000.0,99100000.0,193945000.0,295566000.0,420442000.0,97782000.0,193344000.0,292107000.0,407194000.0,89193000.0,181580000.0,277458000.0,398139000.0,86879000.0,173474000.0,279146000.0,386353000.0,100353000.0,202666000.0,308341000.0,389680000.0,93600000.0,190469000.0,290444000.0,418853000.0,93974000.0,187253000.0,290054000.0,396275000.0,85231000.0,165738000.0,247460000.0
ImpairmentOfIntangibleAssetsExcludingGoodwill / USD,,,,,,,,,,,,,,,,,,,,,,,,,,,,,,,,,,,,,,0.0,0.0,0.0,0.0,44242000.0,0.0,194095000.0,618869000.0,684034000.0,70698000.0,170091000.0,1087929000.0,1088656000.0,830621000.0,18911000.0,43054000.0,76613000.0,1287213000.0,191633000.0,371723000.0,783807000.0
IncomeLossFromContinuingOperationsBeforeIncomeTaxesDomestic / USD,,,49362000.0,,,,18075000.0,,,,-3490000.0,,,,587000.0,,,,-6158000.0,,,,-5389000.0,,,,68555000.0,,,,52802000.0,,,,18814000.0,,,,-18295000.0,,,,9944000.0,,,,-53250000.0,,,,-854610000.0,,,,-1362230000.0,,,
IncomeLossFromContinuingOperationsBeforeIncomeTaxesExtraordinaryItemsNoncontrollingInterest / USD,,,,,,,,,,,25200000.0,-6892000.0,-9037000.0,-544000.0,32207000.0,-9417000.0,-22585000.0,-24598000.0,16751000.0,27397000.0,59245000.0,90858000.0,11051000.0,18531000.0,41904000.0,71946000.0,137864000.0,19816000.0,32437000.0,53157000.0,114933000.0,1155000.0,7042000.0,18501000.0,71474000.0,-8416000.0,19198000.0,28607000.0,20482000.0,2217000.0,7113000.0,-15920000.0,38263000.0,-184284000.0,-603829000.0,-662949000.0,-19953000.0,-178774000.0,-1104964000.0,-1108082000.0,-811389000.0,8006000.0,-30047000.0,-63881000.0,-1322465000.0,-213887000.0,-428933000.0,-907611000.0
IncomeLossFromContinuingOperationsBeforeIncomeTaxesForeign / USD,,,36438000.0,,,,36885000.0,,,,28690000.0,,,,31620000.0,,,,22909000.0,,,,16440000.0,,,,69309000.0,,,,62131000.0,,,,52660000.0,,,,38777000.0,,,,28319000.0,,,,33297000.0,,,,43221000.0,,,,39765000.0,,,
IncomeTaxExpenseBenefit / USD,8520000.0,9341000.0,25293000.0,-605000.0,-294000.0,680000.0,11168000.0,454000.0,4050000.0,6147000.0,3393000.0,-1701000.0,-2293000.0,-10946000.0,9734000.0,-2935000.0,-5766000.0,-6934000.0,-9799000.0,6937000.0,16318000.0,24038000.0,6016000.0,4259000.0,8748000.0,12162000.0,31933000.0,4259000.0,6927000.0,9463000.0,22694000.0,-518000.0,541000.0,-699000.0,53279000.0,-510000.0,6710000.0,6419000.0,-2019000.0,1560000.0,3069000.0,-5735000.0,3908000.0,-74264000.0,-194462000.0,-217446000.0,-12429000.0,-48023000.0,88085000.0,112046000.0,-275909000.0,-453187000.0,-513483000.0,-403876000.0,147332000.0,-160769000.0,-273256000.0,-411760000.0
IncomeTaxesPaidNet / USD,,,9689000.0,,,,9425000.0,,,,1940000.0,,,,6463000.0,,,,12941000.0,,,,5529000.0,,,,13346000.0,,,,24332000.0,,,,29279000.0,,,,13214000.0,,,,5911000.0,,,,6803000.0,,,,7010000.0,,,,21973000.0,,,
IncreaseDecreaseInAccountsPayableAndAccruedLiabilities / USD,-2564000.0,1462000.0,1076000.0,-1637000.0,-2106000.0,-762000.0,4651000.0,1558000.0,-5701000.0,2422000.0,5022000.0,-354000.0,-2122000.0,-8008000.0,3763000.0,-1879000.0,-5191000.0,-2757000.0,-4786000.0,-6161000.0,-8624000.0,-4933000.0,-1701000.0,-3093000.0,-4387000.0,-4668000.0,1904000.0,-16295000.0,-15472000.0,-14468000.0,6981000.0,-6016000.0,-7775000.0,-5816000.0,-9093000.0,-3108000.0,-8396000.0,-11618000.0,3378000.0,-154000.0,-1823000.0,902000.0,-7321000.0,-4632000.0,-8940000.0,-10788000.0,9174000.0,-2041000.0,-10216000.0,-8880000.0,3749000.0,4230000.0,-9400000.0,-8005000.0,-3521000.0,-2005000.0,-8164000.0,-8318000.0
IncreaseDecreaseInAccountsReceivable / USD,402000.0,4180000.0,9264000.0,-18802000.0,-13149000.0,-4389000.0,30134000.0,-17411000.0,-12131000.0,-15131000.0,14326000.0,-17394000.0,-12706000.0,-24403000.0,-526000.0,-16563000.0,-26443000.0,-23488000.0,-676000.0,-16164000.0,-19658000.0,-19511000.0,276000.0,-11915000.0,-12876000.0,-8983000.0,-5003000.0,-9584000.0,-16033000.0,-18804000.0,16878000.0,-422000.0,-5044000.0,-9300000.0,-15348000.0,-10266000.0,-5985000.0,-11781000.0,8357000.0,-14406000.0,-21022000.0,-6439000.0,3672000.0,-6774000.0,-11197000.0,-10634000.0,774000.0,-8183000.0,-9281000.0,-5586000.0,-2618000.0,-10241000.0,-17737000.0,-6627000.0,5292000.0,-12190000.0,-20075000.0,-27636000.0
IncreaseDecreaseInContractWithCustomerLiability / USD,,,,,,,,,,,,,,,,,,,,,,,,,,,,,,,9691000.0,19570000.0,10502000.0,-4032000.0,-589000.0,38502000.0,33489000.0,23612000.0,-22126000.0,22001000.0,347000.0,-12385000.0,20836000.0,47606000.0,37825000.0,24385000.0,-20223000.0,48895000.0,36945000.0,25401000.0,14710000.0,33352000.0,26952000.0,9901000.0,14839000.0,41560000.0,24994000.0,3484000.0
IncreaseDecreaseInDepositOtherAssets / USD,882000.0,707000.0,-553000.0,-542000.0,-62000.0,316000.0,2353000.0,-234000.0,-214000.0,-539000.0,-95000.0,-25000.0,-134000.0,-503000.0,-175000.0,-387000.0,-406000.0,-412000.0,-794000.0,-190000.0,-292000.0,-1562000.0,-909000.0,-4000.0,2070000.0,3905000.0,-1631000.0,-98000.0,275000.0,1288000.0,4056000.0,-228000.0,344000.0,956000.0,-3029000.0,134000.0,-96000.0,-349000.0,1201000.0,-84000.0,-195000.0,175000.0,-761000.0,62000.0,1071000.0,594000.0,-416000.0,5801000.0,6578000.0,8314000.0,1713000.0,6000.0,-1189000.0,321000.0,7455000.0,5339000.0,8163000.0,6748000.0
IncreaseDecreaseInEmployeeRelatedLiabilities / USD,-5439000.0,1243000.0,2041000.0,-17707000.0,-9799000.0,-5261000.0,14178000.0,-17486000.0,-11721000.0,-6402000.0,9716000.0,-19466000.0,-12515000.0,-6908000.0,4578000.0,-27260000.0,-21897000.0,-19380000.0,8176000.0,-12951000.0,-6225000.0,-10275000.0,-26875000.0,-4083000.0,-148000.0,717000.0,-8387000.0,-11296000.0,-10712000.0,-10437000.0,579000.0,-8085000.0,-3015000.0,-3901000.0,-6209000.0,-12195000.0,-8082000.0,-7368000.0,5116000.0,-13031000.0,-8708000.0,-7221000.0,-2658000.0,-3810000.0,1368000.0,-1698000.0,-6827000.0,-12735000.0,-9802000.0,-13105000.0,2374000.0,-16327000.0,-15559000.0,-15186000.0,-12344000.0,-13279000.0,-18059000.0,-26383000.0
IncreaseDecreaseInInterestPayableNet / USD,,,,,,,,,,,,,,,,,,,,,,,,,,,,,,,,,,,,,,,,,,,0.0,1219000.0,1307000.0,10182000.0,271000.0,9051000.0,776000.0,9901000.0,1222000.0,7539000.0,-1336000.0,7539000.0,1336000.0,9385000.0,3641000.0,4444000.0
IncreaseDecreaseInOtherNoncurrentLiabilities / USD,6724000.0,10799000.0,3319000.0,2644000.0,5856000.0,5065000.0,25312000.0,-2212000.0,-811000.0,-1427000.0,7746000.0,-1564000.0,-2154000.0,-2606000.0,-2000000.0,-840000.0,2055000.0,603000.0,-2928000.0,-1009000.0,-1770000.0,-2415000.0,70000.0,-686000.0,-1458000.0,-2288000.0,-3024000.0,-833000.0,-1647000.0,-1904000.0,-3065000.0,9164000.0,4780000.0,1527000.0,33917000.0,320000.0,-509000.0,-674000.0,5749000.0,934000.0,86000.0,1625000.0,-851000.0,90000.0,-253000.0,-813000.0,4007000.0,-25000.0,32000.0,150000.0,-1622000.0,-57000.0,-228000.0,203000.0,-8196000.0,-7622000.0,-5057000.0,-4637000.0
IncreaseDecreaseInPrepaidDeferredExpenseAndOtherAssets / USD,5727000.0,2615000.0,1168000.0,-3273000.0,-5043000.0,-4960000.0,13159000.0,-1020000.0,4043000.0,2107000.0,-7232000.0,-419000.0,-1714000.0,-88000.0,-305000.0,-106000.0,3990000.0,5197000.0,565000.0,-377000.0,-1372000.0,-3377000.0,2713000.0,3551000.0,3455000.0,657000.0,-4446000.0,270000.0,992000.0,5042000.0,741000.0,3783000.0,-453000.0,1075000.0,4739000.0,3070000.0,-7089000.0,-4513000.0,6561000.0,3295000.0,493000.0,-391000.0,-6415000.0,2919000.0,4080000.0,1693000.0,-2346000.0,2838000.0,7077000.0,7837000.0,25000.0,-423000.0,-4861000.0,99000.0,6342000.0,6260000.0,-7914000.0,-4868000.0
IndefiniteLivedIntangibleAssetsExcludingGoodwill / USD,,,,,,,,,,,,,,,,,,,,,,,,,,,,,,,,,,,,,,0.0,0.0,1054302000.0,1054302000.0,1054302000.0,1054302000.0,2850210000.0,2850210000.0,2850210000.0,2850210000.0,1840028000.0,1840028000.0,1840028000.0,1840028000.0,3626476000.0,3626476000.0,3626476000.0,3626476000.0,23909373000.0,23909373000.0,23909373000.0
InterestIncomeExpenseNonoperatingNet / USD,,,,,,,,,,,,61000.0,383000.0,463000.0,143000.0,48000.0,80000.0,133000.0,497000.0,2000.0,13000.0,129000.0,162000.0,403000.0,942000.0,1449000.0,284000.0,837000.0,2000000.0,3449000.0,2203000.0,2034000.0,5257000.0,8698000.0,5205000.0,2566000.0,5579000.0,8520000.0,11855000.0,1855000.0,2418000.0,2627000.0,10909000.0,-2396000.0,-6797000.0,-17520000.0,710000.0,-11039000.0,-24226000.0,-38299000.0,-29149000.0,-14930000.0,-26025000.0,-37031000.0,-53136000.0,-11881000.0,-27347000.0,-45476000.0
InterestPaidNet / USD,,,,,,,,,,,,,,,,,,,,,,,,,,,,,,,2000.0,,,,,,,,,,,,11000.0,,,,178000.0,,,,20416000.0,,,,43448000.0,,,
InterestPayableCurrent / USD,,,,,,,,,,,,,,,,,,,,,,,,,,,,,,,,,,,,,,,,,,,271000.0,1493000.0,1493000.0,1493000.0,1493000.0,2829000.0,2829000.0,2829000.0,2829000.0,1493000.0,1493000.0,1493000.0,1493000.0,5549000.0,5549000.0,5549000.0
LeaseCost / USD,,,,,,,,,,,,,,,,,,,,,,,,,,,,,,,,4894000.0,9417000.0,13890000.0,18210000.0,,,,18210000.0,,,,18210000.0,,,,14312000.0,,,,15304000.0,,,,14104000.0,,,
LesseeOperatingLeaseLiabilityPaymentsDue / USD,,,,,,,,,,,,,,,,,,,,,,,,,,,,,,,,158165000.0,159384000.0,154733000.0,151582000.0,,,,123777000.0,,,,109369000.0,,,,96108000.0,,,,86088000.0,,,,78617000.0,,,
LesseeOperatingLeaseLiabilityPaymentsDueAfterRollingYearFive / USD,,,,,,,,,,,,,,,,,,,,,,,,,,,,,,,,83327000.0,82518000.0,79072000.0,75872000.0,,,,55643000.0,,,,43920000.0,,,,31750000.0,,,,19352000.0,,,,9548000.0,,,
LesseeOperatingLeaseLiabilityPaymentsDueInRollingYearFive / USD,,,,,,,,,,,,,,,,,,,,,,,,,,,,,,,,14089000.0,14104000.0,13550000.0,13487000.0,,,,11649000.0,,,,12330000.0,,,,12116000.0,,,,12590000.0,,,,12943000.0,,,
LesseeOperatingLeaseLiabilityPaymentsDueInRollingYearFour / USD,,,,,,,,,,,,,,,,,,,,,,,,,,,,,,,,14717000.0,15482000.0,15416000.0,15235000.0,,,,12051000.0,,,,12202000.0,,,,12569000.0,,,,12865000.0,,,,13667000.0,,,
LesseeOperatingLeaseLiabilityPaymentsDueInRollingYearThree / USD,,,,,,,,,,,,,,,,,,,,,,,,,,,,,,,,14909000.0,15288000.0,15141000.0,15216000.0,,,,13937000.0,,,,12581000.0,,,,12429000.0,,,,13509000.0,,,,13826000.0,,,
LesseeOperatingLeaseLiabilityPaymentsDueInRollingYearTwo / USD,,,,,,,,,,,,,,,,,,,,,,,,,,,,,,,,15439000.0,16039000.0,15699000.0,15722000.0,,,,14311000.0,,,,14213000.0,,,,12798000.0,,,,13357000.0,,,,14596000.0,,,
LesseeOperatingLeaseLiabilityPaymentsDueNextRollingTwelveMonths / USD,,,,,,,,,,,,,,,,,,,,,,,,,,,,,,,,15684000.0,15953000.0,15855000.0,16050000.0,,,,16186000.0,,,,14123000.0,,,,14446000.0,,,,14415000.0,,,,14037000.0,,,
LesseeOperatingLeaseLiabilityUndiscountedExcessAmount / USD,,,,,,,,,,,,,,,,,,,,,,,,,,,,,,,,42402000.0,41937000.0,40130000.0,38556000.0,,,,28636000.0,,,,23550000.0,,,,18712000.0,,,,14539000.0,,,,11830000.0,,,
Liabilities / USD,232394000.0,232394000.0,232394000.0,284873000.0,284873000.0,284873000.0,284873000.0,277627000.0,277627000.0,277627000.0,277627000.0,275188000.0,275188000.0,275188000.0,275188000.0,234326000.0,234326000.0,234326000.0,234326000.0,201613000.0,201613000.0,201613000.0,201613000.0,216142000.0,216142000.0,216142000.0,216142000.0,327493000.0,327493000.0,327493000.0,327493000.0,326037000.0,326037000.0,326037000.0,326037000.0,408012000.0,408012000.0,408012000.0,408012000.0,912567000.0,912567000.0,912567000.0,912567000.0,2578166000.0,2578166000.0,2578166000.0,2578166000.0,2793392000.0,2793392000.0,2793392000.0,2793392000.0,2597556000.0,2597556000.0,2597556000.0,2597556000.0,7613701000.0,7613701000.0,7613701000.0
LiabilitiesAndStockholdersEquity / USD,381566000.0,381566000.0,381566000.0,453851000.0,453851000.0,453851000.0,453851000.0,477938000.0,477938000.0,477938000.0,477938000.0,585514000.0,585514000.0,585514000.0,585514000.0,558797000.0,558797000.0,558797000.0,558797000.0,656894000.0,656894000.0,656894000.0,656894000.0,768319000.0,768319000.0,768319000.0,768319000.0,933219000.0,933219000.0,933219000.0,933219000.0,855768000.0,855768000.0,855768000.0,855768000.0,916571000.0,916571000.0,916571000.0,916571000.0,1465612000.0,1465612000.0,1465612000.0,1465612000.0,3557124000.0,3557124000.0,3557124000.0,3557124000.0,2410272000.0,2410272000.0,2410272000.0,2410272000.0,4762528000.0,4762528000.0,4762528000.0,4762528000.0,25843685000.0,25843685000.0,25843685000.0
LiabilitiesCurrent / USD,186570000.0,186570000.0,186570000.0,218393000.0,218393000.0,218393000.0,218393000.0,219155000.0,219155000.0,219155000.0,219155000.0,233519000.0,233519000.0,233519000.0,233519000.0,197300000.0,197300000.0,197300000.0,197300000.0,172658000.0,172658000.0,172658000.0,172658000.0,185486000.0,185486000.0,185486000.0,185486000.0,270943000.0,270943000.0,270943000.0,270943000.0,258269000.0,258269000.0,258269000.0,258269000.0,269818000.0,269818000.0,269818000.0,269818000.0,285618000.0,285618000.0,285618000.0,285618000.0,311985000.0,311985000.0,311985000.0,311985000.0,317403000.0,317403000.0,317403000.0,317403000.0,323273000.0,323273000.0,323273000.0,323273000.0,355384000.0,355384000.0,355384000.0
LiabilityForUncertainTaxPositionsNoncurrent / USD,,,,,,,,,,,,,,,2479000.0,,,,3580000.0,,,,3536000.0,3600000.0,3600000.0,4300000.0,4014000.0,4100000.0,4100000.0,4500000.0,4764000.0,5000000.0,5100000.0,3800000.0,1726000.0,2600000.0,2700000.0,2700000.0,4588000.0,4600000.0,4700000.0,4300000.0,6200000.0,6200000.0,6200000.0,6200000.0,6100000.0,,,,8300000.0,8200000.0,8300000.0,8700000.0,10200000.0,10200000.0,10200000.0,10200000.0
LongTermDebt / USD,,,,,,,,,,,,,,,,,,,,,,,,,,,,,,,,,,,,,,,,1724443000.0,2150927000.0,2153034000.0,2155151000.0,2155151000.0,2155151000.0,2155151000.0,2155151000.0,2378560000.0,2378560000.0,2378560000.0,2378560000.0,2182108000.0,2182591000.0,2182591000.0,2182591000.0,7191675000.0,7191675000.0,7191675000.0
LongTermDebtCurrent / USD,,,,,,,,,,,,,,,,,,,,,,,,,,,,,,,,,,,,,,,,,,,,,,,0.0,454000.0,454000.0,454000.0,454000.0,483000.0,483000.0,483000.0,483000.0,517000.0,517000.0,517000.0
LongTermDebtMaturitiesRepaymentsOfPrincipalAfterYearFive / USD,,,,,,,,,,,,,,,,,,,,,,,,,,,,,,,,,,,,,,,,1050000000.0,1611250000.0,,1050000000.0,0.0,0.0,0.0,0.0,0.0,0.0,0.0,0.0,0.0,0.0,0.0,0.0,0.0,0.0,0.0
LongTermDebtMaturitiesRepaymentsOfPrincipalInNextTwelveMonths / USD,,,,,,,,,,,,,,,,,,,,,,,,,,,,,,,,,,,,,,,,4740000.0,35585000.0,,0.0,0.0,499000.0,506000.0,513000.0,518000.0,525000.0,532000.0,539000.0,547000.0,146189000.0,562000.0,569000.0,577000.0,585000.0,592000.0
LongTermDebtMaturitiesRepaymentsOfPrincipalInYearFive / USD,,,,,,,,,,,,,,,,,,,,,,,,,,,,,,,,,,,,,,,,655078000.0,683076000.0,,0.0,1050000000.0,1058937000.0,1058787000.0,1058633000.0,8477000.0,0.0,0.0,0.0,1403750000.0,2203750000.0,800000000.0,800000000.0,800000000.0,0.0,0.0
LongTermDebtMaturitiesRepaymentsOfPrincipalInYearFour / USD,,,,,,,,,,,,,,,,,,,,,,,,,,,,,,,,,,,,,,,,4875000.0,35500000.0,,1150000000.0,1150000000.0,1150584000.0,650592000.0,600000.0,1050608000.0,1058937000.0,1058787000.0,1058633000.0,8477000.0,0.0,1403750000.0,4403750000.0,4403750000.0,2203661000.0,800000000.0
LongTermDebtMaturitiesRepaymentsOfPrincipalInYearThree / USD,,,,,,,,,,,,,,,,,,,,,,,,,,,,,,,,,,,,,,,,4875000.0,35500000.0,,0.0,205000000.0,205555000.0,705562000.0,1355569000.0,1150577000.0,1150584000.0,650592000.0,600000.0,1050608000.0,1558937000.0,2068787000.0,2068634000.0,3018477000.0,6010000000.0,6403661000.0
LongTermDebtMaturitiesRepaymentsOfPrincipalInYearTwo / USD,,,,,,,,,,,,,,,,,,,,,,,,,,,,,,,,,,,,,,,,4875000.0,35500000.0,,0.0,0.0,525000.0,532000.0,539000.0,547000.0,555000.0,500562000.0,1150570000.0,1150577000.0,584000.0,592000.0,600000.0,608000.0,25006000.0,1039870000.0
LongTermDebtNoncurrent / USD,,,,,,,,,,,,,,,,,,,,,,,,,,,,,,,,,,,,,,,,,486366000.0,486366000.0,486366000.0,2155151000.0,2155151000.0,2155151000.0,2155151000.0,2378560000.0,2378560000.0,2378560000.0,2378560000.0,2182108000.0,2182108000.0,2182108000.0,2182108000.0,7191158000.0,7191158000.0,7191158000.0
LossContingencyAccrualCarryingValueCurrent / USD,,,,,,,,,,,,,,,,,,,,,,,,,,,,,,,,,,,,,,,,,,,,,,,,,1000000.0,,,,,1200000.0,1200000.0,,,
LossContingencyAccrualCarryingValuePeriodIncreaseDecrease / USD,,,,,,,,,,,,,,,,,,,,,,,,,,,,,,,,,,,,,,,,,,,,,,,,,,,,,,,300000.0,,,
LossContingencyAccrualPayments / USD,,,,,,,,,,,,,,,,,,,,,,,,,,,,,,,,,,,,,,,,,,,,,,,,,,,,,,1100000.0,1100000.0,,,
NetCashProvidedByUsedInFinancingActivities / USD,-41551000.0,-81263000.0,2063000.0,3342000.0,3408000.0,5998000.0,-107098000.0,980000.0,2947000.0,8701000.0,2463000.0,23775000.0,23597000.0,21884000.0,9759000.0,,,,21637000.0,1771000.0,,,,,,,,,1665000.0,1660000.0,-1004000.0,-7000.0,2462000.0,2462000.0,1656000.0,-46737000.0,-46408000.0,-42802000.0,-108515000.0,-50407000.0,-59973000.0,-118864000.0,-66150000.0,1049258000.0,1538087000.0,1946169000.0,563233000.0,207291000.0,218487000.0,220051000.0,2541685000.0,187622000.0,525911000.0,676025000.0,265188000.0,1648400000.0,2451831000.0,4046067000.0
NetCashProvidedByUsedInInvestingActivities / USD,-6269000.0,-13754000.0,2638000.0,-4500000.0,-18730000.0,-26150000.0,-17427000.0,-11666000.0,-25744000.0,-32879000.0,-36182000.0,94012000.0,-40648000.0,-96509000.0,-35833000.0,,,,-54930000.0,-35124000.0,,,,,,,,,-66209000.0,-73028000.0,4344000.0,-288914000.0,-353340000.0,-330005000.0,-69730000.0,170293000.0,148923000.0,259488000.0,-209064000.0,-589000.0,-1090000.0,-316204000.0,353687000.0,-1086822000.0,-1616948000.0,-2037353000.0,-1018693000.0,-216141000.0,-227019000.0,-233329000.0,-2629235000.0,-179774000.0,-527416000.0,-690550000.0,-278590000.0,-1640854000.0,-2435405000.0,-4010904000.0
NetCashProvidedByUsedInOperatingActivities / USD,31382000.0,55938000.0,96443000.0,28208000.0,31466000.0,32376000.0,75825000.0,20774000.0,19849000.0,41187000.0,60814000.0,-10159000.0,-16614000.0,14589000.0,49884000.0,,,,29934000.0,55846000.0,,,,,,,,,37113000.0,49283000.0,110589000.0,18717000.0,23327000.0,23248000.0,78322000.0,26456000.0,49202000.0,52323000.0,10627000.0,29069000.0,26521000.0,28297000.0,60867000.0,62703000.0,76675000.0,90586000.0,53619000.0,43682000.0,22863000.0,21409000.0,93833000.0,37397000.0,18925000.0,11528000.0,3211000.0,28587000.0,5258000.0,-35708000.0
NetIncomeLoss / USD,18519000.0,25870000.0,74837000.0,1134000.0,4019000.0,8940000.0,43792000.0,272000.0,7543000.0,12306000.0,17940000.0,51591000.0,50038000.0,67184000.0,20546000.0,-6482000.0,-16819000.0,-17664000.0,83332000.0,20460000.0,42927000.0,66820000.0,5035000.0,14272000.0,33156000.0,59784000.0,105931000.0,15557000.0,25510000.0,43694000.0,92239000.0,1673000.0,1673000.0,1673000.0,18195000.0,-7906000.0,-7906000.0,-7906000.0,22501000.0,657000.0,657000.0,657000.0,34355000.0,-110020000.0,-110020000.0,-110020000.0,-7524000.0,-130751000.0,-130751000.0,-130751000.0,-535480000.0,461193000.0,461193000.0,461193000.0,-1469797000.0,-53118000.0,-53118000.0,-53118000.0
NetIncomeLossAttributableToParentDiluted / USD,,,,,,,,,,,,,,,,,,,,,,,,,,,,,,,,,,,,,,,,,,,,,,,,-130751000.0,-1193049000.0,-1220128000.0,-535480000.0,463327000.0,487719000.0,346415000.0,-1469797000.0,-53118000.0,-155677000.0,-495851000.0
NetIncomeLossAvailableToCommonStockholdersBasic / USD,,,,,,,,,,,,,,,,,,,,,,,,,,,,,,,,,,,,,,,,,,,,,,,,-130751000.0,-1193049000.0,-1220128000.0,-535480000.0,461193000.0,483436000.0,339995000.0,-1469797000.0,-53118000.0,-155677000.0,-495851000.0
NoncurrentAssets / USD,,,71620000.0,80824000.0,95430000.0,102492000.0,,,112625000.0,114186000.0,112231000.0,110646000.0,109678000.0,107943000.0,102362000.0,96914000.0,97681000.0,94651000.0,95272000.0,83591000.0,83591000.0,83591000.0,83591000.0,71628000.0,71628000.0,71628000.0,71628000.0,63269000.0,63269000.0,63269000.0,63269000.0,60053000.0,60053000.0,146442000.0,60053000.0,143716000.0,143716000.0,143716000.0,143716000.0,1186489000.0,1186489000.0,1186489000.0,1186489000.0,103347000.0,103347000.0,103347000.0,103347000.0,93610000.0,93610000.0,93610000.0,93610000.0,86284000.0,86284000.0,86284000.0,86284000.0,80887000.0,80887000.0,80887000.0
NumberOfOperatingSegments / Segment,,,,,2.0,2.0,,1.0,1.0,1.0,1.0,1.0,1.0,,1.0,1.0,1.0,1.0,1.0,1.0,1.0,1.0,1.0,1.0,1.0,1.0,1.0,1.0,1.0,1.0,1.0,1.0,1.0,1.0,1.0,1.0,1.0,1.0,1.0,1.0,1.0,1.0,1.0,1.0,1.0,1.0,1.0,1.0,1.0,1.0,1.0,1.0,1.0,1.0,1.0,1.0,1.0,1.0
NumberOfReportableSegments / Segment,,,,,,,,,,,,,,1.0,,,,,,,,,,,,,,,,,,,,,,,,,,,,,,,,,,,,,,,,,,1.0,1.0,1.0
OciEquityMethodInvestmentAfterTax / USD,,,,,,,,,,,,,,,,,,,,,,,,,,,,,,,,,,,,,,,,,,,,,,,,,,,,,,,,,-1097000.0,-1097000.0
OperatingExpenses / USD,133025000.0,210518000.0,224881000.0,87790000.0,187925000.0,291428000.0,297897000.0,100980000.0,191757000.0,285688000.0,385604000.0,102943000.0,206450000.0,303490000.0,391549000.0,113242000.0,232208000.0,355451000.0,417879000.0,74128000.0,146404000.0,220525000.0,439516000.0,76396000.0,154358000.0,231311000.0,294739000.0,78265000.0,159034000.0,239481000.0,310930000.0,97067000.0,194426000.0,285969000.0,333972000.0,99579000.0,196796000.0,288088000.0,394158000.0,86951000.0,167218000.0,293161000.0,387355000.0,283505000.0,800065000.0,955401000.0,403305000.0,263560000.0,1278552000.0,1372469000.0,1203380000.0,114281000.0,234268000.0,362316000.0,1672017000.0,288933000.0,569714000.0,1084018000.0
OperatingIncomeLoss / USD,21929000.0,31726000.0,86304000.0,1078000.0,4551000.0,6088000.0,50589000.0,1624000.0,12111000.0,19413000.0,20866000.0,-8661000.0,-10709000.0,917000.0,33099000.0,-8347000.0,-21073000.0,-28067000.0,19440000.0,22645000.0,57397000.0,88128000.0,5104000.0,19796000.0,40875000.0,70883000.0,134022000.0,20835000.0,34911000.0,56085000.0,109512000.0,715000.0,-1082000.0,6138000.0,73222000.0,-10386000.0,-15216000.0,-10630000.0,3981000.0,-72000.0,6256000.0,-14015000.0,-1002000.0,-183152000.0,-597399000.0,-647060000.0,-13625000.0,-169960000.0,-1088083000.0,-1082025000.0,-784527000.0,-20307000.0,-47015000.0,-72262000.0,-1275742000.0,-203702000.0,-403976000.0,-836558000.0
OperatingLeaseCost / USD,,,,,,,,,,,,,,,,,,,,,,,,,,,,,,,,3769000.0,7607000.0,11311000.0,15020000.0,,,,15020000.0,,,,15020000.0,,,,11772000.0,,,,13522000.0,,,,13008000.0,,,
OperatingLeaseLiability / USD,,,,,,,,,,,,,,,,,,,,,,,,,,,,,,,,115763000.0,117447000.0,114603000.0,113026000.0,,,,95141000.0,,,,85819000.0,,,,85800000.0,,,,77400000.0,,,,71500000.0,,,
OperatingLeaseLiabilityCurrent / USD,,,,,,,,,,,,,,,,,,,,,,,,,,,,,,,,9102000.0,9264000.0,9312000.0,9602000.0,,,,10813000.0,,,,9211000.0,,,,10052000.0,,,,10463000.0,,,,10384000.0,,,
OperatingLeaseLiabilityNoncurrent / USD,,,,,,,,,,,,,,,,,,,,,,,,,,,,,,,,0.0,0.0,0.0,0.0,103424000.0,103424000.0,103424000.0,103424000.0,84328000.0,84328000.0,84328000.0,84328000.0,76608000.0,76608000.0,76608000.0,76608000.0,67344000.0,67344000.0,67344000.0,67344000.0,61086000.0,61086000.0,61086000.0,61086000.0,56403000.0,56403000.0,56403000.0
OperatingLeasePayments / USD,,,,,,,,,,,,,,,,,,,,,,,,,,,,,,,,3861000.0,7889000.0,11743000.0,15614000.0,,,,15614000.0,,,,15614000.0,,,,17497000.0,,,,15772000.0,,,,14224000.0,,,
OperatingLeaseRightOfUseAsset / USD,,,,,,,,,,,,,,,,,,,,,,,,,,,,,,,,0.0,0.0,0.0,0.0,85538000.0,85538000.0,85538000.0,85538000.0,73597000.0,73597000.0,73597000.0,73597000.0,66760000.0,66760000.0,66760000.0,66760000.0,61299000.0,61299000.0,61299000.0,61299000.0,57343000.0,57343000.0,57343000.0,57343000.0,54560000.0,54560000.0,54560000.0
OperatingLeaseRightOfUseAssetAmortizationExpense / USD,,,,,,,,,,,,,,,,,,,,,,,,,,,,,,,,,,,,,,,,,,,,2086000.0,4204000.0,6190000.0,8210000.0,1994000.0,3990000.0,6020000.0,8189000.0,2124000.0,4320000.0,6438000.0,8072000.0,2110000.0,4126000.0,6228000.0
OperatingLeaseWeightedAverageDiscountRatePercent / pure,,,,,,,,,,,,,,,,,,,,,,,,,,,,,,,,0.06,0.06,0.06,0.06,,,,0.06,,,,0.06,,,,0.061,,,,0.061,,,,0.061,,,
OtherComprehensiveIncomeForeignCurrencyTransactionAndTranslationGainLossArisingDuringPeriodNetOfTax / USD,,,,,,,,,,,,,,,,,,-2186000.0,684000.0,,,-1649000.0,-3585000.0,669000.0,-836000.0,-567000.0,-3018000.0,1048000.0,3305000.0,4425000.0,-3533000.0,1440000.0,-2452000.0,-3059000.0,5300000.0,-162000.0,260000.0,-1922000.0,-4128000.0,-1171000.0,286000.0,2898000.0,-11000.0,-1836000.0,-1439000.0,-2896000.0,5913000.0,-2009000.0,-6122000.0,-10636000.0,-3658000.0,738000.0,651000.0,-1554000.0,-6258000.0,-1725000.0,-2106000.0,1864000.0
OtherComprehensiveIncomeLossForeignCurrencyTranslationAdjustmentTax / USD,,,,,,,,,,,,,,,,,,,0.0,,,,0.0,,,,0.0,,,,0.0,,,,0.0,,,,0.0,,,,0.0,,,,0.0,,,,0.0,,,,0.0,,,
OtherComprehensiveIncomeLossNetOfTax / USD,,,,,-102000.0,-229000.0,-2059000.0,307000.0,-229000.0,177000.0,-597000.0,-987000.0,-815000.0,221000.0,537000.0,212000.0,-64000.0,-2163000.0,684000.0,-2144000.0,-1066000.0,-1404000.0,-3532000.0,662000.0,-830000.0,-551000.0,-2765000.0,1018000.0,3275000.0,4395000.0,-3521000.0,1440000.0,1440000.0,1440000.0,5270000.0,253000.0,253000.0,253000.0,-4558000.0,-547000.0,-547000.0,-547000.0,566000.0,-1836000.0,-1836000.0,-1836000.0,5766000.0,-2009000.0,-2009000.0,-2009000.0,-3658000.0,738000.0,738000.0,738000.0,-6258000.0,-1725000.0,-1725000.0,-1725000.0
OtherLiabilitiesNoncurrent / USD,37946000.0,37946000.0,37946000.0,45141000.0,45141000.0,45141000.0,45141000.0,43418000.0,43418000.0,43418000.0,43418000.0,25511000.0,25511000.0,25511000.0,25511000.0,22679000.0,22679000.0,22679000.0,22679000.0,19943000.0,19943000.0,19943000.0,19943000.0,16447000.0,16447000.0,16447000.0,16447000.0,50146000.0,50146000.0,50146000.0,50146000.0,61262000.0,61262000.0,61262000.0,61262000.0,30400000.0,30400000.0,30400000.0,30400000.0,33382000.0,33382000.0,33382000.0,33382000.0,26224000.0,26224000.0,26224000.0,26224000.0,17124000.0,17124000.0,17124000.0,17124000.0,22208000.0,22208000.0,22208000.0,22208000.0,5379000.0,5379000.0,5379000.0
OtherNonoperatingIncomeExpense / USD,,3176000.0,-1459000.0,-631000.0,-947000.0,22000.0,3982000.0,-124000.0,876000.0,764000.0,764000.0,1708000.0,1289000.0,-1924000.0,-1035000.0,-1118000.0,-1592000.0,3336000.0,-3186000.0,4750000.0,1835000.0,2601000.0,5785000.0,-1668000.0,87000.0,-386000.0,3558000.0,-1856000.0,-4474000.0,-6377000.0,3218000.0,-1594000.0,2867000.0,3665000.0,-6953000.0,-596000.0,28835000.0,30717000.0,4646000.0,434000.0,-1561000.0,-4532000.0,28356000.0,1264000.0,367000.0,1631000.0,-7038000.0,2225000.0,7345000.0,12242000.0,2287000.0,-1443000.0,-1693000.0,726000.0,6413000.0,1696000.0,2390000.0,-2644000.0
PaymentsOfDividendsPreferredStockAndPreferenceStock / USD,,,,,,,,,,,,,,,,,,,,,,,,,,,,,,,,,,,,,,,,,,,,,,,,,,,,,,,,0.0,0.0,0.0
PaymentsOfStockIssuanceCosts / USD,,,,,,,,,,,,,,,,,,,,,,,,,,,,,,,,,,,,,,,,,,,,,,4501000.0,0.0,0.0,0.0,0.0,9537000.0,2045000.0,3628000.0,4286000.0,358000.0,613000.0,613000.0,4185000.0
PaymentsRelatedToTaxWithholdingForShareBasedCompensation / USD,,,,,,,,,,,,,,,,,,,,0.0,0.0,0.0,0.0,3739000.0,3739000.0,3739000.0,0.0,,,,3739000.0,,,,,,,,,,,,0.0,0.0,0.0,0.0,0.0,495000.0,541000.0,1105000.0,4695000.0,497000.0,726000.0,1391000.0,2082000.0,1243000.0,2173000.0,2173000.0
PaymentsToAcquireIntangibleAssets / USD,,,,,,,,,,,,,,,,,,,,,,,,,,,,,,,,,,,,,,0.0,0.0,0.0,0.0,425000000.0,0.0,1086375000.0,1615606000.0,2035471000.0,1125000000.0,215500000.0,225500000.0,231478000.0,2626529000.0,179275000.0,526278000.0,687959000.0,287921000.0,1639309000.0,2433137000.0,4008210000.0
PaymentsToAcquirePropertyPlantAndEquipment / USD,4307000.0,11817000.0,18265000.0,4326000.0,18806000.0,29128000.0,16289000.0,12887000.0,23266000.0,26884000.0,36691000.0,5497000.0,8921000.0,10019000.0,29621000.0,1676000.0,4184000.0,11856000.0,11043000.0,1535000.0,3254000.0,3352000.0,12400000.0,193000.0,935000.0,1560000.0,3484000.0,820000.0,1467000.0,2282000.0,2337000.0,1294000.0,2644000.0,4457000.0,3982000.0,6011000.0,8432000.0,9382000.0,6846000.0,661000.0,1162000.0,1162000.0,10182000.0,447000.0,1342000.0,1882000.0,3651000.0,641000.0,1519000.0,1851000.0,2706000.0,499000.0,1138000.0,2591000.0,2486000.0,1545000.0,2268000.0,2694000.0
PreferredStockParOrStatedValuePerShare / USD/shares,0.001,0.001,0.001,0.001,0.001,0.001,0.001,0.001,0.001,0.001,0.001,0.001,0.001,0.001,0.001,0.001,0.001,0.001,0.001,0.001,0.001,0.001,0.001,0.001,0.001,0.001,0.001,0.001,0.001,0.001,0.001,0.001,0.001,0.001,0.001,0.001,0.001,0.001,0.001,0.001,0.001,0.001,0.001,0.001,0.001,0.001,0.001,0.001,0.001,0.001,0.001,0.001,0.001,0.001,0.001,0.001,0.001,0.001
PreferredStockSharesAuthorized / shares,5000000.0,5000000.0,5000000.0,5000000.0,5000000.0,5000000.0,5000000.0,5000000.0,5000000.0,5000000.0,5000000.0,5000000.0,5000000.0,5000000.0,5000000.0,5000000.0,5000000.0,5000000.0,5000000.0,5000000.0,5000000.0,5000000.0,5000000.0,5000000.0,5000000.0,5000000.0,5000000.0,5000000.0,5000000.0,5000000.0,5000000.0,5000000.0,5000000.0,5000000.0,5000000.0,5000000.0,5000000.0,5000000.0,5000000.0,5000000.0,5000000.0,5000000.0,5000000.0,5000000.0,5000000.0,5000000.0,5000000.0,5000000.0,5000000.0,5000000.0,5000000.0,5000000.0,5000000.0,5000000.0,5000000.0,5000000.0,5000000.0,5000000.0
PreferredStockSharesIssued / shares,0.0,0.0,0.0,0.0,,,,,,,,,0.0,0.0,0.0,0.0,0.0,0.0,0.0,0.0,0.0,0.0,0.0,0.0,0.0,0.0,0.0,0.0,0.0,0.0,0.0,0.0,0.0,0.0,0.0,0.0,0.0,0.0,0.0,0.0,0.0,0.0,0.0,0.0,0.0,0.0,0.0,0.0,0.0,0.0,0.0,0.0,0.0,0.0,0.0,0.0,0.0,0.0
PreferredStockSharesOutstanding / shares,0.0,0.0,0.0,0.0,,,,,,,,,0.0,0.0,0.0,0.0,0.0,0.0,0.0,0.0,0.0,0.0,0.0,0.0,0.0,0.0,0.0,0.0,0.0,0.0,0.0,0.0,0.0,0.0,0.0,0.0,0.0,0.0,0.0,0.0,0.0,0.0,0.0,0.0,0.0,0.0,0.0,0.0,0.0,0.0,0.0,0.0,0.0,0.0,0.0,0.0,0.0,0.0
PreferredStockValue / USD,0.0,0.0,0.0,0.0,0.0,0.0,0.0,0.0,0.0,0.0,0.0,0.0,0.0,0.0,0.0,0.0,0.0,0.0,0.0,0.0,0.0,0.0,0.0,0.0,0.0,0.0,0.0,0.0,0.0,0.0,0.0,0.0,0.0,0.0,0.0,0.0,0.0,0.0,0.0,0.0,0.0,0.0,0.0,0.0,0.0,0.0,0.0,0.0,0.0,0.0,0.0,0.0,0.0,0.0,0.0,0.0,0.0,0.0
PrepaidExpenseAndOtherAssetsCurrent / USD,26751000.0,26751000.0,26751000.0,17043000.0,17043000.0,17043000.0,17043000.0,12689000.0,12689000.0,12689000.0,12689000.0,14260000.0,14260000.0,14260000.0,14260000.0,17669000.0,17669000.0,17669000.0,17669000.0,10881000.0,10881000.0,10881000.0,10881000.0,11548000.0,11548000.0,11548000.0,11548000.0,19180000.0,19180000.0,19180000.0,19180000.0,30068000.0,30068000.0,30068000.0,30068000.0,23195000.0,23195000.0,23195000.0,23195000.0,14400000.0,14400000.0,14400000.0,14400000.0,14251000.0,14251000.0,14251000.0,14251000.0,24418000.0,24418000.0,24418000.0,24418000.0,35407000.0,35407000.0,35407000.0,35407000.0,31224000.0,31224000.0,31224000.0
ProceedsFromConvertibleDebt / USD,,,,,,,,,,,,,,,,,,,,,,,,,,,,,,,,,,,,,,,,,0.0,0.0,,1050000000.0,1050000000.0,1050000000.0,,,,,1050000000.0,0.0,0.0,0.0,0.0,1403750000.0,2203750000.0,3213750000.0
ProceedsFromIssuanceOfCommonStock / USD,,,,,,,,,,,,,,,,,,,,,,,,,,,,,,,,,,,,,,,,,,,,,,403970000.0,0.0,0.0,0.0,0.0,1000000000.0,341062000.0,676068000.0,823945000.0,46592000.0,137765000.0,137765000.0,1246478000.0
ProceedsFromIssuanceOfPreferredStockAndPreferenceStock / USD,,,,,,,,,,,,,,,,,,,,,,,,,,,,,,,,,,,,,,,,,,,,,,,,,,,,,,,,0.0,0.0,0.0
ProceedsFromIssuanceOfSecuredDebt / USD,,,,,,,,,,,,,,,,,,,,,,,,,,,,,,,,,,,,,,,,,0.0,0.0,0.0,0.0,500000000.0,500000000.0,0.0,,,,500000000.0,,,,,,0.0,0.0
ProceedsFromSaleOfIntangibleAssets / USD,,,,,,,,,,,,,,,,,,,,,,,,,,,,,,,,,,,,,,,,,,,,,,,0.0,,,,0.0,,,,11817000.0,,,
ProceedsFromStockOptionsExercised / USD,111000.0,240000.0,1216000.0,1490000.0,1554000.0,2207000.0,1154000.0,980000.0,2947000.0,8957000.0,2463000.0,339000.0,341000.0,341000.0,10250000.0,0.0,0.0,0.0,341000.0,1467000.0,5439000.0,5439000.0,856000.0,241000.0,1157000.0,1157000.0,9529000.0,1095000.0,1677000.0,1677000.0,1663000.0,0.0,2471000.0,2471000.0,1677000.0,1507000.0,1836000.0,5442000.0,2471000.0,340000.0,1902000.0,3616000.0,6569000.0,23854000.0,24098000.0,31380000.0,51082000.0,288000.0,711000.0,1332000.0,40651000.0,6750000.0,12104000.0,14217000.0,1393000.0,134874000.0,153349000.0,157541000.0
ProfitLoss / USD,,,,,,,,,,,,,,,,,,,,,,,,,,,,,25510000.0,43694000.0,92239000.0,1673000.0,6501000.0,19200000.0,18195000.0,-7906000.0,12488000.0,22188000.0,22501000.0,657000.0,4044000.0,-10185000.0,34355000.0,-110020000.0,-409367000.0,-445503000.0,-7524000.0,-130751000.0,-1193049000.0,-1220128000.0,-535480000.0,461193000.0,483436000.0,339995000.0,-1469797000.0,-53118000.0,-155677000.0,-495851000.0
PropertyPlantAndEquipmentGross / USD,,,104813000.0,,,,144057000.0,,,,157071000.0,,,,164786000.0,,,,170893000.0,,,,162914000.0,,,,157790000.0,,,,154739000.0,,,,155663000.0,,,,158901000.0,,,,161724000.0,,,,159217000.0,,,,157628000.0,,,,159405000.0,,,
PropertyPlantAndEquipmentNet / USD,65033000.0,65033000.0,65033000.0,95311000.0,95311000.0,95311000.0,95311000.0,96751000.0,96751000.0,96751000.0,96751000.0,85445000.0,85445000.0,85445000.0,85445000.0,77852000.0,77852000.0,77852000.0,77852000.0,65664000.0,65664000.0,65664000.0,65664000.0,57436000.0,57436000.0,57436000.0,57436000.0,53359000.0,53359000.0,53359000.0,53359000.0,51919000.0,51919000.0,51919000.0,51919000.0,50154000.0,50154000.0,50154000.0,50154000.0,42975000.0,42975000.0,42975000.0,42975000.0,36587000.0,36587000.0,36587000.0,36587000.0,32311000.0,32311000.0,32311000.0,32311000.0,28941000.0,28941000.0,28941000.0,28941000.0,26327000.0,26327000.0,26327000.0
ProvisionForDoubtfulAccounts / USD,1648000.0,2429000.0,1863000.0,816000.0,266000.0,941000.0,3436000.0,977000.0,3040000.0,4822000.0,1449000.0,845000.0,1395000.0,1388000.0,2361000.0,1687000.0,2033000.0,2242000.0,2281000.0,364000.0,461000.0,683000.0,2969000.0,531000.0,523000.0,1219000.0,884000.0,1044000.0,1835000.0,1726000.0,224000.0,165000.0,948000.0,1053000.0,2269000.0,827000.0,796000.0,892000.0,1912000.0,828000.0,990000.0,1874000.0,124000.0,-172000.0,365000.0,748000.0,2732000.0,272000.0,606000.0,1189000.0,1509000.0,21000.0,438000.0,752000.0,939000.0,,,
PurchaseObligation / USD,,,,,,,,,,,,,,,,,,,,,,,,,,,,,,,,,,,20397000.0,,,,34602000.0,,,,23710000.0,,,,22808000.0,,,,135768000.0,,,,181455000.0,,,
PurchaseObligationDueAfterFifthYear / USD,,,,,,,,,,,,,,,,,,,,,,,,,,,,,,,,,,,1392000.0,,,,1048000.0,,,,230000.0,,,,22000.0,,,,0.0,,,,0.0,,,
PurchaseObligationDueInFifthYear / USD,,,,,,,,,,,,,,,,,,,,,,,,,,,,,,,,,,,676000.0,,,,682000.0,,,,685000.0,,,,251000.0,,,,0.0,,,,0.0,,,
PurchaseObligationDueInFourthYear / USD,,,,,,,,,,,,,,,,,,,,,,,,,,,,,,,,,,,671000.0,,,,669000.0,,,,671000.0,,,,1182000.0,,,,25000000.0,,,,288000.0,,,
PurchaseObligationDueInNextTwelveMonths / USD,,,,,,,,,,,,,,,,,,,,,,,,,,,,,,,,,,,12004000.0,,,,13825000.0,,,,11506000.0,,,,14594000.0,,,,22003000.0,,,,64215000.0,,,
PurchaseObligationDueInSecondYear / USD,,,,,,,,,,,,,,,,,,,,,,,,,,,,,,,,,,,4969000.0,,,,9673000.0,,,,9646000.0,,,,5510000.0,,,,31633000.0,,,,84205000.0,,,
PurchaseObligationDueInThirdYear / USD,,,,,,,,,,,,,,,,,,,,,,,,,,,,,,,,,,,685000.0,,,,8705000.0,,,,972000.0,,,,1249000.0,,,,57132000.0,,,,32747000.0,,,
RepaymentsOfConvertibleDebt / USD,,,,,,,,,,,,,,,,,,,,,,,,,,,,,,,,,,,,,,,,,,,,,,,,,,,,,0.0,0.0,0.0,0.0,44000.0,398000.0
RepaymentsOfOtherLongTermDebt / USD,,,,,,,,,,,,,,,,,,,,,,,,,,,,,,,,,,,,,,,,,,,,,,0.0,0.0,0.0,0.0,121000.0,0.0,128000.0,254000.0,382000.0,246000.0,133000.0,266000.0,401000.0
RepaymentsOfSecuredDebt / USD,,,,,,,,,,,,,,,,,,,,,,,,,,,,,,,,,,,,,,,,,,,,,,,,0.0,0.0,0.0,0.0,159900000.0,160033000.0,160033000.0,0.0,,,515325000.0
ResearchAndDevelopmentExpense / USD,23143000.0,36818000.0,41796000.0,12998000.0,29872000.0,50306000.0,50566000.0,22174000.0,41191000.0,63111000.0,67863000.0,25817000.0,50044000.0,72021000.0,88190000.0,28062000.0,60810000.0,89469000.0,98056000.0,15398000.0,30262000.0,48051000.0,103355000.0,17575000.0,36735000.0,54804000.0,65206000.0,18426000.0,37987000.0,57347000.0,73142000.0,23560000.0,48642000.0,74471000.0,78766000.0,28215000.0,55979000.0,83436000.0,102499000.0,26101000.0,51968000.0,78606000.0,109423000.0,29483000.0,58031000.0,86242000.0,103561000.0,33523000.0,65313000.0,95811000.0,117117000.0,31358000.0,60712000.0,90372000.0,127428000.0,29183000.0,59494000.0,92795000.0
RestrictedCashAndCashEquivalentsAtCarryingValue / USD,,,,,,,,,50000.0,50000.0,50000.0,583000.0,583000.0,583000.0,583000.0,661000.0,661000.0,661000.0,661000.0,618000.0,618000.0,618000.0,618000.0,737000.0,737000.0,737000.0,737000.0,938000.0,938000.0,938000.0,938000.0,862000.0,862000.0,862000.0,862000.0,1089000.0,1089000.0,1089000.0,1089000.0,1084000.0,1084000.0,1084000.0,1084000.0,1078000.0,1078000.0,1078000.0,1078000.0,7033000.0,7033000.0,7033000.0,7033000.0,1856000.0,1856000.0,1856000.0,1856000.0,1780000.0,1780000.0,1780000.0
RetainedEarningsAccumulatedDeficit / USD,170420000.0,170420000.0,170420000.0,188360000.0,188360000.0,188360000.0,188360000.0,208906000.0,208906000.0,208906000.0,208906000.0,292238000.0,292238000.0,292238000.0,292238000.0,297273000.0,297273000.0,297273000.0,297273000.0,403204000.0,403204000.0,403204000.0,403204000.0,494112000.0,494112000.0,494112000.0,494112000.0,526633000.0,526633000.0,526633000.0,526633000.0,549134000.0,549134000.0,549134000.0,549134000.0,583489000.0,583489000.0,583489000.0,583489000.0,575965000.0,575965000.0,575965000.0,575965000.0,41442000.0,41442000.0,41442000.0,41442000.0,-1428355000.0,-1428355000.0,-1428355000.0,-1428355000.0,-999234000.0,-999234000.0,-999234000.0,-999234000.0,-2166876000.0,-2166876000.0,-2166876000.0
RevenueFromContractWithCustomerExcludingAssessedTax / USD,,,,,,,,,,,,,,,,,,,,,,,,,,,,,241452000.0,367462000.0,513589000.0,122967000.0,243569000.0,365721000.0,503843000.0,115366000.0,233103000.0,352796000.0,497638000.0,111424000.0,222008000.0,349416000.0,486327000.0,122902000.0,248253000.0,376247000.0,480735000.0,119277000.0,241350000.0,366710000.0,510762000.0,121915000.0,242315000.0,371777000.0,499264000.0,115246000.0,226688000.0,342759000.0
RevenueRemainingPerformanceObligation / USD,,,,,,,,,,,,,,,,,,,,,,,,,,,,207400000.0,181200000.0,156000000.0,183000000.0,194600000.0,181000000.0,164700000.0,191500000.0,188600000.0,173600000.0,172500000.0,205900.0,213500000.0,215300000.0,198900000.0,267600000.0,280600000.0,273900000.0,255900000.0,324800000.0,316800000.0,294300000.0,282300000.0,339700000.0,338100000.0,360700000.0,380500000.0,454900000.0,442800000.0,470600000.0,462400000.0
Revenues / USD,200927000.0,315457000.0,377788000.0,122029000.0,260180000.0,401884000.0,454577000.0,138334000.0,273658000.0,409738000.0,537168000.0,130183000.0,268088000.0,410007000.0,565724000.0,137904000.0,279757000.0,430959000.0,575888000.0,123871000.0,256811000.0,386347000.0,579830000.0,119015000.0,242157000.0,372053000.0,529869000.0,122232000.0,241452000.0,367462000.0,513589000.0,122967000.0,243569000.0,365721000.0,503843000.0,115366000.0,233103000.0,352796000.0,497638000.0,111424000.0,222008000.0,349416000.0,486327000.0,122902000.0,248253000.0,376247000.0,480735000.0,119277000.0,241350000.0,366710000.0,510762000.0,121915000.0,242315000.0,371777000.0,499264000.0,115246000.0,226688000.0,342759000.0
RightOfUseAssetObtainedInExchangeForOperatingLeaseLiability / USD,,,,,,,,,,,,,,,,,,,,,,,,,,,,,,,,1017000.0,5016000.0,5016000.0,5016000.0,1000000.0,5000000.0,5000000.0,5016000.0,0.0,700000.0,700000.0,5016000.0,,,,743000.0,,,,2420000.0,,,,1563000.0,,,
SellingAndMarketingExpense / USD,72748000.0,114750000.0,128472000.0,51511000.0,112453000.0,173904000.0,165732000.0,55141000.0,103834000.0,153385000.0,231504000.0,50714000.0,103400000.0,154198000.0,209975000.0,58877000.0,119833000.0,178028000.0,215089000.0,36520000.0,72739000.0,109142000.0,225086000.0,36577000.0,74279000.0,113448000.0,148522000.0,39582000.0,81208000.0,123213000.0,158281000.0,51335000.0,102313000.0,147742000.0,175045000.0,48760000.0,97033000.0,140968000.0,205525000.0,39518000.0,74469000.0,109799000.0,191235000.0,38198000.0,78519000.0,116728000.0,148910000.0,33240000.0,70102000.0,105511000.0,160141000.0,36106000.0,73766000.0,109372000.0,146882000.0,33451000.0,67702000.0,103116000.0
ShareBasedCompensation / USD,,,,,,,,,,0.0,0.0,0.0,0.0,444000.0,0.0,1598000.0,4682000.0,8561000.0,2078000.0,3597000.0,7957000.0,12503000.0,11786000.0,1504000.0,5075000.0,8424000.0,17299000.0,3115000.0,6889000.0,10557000.0,11817000.0,4743000.0,8121000.0,11132000.0,14267000.0,3017000.0,6053000.0,7887000.0,14636000.0,3111000.0,5337000.0,7897000.0,10209000.0,7711000.0,18807000.0,30973000.0,11153000.0,14394000.0,29688000.0,46587000.0,44126000.0,17555000.0,33049000.0,49855000.0,63619000.0,17791000.0,38412000.0,57789000.0
ShortTermLeaseCost / USD,,,,,,,,,,,,,,,,,,,,,,,,,,,,,,,,814000.0,1215000.0,1612000.0,2015000.0,,,,2015000.0,,,,2015000.0,,,,1158000.0,,,,558000.0,,,,582000.0,,,
StockIssuedDuringPeriodSharesEmployeeStockPurchasePlans / shares,,,,,,,,,,,,,,,,,,,,,,,,,,,,,,,,,,,,,,,,,,,,,,,,,,,,,,,,0.0,,
StockIssuedDuringPeriodValueConversionOfConvertibleSecurities / USD,,,0.0,,,,0.0,,,,0.0,,,,0.0,,,,0.0,,,,0.0,,,,0.0,,,,,,,,,,,0.0,0.0,0.0,0.0,0.0,0.0,,,,0.0,,,,,,500815000.0,500815000.0,645164000.0,500815000.0,500815000.0,500815000.0
StockIssuedDuringPeriodValueEmployeeStockPurchasePlan / USD,,,,,,,,,,,,,,,,,,,,,,,,,,,,,,,,,,,,,,,,,,2854000.0,2854000.0,2854000.0,2854000.0,2854000.0,2854000.0,2805000.0,2805000.0,2805000.0,2854000.0,2380000.0,2380000.0,2380000.0,4473000.0,2071000.0,2071000.0,2071000.0
StockIssuedDuringPeriodValueNewIssues / USD,,,,,,,,,,,,,,,,,,,,,,,,,,,,,,,,,,,,,,,,,,399469000.0,990463000.0,399469000.0,399469000.0,399469000.0,990463000.0,46219000.0,46219000.0,46219000.0,990463000.0,338962000.0,338962000.0,338962000.0,46219000.0,137152000.0,137152000.0,137152000.0
StockIssuedDuringPeriodValueStockOptionsExercised / USD,,,,,,,,,,,,,,,10250000.0,,,,341000.0,,,,856000.0,,,,9529000.0,,,,1663000.0,2471000.0,2471000.0,2471000.0,1677000.0,1507000.0,1507000.0,1507000.0,2471000.0,340000.0,340000.0,340000.0,6569000.0,23854000.0,23854000.0,23854000.0,51082000.0,288000.0,288000.0,288000.0,40651000.0,6750000.0,6750000.0,6750000.0,1393000.0,136088000.0,136088000.0,136088000.0
StockholdersEquity / USD,149172000.0,149172000.0,138041000.0,168978000.0,168978000.0,168978000.0,214228000.0,200311000.0,200311000.0,200311000.0,149172000.0,310326000.0,310326000.0,310326000.0,168978000.0,324471000.0,324471000.0,324471000.0,200311000.0,455281000.0,455281000.0,455281000.0,310326000.0,552177000.0,552177000.0,552177000.0,324471000.0,605726000.0,605726000.0,605726000.0,455281000.0,605726000.0,605726000.0,605726000.0,566317000.0,529731000.0,529731000.0,529731000.0,605726000.0,508559000.0,508559000.0,508559000.0,529731000.0,446192000.0,365038000.0,365038000.0,508559000.0,978958000.0,978958000.0,978958000.0,446192000.0,-383120000.0,-383120000.0,-383120000.0,978958000.0,2164972000.0,2164972000.0,2164972000.0
StockholdersEquityNoteStockSplitConversionRatio1 / pure,,,,,,,,,,,,,,,,,,,,,,,,,,,,,,,,,,,,,,,,,,,,,,,,,,,,,,10.0,10.0,10.0,10.0,10.0
TaxCreditCarryforwardAmount / USD,,,3100000.0,,,,7600000.0,,,,9500000.0,,,,8700000.0,,,,10500000.0,,,,1800000.0,,,,,,,,,,,,,,,,,,,,,,,,,,,,,,,,6300000.0,,,
TemporaryEquityCarryingAmountAttributableToParent / USD,,,,,,,,,,,,,,,,,,,,,,,,,,,,,,,,,,,,,,,,,,,,,,,,,,,,,,,,0.0,0.0,0.0
TemporaryEquityNetIncome / USD,,,,,,,,,,,,,,,,,,,,,,,,,,,,,,,,,,,,,,,,,,,,,,,,,,,,,,,,0.0,,
TemporaryEquityStockIssuedDuringPeriodValueNewIssues / USD,,,,,,,,,,,,,,,,,,,,,,,,,,,,,,,,,,,,,,,,,,,,,,,,,,,,,,,,0.0,,
TreasuryStockCommonShares / shares,,,,,,,,,,,,,,,,,,,,,,,,,,,,,,,,,,,,,,,,,,,,,,,,,,8684000.0,8684000.0,8684000.0,8684000.0,8684000.0,8684000.0,,,
TreasuryStockRetiredCostMethodAmount / USD,,,,,,,,,,,,,,,,,,,,,,,,,,,,,,,,,,,,,,,,,,,,,,,,,,,,,,,0.0,0.0,,
TreasuryStockSharesRetired / shares,,,,,,,,,,,,,,,,,,,,,,,,,,,,,,,,,,,,,,,,,,,,,,,,,,,,,,,,0.0,,
TreasuryStockValue / USD,475184000.0,475184000.0,475184000.0,475184000.0,475184000.0,475184000.0,475184000.0,475184000.0,475184000.0,475184000.0,475184000.0,475184000.0,475184000.0,475184000.0,475184000.0,475184000.0,475184000.0,475184000.0,475184000.0,475184000.0,475184000.0,475184000.0,475184000.0,475184000.0,475184000.0,475184000.0,475184000.0,475184000.0,475184000.0,475184000.0,475184000.0,586161000.0,586161000.0,586161000.0,586161000.0,658880000.0,658880000.0,658880000.0,658880000.0,782104000.0,782104000.0,782104000.0,782104000.0,782104000.0,782104000.0,782104000.0,782104000.0,782104000.0,782104000.0,782104000.0,782104000.0,782104000.0,782104000.0,782104000.0,782104000.0,,,
UnrecognizedTaxBenefits / USD,,,16521000.0,17000000.0,17100000.0,17400000.0,17300000.0,17600000.0,16200000.0,2900000.0,16095000.0,1600000.0,1700000.0,2100000.0,2312000.0,2700000.0,2700000.0,2700000.0,2187000.0,3700000.0,3800000.0,3400000.0,3298000.0,,,,3121000.0,,,,3444000.0,,,,4059000.0,,,,1563000.0,,,,4293000.0,,,,1563000.0,,,,4293000.0,,,,5960000.0,,,
UnrecognizedTaxBenefitsDecreasesResultingFromSettlementsWithTaxingAuthorities / USD,,,-552000.0,,,,,,,,1327000.0,,,,,,,,,,,,394000.0,,,,,,,,,,,,,,,,,,,,,,,,0.0,,,,0.0,,,,40000.0,,,
UnrecognizedTaxBenefitsIncreasesResultingFromCurrentPeriodTaxPositions / USD,,,,,,,,,,,372000.0,,,,270000.0,,,,436000.0,,,,241000.0,,,,294000.0,,,,596000.0,,,,315000.0,,,,283000.0,,,,1146000.0,,,,283000.0,,,,1146000.0,,,,318000.0,,,
UnrecognizedTaxBenefitsInterestOnIncomeTaxesAccrued / USD,,,400000.0,1000000.0,1000000.0,1100000.0,900000.0,1500000.0,1400000.0,300000.0,1200000.0,300000.0,300000.0,300000.0,300000.0,400000.0,500000.0,500000.0,300000.0,400000.0,400000.0,400000.0,300000.0,500000.0,500000.0,700000.0,400000.0,600000.0,700000.0,700000.0,600000.0,800000.0,800000.0,700000.0,700000.0,200000.0,200000.0,300000.0,200000.0,300000.0,400000.0,400000.0,300000.0,,,,295000.0,,,,272000.0,,,,276000.0,,,
UnrecognizedTaxBenefitsReductionsResultingFromLapseOfApplicableStatuteOfLimitations / USD,,,-23000.0,,,,,,,12700000.0,12671000.0,,,,60000.0,,,,645000.0,,,,100000.0,,,,741000.0,,,,295000.0,,,,2837000.0,,,,133000.0,,,,561000.0,,,,133000.0,,,,561000.0,,,,360000.0,,,
UnrecognizedTaxBenefitsThatWouldImpactEffectiveTaxRate / USD,,,15600000.0,15800000.0,15900000.0,16200000.0,16200000.0,16500000.0,15100000.0,2400000.0,2100000.0,1200000.0,1200000.0,1700000.0,1700000.0,1900000.0,2000000.0,1900000.0,2900000.0,3000000.0,3000000.0,2700000.0,2800000.0,2800000.0,2800000.0,3500000.0,3500000.0,3500000.0,3600000.0,4000000.0,4200000.0,4500000.0,4500000.0,3200000.0,1600000.0,2500000.0,2600000.0,2600000.0,4300000.0,4400000.0,4400000.0,4300000.0,5900000.0,,,,5900000.0,,,,8000000.0,,,,10000000.0,,,
VariableLeaseCost / USD,,,,,,,,,,,,,,,,,,,,,,,,,,,,,,,,311000.0,595000.0,967000.0,1175000.0,,,,1175000.0,,,,1175000.0,,,,1382000.0,,,,1224000.0,,,,514000.0,,,
WeightedAverageNumberOfDilutedSharesOutstanding / shares,12165000.0,11976000.0,12284000.0,11045000.0,11056000.0,11061000.0,11779000.0,11092000.0,11107000.0,11137000.0,11066000.0,11295000.0,11298000.0,11300000.0,11174000.0,11301000.0,11301000.0,11301000.0,11301000.0,11455000.0,11482000.0,11521000.0,11356000.0,11479000.0,11499000.0,11503000.0,11539000.0,11593000.0,11593000.0,11567000.0,11516000.0,11488000.0,11488000.0,11502000.0,11547000.0,10328000.0,10350000.0,10336000.0,11412000.0,10031000.0,9886000.0,9777000.0,10328000.0,9647000.0,9697000.0,9798000.0,9684000.0,11289000.0,11294000.0,11299000.0,10020000.0,14575000.0,14534000.0,145125000.0,113209000.0,171942000.0,175326000.0,182695000.0
WeightedAverageNumberOfSharesOutstandingBasic / shares,11759000.0,11572000.0,11906000.0,10671000.0,10690000.0,10703000.0,11378000.0,10806000.0,10841000.0,10911000.0,10719000.0,11295000.0,11298000.0,11299000.0,10995000.0,11301000.0,11301000.0,11301000.0,11300000.0,11321000.0,11335000.0,11345000.0,11301000.0,11408000.0,11418000.0,11422000.0,11355000.0,11439000.0,11441000.0,11443000.0,11425000.0,11447000.0,11453000.0,11458000.0,11444000.0,10328000.0,10283000.0,10273000.0,11375000.0,9976000.0,9858000.0,9777000.0,10256000.0,9647000.0,9697000.0,9798000.0,9684000.0,11289000.0,11294000.0,11299000.0,10020000.0,11834000.0,11739000.0,116648000.0,113209000.0,171942000.0,175326000.0,182695000.0
