fact_unit,2010-08-10,2010-11-10,2011-03-03,2011-05-13,2011-08-09,2011-11-07,2012-02-29,2012-05-04,2012-08-07,2012-11-06,2013-02-26,2013-05-07,2013-08-02,2013-11-04,2014-02-25,2014-04-29,2014-07-31,2014-10-31,2015-02-26,2015-05-01,2015-08-04,2015-11-03,2016-03-01,2016-05-09,2016-08-09,2016-11-08,2017-03-02,2017-05-11,2017-08-08,2017-11-07,2018-02-27,2018-05-08,2018-08-06,2018-10-29,2019-02-25,2019-04-29,2019-07-29,2019-10-28,2020-02-24,2020-04-22,2020-07-23,2020-10-22,2021-02-26,2021-04-30,2021-08-02,2021-10-28,2022-02-25,2022-05-03,2022-08-01,2022-11-02,2023-02-24,2023-04-28,2023-07-31,2023-10-27,2024-02-23,2024-04-29,2024-07-29,2024-10-28,2025-02-21,2025-04-28,2025-07-28,2025-10-24
AccountsAndOtherReceivablesNetCurrent / USD,,,,,,,,,,,,,,,,,,,,,,,,,,,,,,,,,,,388300000.0,,,,416500000.0,,,,460400000.0,,,,402000000.0,,,,767700000.0,,,,883700000.0,,,,899700000.0,,,
AccountsPayableCurrent / USD,103800000.0,103800000.0,96700000.0,100600000.0,100600000.0,100600000.0,100600000.0,102000000.0,102000000.0,102000000.0,102000000.0,148600000.0,148600000.0,148600000.0,148600000.0,147500000.0,147500000.0,147500000.0,147500000.0,162500000.0,162500000.0,162500000.0,162500000.0,136500000.0,134200000.0,134200000.0,136500000.0,138800000.0,138800000.0,138800000.0,138800000.0,191700000.0,191700000.0,191700000.0,191700000.0,227800000.0,227800000.0,227800000.0,227800000.0,271100000.0,271100000.0,271100000.0,271100000.0,229100000.0,229100000.0,229100000.0,229100000.0,469500000.0,469500000.0,469500000.0,469500000.0,505700000.0,505700000.0,505700000.0,505700000.0,384700000.0,384700000.0,384700000.0,384700000.0,416400000.0,416400000.0,416400000.0
AccountsReceivableNetCurrent / USD,245800000.0,245800000.0,228700000.0,254800000.0,254800000.0,254800000.0,254800000.0,270000000.0,270000000.0,270000000.0,,350300000.0,350300000.0,350300000.0,,378000000.0,378000000.0,378000000.0,,400700000.0,400700000.0,400700000.0,,373000000.0,368600000.0,368600000.0,,383700000.0,383700000.0,383700000.0,,388300000.0,388300000.0,388300000.0,389300000.0,416500000.0,416500000.0,416500000.0,,460400000.0,460400000.0,460400000.0,,402000000.0,402000000.0,402000000.0,402000000.0,767700000.0,767700000.0,767700000.0,767700000.0,883700000.0,883700000.0,883700000.0,883700000.0,899700000.0,899700000.0,899700000.0,899700000.0,901100000.0,901100000.0,901100000.0
AccrualForEnvironmentalLossContingencies / USD,,,,,,,,,,,,,,,,,,,,,,,,,,,8700000.0,7000000.0,7000000.0,7000000.0,7000000.0,5100000.0,5100000.0,5100000.0,5100000.0,6000000.0,6000000.0,6000000.0,6000000.0,6000000.0,6000000.0,6000000.0,6000000.0,,,,6500000.0,,,,5800000.0,5800000.0,5800000.0,5800000.0,5400000.0,5400000.0,5400000.0,5400000.0,6500000.0,6500000.0,6500000.0,6500000.0
AccruedEnvironmentalLossContingenciesCurrent / USD,,,,,,,,,,,,,,,,,,,,,,,,,,,3500000.0,,,,1000000.0,,,,1400000.0,,,,1600000.0,,,,1500000.0,,,,1700000.0,,,,1600000.0,1500000.0,1400000.0,1500000.0,1500000.0,1700000.0,3100000.0,3000000.0,3000000.0,3100000.0,3000000.0,3000000.0
AccruedLiabilitiesCurrent / USD,176800000.0,176800000.0,164300000.0,177300000.0,177300000.0,177300000.0,177300000.0,230800000.0,230800000.0,230800000.0,230800000.0,256700000.0,256700000.0,256700000.0,256700000.0,267100000.0,267100000.0,267100000.0,267100000.0,290300000.0,290300000.0,290300000.0,290300000.0,238000000.0,237500000.0,237500000.0,238000000.0,261000000.0,261000000.0,261000000.0,261000000.0,345300000.0,345300000.0,345300000.0,345300000.0,355600000.0,355600000.0,355600000.0,355600000.0,391500000.0,391500000.0,391500000.0,391500000.0,434200000.0,434200000.0,434200000.0,434200000.0,1028900000.0,1028900000.0,1028900000.0,1028900000.0,717600000.0,717600000.0,717600000.0,717600000.0,781300000.0,781300000.0,781300000.0,781300000.0,844900000.0,844900000.0,844900000.0
AccumulatedDepreciationDepletionAndAmortizationPropertyPlantAndEquipment / USD,275900000.0,275900000.0,,254000000.0,254000000.0,254000000.0,254000000.0,288000000.0,288000000.0,288000000.0,288000000.0,327900000.0,327900000.0,327900000.0,327900000.0,367000000.0,367000000.0,367000000.0,367000000.0,417500000.0,417500000.0,417500000.0,417500000.0,454800000.0,443200000.0,443200000.0,454800000.0,468500000.0,468500000.0,468500000.0,468500000.0,531600000.0,531600000.0,531600000.0,531600000.0,566000000.0,566000000.0,566000000.0,566000000.0,623900000.0,623900000.0,623900000.0,623900000.0,673400000.0,673400000.0,673400000.0,673400000.0,743300000.0,743300000.0,743300000.0,743300000.0,847800000.0,847800000.0,847800000.0,847800000.0,947100000.0,947100000.0,947100000.0,947100000.0,1012100000.0,1012100000.0,1012100000.0
AccumulatedOtherComprehensiveIncomeLossDefinedBenefitPensionAndOtherPostretirementPlansNetOfTax / USD,,,,,14400000.0,14400000.0,,,,,204900000.0,,,,254300000.0,,,,129800000.0,,,,227300000.0,,,,232300000.0,,,,-249600000.0,,,,-227800000.0,,,,-306800000.0,,,,-323100000.0,,,,347800000.0,,,,-297600000.0,,,,-255500000.0,,,,-249600000.0,,,
AccumulatedOtherComprehensiveIncomeLossNetOfTax / USD,-171800000.0,-171800000.0,-171800000.0,-185600000.0,-185600000.0,-185600000.0,-185600000.0,-241100000.0,-241100000.0,-241100000.0,-241100000.0,-273400000.0,-273400000.0,-273400000.0,-273400000.0,-273400000.0,-273400000.0,-273400000.0,-273400000.0,-165500000.0,-165500000.0,-165500000.0,-165500000.0,-413200000.0,-413200000.0,-413200000.0,-413200000.0,-451200000.0,-451200000.0,-451200000.0,-451200000.0,-329300000.0,-329300000.0,-329300000.0,-329300000.0,-493200000.0,-493200000.0,-493200000.0,-493200000.0,-475800000.0,-475800000.0,-475800000.0,-475800000.0,-430100000.0,-430100000.0,-430100000.0,-430100000.0,-430000000.0,-430000000.0,-430000000.0,-430000000.0,-726500000.0,-726500000.0,-726500000.0,-726500000.0,-634100000.0,-634100000.0,-634100000.0,-634100000.0,-839900000.0,-839900000.0,-839900000.0
AdditionalPaidInCapitalCommonStock / USD,254700000.0,254700000.0,254700000.0,267500000.0,267500000.0,267500000.0,267500000.0,291700000.0,291700000.0,291700000.0,291700000.0,297800000.0,297800000.0,297800000.0,297800000.0,328800000.0,328800000.0,328800000.0,328800000.0,326500000.0,326500000.0,326500000.0,326500000.0,345300000.0,345300000.0,345300000.0,345300000.0,335700000.0,335700000.0,335700000.0,335700000.0,337300000.0,337300000.0,337300000.0,337300000.0,343700000.0,343700000.0,343700000.0,343700000.0,360500000.0,360500000.0,360500000.0,360500000.0,389900000.0,389900000.0,389900000.0,389900000.0,4317100000.0,4317100000.0,4317100000.0,4317100000.0,4353400000.0,4353400000.0,4353400000.0,4353400000.0,4407300000.0,4407300000.0,4407300000.0,4407300000.0,4414500000.0,4414500000.0,4414500000.0
AdjustmentsToAdditionalPaidInCapitalSharebasedCompensationRequisiteServicePeriodRecognitionValue / USD,,,7500000.0,,,,,,,,,,,,,,,,,,,,,,,,,,,,,,,,,,,,,,,,,,,,,,,,,,,,,,,,31500000.0,10100000.0,10100000.0,10100000.0
AllocatedShareBasedCompensationExpense / USD,,,,,,,5200000.0,1400000.0,2800000.0,4300000.0,,1500000.0,3600000.0,5900000.0,,1800000.0,4600000.0,7600000.0,,2600000.0,6200000.0,10100000.0,,3800000.0,7100000.0,9700000.0,,3400000.0,6300000.0,8800000.0,,4100000.0,7800000.0,11000000.0,,4900000.0,10300000.0,14900000.0,,8900000.0,14700000.0,20400000.0,,,,,,,,,,,,,,,,24300000.0,,12000000.0,21300000.0,30000000.0
AllowanceForDoubtfulAccountsReceivableCurrent / USD,,,,,,,,,,,3800000.0,,,,4800000.0,,,,5200000.0,,,,7800000.0,,,,6300000.0,,,,5200000.0,,,,10300000.0,,,,6700000.0,,,,10200000.0,,,,12300000.0,,,,13800000.0,11700000.0,11700000.0,11700000.0,11700000.0,11500000.0,11500000.0,11500000.0,11500000.0,15500000.0,15500000.0,15500000.0
AmortizationOfIntangibleAssets / USD,,,,,,,,,,,24600000.0,,,,24600000.0,,,,29400000.0,,,,31500000.0,,14200000.0,21500000.0,32000000.0,175800000.0,175800000.0,,30600000.0,,,,28300000.0,,,,41400000.0,,,,39500000.0,,19300000.0,29200000.0,36500000.0,9800000.0,42600000.0,97900000.0,38800000.0,53600000.0,104900000.0,153800000.0,149300000.0,49700000.0,99000000.0,148100000.0,201700000.0,49400000.0,98500000.0,148300000.0
Assets / USD,1421500000.0,1421500000.0,1421500000.0,1557800000.0,1557800000.0,1557800000.0,1421500000.0,1826100000.0,1826100000.0,1826100000.0,1826100000.0,2406400000.0,2406400000.0,2406400000.0,2406400000.0,2751100000.0,2751100000.0,2751100000.0,2751100000.0,2862200000.0,2862200000.0,2862200000.0,2862200000.0,2718500000.0,2717100000.0,2717100000.0,2717100000.0,2774400000.0,2774400000.0,2774400000.0,2774400000.0,3846400000.0,3846400000.0,3846400000.0,3846400000.0,3809300000.0,3809300000.0,3809300000.0,3809300000.0,4579800000.0,4579800000.0,4579800000.0,4579800000.0,5084800000.0,5084800000.0,5084800000.0,4579800000.0,14430300000.0,14430300000.0,14430300000.0,5084800000.0,14354000000.0,14354000000.0,14354000000.0,14430300000.0,14527900000.0,14527900000.0,14527900000.0,14354000000.0,14200500000.0,14200500000.0,14200500000.0
AssetsCurrent / USD,531700000.0,531700000.0,568600000.0,648000000.0,648000000.0,648000000.0,648000000.0,602700000.0,602700000.0,602700000.0,602700000.0,744800000.0,744800000.0,744800000.0,744800000.0,799100000.0,799100000.0,799100000.0,799100000.0,941700000.0,941700000.0,941700000.0,941700000.0,828200000.0,829300000.0,829300000.0,826800000.0,846200000.0,846200000.0,846200000.0,846200000.0,1011900000.0,1011900000.0,1011900000.0,1011900000.0,1114400000.0,1114400000.0,1114400000.0,1114400000.0,1313700000.0,1313700000.0,1313700000.0,1313700000.0,1722600000.0,1722600000.0,1722600000.0,1722600000.0,2429400000.0,2429400000.0,2429400000.0,2429400000.0,2817900000.0,2817900000.0,2817900000.0,2817900000.0,2981400000.0,2981400000.0,2981400000.0,2981400000.0,2944600000.0,2944600000.0,2944600000.0
BilledContractReceivables / USD,,,,,,,21600000.0,,,,24000000.0,,,,26000000.0,,,,25700000.0,,,,17300000.0,,,,19900000.0,,,,19200000.0,,,,,,,,423200000.0,,,,470600000.0,,,,414300000.0,,,,781500000.0,,,,895400000.0,,,,911200000.0,,,
BusinessCombinationConsiderationTransferred1 / USD,,,,,,,,,,,,,,,,,,,,,,,,,,,,,,,,,,,,,,,,,,,,,,,,,,,,,,,,,,,,,123700000.0,123700000.0
BusinessCombinationRecognizedIdentifiableAssetsAcquiredAndLiabilitiesAssumedIntangibleAssetsOtherThanGoodwill / USD,,,,,,,,,,,,,,,,,,,,,,,,,,,,,,,,,,,,,,,,,,,7000000.0,,,,7000000.0,,,,,,,,,,,,,,25700000.0,25700000.0
CashAndCashEquivalentsAtCarryingValue / USD,20400000.0,20400000.0,13400000.0,26100000.0,26100000.0,26100000.0,20400000.0,75100000.0,75100000.0,75100000.0,26100000.0,49400000.0,49400000.0,49400000.0,75100000.0,45800000.0,45800000.0,45800000.0,49400000.0,66000000.0,66000000.0,66000000.0,45800000.0,,,,66000000.0,,,,141400000.0,,,,85100000.0,,,,142500000.0,199500000.0,199500000.0,199500000.0,199500000.0,673100000.0,673100000.0,673100000.0,673100000.0,474700000.0,474700000.0,474700000.0,474700000.0,638100000.0,638100000.0,638100000.0,638100000.0,648300000.0,648300000.0,648300000.0,648300000.0,649800000.0,649800000.0,649800000.0
CashCashEquivalentsRestrictedCashAndRestrictedCashEquivalents / USD,,,,,,,,,,,,,,,,,,,,,,,,,,,,,,,,,,,,70900000.0,70900000.0,70900000.0,98600000.0,142500000.0,142500000.0,142500000.0,70900000.0,199500000.0,199500000.0,199500000.0,142500000.0,673100000.0,673100000.0,673100000.0,199500000.0,474700000.0,474700000.0,474700000.0,673100000.0,638100000.0,638100000.0,638100000.0,474700000.0,648300000.0,648300000.0,648300000.0
CashCashEquivalentsRestrictedCashAndRestrictedCashEquivalentsPeriodIncreaseDecreaseIncludingExchangeRateEffect / USD,,,,,,,,,,,,,,,,,,,,,,,,,,,,,,,,,,,,9000000.0,30500000.0,55200000.0,-27700000.0,-36300000.0,-34400000.0,-14000000.0,71600000.0,31900000.0,183300000.0,255000000.0,57000000.0,2561100000.0,22000000.0,-121300000.0,473600000.0,-190400000.0,-195900000.0,4600000.0,-198400000.0,27100000.0,-273900000.0,-129500000.0,163400000.0,264100000.0,-205100000.0,-87300000.0
CashEquivalentsAtCarryingValue / USD,,,,,61800000.0,61800000.0,61800000.0,300000.0,300000.0,300000.0,300000.0,2400000.0,2400000.0,2400000.0,2400000.0,300000.0,300000.0,300000.0,,0.0,,,0.0,,,,0.0,,,,0.0,,,,0.0,,,,0.0,,0.0,0.0,0.0,471000000.0,471000000.0,471000000.0,471000000.0,,,,100000.0,167100000.0,167100000.0,167100000.0,167100000.0,265100000.0,265100000.0,265100000.0,,304100000.0,304100000.0,304100000.0
CashSurrenderValueOfLifeInsurance / USD,,,,,,,,,,,,,,,,,,,,,,,49600000.0,,,,47900000.0,,,,48500000.0,,,,57200000.0,,,,56100000.0,,,,65600000.0,,,,72600000.0,,,,113400000.0,,,,94700000.0,,,,101300000.0,,,
CommonStockParOrStatedValuePerShare / USD/shares,0.01,0.01,0.01,0.01,0.01,0.01,0.01,0.01,0.01,0.01,0.01,0.01,0.01,0.01,0.01,0.01,0.01,0.01,0.01,0.01,0.01,0.01,0.01,0.01,0.01,0.01,0.01,0.01,0.01,0.01,0.01,0.01,0.01,0.01,0.01,0.01,0.01,0.01,0.01,0.01,0.01,0.01,0.01,0.01,0.01,0.01,0.01,0.01,0.01,0.01,0.01,0.01,0.01,0.01,0.01,0.01,0.01,0.01,0.01,0.01,0.01,0.01
CommonStockSharesAuthorized / shares,,,125000000.0,,,,125.0,125.0,125.0,125000000.0,125000000.0,125000000.0,125000000.0,125000000.0,125000000.0,125000000.0,125000000.0,125000000.0,125000000.0,125000000.0,125000000.0,125000000.0,125000000.0,125000000.0,125000000.0,125000000.0,125000000.0,125000000.0,125000000.0,125000000.0,125000000.0,125000000.0,125000000.0,125000000.0,125000000.0,125000000.0,125000000.0,125000000.0,125000000.0,125000000.0,125000000.0,125000000.0,125000000.0,125000000.0,125000000.0,125000000.0,125000000.0,125000000.0,125000000.0,125000000.0,125000000.0,125000000.0,125000000.0,125000000.0,125000000.0,125000000.0,,,125000000.0,,,
CommonStockSharesIssued / shares,,,,,,,36363372.0,37027015.0,37027015.0,37027015.0,36078477.0,37162697.0,37162697.0,37162697.0,36363372.0,37571182.0,37571182.0,37571182.0,37027015.0,37697865.0,37697865.0,37697865.0,37162697.0,37697865.0,37697865.0,37697865.0,37571182.0,37697865.0,37697865.0,37697865.0,37697865.0,37697865.0,37697865.0,37697865.0,37697865.0,37697865.0,37697865.0,37697865.0,37697865.0,37697865.0,37697865.0,37697865.0,37697865.0,37697865.0,37697865.0,37697865.0,37697865.0,47194766.0,47194766.0,47194766.0,37697865.0,47194766.0,47194766.0,47194766.0,47194766.0,47331845.0,47331845.0,47331845.0,47194766.0,47432888.0,47432888.0,47432888.0
CommonStockSharesOutstanding / shares,36078269.0,36078269.0,36078269.0,36363372.0,36363372.0,36363372.0,35926224.0,36449092.0,36449092.0,36449092.0,36449092.0,37162697.0,37162697.0,37162697.0,37162697.0,37571182.0,37571182.0,37571182.0,37571182.0,36655584.0,36655584.0,36655584.0,36655584.0,34514599.0,34514599.0,34514599.0,34514599.0,35110762.0,35110762.0,35110762.0,35110762.0,35540233.0,35540233.0,35540233.0,35540233.0,36087297.0,36087297.0,36087297.0,36087297.0,36547966.0,36547966.0,36547966.0,36547966.0,36951607.0,36951607.0,36951607.0,36951607.0,46692296.0,46692296.0,46692296.0,46692296.0,46912635.0,46912635.0,46912635.0,46912635.0,47331845.0,47331845.0,47331845.0,47331845.0,46706612.0,46706612.0,46706612.0
CommonStockValue / USD,400000.0,400000.0,400000.0,400000.0,400000.0,400000.0,400000.0,400000.0,400000.0,400000.0,400000.0,400000.0,400000.0,400000.0,400000.0,400000.0,400000.0,400000.0,400000.0,400000.0,400000.0,400000.0,400000.0,400000.0,400000.0,400000.0,400000.0,400000.0,400000.0,400000.0,400000.0,400000.0,400000.0,400000.0,400000.0,400000.0,400000.0,400000.0,400000.0,400000.0,400000.0,400000.0,400000.0,400000.0,400000.0,400000.0,400000.0,500000.0,500000.0,500000.0,500000.0,500000.0,500000.0,500000.0,500000.0,500000.0,500000.0,500000.0,500000.0,500000.0,500000.0,500000.0
ComprehensiveIncomeNetOfTax / USD,,,,,45800000.0,82600000.0,,43900000.0,205300000.0,225000000.0,106700000.0,49100000.0,29000000.0,148000000.0,199700000.0,20900000.0,63200000.0,138400000.0,131800000.0,38300000.0,115400000.0,136400000.0,292900000.0,-2900000.0,72000000.0,89800000.0,60000000.0,70300000.0,110200000.0,156900000.0,105800000.0,37800000.0,155100000.0,266000000.0,152900000.0,86400000.0,115200000.0,212000000.0,349100000.0,98700000.0,204900000.0,288000000.0,217500000.0,18500000.0,120700000.0,258800000.0,419700000.0,89900000.0,162800000.0,252800000.0,447600000.0,190700000.0,208900000.0,28000000.0,445400000.0,178400000.0,378500000.0,501200000.0,492100000.0,87600000.0,261800000.0,661500000.0
ComprehensiveIncomeNetOfTaxAttributableToNoncontrollingInterest / USD,,,,,,,,,,,,-100000.0,100000.0,400000.0,,-600000.0,-200000.0,-100000.0,,200000.0,-100000.0,-800000.0,,,-300000.0,-300000.0,,,,,,,,,,,,,,,,,,,,,,,,0.0,0.0,0.0,0.0,-100000.0,0.0,100000.0,300000.0,500000.0,300000.0,600000.0,700000.0,900000.0
ComprehensiveIncomeNetOfTaxIncludingPortionAttributableToNoncontrollingInterest / USD,,,-31000000.0,,45800000.0,82700000.0,147800000.0,43900000.0,205200000.0,225100000.0,,49000000.0,29100000.0,148400000.0,,20300000.0,63000000.0,138300000.0,132800000.0,38500000.0,115300000.0,135600000.0,292400000.0,,71700000.0,89500000.0,57900000.0,,,,105500000.0,,,,,,,,,,,,,,,,,,,252800000.0,447600000.0,190700000.0,208900000.0,27900000.0,445400000.0,178500000.0,378800000.0,501700000.0,492400000.0,88200000.0,262500000.0,662400000.0
ContractWithCustomerLiability / USD,,,,,,,,,,,,,,,,,,,,,,,,,,,,,,,,,,,,,,,,,,,,,,,,,,,,207800000.0,207800000.0,207800000.0,,266600000.0,266600000.0,266600000.0,,343100000.0,343100000.0,343100000.0
ContractWithCustomerLiabilityCumulativeCatchUpAdjustmentToRevenueChangeInEstimateOfTransactionPrice / USD,,,,,,,,,,,,,,,,,,,,,,,,,,,,,,,,200000.0,,2000000.0,4400000.0,200000.0,12600000.0,2000000.0,4400000.0,2800000.0,,,20200000.0,,,,14600000.0,,,30500000.0,26800000.0,7600000.0,17400000.0,30500000.0,29900000.0,2900000.0,500000.0,1700000.0,3700000.0,300000.0,2100000.0,5100000.0
ContractWithCustomerLiabilityCurrent / USD,,,,,,,,,,,,,,,,,,,,,,,,,,,,,,,,110300000.0,110300000.0,110300000.0,110300000.0,111500000.0,111500000.0,111500000.0,111500000.0,126800000.0,126800000.0,126800000.0,126800000.0,160100000.0,160100000.0,160100000.0,160100000.0,186000000.0,186000000.0,186000000.0,186000000.0,187600000.0,187600000.0,187600000.0,187600000.0,241100000.0,241100000.0,241100000.0,241100000.0,312600000.0,312600000.0,312600000.0
ContractWithCustomerLiabilityNoncurrent / USD,,,,,,,,,,,,,,,,,,,,,,,,,,,,,,,,15500000.0,15500000.0,15500000.0,15500000.0,15300000.0,15300000.0,15300000.0,15300000.0,17900000.0,17900000.0,17900000.0,17900000.0,14000000.0,14000000.0,14000000.0,14000000.0,25300000.0,25300000.0,25300000.0,25300000.0,20200000.0,20200000.0,20200000.0,20200000.0,25500000.0,25500000.0,25500000.0,25500000.0,30500000.0,30500000.0,30500000.0
ContractWithCustomerLiabilityRevenueRecognized / USD,,,,,,,,,,,,,,,,,,,,,,,,,,,,,,,,28900000.0,48600000.0,58100000.0,79700000.0,35400000.0,65100000.0,78200000.0,75700000.0,32700000.0,51900000.0,65700000.0,80700000.0,52600000.0,84100000.0,98800000.0,114000000.0,63700000.0,91800000.0,129600000.0,144400000.0,67900000.0,114000000.0,118900000.0,138900000.0,66300000.0,101300000.0,130300000.0,152400000.0,98300000.0,152700000.0,192700000.0
CostOfGoodsAndServicesSold / USD,627600000.0,931800000.0,1205900000.0,287800000.0,575200000.0,860100000.0,1177300000.0,313100000.0,643700000.0,975000000.0,1148100000.0,328100000.0,671100000.0,1020100000.0,1290700000.0,365400000.0,749000000.0,1118000000.0,1379100000.0,351700000.0,720100000.0,1095500000.0,1500000000.0,345900000.0,696600000.0,1036900000.0,1487100000.0,324800000.0,661000000.0,978000000.0,1427800000.0,357000000.0,778200000.0,1186800000.0,1329500000.0,438200000.0,885200000.0,1331400000.0,1624000000.0,463900000.0,927500000.0,1415200000.0,1791000000.0,492600000.0,953200000.0,1411700000.0,1920300000.0,492500000.0,1155600000.0,1943300000.0,1905300000.0,752600000.0,1541200000.0,2327000000.0,2772900000.0,790700000.0,1597000000.0,2394200000.0,3128300000.0,770200000.0,1551700000.0,2375600000.0
CostsAndExpenses / USD,802400000.0,1188100000.0,1523400000.0,364900000.0,729200000.0,1093100000.0,1480700000.0,413400000.0,854400000.0,1294000000.0,1465700000.0,438500000.0,897300000.0,1384400000.0,1714700000.0,510500000.0,1046600000.0,1565200000.0,1884200000.0,507500000.0,1030300000.0,1557100000.0,2098300000.0,497700000.0,998400000.0,1478300000.0,2099500000.0,469600000.0,955700000.0,1413700000.0,2016400000.0,511300000.0,1099600000.0,1672300000.0,1909400000.0,607200000.0,1228200000.0,1848000000.0,2282100000.0,647900000.0,1298000000.0,1971500000.0,2485200000.0,680600000.0,1314100000.0,1940600000.0,2671900000.0,670500000.0,1687100000.0,2809400000.0,2606100000.0,1097500000.0,2223800000.0,3342200000.0,3990000000.0,1140800000.0,2309400000.0,3447600000.0,4486600000.0,1115800000.0,2242900000.0,3415700000.0
CurrentFederalTaxExpenseBenefit / USD,,,,,,,20500000.0,,,,36800000.0,,,,29100000.0,,,,44200000.0,,,,21600000.0,,,,57400000.0,,,,54400000.0,,,,43000000.0,,,,54000000.0,,,,22900000.0,,,,66000000.0,,,,25300000.0,,,,43000000.0,,,,47200000.0,,,
CurrentForeignTaxExpenseBenefit / USD,,,,,,,3500000.0,,,,-1400000.0,,,,10000000.0,,,,7400000.0,,,,200000.0,,,,9300000.0,,,,4000000.0,,,,3400000.0,,,,22800000.0,,,,31800000.0,,,,28400000.0,,,,39100000.0,,,,57500000.0,,,,47800000.0,,,
CurrentIncomeTaxExpenseBenefit / USD,,,,,,,30600000.0,,,,33600000.0,,,,47200000.0,,,,56400000.0,,,,25300000.0,,,,65600000.0,,,,63700000.0,,,,50300000.0,,,,83200000.0,,,,62800000.0,,,,105000000.0,,,,71400000.0,,,,111300000.0,,,,109800000.0,,,
CurrentStateAndLocalTaxExpenseBenefit / USD,,,,,,,6600000.0,,,,-1800000.0,,,,8100000.0,,,,4800000.0,,,,3500000.0,,,,-1100000.0,,,,5300000.0,,,,3900000.0,,,,6400000.0,,,,8100000.0,,,,10600000.0,,,,7000000.0,,,,10800000.0,,,,14800000.0,,,
DebtInstrumentCarryingAmount / USD,,,,,,,,,,,,,,,543900000.0,540200000.0,540200000.0,540200000.0,540200000.0,694700000.0,694700000.0,694700000.0,694700000.0,765500000.0,765500000.0,765500000.0,765500000.0,611700000.0,611700000.0,611700000.0,611700000.0,1068200000.0,1068200000.0,1068200000.0,1068200000.0,748800000.0,748800000.0,748800000.0,851800000.0,,,,779300000.0,,,,4131300000.0,,4130000000.0,,3947100000.0,3947100000.0,3947100000.0,3947100000.0,3266000000.0,3266000000.0,3266000000.0,3266000000.0,2666200000.0,,,
DeferredCompensationLiabilityClassifiedNoncurrent / USD,,,,,31900000.0,31900000.0,31900000.0,,,,,,,,,,,,,,,,45800000.0,,,,43900000.0,,,,47400000.0,,,,55300000.0,,,,52400000.0,,,,63000000.0,,,,68900000.0,,,,115500000.0,,,,92200000.0,,,,102200000.0,,,
DeferredFederalIncomeTaxExpenseBenefit / USD,,,,,,,16200000.0,,,,16100000.0,,,,28300000.0,,,,11800000.0,,,,18200000.0,,,,-200000.0,,,,3500000.0,,,,4300000.0,,,,-10700000.0,,,,2300000.0,,,,-37000000.0,,,,-500000.0,,,,-39700000.0,,,,-39000000.0,,,
DeferredFinanceCostsNet / USD,,,,,,,,,,,,,,,,,,,,,,,,,1400000.0,1400000.0,,1400000.0,1400000.0,1400000.0,,,,,,,,,1300000.0,1200000.0,1200000.0,1200000.0,1200000.0,800000.0,800000.0,800000.0,800000.0,31900000.0,31900000.0,31900000.0,31900000.0,26500000.0,26500000.0,26500000.0,26500000.0,21100000.0,21100000.0,21100000.0,21100000.0,17200000.0,17200000.0,17200000.0
DeferredForeignIncomeTaxExpenseBenefit / USD,,,,,,,-900000.0,,,,0.0,,,,-900000.0,,,,-7200000.0,,,,-1700000.0,,,,100000.0,,,,-2000000.0,,,,600000.0,,,,-9100000.0,,,,-5600000.0,,,,5700000.0,,,,-5400000.0,,,,17000000.0,,,,48100000.0,,,
DeferredIncomeTaxLiabilities / USD,,,,,,,,,,,84200000.0,,,,121200000.0,,,,177500000.0,,,,143000000.0,,,,141400000.0,,,,146100000.0,,,,145400000.0,,,,139600000.0,,,,188500000.0,,,,187300000.0,,,,848100000.0,,,,721500000.0,,,,709000000.0,,,
DeferredIncomeTaxLiabilitiesNet / USD,,,,,,,,,,,,,,,,,,,,,,,,,,,,,,,,,,,,,,,,,,,,,39000000.0,39000000.0,39000000.0,625500000.0,625500000.0,625500000.0,625500000.0,490000000.0,490000000.0,490000000.0,490000000.0,415400000.0,415400000.0,415400000.0,415400000.0,354000000.0,354000000.0,354000000.0
DeferredStateAndLocalIncomeTaxExpenseBenefit / USD,,,,,,,3200000.0,,,,3900000.0,,,,-5100000.0,,,,4400000.0,,,,-2300000.0,,,,1000000.0,,,,-2500000.0,,,,-4800000.0,,,,-3600000.0,,,,600000.0,,,,-2300000.0,,,,2300000.0,,,,-100000.0,,,,300000.0,,,
DeferredTaxAssetsInProcessResearchAndDevelopment / USD,,,,,,,,,,,,,,,,,,,,,,,,,,,,,,,,,,,,,,,0.0,,,,38800000.0,,,,37100000.0,,,,34100000.0,,,,70800000.0,,,,141100000.0,,,
DeferredTaxAssetsNet / USD,,,,,,,78900000.0,,,,106200000.0,,,,127700000.0,,,,97100000.0,,,,108500000.0,,,,111000000.0,,,,124700000.0,,,,94400000.0,,,,100900000.0,,,,171200000.0,,,,184300000.0,,,,252000000.0,,,,246100000.0,,,,306100000.0,,,
DeferredTaxAssetsOther / USD,,,,,,,,,,,,,,,,,,,,,,,,,,,,,,,,,,,,,,,,,,,,,,,,,,,0.0,,,,32600000.0,,,,34800000.0,,,
DeferredTaxAssetsValuationAllowance / USD,,,,,,,,,,,300000.0,,,,,,,,,,,,,,,,18800000.0,,,,16900000.0,,,,8800000.0,,,,5400000.0,,,,6100000.0,,,,12900000.0,,,,12700000.0,,,,16100000.0,,,,18200000.0,,,
DeferredTaxLiabilities / USD,,,,,,,10300000.0,,,,,,,,,,,,,,,,34500000.0,,,,30400000.0,,,,21400000.0,,,,51000000.0,,,,38700000.0,,,,17300000.0,,,,3000000.0,,,,596100000.0,,,,475400000.0,,,,402900000.0,,,
DeferredTaxLiabilitiesGoodwillAndIntangibleAssetsIntangibleAssets / USD,,,,,,,34000000.0,,,,57000000.0,,,,65300000.0,,,,98800000.0,,,,111500000.0,,,,111600000.0,,,,110700000.0,,,,113400000.0,,,,112000000.0,,,,133500000.0,,,,139400000.0,,,,751500000.0,,,,646900000.0,,,,638700000.0,,,
DeferredTaxLiabilitiesPropertyPlantAndEquipment / USD,,,,,,,16300000.0,,,,24300000.0,,,,54600000.0,,,,28800000.0,,,,28800000.0,,,,26500000.0,,,,30600000.0,,,,28600000.0,,,,20500000.0,,,,16000000.0,,,,16500000.0,,,,37800000.0,,,,31900000.0,,,,29000000.0,,,
DeferredTaxLiabilitiesUndistributedForeignEarnings / USD,,,,,,,54500000.0,,,,19600000.0,,,,31200000.0,,,,43100000.0,,,,49700000.0,,,,59000000.0,,,,,,,,,,,,,,,,,,,,0.0,,,,15900000.0,,,,3100000.0,,,,3600000.0,,,
DefinedBenefitPlanAssetsForPlanBenefitsNoncurrent / USD,,,,,,,,,,,,,,,,,,,,,,,,,,,,,,,88500000.0,,,,127200000.0,,,,88200000.0,,71800000.0,71800000.0,71800000.0,67900000.0,67900000.0,67900000.0,67900000.0,123700000.0,123700000.0,123700000.0,123700000.0,178400000.0,178400000.0,178400000.0,178400000.0,203300000.0,203300000.0,203300000.0,203300000.0,227600000.0,227600000.0,227600000.0
DefinedBenefitPlanNetPeriodicBenefitCost / USD,,,,,2400000.0,,,,,,,,,,,,,,,,,,,,,,,,,,,,,,,,,,,,,,,,,,,,,,1000000.0,,,,1000000.0,,,,1000000.0,,,
DefinedBenefitPlanPensionPlansWithAccumulatedBenefitObligationsInExcessOfPlanAssetsAggregateAccumulatedBenefitObligation / USD,,,,,,,,,,,,,,,,,,,,,,,102900000.0,,,,94700000.0,,,,,,,,,,,,,,,,,,,,,,,,,,,,,,,,94800000.0,,,
DefinedBenefitPlanPensionPlansWithAccumulatedBenefitObligationsInExcessOfPlanAssetsAggregateFairValueOfPlanAssets / USD,,,,,,,,,,,,,,,,,,,,,,,47700000.0,,,,43800000.0,,,,,,,,,,,,,,,,,,,,,,,,,,,,,,,,38600000.0,,,
DefinedBenefitPlanPensionPlansWithAccumulatedBenefitObligationsInExcessOfPlanAssetsAggregateProjectedBenefitObligation / USD,,,,,,,,,,,,,,,,,,,,,,,105000000.0,,,,97600000.0,,,,,,,,,,,,,,,,,,,,,,,,,,,,,,,,98400000.0,,,
DefinedBenefitPlanSettlementsPlanAssets / USD,,,,,,,,,,,,,,,,,,,,,,,,,,,,,,,,,,,,,,,,,,,,,,,,,,,,,,,,,,,24800000.0,,,
DefinedContributionPlanCostRecognized / USD,,,,,,,,,,,,,,,,,,,,,,,,,,,,,,,,,,,,,,,,,,,11900000.0,,,,13400000.0,,,,13800000.0,,,,15200000.0,,,,29700000.0,,,
Depreciation / USD,,,,,,,30100000.0,,,,30600000.0,,,,39600000.0,,,,48900000.0,,,,59600000.0,,,,62300000.0,,,,58300000.0,,,,57600000.0,,,,65900000.0,,,,73500000.0,,,,74500000.0,,,,76600000.0,,,,115200000.0,,,,129800000.0,,,
DepreciationAndAmortization / USD,23000000.0,33200000.0,45000000.0,10600000.0,21400000.0,33200000.0,42500000.0,13900000.0,30700000.0,47400000.0,45200000.0,16800000.0,34900000.0,56400000.0,64200000.0,21900000.0,44000000.0,67100000.0,78300000.0,23200000.0,46600000.0,70100000.0,91100000.0,23200000.0,45800000.0,67600000.0,94300000.0,21100000.0,42800000.0,65600000.0,90300000.0,22800000.0,56000000.0,87400000.0,87300000.0,28800000.0,56400000.0,83700000.0,113000000.0,27600000.0,54700000.0,82600000.0,113000000.0,29300000.0,58300000.0,87500000.0,111900000.0,29300000.0,112400000.0,237800000.0,116200000.0,86900000.0,169600000.0,250400000.0,371800000.0,82100000.0,162100000.0,239000000.0,332200000.0,78000000.0,155800000.0,232700000.0
DerivativeAssets / USD,,,,,,,,,,,,,,,,,,,,,,,,,,,,,,,,,,,,,,,,,,,,,,,,,,,,,,,,,,,,1000000.0,1000000.0,1000000.0
DerivativeFairValueAmountOffsetAgainstCollateralNet / USD,,,,,,,,,,,,,,,,,-1900000.0,-1900000.0,,-8400000.0,-8400000.0,-8400000.0,,-11800000.0,-11800000.0,-11800000.0,,4300000.0,4300000.0,4300000.0,,-4200000.0,-4200000.0,-4200000.0,,-11100000.0,-11100000.0,-11100000.0,,-700000.0,-700000.0,-700000.0,,-16300000.0,-16300000.0,-16300000.0,,-5100000.0,-5100000.0,-5100000.0,,,,,,,,,600000.0,,,
DerivativeFairValueOfDerivativeNet / USD,,,,,,,,,,,,,,,,,,,,,,,,,,,,,,,,,,,,,,,,,,,,,,,,,,,,,,,,,,,-4100000.0,,,
DerivativeLiabilities / USD,,,,,,,,,,,,,,,,,,,,,,,,,,,,,,,,,,,,,,,,,,,,,,,,,,,,,,,,,,,,16900000.0,16900000.0,16900000.0
DerivativeLiabilitiesCurrent / USD,,,,,600000.0,3700000.0,,,,,,,,,,,,,,,,,,,,,,,,,,,,,,,,,,,,,,,,,,,,,4400000.0,,,,27800000.0,,,,27400000.0,,,
DerivativeLiabilitiesNoncurrent / USD,,,,,,,,,,,,,,,,,,,,,,,,,,,,,,,,,,,,,,,,,,,,,,,,,,,9600000.0,,,,19400000.0,,,,0.0,,,
DerivativeNotionalAmount / USD,,,,,,,,,,,,,,,,,,,,,,,,,,,,,,,,,,,,,,,,,,,,,,,,,,,,,,,,,,,,1058100000.0,1058100000.0,1058100000.0
EarningsPerShareBasic / USD/shares,1.28,2.25,3.14,0.69,1.48,2.32,3.15,0.88,5.04,5.97,3.33,0.98,2.06,3.22,6.97,1.09,2.24,3.49,4.47,1.22,2.72,4.21,4.96,1.22,2.59,3.96,5.87,1.13,2.5,4.0,5.55,0.87,2.57,4.53,5.52,1.87,4.27,6.8,6.45,2.09,4.97,7.92,9.32,2.25,4.81,7.35,11.08,2.29,3.76,6.75,10.95,4.55,8.2,12.01,10.31,3.81,7.74,11.97,16.85,3.77,7.58,13.18
EarningsPerShareDiluted / USD/shares,1.26,2.22,3.05,0.68,1.46,2.28,3.1,0.86,4.94,5.85,3.27,0.96,2.02,3.16,6.84,1.07,2.2,3.42,4.39,1.2,2.67,4.13,4.87,1.2,2.53,3.88,5.75,1.11,2.44,3.9,5.44,0.84,2.5,4.41,5.37,1.81,4.13,6.56,6.26,2.02,4.82,7.66,9.01,2.17,4.65,7.14,10.73,2.23,3.66,6.58,10.62,4.46,8.05,11.79,10.05,3.73,7.6,11.75,16.53,3.72,7.49,13.01
EffectOfExchangeRateOnCashCashEquivalentsRestrictedCashAndRestrictedCashEquivalents / USD,,,,,,,,,,,,,,,,,,,,,,,,,,,,,,,,,,,,,-11600000.0,-8800000.0,14700000.0,3100000.0,-700000.0,2900000.0,-15400000.0,-5300000.0,-11000000.0,-700000.0,5100000.0,-200000.0,-3800000.0,-7200000.0,15900000.0,3300000.0,-30100000.0,-65400000.0,-5800000.0,4400000.0,4900000.0,-8200000.0,-38000000.0,-17100000.0,-19800000.0,3800000.0
EffectiveIncomeTaxRateContinuingOperations / pure,,,,,0.364,0.348,0.3,0.35,0.347,0.335,0.309,0.303,0.304,0.284,0.329,0.249,0.263,0.188,0.287,0.258,0.272,0.246,0.177,0.298,0.286,0.264,0.236,0.276,0.277,0.239,0.243,0.249,0.226,0.197,0.209,0.191,0.183,0.154,0.208,0.189,0.185,0.167,0.153,0.186,0.158,0.179,0.151,0.164,0.228,0.215,0.144,-0.047,0.096,0.143,0.166,0.201,0.206,0.201,0.131,0.206,0.214,0.127
EffectiveIncomeTaxRateReconciliationAtFederalStatutoryIncomeTaxRate / pure,,,,,,,0.35,,,,0.35,,,,0.35,,,,0.35,,,,0.35,,,,0.35,,,,0.35,,,,0.35,,,,0.35,,,,0.21,,,,0.21,,,,0.21,,,,0.21,,,,0.21,,,
EffectiveIncomeTaxRateReconciliationForeignIncomeTaxRateDifferential / pure,,,,,,,-0.022,,,,0.0,,,,-0.008,,,,-0.026,,,,-0.034,,,,-0.037,,,,-0.021,,,,-0.027,,,,-0.042,,,,0.011,,,,0.007,,,,0.006,,,,0.014,,,,0.015,,,
EffectiveIncomeTaxRateReconciliationOtherAdjustments / pure,,,,,,,0.005,,,,0.006,,,,0.009,,,,0.001,,,,-0.018,,,,-0.016,,,,-0.016,,,,-0.026,,,,-0.035,,,,-0.003,,,,0.014,,,,0.015,,,,0.014,,,,0.022,,,
EffectiveIncomeTaxRateReconciliationShareBasedCompensationExcessTaxBenefitPercent / pure,,,,,,,,,,,,,,,,,,,,,,,,,,,,,,,,,,,0.035,,,,0.031,,,,0.033,,,,0.033,,,,0.045,,,,0.025,,,,-0.011,,,
EffectiveIncomeTaxRateReconciliationStateAndLocalIncomeTaxes / pure,,,,,,,0.042,,,,0.038,,,,0.018,,,,0.032,,,,0.019,,,,0.025,,,,0.019,,,,0.016,,,,0.018,,,,0.019,,,,0.022,,,,0.02,,,,0.018,,,,0.017,,,
EffectiveIncomeTaxRateReconciliationTaxContingencies / pure,,,,,,,,,,,0.0,,,,0.023,,,,0.007,,,,-0.054,,,,-0.014,,,,-0.021,,,,-0.015,,,,-0.008,,,,-0.003,,,,-0.006,,,,0.007,,,,-0.024,,,,-0.079,,,
EffectiveIncomeTaxRateReconciliationTaxCreditsInvestment / pure,,,,,,,,,,,,,,,-0.023,,,,0.034,,,,0.024,,,,0.019,,,,0.012,,,,0.018,,,,0.015,,,,0.012,,,,0.011,,,,0.01,,,,0.011,,,,0.005,,,
EffectiveIncomeTaxRateReconciliationTaxCreditsResearch / pure,,,,,,,-0.091,,,,-0.067,,,,-0.026,,,,0.024,,,,0.045,,,,0.033,,,,0.034,,,,0.02,,,,0.032,,,,0.023,,,,0.022,,,,0.034,,,,0.034,,,,0.018,,,
EmployeeRelatedLiabilitiesCurrent / USD,,,,,87200000.0,87200000.0,87200000.0,,,,,,,,,,,,,,,,,,,,,,,,,,,,,,,,,,,,,,,,,,,,215100000.0,,,,205100000.0,,,,204600000.0,,,
EntityCommonStockSharesOutstanding / shares,36257566.0,36299810.0,36640514.0,36727575.0,36782382.0,36964286.0,36705383.0,36754740.0,36817657.0,36896038.0,37297596.0,37366630.0,37435579.0,37519937.0,37639870.0,37526566.0,37529806.0,36555065.0,35266140.0,35335689.0,35392499.0,35441756.0,34467315.0,34496583.0,34656748.0,34941356.0,35216739.0,35286579.0,35333607.0,35436487.0,35696521.0,35762990.0,35913116.0,36079107.0,36209282.0,36236354.0,36379266.0,36470156.0,36630917.0,36663611.0,36863419.0,36881725.0,37019992.0,37067616.0,46606641.0,46655176.0,47194791.0,46842854.0,46864643.0,46871093.0,46995252.0,47045579.0,47074611.0,47184697.0,47376363.0,47422490.0,46784213.0,46602321.0,46834810.0,46859346.0,46888498.0,46950987.0
EntityPublicFloat / USD,1203900000.0,1203900000.0,1319000000.0,1319000000.0,1319000000.0,1319000000.0,1795100000.0,,,,2200000000.0,,,,2800000000.0,,,,3400000000.0,,,,3400000000.0,,,,3200000000.0,,,,4200000000.0,,,,6800000000.0,,,,9700000000.0,,,,10900000000.0,,,,19400000000.0,,,,17300000000.0,,,,18900000000.0,,,,18000000000.0,,,
FiniteLivedIntangibleAssetsAccumulatedAmortization / USD,,,,,,,60900000.0,,,,84500000.0,,,,112900000.0,,,,141200000.0,,,,166800000.0,,,,189100000.0,,,,214900000.0,,,,262200000.0,,,,290800000.0,,,,329900000.0,,377200000.0,377200000.0,377200000.0,521700000.0,521700000.0,521700000.0,521700000.0,696100000.0,696100000.0,696100000.0,696100000.0,906100000.0,906100000.0,906100000.0,906100000.0,1074700000.0,1074700000.0,1074700000.0
FiniteLivedIntangibleAssetsAmortizationExpenseNextTwelveMonths / USD,,,,,,,,,,,27500000.0,,,,29600000.0,,,,30900000.0,,,,27600000.0,,,,27300000.0,,,,38500000.0,,,,29100000.0,,,,38500000.0,,,,39000000.0,,,,211600000.0,,,,195200000.0,,,,198900000.0,,,,190300000.0,,,
FiniteLivedIntangibleAssetsAmortizationExpenseYearFive / USD,,,,,,,,,,,21400000.0,,,,20600000.0,,,,15200000.0,,,,13700000.0,,,,14300000.0,,,,24900000.0,,,,19800000.0,,,,28700000.0,,,,24400000.0,,,,198100000.0,,,,178800000.0,,,,181500000.0,,,,139200000.0,,,
FiniteLivedIntangibleAssetsAmortizationExpenseYearFour / USD,,,,,,,,,,,23100000.0,,,,23600000.0,,,,23100000.0,,,,15500000.0,,,,15200000.0,,,,27800000.0,,,,23700000.0,,,,30500000.0,,,,30400000.0,,,,200300000.0,,,,185400000.0,,,,183800000.0,,,,178200000.0,,,
FiniteLivedIntangibleAssetsAmortizationExpenseYearThree / USD,,,,,,,,,,,25800000.0,,,,25200000.0,,,,26100000.0,,,,22900000.0,,,,17100000.0,,,,28700000.0,,,,26500000.0,,,,34300000.0,,,,32200000.0,,,,205900000.0,,,,187700000.0,,,,190600000.0,,,,180600000.0,,,
FiniteLivedIntangibleAssetsAmortizationExpenseYearTwo / USD,,,,,,,,,,,27300000.0,,,,28000000.0,,,,27700000.0,,,,25900000.0,,,,24200000.0,,,,30600000.0,,,,27500000.0,,,,37100000.0,,,,36200000.0,,,,207700000.0,,,,193100000.0,,,,193300000.0,,,,187700000.0,,,
FiniteLivedIntangibleAssetsGross / USD,,,,,,,136600000.0,,,,208600000.0,,,,284600000.0,,,,309600000.0,,,,338600000.0,,,,330400000.0,,,,347200000.0,,,,504600000.0,,,,483600000.0,,,,597200000.0,,611200000.0,611200000.0,611200000.0,2406200000.0,2406200000.0,2406200000.0,2406200000.0,2288500000.0,2288500000.0,2288500000.0,2288500000.0,2334200000.0,2334200000.0,2334200000.0,2334200000.0,2294500000.0,2294500000.0,2294500000.0
FiniteLivedIntangibleAssetsNet / USD,109600000.0,109600000.0,109600000.0,113900000.0,113900000.0,113900000.0,113900000.0,181400000.0,181400000.0,181400000.0,124100000.0,265700000.0,265700000.0,265700000.0,171700000.0,270900000.0,270900000.0,270900000.0,168400000.0,277600000.0,277600000.0,277600000.0,171800000.0,243300000.0,243300000.0,243300000.0,141300000.0,234600000.0,234600000.0,234600000.0,132300000.0,398900000.0,398900000.0,398900000.0,242400000.0,344300000.0,344300000.0,344300000.0,192800000.0,430800000.0,430800000.0,430800000.0,267300000.0,409700000.0,234000000.0,234000000.0,234000000.0,1884500000.0,1884500000.0,1884500000.0,1884500000.0,1592400000.0,1592400000.0,1592400000.0,1592400000.0,1428100000.0,1428100000.0,1428100000.0,1428100000.0,1219800000.0,1219800000.0,1219800000.0
GainsLossesOnExtinguishmentOfDebt / USD,,,,,,,,,,,,,,,,,,,,,,,,,,,,,,,,,,,,,,,,,,,,,,,,,-13400000.0,-13400000.0,0.0,,10600000.0,10600000.0,-13400000.0,,1600000.0,1600000.0,10600000.0,,,
Goodwill / USD,502400000.0,502400000.0,501500000.0,546300000.0,546300000.0,546300000.0,501500000.0,717800000.0,717800000.0,717800000.0,546300000.0,990200000.0,990200000.0,990200000.0,717800000.0,1037800000.0,1037800000.0,1037800000.0,990200000.0,1150600000.0,1150600000.0,1150600000.0,1037800000.0,1140200000.0,1140200000.0,1140200000.0,1150600000.0,1193500000.0,1193500000.0,1193500000.0,1140200000.0,1776700000.0,1776700000.0,1776700000.0,1193500000.0,1735200000.0,1735200000.0,1735200000.0,1776700000.0,2050500000.0,2050500000.0,2050500000.0,1735200000.0,2150000000.0,2150000000.0,2150000000.0,2050500000.0,7986700000.0,7986700000.0,7986700000.0,2150000000.0,7873000000.0,7873000000.0,7873000000.0,7986700000.0,8002800000.0,8002800000.0,8002800000.0,7873000000.0,7990500000.0,7990500000.0,7990500000.0
GoodwillAcquiredDuringPeriod / USD,,,,,,,46400000.0,,,,175200000.0,,,,265100000.0,,,,62500000.0,,,,142800000.0,,40400000.0,40500000.0,31000000.0,472900000.0,468800000.0,471100000.0,64000000.0,,,,504800000.0,,,,1800000.0,,,,304900000.0,,,,16900000.0,,,,5905500000.0,48400000.0,49400000.0,55900000.0,78500000.0,,87100000.0,87700000.0,76600000.0,456600000.0,89200000.0,89200000.0
ImpairmentOfIntangibleAssetsExcludingGoodwill / USD,,,,,,,,,,,,,,,1200000.0,,,,1200000.0,,,,1200000.0,,,,700000.0,,,,500000.0,,,,,,,,,,,,,,,,,,,,,,,,,,,,400000.0,,,
ImpairmentOfIntangibleAssetsFinitelived / USD,,,,,,,,,,,,,,,,,,,,,,,,,,,,,,,,,,,,,,,,,,,,,,,,,,,,,,,,,,,400000.0,,,
IncomeLossFromContinuingOperationsBeforeIncomeTaxesDomestic / USD,,,,,,,148600000.0,,,,168100000.0,,,,180700000.0,,,,195100000.0,,,,176700000.0,,,,221400000.0,,,,213800000.0,,,,195200000.0,,,,187200000.0,,,,243700000.0,,,,295900000.0,,,,289500000.0,,,,108000000.0,,,,490300000.0,,,
IncomeLossFromContinuingOperationsBeforeIncomeTaxesExtraordinaryItemsNoncontrollingInterest / USD,,,,,,,,,,,,,,,,,,,,,,,,,,,,,,,,,,,,,,,,,,,,,,328600000.0,473700000.0,101300000.0,193400000.0,361300000.0,469700000.0,203000000.0,424500000.0,655800000.0,533800000.0,223700000.0,458600000.0,704700000.0,908100000.0,225500000.0,457200000.0,712300000.0
IncomeLossFromContinuingOperationsBeforeIncomeTaxesForeign / USD,,,,,,,,,,,5500000.0,,,,30900000.0,,,,33100000.0,,,,47300000.0,,,,60700000.0,,,,44400000.0,,,,46100000.0,,,,99800000.0,,,,150200000.0,,,,177800000.0,,,,180200000.0,,,,425800000.0,,,,417800000.0,,,
IncomeTaxExpenseBenefit / USD,29800000.0,37200000.0,69100000.0,14700000.0,30300000.0,44300000.0,50000000.0,17500000.0,37900000.0,53100000.0,53600000.0,15500000.0,32900000.0,46800000.0,69500000.0,13200000.0,29700000.0,30000000.0,65400000.0,15900000.0,38000000.0,51000000.0,39500000.0,18500000.0,37000000.0,50900000.0,66500000.0,14900000.0,32900000.0,43300000.0,62700000.0,10100000.0,26400000.0,39100000.0,50400000.0,15700000.0,34200000.0,44100000.0,59800000.0,17600000.0,40900000.0,57600000.0,60100000.0,18800000.0,33000000.0,58800000.0,71400000.0,16600000.0,44000000.0,77800000.0,67800000.0,-9600000.0,40600000.0,93700000.0,88500000.0,44900000.0,94300000.0,141600000.0,119200000.0,46400000.0,97800000.0,90700000.0
IncomeTaxesPaidNet / USD,,,,,,,,,,,,,,,,,,,,,,,,,,,72700000.0,,,,86500000.0,,,,24600000.0,,,,36700000.0,,,,64700000.0,,,,110100000.0,,,,74500000.0,,,,83600000.0,,,,212400000.0,,,
IncreaseDecreaseInAccountsAndOtherReceivables / USD,,,,,,,,,,,,,,,,,,,,,,,,,,,,,,,,,,,,,,,,,36600000.0,49100000.0,66700000.0,14600000.0,-500000.0,-8700000.0,58800000.0,17200000.0,28000000.0,103000000.0,-47800000.0,57200000.0,67500000.0,40200000.0,158900000.0,-50000000.0,-9900000.0,31100000.0,87900000.0,-12100000.0,-39100000.0,45900000.0
IncreaseDecreaseInAccountsPayable / USD,-3700000.0,-6300000.0,-800000.0,6900000.0,800000.0,11600000.0,-5700000.0,10400000.0,15900000.0,3200000.0,-3700000.0,19000000.0,20300000.0,26000000.0,-11100000.0,4400000.0,1400000.0,2200000.0,22300000.0,5100000.0,1600000.0,-400000.0,-11800000.0,-8800000.0,-18100000.0,-10400000.0,13400000.0,-2200000.0,-2600000.0,6900000.0,-26800000.0,14000000.0,25400000.0,12600000.0,2100000.0,9700000.0,25900000.0,18300000.0,12400000.0,-1100000.0,-7800000.0,7300000.0,39900000.0,-1000000.0,-20400000.0,-52200000.0,29600000.0,24300000.0,27400000.0,59800000.0,-46300000.0,33100000.0,32800000.0,58900000.0,99100000.0,-10800000.0,-49700000.0,-47400000.0,45900000.0,27700000.0,13300000.0,55200000.0
IncreaseDecreaseInAccruedLiabilities / USD,-33700000.0,-18900000.0,12600000.0,-12500000.0,2300000.0,700000.0,-10100000.0,-17400000.0,9300000.0,10200000.0,10700000.0,-27500000.0,-24900000.0,-35000000.0,33100000.0,-20500000.0,-10200000.0,-16000000.0,-22100000.0,-29300000.0,-10200000.0,-5000000.0,5100000.0,-39100000.0,-34900000.0,-38800000.0,8600000.0,9900000.0,14400000.0,37500000.0,-41100000.0,9700000.0,6500000.0,11400000.0,26800000.0,-9000000.0,-15700000.0,26100000.0,16200000.0,-15100000.0,-14700000.0,8000000.0,4100000.0,-34600000.0,-35500000.0,11100000.0,17800000.0,-50200000.0,-15500000.0,-65400000.0,53700000.0,-451500000.0,-405100000.0,-403000000.0,-5700000.0,-34600000.0,-18600000.0,-13400000.0,-344200000.0,-21800000.0,33600000.0,69100000.0
IncreaseDecreaseInIncomeTaxesPayableNetOfIncomeTaxesReceivable / USD,,,,,,,,,,,,,,,,,,,,,,,,,,6400000.0,,10900000.0,24800000.0,26700000.0,,8100000.0,13200000.0,11900000.0,,10900000.0,-1000000.0,-6100000.0,,-2800000.0,-4500000.0,-18700000.0,,9100000.0,28300000.0,10800000.0,,-4100000.0,-2600000.0,16900000.0,,5600000.0,-60200000.0,-32800000.0,,7200000.0,8500000.0,41000000.0,,,,
IncreaseDecreaseInInventories / USD,-8700000.0,-14000000.0,4300000.0,10800000.0,4700000.0,18300000.0,-18200000.0,3500000.0,19400000.0,21000000.0,-1300000.0,12900000.0,11900000.0,12900000.0,10900000.0,17900000.0,8000000.0,10200000.0,6800000.0,14200000.0,22500000.0,17300000.0,-600000.0,15900000.0,20900000.0,27000000.0,5700000.0,10200000.0,12200000.0,18900000.0,6400000.0,21700000.0,41000000.0,36900000.0,9100000.0,6000000.0,12200000.0,10100000.0,7400000.0,12400000.0,10100000.0,2700000.0,1700000.0,16400000.0,6000000.0,-27100000.0,-12200000.0,-17800000.0,-20500000.0,-3700000.0,-54300000.0,56600000.0,103900000.0,135100000.0,-7000000.0,57600000.0,75300000.0,77200000.0,155200000.0,25200000.0,43200000.0,33000000.0
IncreaseDecreaseInOtherOperatingCapitalNet / USD,-1000000.0,-900000.0,6400000.0,-4300000.0,600000.0,-1500000.0,-1200000.0,-2800000.0,-1400000.0,-5000000.0,-3000000.0,-1200000.0,-300000.0,-2200000.0,-5600000.0,700000.0,1900000.0,-1400000.0,-2800000.0,-100000.0,-3600000.0,-600000.0,700000.0,2100000.0,500000.0,4500000.0,6300000.0,-4900000.0,2100000.0,3700000.0,4900000.0,-7700000.0,-7100000.0,-8500000.0,3100000.0,-3500000.0,-10300000.0,5500000.0,-5600000.0,1700000.0,-700000.0,5900000.0,-13300000.0,-2800000.0,-4400000.0,-5800000.0,4500000.0,-2900000.0,-14400000.0,-20300000.0,-300000.0,-3800000.0,-9600000.0,26900000.0,-11200000.0,8700000.0,6100000.0,-1300000.0,28600000.0,-11300000.0,-9500000.0,-9600000.0
IncreaseDecreaseInPrepaidDeferredExpenseAndOtherAssets / USD,,,,,,,,,,,,,,,,-1600000.0,-5600000.0,-900000.0,-100000.0,-600000.0,-500000.0,600000.0,-1300000.0,4600000.0,500000.0,900000.0,2800000.0,5400000.0,400000.0,1400000.0,1300000.0,5800000.0,-2800000.0,1200000.0,1700000.0,3600000.0,1300000.0,-3700000.0,3600000.0,10000000.0,16000000.0,18000000.0,-12500000.0,-10000000.0,-10500000.0,9100000.0,5300000.0,100000.0,-11400000.0,-19900000.0,10200000.0,2400000.0,-16200000.0,-4200000.0,-11800000.0,11300000.0,16300000.0,26300000.0,50400000.0,1500000.0,-7400000.0,16700000.0
IntangibleAssetsGrossExcludingGoodwill / USD,,,,,,,,,,,,,,,,,,,,,,,,,,,,,,,,,,,,,,,,,,,,,786900000.0,786900000.0,786900000.0,3263300000.0,3263300000.0,3263300000.0,3263300000.0,3136700000.0,3136700000.0,3136700000.0,3136700000.0,3184200000.0,3184200000.0,3184200000.0,3184200000.0,3087600000.0,3087600000.0,3087600000.0
IntangibleAssetsNetExcludingGoodwill / USD,,,,,,,,,,,,,,,,,,,,,,,,,,,,,,,,,,,,,,,,,,,,,409700000.0,409700000.0,409700000.0,2741600000.0,2741600000.0,2741600000.0,2741600000.0,2440600000.0,2440600000.0,2440600000.0,2440600000.0,2278100000.0,2278100000.0,2278100000.0,2278100000.0,2012900000.0,2012900000.0,2012900000.0
InterestExpenseDebt / USD,,,,,,,5100000.0,,,,6900000.0,,,,16700000.0,,,,18200000.0,,,,20900000.0,,,,19100000.0,,,,24000000.0,,,,23600000.0,,,,35500000.0,,,,29200000.0,,,,22000000.0,,,,15800000.0,,,,104800000.0,,,,89300000.0,,,
InterestExpenseNonoperating / USD,,,,,,,,,,,,,,,,,,,,,,,,,,,,,,,,,,,,,,,,,,,,,,,,,,,,,,,,,43300000.0,61700000.0,89300000.0,12700000.0,28500000.0,44200000.0
InterestPaidNet / USD,,,,,,,,,,,,,,,,,,,,,,,,,,,,,,,,,,,,,,,,,,,,,,,23400000.0,,,,19100000.0,,,,117200000.0,,,,79300000.0,,,
InventoryFinishedGoods / USD,,,,,18300000.0,18300000.0,18300000.0,28000000.0,28000000.0,28000000.0,28000000.0,30500000.0,30500000.0,30500000.0,30500000.0,41400000.0,41400000.0,41400000.0,41400000.0,43300000.0,43300000.0,43300000.0,43300000.0,45800000.0,45400000.0,45400000.0,45800000.0,43000000.0,43000000.0,43000000.0,43000000.0,54100000.0,54100000.0,54100000.0,54100000.0,50500000.0,50500000.0,50500000.0,50500000.0,61700000.0,61700000.0,61700000.0,61700000.0,62500000.0,62500000.0,62500000.0,62000000.0,150100000.0,150100000.0,150100000.0,150100000.0,170200000.0,170200000.0,170200000.0,170200000.0,172300000.0,172300000.0,172300000.0,172300000.0,164800000.0,164800000.0,164800000.0
InventoryNet / USD,189600000.0,189600000.0,164800000.0,172300000.0,172300000.0,172300000.0,172300000.0,219400000.0,219400000.0,219400000.0,219400000.0,281200000.0,281200000.0,281200000.0,281200000.0,294300000.0,294300000.0,294300000.0,294300000.0,311800000.0,311800000.0,311800000.0,311800000.0,309200000.0,304100000.0,304100000.0,309200000.0,314200000.0,314200000.0,314200000.0,314200000.0,400200000.0,400200000.0,400200000.0,400200000.0,364300000.0,364300000.0,364300000.0,364300000.0,393400000.0,393400000.0,393400000.0,393400000.0,347300000.0,347300000.0,347300000.0,347300000.0,752900000.0,752900000.0,752900000.0,752900000.0,890700000.0,890700000.0,890700000.0,890700000.0,917700000.0,917700000.0,917700000.0,917700000.0,914400000.0,914400000.0,914400000.0
InventoryRawMaterialsAndSupplies / USD,,,,,90600000.0,90600000.0,90600000.0,107300000.0,107300000.0,107300000.0,107300000.0,129400000.0,129400000.0,129400000.0,129400000.0,130700000.0,130700000.0,130700000.0,130700000.0,143100000.0,143100000.0,143100000.0,143100000.0,141600000.0,139100000.0,139100000.0,141600000.0,146000000.0,146000000.0,146000000.0,146000000.0,200200000.0,200200000.0,200200000.0,200200000.0,205600000.0,205600000.0,205600000.0,205600000.0,231200000.0,231200000.0,231200000.0,231200000.0,231000000.0,231000000.0,231000000.0,227700000.0,479800000.0,479800000.0,479800000.0,479800000.0,563700000.0,563700000.0,563700000.0,563700000.0,560600000.0,560600000.0,560600000.0,560600000.0,559200000.0,559200000.0,559200000.0
InventoryWorkInProcess / USD,,,,,97800000.0,97800000.0,97800000.0,104900000.0,104900000.0,104900000.0,104900000.0,145900000.0,145900000.0,145900000.0,145900000.0,151500000.0,151500000.0,151500000.0,151500000.0,153500000.0,153500000.0,153500000.0,153500000.0,149400000.0,146100000.0,146100000.0,149400000.0,147800000.0,147800000.0,147800000.0,147800000.0,157900000.0,157900000.0,157900000.0,157900000.0,117500000.0,117500000.0,117500000.0,117500000.0,108300000.0,108300000.0,108300000.0,108300000.0,60500000.0,60500000.0,60500000.0,57600000.0,123000000.0,123000000.0,123000000.0,123000000.0,156800000.0,156800000.0,156800000.0,156800000.0,184800000.0,184800000.0,184800000.0,184800000.0,190400000.0,190400000.0,190400000.0
LesseeOperatingLeaseDiscountRate / pure,,,,,,,,,,,,,,,,,,,,,,,,,,,,,,,,,,,,0.0409,0.0408,0.0407,0.0405,0.0404,,,0.04,,,,0.0348,,,,0.0353,,,,0.0472,,,,0.0425,,,
LesseeOperatingLeaseLiabilityPaymentsDue / USD,,,,,,,,,,,,,,,,,,,,,,,,,,,,,,,,,,,,175200000.0,173900000.0,174100000.0,169300000.0,170300000.0,,,163900000.0,,,,193400000.0,,,,176800000.0,,,,174500000.0,,,,159800000.0,,,
LesseeOperatingLeaseLiabilityPaymentsDueAfterYearFive / USD,,,,,,,,,,,,,,,,,,,,,,,,,,,,,,,,,,,,79900000.0,84700000.0,84700000.0,70100000.0,74400000.0,,,66000000.0,,,,65400000.0,,,,48400000.0,,,,39400000.0,,,,31600000.0,,,
LesseeOperatingLeaseLiabilityPaymentsDueNextTwelveMonths / USD,,,,,,,,,,,,,,,,,,,,,,,,,,,,,,,,,,,,22500000.0,11500000.0,,24500000.0,,,,23800000.0,,,,33500000.0,,,,35300000.0,,,,36400000.0,,,,37600000.0,,,
LesseeOperatingLeaseLiabilityPaymentsDueYearFive / USD,,,,,,,,,,,,,,,,,,,,,,,,,,,,,,,,,,,,15600000.0,16700000.0,17500000.0,15100000.0,15800000.0,,,15500000.0,,,,18600000.0,,,,16900000.0,,,,15900000.0,,,,14200000.0,,,
LesseeOperatingLeaseLiabilityPaymentsDueYearFour / USD,,,,,,,,,,,,,,,,,,,,,,,,,,,,,,,,,,,,16900000.0,18200000.0,19200000.0,16900000.0,17700000.0,,,17000000.0,,,,21700000.0,,,,20800000.0,,,,22300000.0,,,,18900000.0,,,
LesseeOperatingLeaseLiabilityPaymentsDueYearThree / USD,,,,,,,,,,,,,,,,,,,,,,,,,,,,,,,,,,,,19300000.0,20500000.0,22100000.0,19700000.0,20600000.0,,,19200000.0,,,,24300000.0,,,,25900000.0,,,,27300000.0,,,,26300000.0,,,
LesseeOperatingLeaseLiabilityPaymentsDueYearTwo / USD,,,,,,,,,,,,,,,,,,,,,,,,,,,,,,,,,,,,21000000.0,22300000.0,24200000.0,23000000.0,23200000.0,,,22400000.0,,,,29900000.0,,,,29500000.0,,,,33200000.0,,,,31200000.0,,,
LesseeOperatingLeaseLiabilityUndiscountedExcessAmount / USD,,,,,,,,,,,,,,,,,,,,,,,,,,,,,,,,,,,,31200000.0,34100000.0,32600000.0,30400000.0,35800000.0,,,26200000.0,,,,27100000.0,,,,21500000.0,,,,21000000.0,,,,20000000.0,,,
Liabilities / USD,754100000.0,754100000.0,754100000.0,770800000.0,770800000.0,770800000.0,770800000.0,842000000.0,842000000.0,842000000.0,842000000.0,1203000000.0,1203000000.0,1203000000.0,1203000000.0,1232400000.0,1232400000.0,1232400000.0,1232400000.0,1393700000.0,1393700000.0,1393700000.0,1393700000.0,1374400000.0,1373000000.0,1373000000.0,1373000000.0,1220000000.0,1220000000.0,1220000000.0,1220000000.0,1899100000.0,1899100000.0,1899100000.0,1899100000.0,1579600000.0,1579600000.0,1579600000.0,1579600000.0,1865100000.0,1865100000.0,1865100000.0,1865100000.0,1856200000.0,1856200000.0,1856200000.0,1856200000.0,6808300000.0,6808300000.0,6808300000.0,6808300000.0,6181100000.0,6181100000.0,6181100000.0,6181100000.0,5302100000.0,5302100000.0,5302100000.0,5302100000.0,4645100000.0,4645100000.0,4645100000.0
LiabilitiesAndStockholdersEquity / USD,1421500000.0,1421500000.0,1421500000.0,1557800000.0,1557800000.0,1557800000.0,1557800000.0,1826100000.0,1826100000.0,1826100000.0,1826100000.0,2406400000.0,2406400000.0,2406400000.0,2406400000.0,2751100000.0,2751100000.0,2751100000.0,2751100000.0,2862200000.0,2862200000.0,2862200000.0,2862200000.0,2718500000.0,2717100000.0,2717100000.0,2717100000.0,2774400000.0,2774400000.0,2774400000.0,2774400000.0,3846400000.0,3846400000.0,3846400000.0,3846400000.0,3809300000.0,3809300000.0,3809300000.0,3809300000.0,4579800000.0,4579800000.0,4579800000.0,4579800000.0,5084800000.0,5084800000.0,5084800000.0,5084800000.0,14430300000.0,14430300000.0,14430300000.0,14430300000.0,14354000000.0,14354000000.0,14354000000.0,14354000000.0,14527900000.0,14527900000.0,14527900000.0,14527900000.0,14200500000.0,14200500000.0,14200500000.0
LiabilitiesCurrent / USD,281100000.0,281100000.0,326000000.0,341200000.0,341200000.0,341200000.0,341200000.0,334200000.0,334200000.0,334200000.0,334200000.0,407300000.0,407300000.0,407300000.0,407300000.0,418100000.0,418100000.0,418100000.0,418100000.0,539000000.0,539000000.0,539000000.0,539000000.0,393600000.0,393600000.0,393600000.0,393600000.0,501800000.0,501800000.0,501800000.0,501800000.0,540600000.0,540600000.0,540600000.0,540600000.0,720800000.0,720800000.0,720800000.0,720800000.0,763200000.0,763200000.0,763200000.0,763200000.0,760900000.0,760900000.0,760900000.0,760900000.0,1498400000.0,1498400000.0,1498400000.0,1498400000.0,1523400000.0,1523400000.0,1523400000.0,1523400000.0,1766100000.0,1766100000.0,1766100000.0,1766100000.0,1261600000.0,1261600000.0,1261600000.0
LiabilityForUncertainTaxPositionsNoncurrent / USD,,,,,,,,,,,,,,,,,,,,,,,,,,,,,,,,,,,,,,,,,,,,,,,,,,,150700000.0,,,,176300000.0,,,,104500000.0,,,
LongTermDebt / USD,,,,,250000000.0,250000000.0,250000000.0,298000000.0,298000000.0,298000000.0,250000000.0,543400000.0,543400000.0,543400000.0,543400000.0,538100000.0,538100000.0,538100000.0,538100000.0,609800000.0,609800000.0,609800000.0,609800000.0,755500000.0,,,754100000.0,,,,,,,,,,,,747500000.0,850600000.0,850600000.0,850600000.0,850600000.0,778500000.0,778500000.0,778500000.0,778500000.0,4099400000.0,4099400000.0,4099400000.0,4099400000.0,3920600000.0,3920600000.0,3920600000.0,3920600000.0,3244900000.0,3244900000.0,3244900000.0,3244900000.0,2649000000.0,2649000000.0,2649000000.0
LongTermDebtCurrent / USD,,,,,,,,,,,,,,,-500000.0,2100000.0,2100000.0,2100000.0,2100000.0,84900000.0,84900000.0,84900000.0,84900000.0,10000000.0,,,11400000.0,,,,,,,,,137400000.0,137400000.0,137400000.0,137400000.0,100600000.0,100600000.0,100600000.0,100600000.0,97600000.0,97600000.0,97600000.0,97600000.0,0.0,0.0,0.0,0.0,300100000.0,300100000.0,300100000.0,300100000.0,600100000.0,600100000.0,600100000.0,600100000.0,300000.0,300000.0,300000.0
LongTermDebtFairValue / USD,,,,,,,,,,,,,,,,,,,,,,,,,,,,,,,,,,,,,,,,,,,,,,,,,,,,3492700000.0,3492700000.0,3492700000.0,,2965300000.0,2965300000.0,2965300000.0,,,,
LongTermDebtMaturitiesRepaymentsOfPrincipalAfterYearFive / USD,,,,,,,,,,,,,,,254400000.0,,,,170000000.0,,,,195000000.0,,,,264300000.0,,,,240400000.0,,,,115500000.0,,,,1000000.0,,,,1100000.0,,,,2300100000.0,,,,2225100000.0,,,,1515200000.0,,,,1515500000.0,,,
LongTermDebtMaturitiesRepaymentsOfPrincipalInNextTwelveMonths / USD,,,,,,,,,,,,,,,,,,,84900000.0,,,,10000000.0,,,,100700000.0,,,,2300000.0,,,,137400000.0,,,,100600000.0,,,,97100000.0,,,,0.0,,,,300100000.0,,,,600100000.0,,,,400000.0,,,
LongTermDebtMaturitiesRepaymentsOfPrincipalInYearFive / USD,,,,,,,,,,,,,,,89400000.0,,,,177500000.0,,,,100000000.0,,,,102400000.0,,,,482000000.0,,,,114300000.0,,,,386900000.0,,,,800000.0,,,,930200000.0,,,,300000.0,,,,700100000.0,,,,100000.0,,,
LongTermDebtMaturitiesRepaymentsOfPrincipalInYearFour / USD,,,,,,,,,,,,,,,108100000.0,,,,131400000.0,,,,175000000.0,,,,108600000.0,,,,102400000.0,,,,157100000.0,,,,111900000.0,,,,397100000.0,,,,100000.0,,,,820300000.0,,,,200000.0,,,,700100000.0,,,
LongTermDebtMaturitiesRepaymentsOfPrincipalInYearThree / USD,,,,,,,,,,,,,,,5600000.0,,,,120300000.0,,,,170500000.0,,,,34600000.0,,,,105100000.0,,,,95000000.0,,,,156000000.0,,,,122100000.0,,,,600700000.0,,,,300000.0,,,,450200000.0,,,,0.0,,,
LongTermDebtMaturitiesRepaymentsOfPrincipalInYearTwo / USD,,,,,,,,,,,,,,,80600000.0,,,,10600000.0,,,,115000000.0,,,,1100000.0,,,,136000000.0,,,,129500000.0,,,,95400000.0,,,,161100000.0,,,,300200000.0,,,,601000000.0,,,,200000.0,,,,450100000.0,,,
LongTermDebtNoncurrent / USD,,,,,,,,,,,,,,,,,,,,,,,,,754100000.0,754100000.0,,509700000.0,509700000.0,509700000.0,509700000.0,1063900000.0,1063900000.0,1063900000.0,1063900000.0,610100000.0,610100000.0,610100000.0,610100000.0,750000000.0,750000000.0,750000000.0,750000000.0,680900000.0,680900000.0,680900000.0,680900000.0,4099400000.0,4099400000.0,4099400000.0,4099400000.0,3620500000.0,3620500000.0,3620500000.0,3620500000.0,2644800000.0,2644800000.0,2644800000.0,2644800000.0,2648700000.0,2648700000.0,2648700000.0
NetCashProvidedByUsedInFinancingActivities / USD,300000.0,-20300000.0,213200000.0,11100000.0,-12500000.0,7700000.0,-80500000.0,321600000.0,68200000.0,33900000.0,8400000.0,100700000.0,18200000.0,338400000.0,29600000.0,145900000.0,78100000.0,,260300000.0,,,,11100000.0,,-69900000.0,-118200000.0,30400000.0,-59200000.0,-77900000.0,-141500000.0,-145000000.0,668900000.0,599600000.0,535600000.0,-145000000.0,-42600000.0,-90900000.0,-190500000.0,414100000.0,124300000.0,64600000.0,216700000.0,-271300000.0,9900000.0,27800000.0,-45900000.0,141700000.0,2454000000.0,3451400000.0,3147300000.0,-61800000.0,42600000.0,-110600000.0,-115200000.0,2807100000.0,-103400000.0,-567800000.0,-665700000.0,-110000000.0,6100000.0,-637900000.0,-772400000.0
NetCashProvidedByUsedInInvestingActivities / USD,-24800000.0,-53600000.0,-326600000.0,-9800000.0,-27200000.0,-80600000.0,-68700000.0,-370400000.0,-194000000.0,-207900000.0,-101200000.0,-45500000.0,-90800000.0,-431200000.0,-271900000.0,-86000000.0,-109900000.0,,-453400000.0,,,,-195000000.0,,-80400000.0,-91900000.0,-238700000.0,-14500000.0,-88600000.0,-93300000.0,-109900000.0,-752900000.0,-766700000.0,-813200000.0,-151000000.0,-19600000.0,-46500000.0,-66900000.0,-831200000.0,-243800000.0,-261600000.0,-547800000.0,-88600000.0,-49100000.0,-65700000.0,-80900000.0,-571900000.0,-17600000.0,-3761800000.0,-3790400000.0,-99400000.0,-19600000.0,-35400000.0,-63900000.0,-3824300000.0,-76900000.0,-104500000.0,-127300000.0,-175400000.0,-15900000.0,-157100000.0,-178200000.0
NetCashProvidedByUsedInOperatingActivities / USD,28200000.0,75100000.0,120400000.0,3000000.0,50100000.0,73900000.0,154900000.0,3600000.0,83900000.0,136800000.0,141800000.0,-19700000.0,49300000.0,67600000.0,216600000.0,-56700000.0,56100000.0,,189200000.0,,,,203300000.0,,75700000.0,149200000.0,287900000.0,69100000.0,152700000.0,250700000.0,210200000.0,53400000.0,140400000.0,248300000.0,317000000.0,71600000.0,179500000.0,321400000.0,374700000.0,80100000.0,163300000.0,314200000.0,446900000.0,76400000.0,232200000.0,382500000.0,482100000.0,124900000.0,336200000.0,529000000.0,618900000.0,-216700000.0,-19800000.0,249100000.0,824600000.0,203000000.0,393500000.0,671700000.0,486800000.0,291000000.0,609700000.0,859500000.0
NetIncomeLoss / USD,,,,,,,113300000.0,32000000.0,184300000.0,218400000.0,120500000.0,35700000.0,75200000.0,117900000.0,255200000.0,40400000.0,83300000.0,130100000.0,164100000.0,45800000.0,101900000.0,157500000.0,185000000.0,43700000.0,92000000.0,140300000.0,217700000.0,39000000.0,85900000.0,137900000.0,195800000.0,30500000.0,90600000.0,159600000.0,190900000.0,66500000.0,66500000.0,66500000.0,227200000.0,75300000.0,75300000.0,75300000.0,333800000.0,82200000.0,82200000.0,82200000.0,402300000.0,84700000.0,84700000.0,84700000.0,401900000.0,212600000.0,212600000.0,212600000.0,445300000.0,178700000.0,178700000.0,178700000.0,788600000.0,178500000.0,178500000.0,178500000.0
NetIncomeLossAttributableToNoncontrollingInterest / USD,400000.0,500000.0,2300000.0,500000.0,0.0,100000.0,500000.0,100000.0,100000.0,100000.0,100000.0,-100000.0,0.0,400000.0,0.0,-600000.0,-200000.0,-100000.0,1000000.0,200000.0,-100000.0,-800000.0,-500000.0,,-300000.0,-300000.0,-2100000.0,,,,-300000.0,,,,,,,,,,,,,,,,,,,0.0,0.0,0.0,0.0,-100000.0,0.0,100000.0,300000.0,500000.0,300000.0,600000.0,700000.0,900000.0
NetPeriodicDefinedBenefitsExpenseReversalOfExpenseExcludingServiceCostComponent / USD,,,,,,,,,,,,,,,,,,,,,,,,,,,,,,,,,-6700000.0,-10100000.0,-13300000.0,-3400000.0,-6700000.0,-10100000.0,-13900000.0,-2200000.0,-4200000.0,-6100000.0,-13500000.0,-2500000.0,-5700000.0,-8900000.0,-8000000.0,-2800000.0,-5600000.0,-8400000.0,-12100000.0,-2800000.0,-5700000.0,-8600000.0,-11200000.0,-3300000.0,-6200000.0,-9300000.0,-11400000.0,-2700000.0,-5400000.0,-8200000.0
NoncurrentAssets / USD,,,,,,,835300000.0,,,,909800000.0,,,,1223300000.0,,,,1661600000.0,,,,1952000000.0,,,,1924000000.0,,,,1849000000.0,,,,1923000000.0,,,,2823700000.0,,,,2682300000.0,,,,3249300000.0,,,,3326200000.0,,,,11975200000.0,,,,11521400000.0,,,
NumberOfBusinessesAcquired / acquisition,,,,,,,,,,,,,,,,,,,,,,,,,,,,,,,,,,,,,,,,,,,,,,,,,,,,,,,,,,,,2.0,2.0,2.0
NumberOfOperatingSegments / segment,,,,,,,,,,,,,,,,,,,,,,,,,,,,,,,,,,,,,,,,,,,,,,,,,,,4.0,,,,4.0,,,,4.0,,,
NumberOfReportableSegments / segment,,,,,,,,,,4.0,4.0,4.0,4.0,4.0,4.0,4.0,4.0,4.0,4.0,4.0,4.0,4.0,4.0,4.0,4.0,4.0,4.0,4.0,4.0,4.0,4.0,4.0,4.0,4.0,4.0,4.0,4.0,4.0,4.0,4.0,4.0,4.0,4.0,4.0,4.0,4.0,4.0,4.0,4.0,4.0,,4.0,4.0,4.0,4.0,4.0,4.0,4.0,4.0,4.0,4.0,4.0
OciBeforeReclassificationsNetOfTaxAttributableToParent / USD,,,,,,,,,,,,,,,,,,,,,,,,,,,,,,,,,,,93800000.0,,,,-78500000.0,,,,38700000.0,,,,52000000.0,,,,-26400000.0,,,,-326900000.0,,20800000.0,-53400000.0,94400000.0,-86100000.0,-93900000.0,39000000.0
OperatingIncomeLoss / USD,79000000.0,122700000.0,198600000.0,40000000.0,83700000.0,129600000.0,171400000.0,54700000.0,116600000.0,173400000.0,178500000.0,55500000.0,115200000.0,175500000.0,227200000.0,58900000.0,123800000.0,176800000.0,243100000.0,66000000.0,140300000.0,214600000.0,240300000.0,67300000.0,136700000.0,208500000.0,294500000.0,60900000.0,114500000.0,183300000.0,281700000.0,54800000.0,137600000.0,227100000.0,240500000.0,88400000.0,199900000.0,305400000.0,321700000.0,97300000.0,229200000.0,357900000.0,416600000.0,104000000.0,213800000.0,336300000.0,491700000.0,135200000.0,239600000.0,429200000.0,480100000.0,223500000.0,453000000.0,698200000.0,624300000.0,242500000.0,498600000.0,762900000.0,972000000.0,234300000.0,481300000.0,752000000.0
OperatingLeaseCost / USD,,,,,,,,,,,,,,,,,,,,,,,,,,,,,,,,,,,,5800000.0,11600000.0,17600000.0,26500000.0,5800000.0,11600000.0,17600000.0,26500000.0,6100000.0,12100000.0,18800000.0,26500000.0,6400000.0,14300000.0,24300000.0,29400000.0,,,,40900000.0,,,,45100000.0,,,
OperatingLeaseLiabilityCurrent / USD,,,,,,,,,,,,,,,,,,,,,,,,,,,,,,,,,,,,18000000.0,17900000.0,18900000.0,19600000.0,19300000.0,19400000.0,20000000.0,21200000.0,21400000.0,30500000.0,29200000.0,28300000.0,,,,28300000.0,,,,29400000.0,,,,30100000.0,,,
OperatingLeaseLiabilityNoncurrent / USD,,,,,,,,,,,,,,,,,,,,,,,,,,,,,,,,,,,,126000000.0,121900000.0,122600000.0,119300000.0,119300000.0,119300000.0,119300000.0,116500000.0,116500000.0,116500000.0,116500000.0,138000000.0,138000000.0,138000000.0,138000000.0,138000000.0,,,,125900000.0,,,,123400000.0,,,
OperatingLeasePayments / USD,,,,,,,,,,,,,,,,,,,,,,,,,,,,,,,,,,,,,,,,,,,24700000.0,,,,27800000.0,,,,39700000.0,,,,36900000.0,,,,39500000.0,,,
OperatingLeaseRightOfUseAsset / USD,,,,,,,,,,,,,,,,,,,,,,,,,,,,,,,,,,,,134300000.0,129600000.0,130200000.0,127100000.0,127100000.0,127100000.0,127100000.0,123400000.0,123400000.0,123400000.0,123400000.0,144500000.0,144500000.0,144500000.0,144500000.0,142100000.0,,,,141700000.0,,,,128600000.0,,,
OtherAssetsNoncurrent / USD,41300000.0,41300000.0,36300000.0,46200000.0,46200000.0,46200000.0,46200000.0,69600000.0,69600000.0,69600000.0,69600000.0,56200000.0,56200000.0,56200000.0,56200000.0,63600000.0,63600000.0,63600000.0,63600000.0,69500000.0,69500000.0,69500000.0,69500000.0,74500000.0,74500000.0,74500000.0,74500000.0,70800000.0,70800000.0,70800000.0,70800000.0,88900000.0,88900000.0,88900000.0,88900000.0,84600000.0,84600000.0,84600000.0,84600000.0,98000000.0,98000000.0,98000000.0,225100000.0,121900000.0,121900000.0,121900000.0,245300000.0,176900000.0,176900000.0,176900000.0,321400000.0,274300000.0,274300000.0,274300000.0,274300000.0,285300000.0,285300000.0,285300000.0,285300000.0,279700000.0,279700000.0,279700000.0
OtherComprehensiveIncomeDefinedBenefitPlansAdjustmentNetOfTaxPortionAttributableToParent / USD,,,,,,,,,,,,,,,,,,,,,,,,,,,,-3600000.0,-7500000.0,-10800000.0,,-3500000.0,-6800000.0,-10000000.0,17300000.0,-4300000.0,-9400000.0,-14200000.0,-21800000.0,-4600000.0,-9500000.0,-14400000.0,31400000.0,-3500000.0,-6700000.0,-9600000.0,16300000.0,-4300000.0,-8800000.0,-13200000.0,,-4200000.0,-8200000.0,-12300000.0,,-1500000.0,-2400000.0,-4200000.0,-42100000.0,-2100000.0,-4200000.0,-5700000.0
OtherComprehensiveIncomeForeignCurrencyTransactionAndTranslationAdjustmentNetOfTaxPortionAttributableToParent / USD,,,,,,,,,,,,,,,,,,,,,,,,,,,,23100000.0,11300000.0,3600000.0,,4000000.0,54800000.0,91600000.0,-24600000.0,17200000.0,-42100000.0,-42900000.0,96800000.0,17000000.0,12400000.0,-15000000.0,-79500000.0,-61300000.0,-59900000.0,-21200000.0,31100000.0,1000000.0,4200000.0,-39800000.0,,-32600000.0,-187400000.0,-544500000.0,,-4300000.0,8000000.0,-68600000.0,-343300000.0,-88800000.0,-94600000.0,41600000.0
OtherComprehensiveIncomeLossCashFlowHedgeGainLossAfterReclassificationAndTax / USD,,,,,,,,,,,,,,,,,,,,,,,,,,,,,,,,,,,,,3100000.0,2000000.0,2600000.0,1800000.0,3100000.0,2000000.0,2600000.0,-5900000.0,-2000000.0,600000.0,2600000.0,-100000.0,400000.0,-4100000.0,4600000.0,6500000.0,4200000.0,-2000000.0,-5700000.0,2500000.0,4100000.0,3000000.0,,,,
OtherComprehensiveIncomeLossCashFlowHedgeGainLossAfterReclassificationAndTaxParent / USD,,,,,,,,,,,,,,,,,,,,,,,,,,,,,,,,,,,,,,,,,,,,,,,,,,,,,,,,,,,4700000.0,-4200000.0,-6500000.0,-6500000.0
OtherComprehensiveIncomeLossNetOfTax / USD,,,,,,,,,20900000.0,6700000.0,-13800000.0,13400000.0,-10500000.0,30100000.0,-55500000.0,-19500000.0,-20100000.0,8300000.0,-32300000.0,-7500000.0,13500000.0,-21100000.0,107900000.0,-46600000.0,-20000000.0,-50500000.0,-157700000.0,,,,-90000000.0,,,,,,,,,,,,,,,,,,,-30700000.0,45700000.0,-21900000.0,-175000000.0,-534200000.0,100000.0,-300000.0,14500000.0,-61400000.0,-296500000.0,-90900000.0,-96900000.0,40800000.0
OtherComprehensiveIncomeLossNetOfTaxPortionAttributableToParent / USD,,,,,,,,,,,,,,,,,,,,,,,,,,,,31300000.0,24300000.0,19000000.0,,7300000.0,64500000.0,106400000.0,-38000000.0,19900000.0,19900000.0,19900000.0,121900000.0,23400000.0,23400000.0,23400000.0,-116300000.0,-63700000.0,-63700000.0,-63700000.0,17400000.0,5200000.0,5200000.0,5200000.0,45700000.0,-21900000.0,-21900000.0,-21900000.0,100000.0,-300000.0,-300000.0,-300000.0,-296500000.0,-90900000.0,-90900000.0,-90900000.0
OtherComprehensiveIncomeLossPensionAndOtherPostretirementBenefitPlansTax / USD,,,,,,,,,,,129800000.0,,,,159900000.0,,,,78800000.0,,,,56200000.0,,,,138000000.0,,,,147300000.0,,,,135800000.0,,,,96900000.0,,,,102500000.0,,,,110500000.0,,,,100900000.0,,,,77600000.0,,,,77000000.0,,,
OtherComprehensiveIncomeLossTax / USD,,,,,,,,,,11000000.0,6500000.0,,,,-24200000.0,,,,-30200000.0,,,,-81100000.0,,,,22600000.0,,,,3500000.0,,,,-8000000.0,,,,-12700000.0,,,,-10600000.0,,,,-6600000.0,,,,-9800000.0,,,,11700000.0,,,,25000000.0,,,
OtherLiabilitiesCurrent / USD,,,,,,,,,,,,,,,,,,,,,,,,,,,,,,,,,,,,,,,,,,,,,,,,,,,212300000.0,,,,224400000.0,,,,237600000.0,,,
OtherLiabilitiesNoncurrent / USD,125900000.0,125900000.0,81000000.0,85700000.0,85700000.0,85700000.0,85700000.0,117200000.0,117200000.0,117200000.0,117200000.0,169700000.0,169700000.0,169700000.0,239500000.0,265300000.0,265300000.0,265300000.0,265300000.0,235800000.0,235800000.0,235800000.0,235800000.0,217900000.0,217900000.0,217900000.0,217900000.0,202400000.0,202400000.0,202400000.0,202400000.0,289200000.0,289200000.0,289200000.0,289200000.0,248700000.0,248700000.0,248700000.0,248700000.0,232600000.0,232600000.0,232600000.0,351900000.0,297900000.0,258900000.0,258900000.0,375400000.0,447000000.0,447000000.0,447000000.0,585000000.0,547200000.0,547200000.0,547200000.0,547200000.0,475800000.0,475800000.0,475800000.0,475800000.0,380800000.0,380800000.0,380800000.0
OtherNonoperatingIncomeExpense / USD,-200000.0,-200000.0,300000.0,700000.0,1200000.0,900000.0,-200000.0,-300000.0,1300000.0,-2500000.0,1600000.0,-400000.0,1000000.0,2200000.0,600000.0,-500000.0,-500000.0,-1200000.0,2900000.0,600000.0,8800000.0,7000000.0,4100000.0,800000.0,4200000.0,2100000.0,6600000.0,-1300000.0,15900000.0,15100000.0,400000.0,-9300000.0,-10000000.0,-13000000.0,10700000.0,-2500000.0,-6200000.0,-8900000.0,-15500000.0,-1200000.0,-1800000.0,-3500000.0,-10700000.0,-1400000.0,-2800000.0,-4700000.0,-5000000.0,-1000000.0,5100000.0,4400000.0,-7200000.0,-1000000.0,0.0,5200000.0,2500000.0,-1100000.0,-4500000.0,-7400000.0,3400000.0,1200000.0,-1000000.0,-3700000.0
OtherSundryLiabilitiesNoncurrent / USD,,,,,,,,,,,,,,,,,,,,,,,,,,,,,,,,,,,,,,,,,,,,,,,,,,,71000000.0,,,,56000000.0,,,,53800000.0,,,
PaymentsForProceedsFromDerivativeInstrumentFinancingActivities / USD,,,,,,,,,,,,,,,,,,,,,,,,,,,,,,,,,,,,,,,,,,,,,,,,,,,,,,-43100000.0,,13500000.0,13500000.0,13500000.0,,,,
PaymentsForProceedsFromHedgeFinancingActivities / USD,600000.0,600000.0,600000.0,,,,600000.0,-2000000.0,2300000.0,5200000.0,600000.0,-2000000.0,-500000.0,-3300000.0,,800000.0,1700000.0,300000.0,2000000.0,900000.0,-1500000.0,300000.0,0.0,,,,2000000.0,,,,,,,,,,,,,,,,,,,,,,,,,,,,0.0,,,,-43100000.0,,,
PaymentsForProceedsFromOtherInvestingActivities / USD,,,,,,,,,,,,,,,,,,,,,,,,500000.0,500000.0,,,500000.0,500000.0,,,,,,,,-700000.0,-1200000.0,-1400000.0,,-300000.0,-400000.0,-1300000.0,,-100000.0,-100000.0,-500000.0,0.0,0.0,-500000.0,-1000000.0,-1400000.0,-1300000.0,-1300000.0,-600000.0,,-700000.0,-900000.0,-16800000.0,0.0,-100000.0,-200000.0
PaymentsForRepurchaseOfCommonStock / USD,800000.0,800000.0,800000.0,,,,800000.0,,,,34900000.0,,,,34900000.0,0.0,0.0,0.0,34900000.0,23600000.0,35600000.0,146600000.0,0.0,142000000.0,142000000.0,142000000.0,146600000.0,,,,243800000.0,,,,243800000.0,,,,,,,,,,,,,,,,,,,,,,0.0,0.0,0.0,,193800000.0,332600000.0
PaymentsToAcquireBusinessesNetOfCashAcquired / USD,,,,,,,,,,,,,,,,,,,,,,,58500000.0,18800000.0,62400000.0,63700000.0,,93400000.0,58300000.0,58500000.0,,740600000.0,742400000.0,773800000.0,,222500000.0,222500000.0,483700000.0,,222500000.0,222500000.0,483700000.0,3100000.0,28900000.0,29000000.0,29000000.0,484000000.0,,3723400000.0,3723300000.0,29000000.0,0.0,0.0,11900000.0,3723300000.0,52500000.0,53500000.0,53500000.0,99600000.0,0.0,123600000.0,123700000.0
PaymentsToAcquireProductiveAssets / USD,,,,,,,,,,,,,,,41700000.0,,,,65300000.0,,,,72600000.0,,,,,,,,,,,,,,,,,,,,86800000.0,,,,88400000.0,,,,71400000.0,,,,101600000.0,,,,92600000.0,,,
PaymentsToAcquirePropertyPlantAndEquipment / USD,17500000.0,26800000.0,38200000.0,4900000.0,9500000.0,15600000.0,33500000.0,6500000.0,17900000.0,27600000.0,31000000.0,10600000.0,27700000.0,43000000.0,41700000.0,16300000.0,36300000.0,54000000.0,65300000.0,11700000.0,20600000.0,29700000.0,72600000.0,7700000.0,21100000.0,31300000.0,43500000.0,14200000.0,30500000.0,44900000.0,47000000.0,12600000.0,24900000.0,40500000.0,87600000.0,19800000.0,47200000.0,68100000.0,58500000.0,21300000.0,39400000.0,64500000.0,86800000.0,20200000.0,36800000.0,52000000.0,88400000.0,17600000.0,38400000.0,67600000.0,71400000.0,21000000.0,41800000.0,58500000.0,101600000.0,24400000.0,51700000.0,74700000.0,92600000.0,15900000.0,33600000.0,54700000.0
PensionAndOtherPostretirementDefinedBenefitPlansLiabilitiesNoncurrent / USD,,,,,,,,,,,,,,,,,,,,,,,,,,,,,,,,,,,,,,,,,,,,,,,,,,,67200000.0,,,,50200000.0,,,,57800000.0,,,
PreferredStockParOrStatedValuePerShare / USD/shares,0.01,0.01,0.01,0.01,0.01,0.01,0.01,0.01,0.01,0.01,0.01,0.01,0.01,0.01,0.01,0.01,0.01,0.01,0.01,0.01,0.01,0.01,0.01,0.01,0.01,0.01,0.01,0.01,0.01,0.01,0.01,0.01,0.01,0.01,0.01,0.01,0.01,0.01,0.01,0.01,0.01,0.01,0.01,0.01,0.01,0.01,0.01,0.01,0.01,0.01,0.01,0.01,0.01,0.01,0.01,0.01,0.01,0.01,0.01,0.01,0.01,0.01
PreferredStockSharesAuthorized / shares,,,,,,,,,,,,,,,,,,,,,,,,,,,,,,,,,,,,,,,,,,,15000000.0,,,,15000000.0,,,,15000000.0,,,,15000000.0,,,,15000000.0,,,
PreferredStockSharesIssued / shares,,,,,,,,,,,,,,,,,,,,,,,0.0,,,,0.0,,,,0.0,,,,0.0,,,,0.0,,,,0.0,,,,0.0,,,,0.0,,,,0.0,,,,0.0,,,
PreferredStockSharesOutstanding / shares,0.0,0.0,0.0,0.0,0.0,,,,,,,0.0,0.0,0.0,,0.0,0.0,0.0,,0.0,0.0,0.0,0.0,0.0,0.0,0.0,0.0,0.0,0.0,0.0,0.0,0.0,0.0,0.0,0.0,0.0,0.0,0.0,0.0,0.0,0.0,0.0,0.0,0.0,0.0,0.0,0.0,0.0,0.0,0.0,0.0,0.0,0.0,0.0,0.0,0.0,0.0,0.0,0.0,0.0,0.0,0.0
PreferredStockValue / USD,0.0,0.0,0.0,0.0,0.0,0.0,,,,,,,,,,,,,0.0,0.0,0.0,0.0,0.0,0.0,0.0,0.0,0.0,0.0,0.0,0.0,0.0,0.0,0.0,0.0,0.0,0.0,0.0,0.0,0.0,0.0,0.0,0.0,0.0,0.0,0.0,0.0,0.0,0.0,0.0,0.0,0.0,0.0,0.0,0.0,0.0,0.0,0.0,0.0,0.0,0.0,0.0,0.0
PrepaidExpenseAndOtherAssetsCurrent / USD,,,,,42300000.0,42300000.0,42300000.0,28800000.0,28800000.0,28800000.0,28800000.0,27700000.0,27700000.0,27700000.0,67500000.0,60800000.0,60800000.0,60800000.0,60800000.0,45000000.0,45000000.0,45000000.0,87800000.0,60900000.0,59400000.0,59400000.0,59500000.0,49700000.0,49700000.0,49700000.0,49700000.0,62700000.0,62700000.0,62700000.0,62700000.0,45800000.0,45800000.0,45800000.0,45800000.0,59900000.0,59900000.0,59900000.0,59900000.0,78100000.0,78100000.0,78100000.0,78100000.0,118000000.0,118000000.0,118000000.0,118000000.0,130700000.0,130700000.0,130700000.0,130700000.0,213300000.0,213300000.0,213300000.0,213300000.0,167200000.0,167200000.0,167200000.0
ProceedsFromIncomeTaxRefunds / USD,,,,,,,32900000.0,,,,15500000.0,,,,11100000.0,,,,1900000.0,,,,3300000.0,,,,2300000.0,,,,4800000.0,,,,1400000.0,,,,8500000.0,,,,7600000.0,,,,7100000.0,,,,8100000.0,,,,22400000.0,,,,20100000.0,,,
ProceedsFromPaymentsForOtherFinancingActivities / USD,,,,,-600000.0,-600000.0,-1900000.0,,,,-1900000.0,,,,-4100000.0,,,,2800000.0,,,,-1400000.0,-2300000.0,-500000.0,2700000.0,0.0,500000.0,800000.0,-1100000.0,2400000.0,-1400000.0,-2600000.0,-4400000.0,-6400000.0,-2000000.0,-2000000.0,-2000000.0,-4500000.0,,-1400000.0,-1400000.0,-2000000.0,0.0,0.0,0.0,-1700000.0,-5600000.0,-13300000.0,-22800000.0,0.0,-2100000.0,-1900000.0,-2000000.0,-22000000.0,0.0,-600000.0,-700000.0,-1900000.0,-2900000.0,-5500000.0,-6100000.0
ProceedsFromRepaymentsOfLinesOfCredit / USD,,,,,,,,,,,,,,,,,,,,,-42900000.0,26300000.0,0.0,127100000.0,75000000.0,100000000.0,0.0,-51500000.0,-74900000.0,-150500000.0,45500000.0,595000000.0,,,,,,,,,,,,,,,96000000.0,-496500000.0,3975800000.0,3975800000.0,,32000000.0,0.0,0.0,0.0,-100000000.0,-125000000.0,-125000000.0,0.0,0.0,,
ProceedsFromRepaymentsOfNotesPayable / USD,,,,,,,,,,,,,,,,,,,,,,,,,,,,,,,,,,,,,,,,,,,,,,,,,,,,,,0.0,,,-308400000.0,-308400000.0,,,-450000000.0,-450000000.0
ProceedsFromRepaymentsOfOtherDebt / USD,,,,,,,,,,,,,,,,,,,,,,,,,,,,,,,,-31000000.0,,,,,,,,,,,,,,,,,,,,,,-174700000.0,,-100000.0,-135300000.0,-245300000.0,,-100000.0,-100000.0,-200000.0
ProceedsFromStockOptionsExercised / USD,200000.0,500000.0,13000000.0,1000000.0,1600000.0,2300000.0,1100000.0,5700000.0,7600000.0,10900000.0,3900000.0,7700000.0,9400000.0,12200000.0,14800000.0,4800000.0,7200000.0,10000000.0,19900000.0,6700000.0,13200000.0,14200000.0,12100000.0,2700000.0,10800000.0,13500000.0,18300000.0,2600000.0,9600000.0,26700000.0,19000000.0,6300000.0,11700000.0,18700000.0,36100000.0,12300000.0,23800000.0,36100000.0,24900000.0,10200000.0,20700000.0,29200000.0,37200000.0,10200000.0,28200000.0,29500000.0,34600000.0,10800000.0,15900000.0,21400000.0,36300000.0,12700000.0,17500000.0,18400000.0,25400000.0,10200000.0,15000000.0,27200000.0,23600000.0,9100000.0,11500000.0,16500000.0
ProductWarrantyAccrualClassifiedCurrent / USD,,,,,,,,,,,,,,,,,,,,,,,,,,,,,,,,,,,,,,,,,,,,,,,,,,,41800000.0,,,,43300000.0,,,,40500000.0,,,
ProductWarrantyAccrualNoncurrent / USD,,,,,,,,,,,,,,,,,,,,,,,,,,,,,,,,,,,,,,,,,,,,,,,,,,,7700000.0,,,,7000000.0,,,,8600000.0,,,
ProfitLoss / USD,46400000.0,81600000.0,113600000.0,25000000.0,53600000.0,84000000.0,113800000.0,32000000.0,184400000.0,218500000.0,120600000.0,35600000.0,75200000.0,118300000.0,255200000.0,39800000.0,83100000.0,130000000.0,165100000.0,46000000.0,101800000.0,156700000.0,184500000.0,43700000.0,91700000.0,140000000.0,215600000.0,,,,195500000.0,,,,,,,,,,,,,,,,,,,283500000.0,401900000.0,212600000.0,383900000.0,562100000.0,445300000.0,178800000.0,364300000.0,563100000.0,788900000.0,179100000.0,359400000.0,621600000.0
PropertyPlantAndEquipmentAndFinanceLeaseRightOfUseAssetAfterAccumulatedDepreciationAndAmortization / USD,,,,,,,,,,,,,,,,,,,,,,,,,,,,,,,,,,,,,,,,,,,487900000.0,,,,489300000.0,827500000.0,827500000.0,827500000.0,827500000.0,769800000.0,769800000.0,769800000.0,769800000.0,777000000.0,777000000.0,777000000.0,777000000.0,745200000.0,745200000.0,745200000.0
PropertyPlantAndEquipmentGross / USD,,,,,,,457400000.0,,,,542600000.0,,,,677400000.0,,,,724700000.0,,,,754000000.0,,,,776100000.0,,,,809300000.0,,,,974400000.0,,,,1008600000.0,,,,1111800000.0,,,,1162700000.0,,,,1570800000.0,,,,1617600000.0,,,,1724100000.0,,,
PropertyPlantAndEquipmentNet / USD,206600000.0,206600000.0,187900000.0,203400000.0,203400000.0,203400000.0,203400000.0,254600000.0,254600000.0,254600000.0,254600000.0,349500000.0,349500000.0,349500000.0,349500000.0,357700000.0,357700000.0,357700000.0,357700000.0,336500000.0,336500000.0,336500000.0,336500000.0,321300000.0,318800000.0,318800000.0,321300000.0,340800000.0,340800000.0,340800000.0,340800000.0,442800000.0,442800000.0,442800000.0,442800000.0,442600000.0,442600000.0,442600000.0,442600000.0,487900000.0,487900000.0,487900000.0,487900000.0,489300000.0,489300000.0,489300000.0,489300000.0,,,,827500000.0,,,,769800000.0,,,,777000000.0,,,
ReclassificationFromAociCurrentPeriodNetOfTaxAttributableToParent / USD,,,,,,,,,,,,,,,,,,,,,,,,,,,,,,,,,,,-28100000.0,,,,37800000.0,,,,21300000.0,,,,6300000.0,,,,-26500000.0,,,,-30400000.0,,6300000.0,8000000.0,2000000.0,4800000.0,3000000.0,-1800000.0
RepaymentsOfOtherDebt / USD,,,,,,,,,,,,,,,,,,,,,,0.0,5000000.0,0.0,15300000.0,97100000.0,102800000.0,10800000.0,19800000.0,22700000.0,102800000.0,,32500000.0,131700000.0,22200000.0,5900000.0,2200000.0,59600000.0,139300000.0,5900000.0,2200000.0,7100000.0,182000000.0,300000.0,400000.0,75400000.0,137200000.0,,,,,,,,,,,,174800000.0,,,
ReportingUnitPercentageOfFairValueInExcessOfCarryingAmount / pure,,,,,,,,,,,,,,,,,,,,,,,,,,,,,,,,,,,,,,,,,,,,,,,,,,,,,,,,,1.0,1.0,,,,
ResearchAndDevelopmentExpense / USD,,,,,,,,,,,,,,,,,,,,,,,,,,,,,,,,,,,,,,,,,,,,,,,,,,,,,,,,,,,352200000.0,76500000.0,148200000.0,221200000.0
RestructuringAndRelatedCostExpectedCostRemaining1 / USD,,,,,,,,,,,,,,,,,,,4400000.0,,,,4400000.0,,,,,,,,,,,,,,,,,,,,,,,,,,,,,,,,2900000.0,,,,2400000.0,,,
RestructuringCharges / USD,,,,,,,,,,,,,,18700000.0,24000000.0,,,,24000000.0,,,,24000000.0,,700000.0,700000.0,,1100000.0,12200000.0,15300000.0,,,,,,,,,,,,,7800000.0,,,,3200000.0,,,,,,,,26400000.0,,,,12000000.0,,,
RestructuringReserveAccrualAdjustment1 / USD,,,,,,,,,,,,,,,,,,,,,,,,,1700000.0,-1700000.0,,,,,,,,,,,,,,,,,,,,,,,,,,,,,-4000000.0,,,,-4000000.0,,,
RetainedEarningsAccumulatedDeficit / USD,583200000.0,583200000.0,583200000.0,703700000.0,703700000.0,703700000.0,703700000.0,958900000.0,958900000.0,958900000.0,958900000.0,1123000000.0,1123000000.0,1123000000.0,1123000000.0,1308000000.0,1308000000.0,1308000000.0,1308000000.0,1525700000.0,1525700000.0,1525700000.0,1525700000.0,1721500000.0,1721500000.0,1721500000.0,1721500000.0,1912400000.0,1912400000.0,1912400000.0,1912400000.0,2139600000.0,2139600000.0,2139600000.0,2139600000.0,2523700000.0,2523700000.0,2523700000.0,2523700000.0,2926000000.0,2926000000.0,2926000000.0,2926000000.0,3327900000.0,3327900000.0,3327900000.0,3327900000.0,3773200000.0,3773200000.0,3773200000.0,3773200000.0,4561800000.0,4561800000.0,4561800000.0,4561800000.0,5447500000.0,5447500000.0,5447500000.0,5447500000.0,6266700000.0,6266700000.0,6266700000.0
RevenueFromContractWithCustomerExcludingAssessedTax / USD,,,,,,,,,,,,,,,,,,,,,,,,,,,,,,,,695600000.0,1237200000.0,1899400000.0,2149900000.0,695600000.0,1428100000.0,2153400000.0,2603800000.0,745200000.0,1527200000.0,2329400000.0,2901800000.0,784600000.0,1527900000.0,2276900000.0,3163600000.0,805700000.0,1926700000.0,3238600000.0,3086200000.0,1321000000.0,2676800000.0,4040400000.0,4614300000.0,1383300000.0,2808000000.0,4210500000.0,5458600000.0,1350100000.0,2724200000.0,4167700000.0
RevenueRemainingPerformanceObligation / USD,,,,,,,,,,,,,,,,,,,,,,,,,,,,,,,,1492900000.0,1632600000.0,1706600000.0,1716600000.0,1760000000.0,1697300000.0,1755100000.0,1834800000.0,1909500000.0,1806200000.0,1742000000.0,1839000000.0,1987400000.0,2979400000.0,3105400000.0,2929000000.0,2989700000.0,3075700000.0,3188500000.0,3099300000.0,3198800000.0,3236500000.0,3122500000.0,3141700000.0,3290200000.0,3419300000.0,3578400000.0,3700500000.0,4214500000.0,4452800000.0,4569200000.0
RightOfUseAssetObtainedInExchangeForOperatingLeaseLiability / USD,,,,,,,,,,,,,,,,,,,,,,,,,,,,,,,,,,,,,,,,,,,,,,,,,,,24300000.0,,,,26100000.0,,,,21700000.0,,,
SellingGeneralAndAdministrativeExpense / USD,174800000.0,256300000.0,317500000.0,77100000.0,154000000.0,233000000.0,303400000.0,100300000.0,210700000.0,319000000.0,317600000.0,110400000.0,226200000.0,364300000.0,424000000.0,145100000.0,297600000.0,447200000.0,505100000.0,155800000.0,310200000.0,461600000.0,598300000.0,151800000.0,301800000.0,441400000.0,612400000.0,144800000.0,294700000.0,435700000.0,588600000.0,154300000.0,321400000.0,485500000.0,579900000.0,169000000.0,343000000.0,516600000.0,658100000.0,184000000.0,370500000.0,556300000.0,694200000.0,188000000.0,341600000.0,499700000.0,715100000.0,168200000.0,488900000.0,768200000.0,662000000.0,291300000.0,577700000.0,861400000.0,1067800000.0,300400000.0,613400000.0,905300000.0,804000000.0,219700000.0,444500000.0,670600000.0
SeveranceCosts1 / USD,,,,,,,,,,,,,,7000000.0,10400000.0,,,,10400000.0,,,,10400000.0,,,,,,,,,,,,,,,,,,,,,,,,,,,,,,,,3500000.0,,,,3500000.0,,,
ShareBasedCompensationArrangementByShareBasedPaymentAwardOptionsExercisableNumber / shares,,,,,,,,,,,,,,,,,,,,,,,,,,,1787364.0,,,,1907126.0,,,,1530847.0,,,,1443241.0,,,,1257766.0,,,,1242205.0,,,,1242786.0,,,,1328191.0,,,1113658.0,1395949.0,916486.0,892532.0,827254.0
ShareBasedCompensationArrangementByShareBasedPaymentAwardOptionsExercisableWeightedAverageExercisePrice / USD/shares,,,,,,,,,,,,,,,,,,,,,,,,,,,49.3,,,,57.61,,,,65.52,,,,70.35,,,,78.26,,,,94.04,,,,118.57,,,,148.73,,,251.48,182.53,276.56,278.54,284.51
ShareBasedCompensationArrangementByShareBasedPaymentAwardOptionsExercisesInPeriodTotalIntrinsicValue / USD,,,,,,,,,,,18500000.0,,,,22300000.0,,,,14200000.0,,,,23200000.0,,,,19300000.0,,,,36600000.0,,,,33100000.0,,,,69600000.0,,,,82500000.0,,,,96900000.0,,,,64200000.0,,,,53700000.0,,,,111000000.0,,,
ShareBasedCompensationArrangementByShareBasedPaymentAwardOptionsForfeituresAndExpirationsInPeriod / shares,,,,,,,,,,,2000.0,,,,0.0,,,,0.0,,,,,,,,80639.0,,,,80328.0,,,,41720.0,,,,42784.0,,,,80101.0,,,,37299.0,,,,34148.0,,,,23879.0,,,21350.0,23049.0,749.0,3360.0,19076.0
ShareBasedCompensationArrangementByShareBasedPaymentAwardOptionsForfeituresAndExpirationsInPeriodWeightedAverageExercisePrice / USD/shares,,,,,,,,,,,14.75,,,,0.0,,,,0.0,,,,,,,,74.7,,,,85.26,,,,82.49,,,,92.79,,,,129.85,,,,181.62,,,,252.43,,,,328.15,,,385.21,397.36,405.53,394.14,414.5
ShareBasedCompensationArrangementByShareBasedPaymentAwardOptionsGrantsInPeriod / shares,,,,,,,,,,,,,,,,,,,,,,,,,,,612018.0,,,,0.0,,,,520310.0,,,,543880.0,,,,376065.0,,,,390789.0,,,,247273.0,,,,211973.0,,,,135751.0,,,
ShareBasedCompensationArrangementByShareBasedPaymentAwardOptionsGrantsInPeriodGross / shares,,,,,,,,0.0,,,,,,,,,,,,0.0,0.0,0.0,0.0,0.0,0.0,0.0,0.0,,,,0.0,,,,,,,,,,,,,,,,,,,,,,,,,,,67003.0,,,63062.0,67722.0
ShareBasedCompensationArrangementByShareBasedPaymentAwardOptionsGrantsInPeriodWeightedAverageGrantDateFairValue / USD/shares,,,,,,,10.02,18.81,18.81,18.81,16.44,27.17,23.9,23.9,18.94,36.25,27.17,27.17,23.9,36.19,,,27.17,29.93,29.95,29.95,36.19,48.45,,,29.95,,,,29.95,,,,48.45,,,,71.89,,,135.59,72.0,,,,106.26,,,,134.88,,,,124.44,,179.3,179.3
ShareBasedCompensationArrangementByShareBasedPaymentAwardOptionsOutstandingIntrinsicValue / USD,,,,,,,,,,,42100000.0,,,,72200000.0,,,,120500000.0,,,,59500000.0,,,,114300000.0,,,,224900000.0,,,,202600000.0,,,,431500000.0,,,,403600000.0,,,,414000000.0,,,,312600000.0,,,,262900000.0,,,,219300000.0,,,
ShareBasedCompensationArrangementByShareBasedPaymentAwardOptionsOutstandingNumber / shares,,,,,,,,,,,,,,,,,,,,,,,,,,,2743753.0,,,,2850877.0,,,,2383870.0,,,,2175442.0,,,,2285703.0,,,,2064740.0,,,,1988576.0,,,,1819147.0,,,1337972.0,1793857.0,1135749.0,1135749.0,1135749.0
ShareBasedCompensationArrangementByShareBasedPaymentAwardOptionsOutstandingWeightedAverageExercisePrice / USD/shares,,,,,,,,,,,,,,,,,,,,,,,,,,,52.74,,,,62.37,,,,63.74,,,,70.44,,,,83.73,,,,104.66,,,,130.67,,,,170.1,,,249.76,206.08,278.34,278.34,278.34
ShareBasedCompensationArrangementsByShareBasedPaymentAwardOptionsExercisesInPeriodWeightedAverageExercisePrice / USD/shares,,,,,,,,,,,,,,,,,,,,,,,,,,,,,,,,,,,52.54,,,,63.96,,,,71.95,,,,80.31,,,,95.22,,,,118.55,,,135.37,131.44,215.36,212.98,210.09
ShareBasedCompensationArrangementsByShareBasedPaymentAwardOptionsGrantsInPeriodWeightedAverageExercisePrice / USD/shares,,,,,,,,,,,,,,,,,,,,,,,,,,,,,,,,,,,,,,,,,,,,,,,,,,,,,,,,,,441.98,,,461.1,467.63
ShareBasedCompensationSharesAuthorizedUnderStockOptionPlansExercisePriceRangeNumberOfExercisableOptions / shares,,,,,,,,,,,,,,,,,,,,,,,,,,,1530847.0,,,,1443241.0,,,,1257766.0,,,,1242205.0,,,,1242786.0,,,,1328191.0,,,,1395949.0,,,,1190838.0,,,,1032102.0,,,
ShareBasedCompensationSharesAuthorizedUnderStockOptionPlansExercisePriceRangeNumberOfOutstandingOptions / shares,,,,,,,,,,,,,,,,,,,,,,,,,,,2175442.0,,,,2285703.0,,,,2064740.0,,,,1988576.0,,,,1819147.0,,,,1793857.0,,,,1726731.0,,,,1337972.0,,,,1135749.0,,,
SharebasedCompensationArrangementBySharebasedPaymentAwardOptionsExercisableIntrinsicValue1 / USD,,,,,,,,,,,38900000.0,,,,70600000.0,,,,98900000.0,,,,59300000.0,,,,88000000.0,,,,161300000.0,,,,156600000.0,,,,315200000.0,,,,339800000.0,,,,382700000.0,,,,306100000.0,,,,255100000.0,,,,213100000.0,,,
SharebasedCompensationSharesAuthorizedUnderStockOptionPlansExercisePriceRangeExercisableOptionsWeightedAverageExercisePrice1 / USD/shares,,,,,,,,,,,,,,,,,,,,,,,,,,,65.52,,,,70.35,,,,78.26,,,,94.04,,,,118.57,,,,148.73,,,,182.53,,,,232.1,,,,264.98,,,
SharebasedCompensationSharesAuthorizedUnderStockOptionPlansExercisePriceRangeOutstandingOptionsWeightedAverageExercisePriceBeginningBalance1 / USD/shares,,,,,,,,,,,,,,,,,,,,,,,,,,,70.44,,,,83.73,,,,104.66,,,,130.67,,,,170.1,,,,206.08,,,,223.43,,,,249.76,,,,278.34,,,
SignificantChangeInUnrecognizedTaxBenefitsIsReasonablyPossibleAmountOfUnrecordedBenefit / USD,,,,,4400000.0,4400000.0,6400000.0,,,-12400000.0,-13700000.0,,,,-8300000.0,,,,-8700000.0,,,,-7000000.0,,,,8300000.0,,,,4900000.0,,,,4400000.0,,,,3400000.0,,,,2800000.0,,,,19100000.0,,,,89100000.0,,,,21500000.0,,,,11900000.0,,,
StandardProductWarrantyAccrual / USD,,,,,13600000.0,13600000.0,11000000.0,13000000.0,13000000.0,13000000.0,13600000.0,13300000.0,13300000.0,13300000.0,13000000.0,17800000.0,17800000.0,17800000.0,13300000.0,17300000.0,17300000.0,17300000.0,17800000.0,18500000.0,18500000.0,18500000.0,17300000.0,17100000.0,17100000.0,17100000.0,18500000.0,18400000.0,18400000.0,18400000.0,17100000.0,21100000.0,21100000.0,21100000.0,18400000.0,21000000.0,21000000.0,21000000.0,21100000.0,24800000.0,24800000.0,24800000.0,21000000.0,22400000.0,22400000.0,22400000.0,24800000.0,49500000.0,49500000.0,49500000.0,22400000.0,50300000.0,50300000.0,50300000.0,49500000.0,49100000.0,49100000.0,49100000.0
StandardProductWarrantyAccrualAdditionsFromBusinessAcquisition / USD,,,,,1100000.0,300000.0,200000.0,1100000.0,1100000.0,1100000.0,200000.0,0.0,700000.0,1700000.0,1100000.0,500000.0,200000.0,300000.0,1800000.0,,100000.0,100000.0,300000.0,,200000.0,200000.0,500000.0,0.0,300000.0,300000.0,200000.0,3000000.0,3100000.0,3100000.0,600000.0,0.0,0.0,0.0,3100000.0,300000.0,300000.0,3000000.0,0.0,100000.0,100000.0,2500000.0,4900000.0,,,23200000.0,2500000.0,,,1600000.0,25300000.0,,0.0,200000.0,2500000.0,0.0,400000.0,400000.0
StandardProductWarrantyAccrualPayments / USD,,,,,-2600000.0,-3400000.0,-6900000.0,-1100000.0,2900000.0,4800000.0,4800000.0,1200000.0,2600000.0,4400000.0,5900000.0,1500000.0,2800000.0,4200000.0,6900000.0,1200000.0,2600000.0,4100000.0,5200000.0,2100000.0,4000000.0,5500000.0,5900000.0,1600000.0,3400000.0,4700000.0,7700000.0,1600000.0,3000000.0,5300000.0,6700000.0,2200000.0,3900000.0,6800000.0,6400000.0,2900000.0,4600000.0,7600000.0,10100000.0,3600000.0,5300000.0,7700000.0,14200000.0,,,,8200000.0,4800000.0,5700000.0,7300000.0,10100000.0,4200000.0,7500000.0,11500000.0,14300000.0,5100000.0,14900000.0,19300000.0
StandardProductWarrantyAccrualWarrantiesIssued / USD,,,,,2500000.0,3100000.0,9500000.0,1000000.0,2900000.0,5500000.0,4000000.0,3300000.0,5000000.0,7700000.0,5100000.0,1800000.0,4500000.0,4700000.0,9600000.0,500000.0,1600000.0,2700000.0,4400000.0,1500000.0,3700000.0,4600000.0,6600000.0,1900000.0,3500000.0,7000000.0,6100000.0,1800000.0,3300000.0,4800000.0,7400000.0,3100000.0,4400000.0,7600000.0,6000000.0,,,,10000000.0,,,,13100000.0,3500000.0,5700000.0,9100000.0,3300000.0,600000.0,4000000.0,4500000.0,11900000.0,4300000.0,8200000.0,11700000.0,12600000.0,3500000.0,13700000.0,18400000.0
StockGrantedDuringPeriodValueSharebasedCompensationGross / USD,,,,,,,5400000.0,,,,4900000.0,,,,5800000.0,,,,8000000.0,,,,10700000.0,,,,14000000.0,,,,13900000.0,,,,21300000.0,6600000.0,6600000.0,6600000.0,24900000.0,10900000.0,10900000.0,10900000.0,37200000.0,9600000.0,9600000.0,9600000.0,30700000.0,7000000.0,7000000.0,7000000.0,30000000.0,7000000.0,7000000.0,7000000.0,33900000.0,7900000.0,7900000.0,7900000.0,,,,
StockIssuedDuringPeriodSharesNewIssues / shares,,,,,,,,,,,,,,,,,,,,,,,,,,,,,,,,,,,,,,,,,,,,,,,0.0,,,,0.0,,,,0.0,,,,137079.0,,,
StockIssuedDuringPeriodSharesStockOptionsExercised / shares,,,,,,,,,,,,,,,,,,,,,,,,,,,,,,,,,,,687018.0,,,,390835.0,,,,516927.0,,,,429654.0,,,,382554.0,,,,213384.0,,,121723.0,179828.0,137124.0,160673.0,224869.0
StockIssuedDuringPeriodSharesTreasuryStockReissued / shares,,,,,,,,,,,,,,,,,,,577923.0,,,,0.0,,,,354009.0,,,,420830.0,,,,734994.0,,,,429471.0,,,,547064.0,,,,460669.0,,,,403641.0,,,,220339.0,,,,282131.0,,,
StockIssuedDuringPeriodValueStockOptionsExercised / USD,,,,,,,,,,,,,,,,,,,,,,,,,,,,,,,,,,,,,,,,,10200000.0,10200000.0,,10200000.0,10200000.0,10200000.0,34600000.0,10800000.0,10800000.0,10800000.0,36300000.0,12700000.0,12700000.0,12700000.0,25400000.0,10200000.0,10200000.0,10200000.0,23600000.0,9100000.0,9100000.0,9100000.0
StockIssuedDuringPeriodValueTreasuryStockReissued / USD,,,-800000.0,,,,3000000.0,,,,3000000.0,,,,3000000.0,,,,16600000.0,,,,,,,,,,,,,,,,,,,,,,,,,,,0.0,0.0,0.0,0.0,0.0,0.0,0.0,0.0,0.0,0.0,0.0,0.0,0.0,0.0,0.0,0.0,0.0
StockOptionPlanExpense / USD,2800000.0,4100000.0,7500000.0,1300000.0,2500000.0,3600000.0,5400000.0,1400000.0,2900000.0,4300000.0,4900000.0,1500000.0,3600000.0,5900000.0,5800000.0,1800000.0,4600000.0,7600000.0,8000000.0,2600000.0,6200000.0,10100000.0,10700000.0,3800000.0,7100000.0,9700000.0,14000000.0,3400000.0,6300000.0,12200000.0,12200000.0,5400000.0,10200000.0,14300000.0,16200000.0,6500000.0,13100000.0,18800000.0,18800000.0,10800000.0,17700000.0,24100000.0,25100000.0,9600000.0,16200000.0,23000000.0,30700000.0,7000000.0,16300000.0,25000000.0,30000000.0,9000000.0,15400000.0,22100000.0,33900000.0,7900000.0,16300000.0,24300000.0,31500000.0,12000000.0,21300000.0,30000000.0
StockRepurchaseProgramAuthorizedAmount1 / USD,,,,,,,,,,,,,,,,,,,,,,,,,,,,,,,,,,,,,,,,,,,,,,,,,,,,,,,,,1250000000.0,1250000000.0,,,,2000000000.0
StockRepurchaseProgramNumberOfSharesAuthorizedToBeRepurchased / shares,,,,,,,2500000.0,,,,,,,,,,,,,,,,,,,,,,,,,,,,,,,,,,,,,,,,,,,,,,,,3000000.0,,,,1250000000.0,1250000000.0,,
StockRepurchasedDuringPeriodShares / shares,,,,,,,36239.0,,,,,,,,,,,,,,,,,,,,,,,,,,,,,,,,,,,,,,,,,,,,,,,,,,,,0.0,,,
StockholdersEquity / USD,666500000.0,666500000.0,666500000.0,786000000.0,786000000.0,786000000.0,786000000.0,979300000.0,979300000.0,979300000.0,979300000.0,1147800000.0,1147800000.0,1147800000.0,1147800000.0,1471700000.0,1471700000.0,1471700000.0,1471700000.0,1427300000.0,1427300000.0,1427300000.0,1427300000.0,-323200000.0,-323200000.0,-323200000.0,,,-413200000.0,,,,,,1344100000.0,1947300000.0,1947300000.0,1947300000.0,1554400000.0,2229700000.0,2229700000.0,2229700000.0,1947300000.0,2714700000.0,2714700000.0,2714700000.0,2229700000.0,3228600000.0,3228600000.0,3228600000.0,2714700000.0,7622000000.0,7622000000.0,7622000000.0,3228600000.0,8169200000.0,8169200000.0,8169200000.0,7622000000.0,9221200000.0,9221200000.0,9221200000.0
TemporaryEquityCarryingAmountIncludingPortionAttributableToNoncontrollingInterests / USD,,,,,,,,,,,,,,,,,,,,,,,,,,,,,,,,,,,,,,,,,,,,,,,,,,0.0,0.0,3700000.0,3700000.0,3700000.0,3700000.0,4600000.0,4600000.0,4600000.0,4600000.0,6000000.0,6000000.0,6000000.0
TreasuryStockAcquiredAverageCostPerShare / USD/shares,,,,,,,,,,,,,,,,,,,,,,,,,,,,,,,,,,,,,,,,,,,,,,,,,,,,,,,,,391.92,397.14,399.78,,,
TreasuryStockCommonShares / shares,,,,,,,,,,,,,,,,,,,,,,,,,,,,,,,,,,,,,,,,,,,,,,,,,,502470.0,1149899.0,282131.0,282131.0,282131.0,502470.0,0.0,0.0,0.0,282131.0,726276.0,726276.0,726276.0
TreasuryStockCommonValue / USD,,,,,,,,,,,,,,,,,,,,,,,,,,,,,,,,,,,,,,,,,,,,,,,,,,38800000.0,38800000.0,20000000.0,20000000.0,20000000.0,20000000.0,0.0,0.0,0.0,0.0,292400000.0,292400000.0,292400000.0
TreasuryStockSharesAcquired / shares,,,,,,,,,,,,,,,,,,,0.0,,,,0.0,2561815.0,2561815.0,2561815.0,1396290.0,,,,2561815.0,,,,2561815.0,,,,,,,,,,,,,,,,,,,,,,500000.0,800000.0,885321.0,,,
TreasuryStockValueAcquiredCostMethod / USD,,,800000.0,,,,-800000.0,,,,34900000.0,,,,34900000.0,,,,,,,,122100000.0,,,,122100000.0,,,,243800000.0,,,,0.0,0.0,0.0,0.0,0.0,0.0,0.0,0.0,0.0,0.0,0.0,,,,,,,,,,,,193800000.0,193800000.0,354000000.0,,193800000.0,193800000.0
UnbilledContractsReceivable / USD,,,,,,,33100000.0,,,,26900000.0,,,,28200000.0,,,,27800000.0,,,,33700000.0,,,,33900000.0,,,,40600000.0,118800000.0,118800000.0,118800000.0,118800000.0,,,,145300000.0,,,,200400000.0,,,,222100000.0,,,,316100000.0,,,,274700000.0,,,,302400000.0,,,
UnbilledReceivablesCurrent / USD,,,,,,,,,,,,,,,,,,,,,,,,,,,,,,,,89800000.0,89800000.0,89800000.0,89800000.0,145300000.0,145300000.0,145300000.0,145300000.0,200500000.0,200500000.0,200500000.0,200500000.0,222100000.0,222100000.0,222100000.0,222100000.0,316100000.0,316100000.0,316100000.0,316100000.0,274700000.0,274700000.0,274700000.0,274700000.0,302400000.0,302400000.0,302400000.0,302400000.0,312100000.0,312100000.0,312100000.0
UnrecognizedTaxBenefits / USD,,,,,,,25200000.0,,,,25200000.0,,,,10100000.0,,,,25800000.0,,,,42600000.0,,,,35400000.0,,,,32300000.0,,,,28800000.0,,,,24500000.0,,,,26000000.0,,,,25000000.0,,,,24500000.0,,,,32300000.0,,,,402000000.0,,,
UnrecognizedTaxBenefitsDecreasesResultingFromForeignCurrencyTranslation / USD,,,,,,,,,,,0.0,,,,200000.0,,,,-100000.0,,,,600000.0,,,,700000.0,,,,700000.0,,,,0.0,,,,0.0,,,,100000.0,,,,100000.0,,,,30600000.0,,,,30600000.0,,,,10100000.0,,,
UnrecognizedTaxBenefitsDecreasesResultingFromSettlementsWithTaxingAuthorities / USD,,,,,,,-9200000.0,,,,9200000.0,,,,0.0,,,,0.0,,,,4800000.0,,,,2800000.0,,,,1500000.0,,,,0.0,,,,0.0,,,,100000.0,,,,4600000.0,,,,1900000.0,,,,1600000.0,,,,223300000.0,,,
UnrecognizedTaxBenefitsIncomeTaxPenaltiesAndInterestAccrued / USD,,,,,,,,,,,,,,,,,,,,,,,,,,,,,,,,,,,,,,,,,,,,,,,1100000.0,,,,1200000.0,,,,160800000.0,,,,45600000.0,,,
UnrecognizedTaxBenefitsIncomeTaxPenaltiesAndInterestExpense / USD,,,,,,,,,,,,,,,,,,,,,,,,,,,,,,,,,,,,,,,,,,,,,,,300000.0,,,,100000.0,,,,2400000.0,,,,-12200000.0,,,
UnrecognizedTaxBenefitsIncreasesResultingFromAcquisition / USD,,,,,,,,,,,,,,,,,,,,,,,,,,,,,,,,,,,,,,,,,,,,,,,0.0,,,,0.0,,,,413800000.0,,,,0.0,,,
UnrecognizedTaxBenefitsIncreasesResultingFromCurrentPeriodTaxPositions / USD,,,,,,,600000.0,,,,600000.0,,,,700000.0,,,,1500000.0,,,,900000.0,,,,900000.0,,,,1600000.0,,,,1600000.0,,,,9800000.0,,,,2100000.0,,,,4300000.0,,,,9400000.0,,,,6300000.0,,,,2700000.0,,,
UnrecognizedTaxBenefitsIncreasesResultingFromForeignCurrencyTranslation / USD,,,,,,,,,,,,,,,,,,,,,,,,,,,,,,,,,,,,,,,,,,,100000.0,,,,100000.0,,,,100000.0,,,,7600000.0,,,,7600000.0,,,
UnrecognizedTaxBenefitsIncreasesResultingFromPriorPeriodTaxPositions / USD,,,,,,,,,,,-3500000.0,,,,18700000.0,,,,18100000.0,,,,3500000.0,,,,4300000.0,,,,2100000.0,,,,1600000.0,,,,500000.0,,,,2300000.0,,,,4200000.0,,,,5100000.0,,,,2500000.0,,,,200000.0,,,
UnrecognizedTaxBenefitsReductionsResultingFromLapseOfApplicableStatuteOfLimitations / USD,,,,,,,-3000000.0,,,,3000000.0,,,,3500000.0,,4900000.0,7500000.0,2900000.0,,,,6200000.0,,,,4800000.0,,,,5000000.0,,,,7500000.0,,,,8800000.0,,,,5200000.0,,,,4300000.0,,,,4900000.0,,,,20700000.0,,,,26400000.0,,,
ValuationAllowanceDeferredTaxAssetChangeInAmount / USD,,,,,,,,,,,,,4900000.0,4900000.0,22900000.0,,,,2800000.0,,,,4400000.0,,,,-1900000.0,,,,-8100000.0,,,,-3400000.0,,,,700000.0,,,,6800000.0,,,,200000.0,,,,3400000.0,,,,2100000.0,,,,2000000.0,,,
VariableLeaseCost / USD,,,,,,,,,,,,,,,,,,,,,,,,,,,,,,,,,,,,,,,,,,,,,,,,,,,5300000.0,,,,5800000.0,,,,5900000.0,,,
WeightedAverageNumberDilutedSharesOutstandingAdjustment / shares,,,,,600000.0,600000.0,600000.0,700000.0,700000.0,700000.0,700000.0,700000.0,700000.0,700000.0,700000.0,600000.0,700000.0,700000.0,700000.0,800000.0,700000.0,700000.0,700000.0,800000.0,800000.0,800000.0,800000.0,800000.0,800000.0,900000.0,700000.0,1000000.0,1000000.0,1000000.0,900000.0,1200000.0,1200000.0,1300000.0,1100000.0,1100000.0,1100000.0,1200000.0,1200000.0,1200000.0,1200000.0,1100000.0,1200000.0,1000000.0,1100000.0,1100000.0,1200000.0,1000000.0,900000.0,900000.0,1100000.0,1000000.0,900000.0,900000.0,900000.0,700000.0,600000.0,600000.0
WeightedAverageNumberOfDilutedSharesOutstanding / shares,36500000.0,36500000.0,,36800000.0,36800000.0,36800000.0,36600000.0,37200000.0,37300000.0,37300000.0,36900000.0,37200000.0,37300000.0,37300000.0,37300000.0,37800000.0,37900000.0,38000000.0,37400000.0,38300000.0,38200000.0,38100000.0,38000000.0,36500000.0,36300000.0,36200000.0,37900000.0,35200000.0,35200000.0,35400000.0,36000000.0,36100000.0,36200000.0,36200000.0,35500000.0,36800000.0,36900000.0,37000000.0,36300000.0,37200000.0,37300000.0,37400000.0,37000000.0,37800000.0,37800000.0,37800000.0,37500000.0,38000000.0,40800000.0,43100000.0,37900000.0,47700000.0,47700000.0,47700000.0,44300000.0,47900000.0,47900000.0,47900000.0,47700000.0,48000000.0,47900000.0,47700000.0
WeightedAverageNumberOfSharesOutstandingBasic / shares,36000000.0,36000000.0,,36200000.0,36200000.0,36200000.0,36000000.0,36500000.0,36600000.0,36600000.0,36200000.0,36500000.0,36600000.0,36600000.0,36600000.0,37200000.0,37200000.0,37300000.0,36700000.0,37500000.0,37500000.0,37400000.0,37300000.0,35700000.0,35500000.0,35400000.0,37100000.0,34400000.0,34400000.0,34500000.0,35300000.0,35100000.0,35200000.0,35200000.0,34600000.0,35600000.0,35700000.0,35700000.0,35200000.0,36100000.0,36200000.0,36200000.0,35800000.0,36600000.0,36600000.0,36700000.0,36300000.0,37000000.0,39700000.0,42000000.0,36700000.0,46700000.0,46800000.0,46800000.0,43200000.0,46900000.0,47000000.0,47000000.0,46800000.0,47300000.0,47300000.0,47100000.0
