fact_unit,2016-11-10,2017-02-16,2017-05-11,2017-08-11,2017-11-13,2018-02-28,2018-05-10,2018-08-09,2018-11-09,2019-02-22,2019-05-09,2019-08-09,2019-11-08,2020-02-28,2020-05-08,2020-08-07,2020-11-06,2021-02-19,2021-05-10,2021-08-09,2021-11-08,2022-02-16,2022-05-10,2022-08-09,2022-11-09,2023-02-15,2023-05-10,2023-08-09,2023-11-09,2024-02-15,2024-05-10,2024-08-08,2024-11-07,2025-02-21,2025-05-08,2025-08-07,2025-11-06
AccountsPayableCurrent / USD,108461000.0,108461000.0,321163000.0,321163000.0,321163000.0,321163000.0,490377000.0,490377000.0,490377000.0,490377000.0,669147000.0,669147000.0,669147000.0,669147000.0,868618000.0,868618000.0,868618000.0,868618000.0,1348480000.0,1348480000.0,1348480000.0,1348480000.0,1655684000.0,1655684000.0,1655684000.0,1655684000.0,1871419000.0,1871419000.0,1871419000.0,1871419000.0,2317318000.0,2317318000.0,2317318000.0,2317318000.0,2631213000.0,2631213000.0,2631213000.0
AccountsReceivableNetCurrent / USD,191943000.0,191943000.0,377240000.0,377240000.0,377240000.0,377240000.0,599565000.0,599565000.0,599565000.0,599565000.0,834764000.0,834764000.0,834764000.0,834764000.0,1166376000.0,1166376000.0,1166376000.0,1166376000.0,1584109000.0,1584109000.0,1584109000.0,1584109000.0,2020720000.0,2020720000.0,2020720000.0,2020720000.0,2347195000.0,2347195000.0,2347195000.0,2347195000.0,2870313000.0,2870313000.0,2870313000.0,2870313000.0,3330343000.0,3330343000.0,3330343000.0
AccruedLiabilitiesCurrent / USD,9937000.0,10439000.0,22973000.0,22973000.0,22973000.0,22973000.0,28155000.0,28155000.0,28155000.0,28155000.0,44844000.0,44844000.0,44844000.0,44844000.0,47178000.0,47178000.0,47178000.0,47178000.0,88335000.0,88335000.0,88335000.0,88335000.0,101472000.0,101472000.0,101472000.0,101472000.0,105474000.0,105474000.0,105474000.0,105474000.0,137996000.0,137996000.0,137996000.0,137996000.0,177760000.0,177760000.0,177760000.0
AccumulatedDepreciationDepletionAndAmortizationPropertyPlantAndEquipment / USD,,1265000.0,,,,3705000.0,,,,8903000.0,,,,15657000.0,,,,27341000.0,,,,42480000.0,,,,68890000.0,,,,105894000.0,,,,158537000.0,,,
AdditionalPaidInCapitalCommonStock / USD,,,,,179198000.0,179198000.0,209603000.0,209603000.0,209603000.0,209603000.0,270447000.0,270447000.0,270447000.0,270447000.0,380079000.0,380079000.0,380079000.0,380079000.0,538778000.0,538778000.0,538778000.0,538778000.0,915177000.0,915177000.0,915177000.0,915177000.0,1449825000.0,1449825000.0,1449825000.0,1449825000.0,1967265000.0,1967265000.0,1967265000.0,1967265000.0,2594896000.0,2594896000.0,2594896000.0
AdjustmentsToAdditionalPaidInCapitalSharebasedCompensationRequisiteServicePeriodRecognitionValue / USD,1057000.0,111000.0,,,,385000.0,,,,5144000.0,7427000.0,7427000.0,7427000.0,21860000.0,16324000.0,16324000.0,16324000.0,43695000.0,23263000.0,23263000.0,23263000.0,82346000.0,52985000.0,52985000.0,52985000.0,114020000.0,125415000.0,125415000.0,125415000.0,340733000.0,114235000.0,114235000.0,114235000.0,502656000.0,112048000.0,112048000.0,112048000.0
AllocatedShareBasedCompensationExpense / USD,251000.0,4400000.0,159000.0,392000.0,1048000.0,374000.0,2322000.0,6513000.0,12406000.0,5056000.0,7283000.0,16541000.0,27958000.0,21317000.0,15869000.0,36926000.0,56368000.0,42210000.0,22965000.0,46899000.0,73751000.0,80758000.0,52354000.0,97551000.0,132010000.0,111775000.0,124895000.0,250108000.0,371111000.0,337413000.0,113470000.0,230553000.0,370186000.0,498642000.0,110620000.0,236960000.0,365470000.0
AllowanceForDoubtfulAccountsReceivableCurrent / USD,,,,,,,,,,,,,,,3920000.0,3920000.0,3920000.0,2257000.0,7253000.0,7253000.0,7253000.0,2973000.0,7374000.0,7374000.0,7374000.0,3920000.0,10477000.0,10477000.0,10477000.0,7253000.0,12826000.0,12826000.0,12826000.0,7374000.0,11244000.0,11244000.0,11244000.0
AllowanceForDoubtfulAccountsReceivableWriteOffs / USD,,496000.0,,,,28000.0,,,,2000.0,,,,4606000.0,,,,1399000.0,,,,1755000.0,,,,369000.0,,,,1335000.0,,,,100000.0,,,
AntidilutiveSecuritiesExcludedFromComputationOfEarningsPerShareAmount / shares,20626000.0,22429000.0,27621000.0,27598000.0,,20115000.0,395000.0,1208000.0,899000.0,6069000.0,1487000.0,1708000.0,167000.0,1246000.0,818000.0,668000.0,163000.0,472000.0,388000.0,6332000.0,1880000.0,6915000.0,263000.0,2958000.0,,316000.0,,,,1699000.0,9832000.0,7578000.0,4916000.0,10707000.0,4799000.0,2480000.0,2667000.0
Assets / USD,210231000.0,210231000.0,537596000.0,537596000.0,537596000.0,537596000.0,797164000.0,797164000.0,797164000.0,797164000.0,1117872000.0,1117872000.0,1117872000.0,1117872000.0,1728761000.0,1728761000.0,1728761000.0,1728761000.0,2753645000.0,2753645000.0,2753645000.0,2753645000.0,3577340000.0,3577340000.0,3577340000.0,3577340000.0,4380679000.0,4380679000.0,4380679000.0,4380679000.0,4888687000.0,4888687000.0,4888687000.0,4888687000.0,6111951000.0,6111951000.0,6111951000.0
AssetsCurrent / USD,199802000.0,199802000.0,516403000.0,516403000.0,516403000.0,516403000.0,765813000.0,765813000.0,765813000.0,765813000.0,1056523000.0,1056523000.0,1056523000.0,1056523000.0,1449221000.0,1449221000.0,1449221000.0,1449221000.0,2310317000.0,2310317000.0,2310317000.0,2310317000.0,3091649000.0,3091649000.0,3091649000.0,3091649000.0,3845617000.0,3845617000.0,3845617000.0,3845617000.0,4313954000.0,4313954000.0,4313954000.0,4313954000.0,5336458000.0,5336458000.0,5336458000.0
AvailableForSaleSecuritiesDebtMaturitiesWithinOneYearFairValue / USD,,,,,,,,,,,68096000.0,99443000.0,107221000.0,108257000.0,111528000.0,108382000.0,112360000.0,162291000.0,184621000.0,204569000.0,195238000.0,177655000.0,227934000.0,254207000.0,294093000.0,365326000.0,399685000.0,450849000.0,415714000.0,439486000.0,458132000.0,458730000.0,471030000.0,474180000.0,501688000.0,708496000.0,678089000.0
AvailableForSaleSecuritiesDebtSecurities / USD,,,,,,,,,,,74101000.0,100461000.0,123082000.0,124112000.0,120625000.0,128974000.0,122909000.0,186685000.0,208446000.0,228150000.0,221685000.0,204625000.0,260347000.0,280459000.0,326745000.0,416080000.0,437730000.0,465113000.0,450117000.0,485159000.0,501360000.0,497168000.0,510290000.0,552026000.0,621826000.0,790874000.0,792313000.0
CapitalExpendituresIncurredButNotYetPaid / USD,118000.0,27000.0,49000.0,179000.0,1803000.0,88000.0,1687000.0,928000.0,945000.0,3490000.0,813000.0,2590000.0,6624000.0,701000.0,1487000.0,694000.0,1968000.0,1944000.0,10200000.0,11315000.0,12842000.0,9252000.0,2421000.0,16611000.0,8934000.0,6766000.0,1837000.0,17852000.0,29577000.0,5907000.0,5214000.0,3033000.0,5938000.0,2166000.0,3135000.0,37927000.0,10217000.0
CapitalizedComputerSoftwareAccumulatedAmortization / USD,,,,,,,,,,,,,,,,,,,,,,,,,,3857000.0,,,,6285000.0,,,,15432000.0,,,
CapitalizedComputerSoftwareAmortization1 / USD,,,,,,,,,,,,,,,,,,,,,,,,,,6000000.0,,,,5000000.0,,,,7000000.0,,,
CapitalizedComputerSoftwareGross / USD,,,,,,,,,,,,,,,,,,,,,,,,,,18191000.0,,,,24829000.0,,,,32333000.0,,,
CapitalizedComputerSoftwareImpairments1 / USD,,,,,,,,,,,,,,,,,,,,,,,,,,0.0,,,,0.0,,,,0.0,,,
CapitalizedComputerSoftwareNet / USD,,,,,,,,,,,,,,,,,,,,,,,,,,14334000.0,,,,18544000.0,,,,16901000.0,,,
CashAndCashEquivalentsAtCarryingValue / USD,17315000.0,6365000.0,4047000.0,4047000.0,4047000.0,17315000.0,133400000.0,133400000.0,133400000.0,4047000.0,155950000.0,155950000.0,155950000.0,133400000.0,207232000.0,207232000.0,130876000.0,130876000.0,437353000.0,437353000.0,437353000.0,437353000.0,754154000.0,754154000.0,754154000.0,754154000.0,1030506000.0,1030506000.0,1030506000.0,1030506000.0,895129000.0,895129000.0,895129000.0,895129000.0,1369463000.0,1369463000.0,1369463000.0
CashCashEquivalentsAndShortTermInvestments / USD,,,,,,,,,,,,,,,,,,,,,,,,,958779000.0,958779000.0,1446586000.0,1446586000.0,1446586000.0,1446586000.0,1380288000.0,1380288000.0,1380288000.0,1380288000.0,1921489000.0,1921489000.0,1921489000.0
CashCashEquivalentsRestrictedCashAndRestrictedCashEquivalentsIncludingDisposalGroupAndDiscontinuedOperations / USD,,,,,,,,,,,,,,,,,207232000.0,155950000.0,130876000.0,130876000.0,130876000.0,207232000.0,437353000.0,437353000.0,437353000.0,130876000.0,754154000.0,754154000.0,754154000.0,437353000.0,1030506000.0,1030506000.0,1030506000.0,754154000.0,895129000.0,895129000.0,895129000.0
CashCashEquivalentsRestrictedCashAndRestrictedCashEquivalentsPeriodIncreaseDecreaseIncludingExchangeRateEffect / USD,,,,,,,,,,,,,10399000.0,22550000.0,-63391000.0,-53657000.0,-33786000.0,51282000.0,194335000.0,295468000.0,303495000.0,-76356000.0,34284000.0,39554000.0,139563000.0,306477000.0,90069000.0,178529000.0,240502000.0,316801000.0,-137804000.0,-64675000.0,41258000.0,276352000.0,23071000.0,114234000.0,326346000.0
CommitmentsAndContingencies / USD,,,,,,,,,,,,,,,,,,,,,,,,,,0.0,,,,0.0,,,,0.0,,,
CommonStockParOrStatedValuePerShare / USD/shares,1e-06,1e-06,1e-06,1e-06,1e-06,1e-06,1e-06,1e-06,1e-06,1e-06,1e-06,1e-06,1e-06,1e-06,1e-06,1e-06,1e-06,1e-06,1e-06,1e-06,1e-06,1e-06,1e-06,1e-06,1e-06,1e-06,1e-06,1e-06,1e-06,1e-06,1e-06,1e-06,1e-06,1e-06,1e-06,1e-06,1e-06
CommonStockValue / USD,,0.0,0.0,0.0,0.0,0.0,0.0,0.0,0.0,0.0,0.0,0.0,0.0,0.0,0.0,0.0,0.0,0.0,0.0,0.0,0.0,0.0,0.0,0.0,0.0,0.0,0.0,0.0,0.0,0.0,0.0,0.0,0.0,0.0,0.0,0.0,0.0
CostOfGoodsAndServicesSold / USD,,,,,,,,27700000.0,45097000.0,39876000.0,22897000.0,49498000.0,78842000.0,66230000.0,33651000.0,68981000.0,108913000.0,114098000.0,40208000.0,82341000.0,127167000.0,156180000.0,50500000.0,101309000.0,154709000.0,178812000.0,63890000.0,131380000.0,201504000.0,221554000.0,84867000.0,171521000.0,264903000.0,281123000.0,103630000.0,214089000.0,336745000.0
CostsAndExpenses / USD,51183000.0,43784000.0,26982000.0,59130000.0,97035000.0,75856000.0,51416000.0,104526000.0,165531000.0,145408000.0,75738000.0,161909000.0,258471000.0,238861000.0,115317000.0,243292000.0,385568000.0,369971000.0,149894000.0,305021000.0,478352000.0,548862000.0,212027000.0,430046000.0,650691000.0,691825000.0,332376000.0,707595000.0,1073564000.0,1071650000.0,406111000.0,828692000.0,1284281000.0,1464141000.0,462596000.0,952426000.0,1471961000.0
CurrentFederalTaxExpenseBenefit / USD,,321000.0,,,,11123000.0,,,,18300000.0,,,,9944000.0,,,,11683000.0,,,,9180000.0,,,,-50096000.0,,,,10332000.0,,,,61904000.0,,,
CurrentForeignTaxExpenseBenefit / USD,,73000.0,,,,140000.0,,,,64000.0,,,,558000.0,,,,1720000.0,,,,1412000.0,,,,2550000.0,,,,2435000.0,,,,3068000.0,,,
CurrentIncomeTaxExpenseBenefit / USD,,561000.0,,,,13588000.0,,,,23959000.0,,,,14408000.0,,,,22698000.0,,,,18392000.0,,,,-67196000.0,,,,2350000.0,,,,99769000.0,,,
CurrentStateAndLocalTaxExpenseBenefit / USD,,167000.0,,,,2325000.0,,,,5595000.0,,,,3906000.0,,,,9295000.0,,,,7800000.0,,,,-19650000.0,,,,-10417000.0,,,,34797000.0,,,
DeferredFederalIncomeTaxExpenseBenefit / USD,,-827000.0,,,,197000.0,,,,-68000.0,,,,-172000.0,,,,-918000.0,,,,-6316000.0,,,,-20900000.0,,,,-21287000.0,,,,-2380000.0,,,
DeferredForeignIncomeTaxExpenseBenefit / USD,,,,,,-27000.0,,,,-27000.0,,,,-27000.0,,,,-1568000.0,,,,1165000.0,,,,-1239000.0,,,,18000.0,,,,61000.0,,,
DeferredIncomeTaxAssetsNet / USD,1171000.0,1171000.0,1778000.0,1778000.0,1778000.0,1778000.0,3359000.0,3359000.0,3359000.0,3359000.0,8460000.0,8460000.0,8460000.0,8460000.0,18950000.0,18950000.0,18950000.0,18950000.0,50168000.0,50168000.0,50168000.0,50168000.0,68244000.0,68244000.0,68244000.0,68244000.0,94028000.0,94028000.0,94028000.0,94028000.0,154849000.0,154849000.0,154849000.0,154849000.0,230214000.0,230214000.0,230214000.0
DeferredIncomeTaxExpenseBenefit / USD,,,,,,,,,,,,,,,,,,,,,,-10490000.0,,,,-31218000.0,,,,-18076000.0,,,,-25784000.0,,,
DeferredIncomeTaxesAndTaxCredits / USD,,-1509000.0,,,,338000.0,,,,-607000.0,,,,-1581000.0,,-11697000.0,-20978000.0,-5101000.0,,-11697000.0,-20978000.0,-10490000.0,-5304000.0,5044000.0,5044000.0,-31218000.0,-5304000.0,1555000.0,604000.0,-16777000.0,,,,-11507000.0,,,0.0
DeferredStateAndLocalIncomeTaxExpenseBenefit / USD,,-682000.0,,,,141000.0,,,,-539000.0,,,,-1382000.0,,,,-2615000.0,,,,-5339000.0,,,,-9079000.0,,,,3193000.0,,,,-23465000.0,,,
DeferredTaxAssetsGoodwillAndIntangibleAssets / USD,,,,,,,,,,,,,,87000.0,,,,179096000.0,,,,184965000.0,,,,219492000.0,,,,200113000.0,,,,180573000.0,,,
DeferredTaxAssetsLiabilitiesNet / USD,,1171000.0,,,,1778000.0,,,,3359000.0,,,,8460000.0,,,,18950000.0,,,,50168000.0,,,,68244000.0,,,,94028000.0,,,,154849000.0,,,
DeferredTaxAssetsOperatingLossCarryforwards / USD,,55000.0,,,,326000.0,,,,854000.0,,,,854000.0,,,,19225000.0,,,,58813000.0,,,,142708000.0,,,,182124000.0,,,,231597000.0,,,
DeferredTaxAssetsOther / USD,,238000.0,,,,760000.0,,,,76000.0,,,,4000.0,,,,111000.0,,,,487000.0,,,,484000.0,,,,1258000.0,,,,1776000.0,,,
DeferredTaxAssetsTaxCreditCarryforwardsResearch / USD,,,,,,280000.0,,,,774000.0,,,,1367000.0,,,,2739000.0,,,,30138000.0,,,,53472000.0,,,,17359000.0,,,,18220000.0,,,
DeferredTaxAssetsTaxDeferredExpenseCompensationAndBenefitsShareBasedCompensationCost / USD,,,,,,126000.0,,,,1722000.0,,,,4726000.0,,,,10641000.0,,,,13584000.0,,,,16621000.0,,,,21207000.0,,,,25727000.0,,,
DeferredTaxAssetsTaxDeferredExpenseReservesAndAccrualsReserves / USD,,919000.0,,,,1774000.0,,,,1804000.0,,,,2465000.0,,,,3275000.0,,,,5521000.0,,,,6161000.0,,,,5428000.0,,,,8401000.0,,,
DeferredTaxAssetsValuationAllowance / USD,,326000.0,,,,326000.0,,,,,,,,199214000.0,,,,199214000.0,,,,242415000.0,,,,361614000.0,,,,381619000.0,,,,415829000.0,,,
DeferredTaxLiabilitiesLeasingArrangements / USD,,,,,,,,,,,,,,,,,,37394000.0,,,,55685000.0,,,,46435000.0,,,,45493000.0,,,,39826000.0,,,
DeferredTaxLiabilitiesPrepaidExpenses / USD,,244000.0,,,,484000.0,,,,580000.0,,,,559000.0,,,,685000.0,,,,1365000.0,,,,1674000.0,,,,1122000.0,,,,944000.0,,,
DeferredTaxLiabilitiesPropertyPlantAndEquipment / USD,,1226000.0,,,,2254000.0,,,,2026000.0,,,,4228000.0,,,,2606000.0,,,,14375000.0,,,,21924000.0,,,,29020000.0,,,,27952000.0,,,
DepreciationAndAmortization / USD,,300000.0,,,,1000000.0,,,,2400000.0,,,,5300000.0,,,,8100000.0,,,,14900000.0,,,,21000000.0,,,,34000000.0,,,,42000000.0,,,
DepreciationDepletionAndAmortization / USD,1123000.0,680000.0,819000.0,1653000.0,2612000.0,1828000.0,1493000.0,3189000.0,5157000.0,3798000.0,2251000.0,4830000.0,8107000.0,7209000.0,4456000.0,9277000.0,15246000.0,11822000.0,6477000.0,13260000.0,20777000.0,21662000.0,10011000.0,21017000.0,29969000.0,28632000.0,12350000.0,24624000.0,37581000.0,42219000.0,19293000.0,39359000.0,59889000.0,54425000.0,21742000.0,42624000.0,63378000.0
EarningsPerShareBasic / USD/shares,0.68,0.85,-4.45,-3.74,-3.23,0.85,0.13,0.6,0.85,-1.46,0.22,0.68,1.15,1.26,0.23,0.86,1.29,2.08,0.53,0.11,0.2,0.24,0.05,0.15,0.27,0.52,-0.03,-0.07,-0.04,0.29,0.02,0.09,0.17,0.11,0.06,0.24,0.43
EarningsPerShareDiluted / USD/shares,0.26,0.39,-4.45,-3.74,-3.23,0.39,0.11,0.54,0.77,-1.46,0.2,0.63,1.07,1.15,0.21,0.8,1.2,1.92,0.5,0.1,0.19,0.23,0.05,0.14,0.26,0.49,-0.03,-0.07,-0.04,0.28,0.02,0.08,0.16,0.11,0.06,0.23,0.42
EffectiveIncomeTaxRateContinuingOperations / pure,,1.005,,,,0.466,,,,0.533,,,,0.202,,,,0.167,,,,0.068,,,,-0.684,,,,-0.129,,,,0.581,,,
EffectiveIncomeTaxRateReconciliationAtFederalStatutoryIncomeTaxRate / pure,0.35,0.34,0.35,0.35,0.35,0.35,0.35,0.35,0.35,0.35,0.21,0.21,0.21,0.35,0.21,0.35,0.35,0.21,0.21,0.21,0.21,0.21,0.21,0.21,0.21,0.21,0.21,0.21,0.21,0.21,0.21,0.21,0.21,0.21,0.21,0.21,0.21
EffectiveIncomeTaxRateReconciliationForeignIncomeTaxRateDifferential / pure,,0.02,,,,-0.003,,,,0.011,,,,0.022,,,,0.021,,,,0.105,,,,0.109,,,,0.142,,,,0.095,,,
EffectiveIncomeTaxRateReconciliationNondeductibleExpense / pure,,,,,,,,,,,,,,0.013,,,,0.013,,,,0.013,,,,-0.006,,,,-0.017,,,,0.016,,,
EffectiveIncomeTaxRateReconciliationNondeductibleExpenseMealsAndEntertainment / pure,,-0.055,,,,0.002,,,,0.003,,,,0.004,,,,0.005,,,,0.007,,,,0.002,,,,0.002,,,,0.004,,,
EffectiveIncomeTaxRateReconciliationNondeductibleExpenseShareBasedCompensationCost / pure,,-1.638,,,,0.004,,,,0.038,,,,0.19,,,,0.076,,,,0.205,,,,0.596,,,,0.299,,,,0.31,,,
EffectiveIncomeTaxRateReconciliationOtherReconcilingItemsPercent / pure,,-0.034,,,,-0.001,,,,0.004,,,,0.009,,,,-0.004,,,,-0.003,,,,0.001,,,,0.005,,,,-0.006,,,
EffectiveIncomeTaxRateReconciliationShareBasedCompensationExcessTaxBenefitAmount / USD,,,,,,,,,,,,,,,,,,,,,,,,,,,,-31000000.0,-42000000.0,,-27000000.0,-36000000.0,-45000000.0,,-11000000.0,-29000000.0,-43000000.0
EffectiveIncomeTaxRateReconciliationStateAndLocalIncomeTaxes / pure,,0.085,,,,0.054,,,,0.075,,,,0.026,,,,0.05,,,,0.017,,,,-0.157,,,,-0.053,,,,0.07,,,
EffectiveIncomeTaxRateReconciliationTaxCreditsResearch / pure,,,,,,,,,,,,,,,,,,0.039,,,,0.05,,,,0.141,,,,0.153,,,,0.118,,,
EmployeeServiceShareBasedCompensationAllocationOfRecognizedPeriodCostsCapitalizedAmount / USD,10000.0,4000.0,1000.0,4000.0,9000.0,11000.0,45000.0,189000.0,453000.0,88000.0,144000.0,758000.0,1192000.0,543000.0,455000.0,788000.0,1269000.0,1485000.0,298000.0,880000.0,1394000.0,1588000.0,631000.0,1449000.0,2076000.0,2245000.0,520000.0,1942000.0,2668000.0,3320000.0,765000.0,2086000.0,3814000.0,4014000.0,1428000.0,2901000.0,4316000.0
EmployeeServiceShareBasedCompensationTaxBenefitFromCompensationExpense / USD,,,,,,,,,,,,,,,,,,,,,,43100000.0,,,,135000000.0,,,,104000000.0,,,,48000000.0,,,
EntityPublicFloat / USD,,0.0,,,,1543997839.0,,,,3279011436.0,,,,8779399707.0,,,,16815566802.0,,,,33366438121.0,,,,18431645367.0,,,,34083149160.0,,,,43514637327.0,,,
ForeignCurrencyTransactionGainLossBeforeTax / USD,-934000.0,-306000.0,-46000.0,-402000.0,-489000.0,-1023000.0,-428000.0,-1318000.0,-3159000.0,-1151000.0,-544000.0,-1640000.0,-2035000.0,-4033000.0,-1330000.0,-1196000.0,-784000.0,-1919000.0,-1234000.0,-1586000.0,-1574000.0,-695000.0,353000.0,149000.0,-1004000.0,-961000.0,795000.0,478000.0,435000.0,-1751000.0,-723000.0,24000.0,1721000.0,961000.0,715000.0,670000.0,-41000.0
GeneralAndAdministrativeExpense / USD,8536000.0,9385000.0,6399000.0,12851000.0,21442000.0,13276000.0,15930000.0,27588000.0,41815000.0,32163000.0,19110000.0,38506000.0,59816000.0,58446000.0,33617000.0,65738000.0,102755000.0,84910000.0,38598000.0,74463000.0,117252000.0,143048000.0,51845000.0,103764000.0,155884000.0,171617000.0,125799000.0,260625000.0,391517000.0,374661000.0,130312000.0,256442000.0,388411000.0,525167000.0,129555000.0,265024000.0,403902000.0
HostingArrangementServiceContractImplementationCostCapitalizedAccumulatedAmortization / USD,,,,,,,,,,,,,,,,,,,,,,,,,,,,,,,,,,6000000.0,,,
HostingArrangementServiceContractImplementationCostCapitalizedBeforeAccumulatedAmortization / USD,,,,,,,,,,,,,,,,,,,,,,,,,,,,,,,,,,12000000.0,,,
HostingArrangementServiceContractImplementationCostExpenseAmortization / USD,,,,,,,,,,,,,,,,,,,,,,,,,,,,,,,,,,2000000.0,,,
HostingArrangementServiceContractImplementationCostImpairment / USD,,,,,,,,,,,,,,,,,,,,,,,,,,,,,,,,,,0.0,,,
ImpairmentOfLongLivedAssetsHeldForUse / USD,0.0,0.0,,,,,,,,0.0,,,,0.0,,,,0.0,,,,0.0,,,,0.0,,,,0.0,,,,0.0,,,
IncomeLossFromContinuingOperationsBeforeIncomeTaxesExtraordinaryItemsNoncontrollingInterest / USD,17183000.0,-943000.0,-1868000.0,11906000.0,20870000.0,29855000.0,1144000.0,19535000.0,35589000.0,43834000.0,9230000.0,34328000.0,56433000.0,63625000.0,5337000.0,38706000.0,62525000.0,105737000.0,10349000.0,-5617000.0,36942000.0,116220000.0,8092000.0,69642000.0,148618000.0,143903000.0,-17334000.0,-15252000.0,15250000.0,122036000.0,-9608000.0,50319000.0,107319000.0,127370000.0,46033000.0,158525000.0,285703000.0
IncomeTaxExpenseBenefit / USD,6904000.0,-948000.0,-828000.0,5348000.0,10668000.0,13926000.0,-3765000.0,-4223000.0,1602000.0,23352000.0,160000.0,5915000.0,7728000.0,12827000.0,-4814000.0,755000.0,5152000.0,17597000.0,-13708000.0,-54785000.0,-53473000.0,7902000.0,-14550000.0,-697000.0,18895000.0,-98414000.0,-2736000.0,18419000.0,33052000.0,-15726000.0,-18934000.0,8054000.0,25702000.0,73985000.0,14373000.0,41836000.0,74856000.0
IncomeTaxesPaidNet / USD,8342000.0,150000.0,,,,12931000.0,,,,16740000.0,,,,19163000.0,,,,17287000.0,,,,19727000.0,,,,4983000.0,,,,3608000.0,,,,4211000.0,,,
IncreaseDecreaseInAccountsPayable / USD,10749000.0,35706000.0,-6505000.0,55383000.0,94352000.0,50021000.0,-87940000.0,-28527000.0,51855000.0,209483000.0,-49698000.0,11220000.0,-2804000.0,171793000.0,-138886000.0,-28952000.0,-21401000.0,177675000.0,-205967000.0,-214396000.0,47728000.0,191763000.0,-200578000.0,-133510000.0,-44105000.0,481313000.0,-245937000.0,-129853000.0,-68758000.0,309410000.0,-200701000.0,50995000.0,125661000.0,187119000.0,-220196000.0,-13247000.0,87175000.0
IncreaseDecreaseInAccountsReceivable / USD,49016000.0,53315000.0,-22981000.0,45054000.0,82322000.0,114170000.0,-59190000.0,6853000.0,95215000.0,187736000.0,-42387000.0,50348000.0,44736000.0,224636000.0,-127232000.0,-4987000.0,2739000.0,239901000.0,-210552000.0,-293577000.0,-21063000.0,331369000.0,-208847000.0,-49802000.0,48637000.0,418054000.0,-259483000.0,-112345000.0,-24905000.0,444342000.0,-258165000.0,35368000.0,130650000.0,291747000.0,-238147000.0,49321000.0,125711000.0
IncreaseDecreaseInAccruedLiabilitiesAndOtherOperatingLiabilities / USD,,,,,,,,,,,,,,,,,,,,,,,,-22852000.0,-14790000.0,35446000.0,-8688000.0,-22190000.0,-18778000.0,7596000.0,-4309000.0,399000.0,18439000.0,8168000.0,-104000.0,-9989000.0,8846000.0
IncreaseDecreaseInPrepaidDeferredExpenseAndOtherAssets / USD,2908000.0,527000.0,3717000.0,2112000.0,2425000.0,3040000.0,5017000.0,11643000.0,7296000.0,2675000.0,775000.0,2702000.0,10597000.0,5033000.0,6580000.0,11960000.0,19024000.0,10551000.0,15791000.0,31368000.0,23919000.0,19597000.0,16180000.0,6812000.0,-20627000.0,66655000.0,-23743000.0,-29018000.0,-42913000.0,-1648000.0,5481000.0,3659000.0,11370000.0,-50655000.0,-3331000.0,52064000.0,68490000.0
InterestExpenseNonoperating / USD,,,,,,,,,,,,,,,,,,,,,,,,,,,,,,,,,,4014000.0,371000.0,751000.0,1125000.0
InterestIncomeExpenseNet / USD,,,,,,,-364000.0,-777000.0,-1290000.0,,-156000.0,-124000.0,113000.0,-1698000.0,997000.0,2283000.0,3763000.0,333000.0,817000.0,975000.0,740000.0,4719000.0,-45000.0,-239000.0,-556000.0,656000.0,-1076000.0,-420000.0,1321000.0,-1030000.0,14423000.0,31930000.0,49556000.0,12755000.0,16661000.0,34478000.0,53886000.0
InterestIncomeExpenseNonoperatingNet / USD,,,,,,,,,,,,,,,,,,,,,,,,,,,,,,,,,,12755000.0,16661000.0,34478000.0,53886000.0
InterestPaidNet / USD,559000.0,487000.0,,,,895000.0,,,,1696000.0,,,,1320000.0,,,,817000.0,,,,412000.0,,,,1554000.0,,,,518000.0,,,,995000.0,,,
InvestmentIncomeNet / USD,,,,,,,,,,,,,,,,,,,,,,,,,,,,,,,,,,16769000.0,17032000.0,35229000.0,55011000.0
LeaseCost / USD,,,,,,,,,,,5605000.0,12050000.0,21471000.0,30966000.0,5605000.0,12050000.0,21471000.0,30966000.0,9598000.0,21285000.0,33033000.0,45519000.0,14539000.0,27843000.0,41614000.0,45519000.0,14273000.0,29394000.0,44307000.0,55775000.0,14876000.0,29774000.0,45433000.0,60236000.0,16959000.0,34651000.0,54634000.0
LesseeOperatingLeaseLiabilityPaymentsDue / USD,,,,,,,,,,,225016000.0,225016000.0,225016000.0,225016000.0,351055000.0,356461000.0,357808000.0,325329000.0,,,,318461000.0,,,,290248000.0,,,,321488000.0,,,,662284000.0,,,
LesseeOperatingLeaseLiabilityPaymentsDueAfterYearFive / USD,,,,,,,,,,,119109000.0,119109000.0,119109000.0,119109000.0,161160000.0,165087000.0,,152361000.0,,,,96113000.0,,,,63193000.0,,,,51173000.0,,,,258258000.0,,,
LesseeOperatingLeaseLiabilityPaymentsDueNextTwelveMonths / USD,,,,,,,,,,,13419000.0,13419000.0,13419000.0,13419000.0,,,52334000.0,14770000.0,,,,53990000.0,,,,59406000.0,,,,62412000.0,,,,46378000.0,,,
LesseeOperatingLeaseLiabilityPaymentsDueYearFive / USD,,,,,,,,,,,20902000.0,20902000.0,20902000.0,20902000.0,33305000.0,35570000.0,,32310000.0,,,,35397000.0,,,,33811000.0,,,,44059000.0,,,,94818000.0,,,
LesseeOperatingLeaseLiabilityPaymentsDueYearFour / USD,,,,,,,,,,,23786000.0,23786000.0,23786000.0,23786000.0,42304000.0,44102000.0,37035000.0,38310000.0,,,,39020000.0,,,,36415000.0,,,,48503000.0,,,,103919000.0,,,
LesseeOperatingLeaseLiabilityPaymentsDueYearThree / USD,,,,,,,,,,,29054000.0,29054000.0,29054000.0,29054000.0,46390000.0,48120000.0,45603000.0,42056000.0,,,,43740000.0,,,,44051000.0,,,,56200000.0,,,,70560000.0,,,
LesseeOperatingLeaseLiabilityPaymentsDueYearTwo / USD,,,,,,,,,,,18746000.0,18746000.0,18746000.0,18746000.0,49466000.0,51049000.0,49788000.0,45522000.0,,,,50201000.0,,,,53372000.0,,,,59141000.0,,,,88351000.0,,,
LesseeOperatingLeaseLiabilityUndiscountedExcessAmount / USD,,,,,,,,,,,15029000.0,17402000.0,47036000.0,46498000.0,45319000.0,43164000.0,41487000.0,46498000.0,,,,33614000.0,,,,25890000.0,,,,22255000.0,,,,42817000.0,,,
Liabilities / USD,171885000.0,171885000.0,373216000.0,373216000.0,373216000.0,373216000.0,551581000.0,551581000.0,551581000.0,551581000.0,723305000.0,723305000.0,723305000.0,723305000.0,1116244000.0,1116244000.0,1116244000.0,1116244000.0,1740500000.0,1740500000.0,1740500000.0,1740500000.0,2050034000.0,2050034000.0,2050034000.0,2050034000.0,2265340000.0,2265340000.0,2265340000.0,2265340000.0,2724468000.0,2724468000.0,2724468000.0,2724468000.0,3162806000.0,3162806000.0,3162806000.0
LiabilitiesAndStockholdersEquity / USD,210231000.0,210231000.0,537596000.0,537596000.0,537596000.0,537596000.0,797164000.0,797164000.0,797164000.0,797164000.0,1117872000.0,1117872000.0,1117872000.0,1117872000.0,1728761000.0,1728761000.0,1728761000.0,1728761000.0,2753645000.0,2753645000.0,2753645000.0,2753645000.0,3577340000.0,3577340000.0,3577340000.0,3577340000.0,4380679000.0,4380679000.0,4380679000.0,4380679000.0,4888687000.0,4888687000.0,4888687000.0,4888687000.0,6111951000.0,6111951000.0,6111951000.0
LiabilitiesCurrent / USD,118900000.0,118900000.0,344136000.0,344136000.0,344136000.0,344136000.0,518532000.0,518532000.0,518532000.0,518532000.0,713991000.0,713991000.0,713991000.0,713991000.0,930373000.0,930373000.0,930373000.0,930373000.0,1474683000.0,1474683000.0,1474683000.0,1474683000.0,1803305000.0,1803305000.0,1803305000.0,1803305000.0,2029323000.0,2029323000.0,2029323000.0,2029323000.0,2510838000.0,2510838000.0,2510838000.0,2510838000.0,2873465000.0,2873465000.0,2873465000.0
NetCashProvidedByUsedInFinancingActivities / USD,,,,,,,,2948000.0,3203000.0,63543000.0,-26149000.0,-17321000.0,-13423000.0,7390000.0,8350000.0,21982000.0,25809000.0,-10130000.0,157585000.0,191275000.0,126889000.0,27280000.0,-4459000.0,18010000.0,22120000.0,44679000.0,10980000.0,34146000.0,31005000.0,31926000.0,-296764000.0,-318460000.0,-415402000.0,31992000.0,-141282000.0,-115363000.0,-117379000.0
NetCashProvidedByUsedInInvestingActivities / USD,,,,,,,,-8518000.0,-10836000.0,-9221000.0,-2656000.0,-9357000.0,-14723000.0,-16064000.0,-81452000.0,-119430000.0,-147868000.0,-25191000.0,-16026000.0,-44934000.0,-60906000.0,-163841000.0,-36327000.0,-63897000.0,-97676000.0,-143271000.0,-67103000.0,-93575000.0,-165757000.0,-93638000.0,-28613000.0,-61877000.0,-50542000.0,-304374000.0,-21119000.0,-37134000.0,-96330000.0
NetCashProvidedByUsedInOperatingActivities / USD,,,,,,,,-11971000.0,7031000.0,75031000.0,11807000.0,12409000.0,38545000.0,31224000.0,9711000.0,43791000.0,88273000.0,86603000.0,52776000.0,149127000.0,237512000.0,60205000.0,75070000.0,85441000.0,215119000.0,405069000.0,146192000.0,237958000.0,375254000.0,378513000.0,187573000.0,315662000.0,507202000.0,548734000.0,185472000.0,266731000.0,540055000.0
NetIncomeLoss / USD,10279000.0,5000.0,-1040000.0,6558000.0,10202000.0,15929000.0,4909000.0,23758000.0,33987000.0,20482000.0,9070000.0,9070000.0,9070000.0,50798000.0,10151000.0,10151000.0,10151000.0,88140000.0,24057000.0,24057000.0,24057000.0,108318000.0,22642000.0,22642000.0,22642000.0,242317000.0,-14598000.0,-14598000.0,-14598000.0,137762000.0,9326000.0,9326000.0,9326000.0,53385000.0,31660000.0,31660000.0,31660000.0
NoncashOrPartNoncashAcquisitionOtherAssetsAcquired1 / USD,,,,,,,,,,,,,,,,,,,,,,,,,,,,,,,,,,,0.0,0.0,0.0
NonoperatingIncomeExpense / USD,-2812000.0,-1707000.0,-5264000.0,-6524000.0,-12611000.0,-8125000.0,-792000.0,-2095000.0,-4449000.0,-13684000.0,-700000.0,-1764000.0,-1922000.0,-5731000.0,-333000.0,1087000.0,2979000.0,-1586000.0,-417000.0,-611000.0,-834000.0,4024000.0,308000.0,-90000.0,-1560000.0,-305000.0,-281000.0,58000.0,1756000.0,-2781000.0,13700000.0,31954000.0,51277000.0,13716000.0,17376000.0,35148000.0,53845000.0
NumberOfOperatingSegments / Segment,,,,,,,,,,,,,,,,,,,,,,1.0,1.0,,,1.0,,,,1.0,,,,1.0,1.0,,
NumberOfOperatingSegments / segement,,,,,,,,,,,,,,,,,,,,,,,,,,,,,,,,,,,1.0,,
NumberOfOperatingSegments / segment,,,,,,,,,,,,,,,,,,,,,,,,1.0,1.0,,1.0,1.0,1.0,,1.0,1.0,1.0,,,1.0,1.0
NumberOfReportableSegments / Segment,,1.0,,,,1.0,,,,1.0,,,,,,,,,,,,1.0,1.0,,,1.0,,,,1.0,,,,1.0,1.0,,
NumberOfReportableSegments / segement,,,,,,,,,,,,,,,,,,,,,,,,,,,,,,,,,,,1.0,,
NumberOfReportableSegments / segment,,,,,,,,,,,,,,,,,,,,,,,,1.0,1.0,,1.0,1.0,1.0,,1.0,1.0,1.0,,,1.0,1.0
OperatingIncomeLoss / USD,19995000.0,764000.0,3396000.0,18430000.0,33481000.0,37980000.0,1936000.0,21630000.0,40038000.0,57518000.0,9930000.0,36092000.0,58355000.0,69356000.0,5670000.0,37619000.0,59546000.0,107323000.0,10766000.0,-5006000.0,37776000.0,112196000.0,7784000.0,69732000.0,150178000.0,144208000.0,-17053000.0,-15310000.0,13494000.0,124817000.0,-23308000.0,18365000.0,56042000.0,113654000.0,28657000.0,123377000.0,231858000.0
OperatingLeaseCost / USD,,,,,,,,,,,5171000.0,10542000.0,19089000.0,28181000.0,5171000.0,10542000.0,19089000.0,28181000.0,9538000.0,20080000.0,30848000.0,42272000.0,13095000.0,25886000.0,38288000.0,42272000.0,12484000.0,25276000.0,38415000.0,50798000.0,11847000.0,24056000.0,36588000.0,51918000.0,12711000.0,26197000.0,41259000.0
OperatingLeaseLiability / USD,,,,,,,,,,,79616000.0,88521000.0,183606000.0,189450000.0,227215000.0,236941000.0,240143000.0,47000000.0,,,,47000000.0,,,,260957000.0,,,,235893000.0,,,,312215000.0,,,
OperatingLeaseLiabilityCurrent / USD,,,,,,,,,,,14448000.0,16822000.0,15938000.0,14577000.0,14577000.0,14577000.0,14577000.0,14577000.0,37868000.0,37868000.0,37868000.0,37868000.0,46149000.0,46149000.0,46149000.0,46149000.0,52430000.0,52430000.0,52430000.0,52430000.0,55524000.0,55524000.0,55524000.0,55524000.0,64492000.0,64492000.0,64492000.0
OperatingLeaseLiabilityNoncurrent / USD,,,,,,,,,,,65168000.0,71699000.0,167668000.0,174873000.0,174873000.0,174873000.0,174873000.0,174873000.0,254562000.0,254562000.0,254562000.0,254562000.0,238449000.0,238449000.0,238449000.0,238449000.0,208527000.0,208527000.0,208527000.0,208527000.0,180369000.0,180369000.0,180369000.0,180369000.0,247723000.0,247723000.0,247723000.0
OperatingLeasePayments / USD,,,,,,,,,,,3792000.0,7709000.0,12268000.0,16923000.0,3792000.0,7709000.0,12268000.0,16923000.0,4902000.0,10077000.0,17702000.0,16923000.0,15107000.0,27175000.0,39006000.0,27448000.0,14030000.0,28230000.0,42921000.0,52974000.0,15342000.0,30870000.0,44836000.0,57862000.0,15716000.0,33272000.0,48524000.0
OperatingLeaseRightOfUseAsset / USD,,,,,,,,,,,73508000.0,82711000.0,177276000.0,173449000.0,173449000.0,173449000.0,173449000.0,41000000.0,248143000.0,248143000.0,248143000.0,41000000.0,234091000.0,234091000.0,234091000.0,234091000.0,220396000.0,220396000.0,220396000.0,220396000.0,197732000.0,197732000.0,197732000.0,197732000.0,263761000.0,263761000.0,263761000.0
OperatingLeaseWeightedAverageDiscountRatePercent / pure,,,,,,,,,,,0.046,0.046,0.045,0.045,,,,0.045,,,,0.034,,,,0.03,,,,0.031,,,,0.036,,,
OtherAssetsNoncurrent / USD,2633000.0,2633000.0,4636000.0,4636000.0,4636000.0,4636000.0,10587000.0,10587000.0,10587000.0,10587000.0,19843000.0,19843000.0,19843000.0,19843000.0,23129000.0,23129000.0,23129000.0,23129000.0,29154000.0,29154000.0,29154000.0,29154000.0,47500000.0,47500000.0,47500000.0,47500000.0,46879000.0,46879000.0,46879000.0,46879000.0,60730000.0,60730000.0,60730000.0,60730000.0,72186000.0,72186000.0,72186000.0
OtherLiabilitiesNoncurrent / USD,140000.0,1170000.0,3233000.0,3233000.0,3233000.0,3233000.0,6049000.0,6049000.0,6049000.0,6049000.0,9314000.0,9314000.0,9314000.0,9314000.0,10998000.0,10998000.0,10998000.0,10998000.0,11255000.0,11255000.0,11255000.0,11255000.0,8280000.0,8280000.0,8280000.0,8280000.0,27490000.0,27490000.0,27490000.0,27490000.0,33261000.0,33261000.0,33261000.0,33261000.0,41618000.0,41618000.0,41618000.0
OtherNoncashIncomeExpense / USD,-532000.0,-289000.0,-151000.0,-315000.0,-426000.0,-176000.0,274000.0,968000.0,1312000.0,-1160000.0,-359000.0,-2725000.0,-2396000.0,1303000.0,-379000.0,2056000.0,2945000.0,-2905000.0,-3484000.0,2372000.0,-1242000.0,1939000.0,-4905000.0,-9065000.0,-6730000.0,-2190000.0,-998000.0,-6630000.0,-3694000.0,-5803000.0,1310000.0,8423000.0,8312000.0,-622000.0,-1125000.0,4117000.0,11901000.0
PaymentsForRepurchaseOfCommonStock / USD,,,,,,,,,,,,,,,,,,,,,,,,,,,0.0,0.0,0.0,0.0,291534000.0,336494000.0,426684000.0,0.0,125280000.0,125280000.0,177428000.0
PaymentsRelatedToTaxWithholdingForShareBasedCompensation / USD,,,,29000.0,29000.0,1017000.0,361000.0,29000.0,29000.0,1017000.0,361000.0,544000.0,602000.0,1017000.0,1146000.0,3634000.0,4744000.0,6677000.0,4893000.0,7729000.0,14184000.0,19334000.0,17080000.0,29235000.0,38273000.0,53138000.0,13428000.0,23196000.0,37254000.0,56855000.0,15595000.0,31054000.0,55397000.0,48595000.0,26806000.0,58369000.0,97763000.0
PaymentsToAcquireBusinessesNetOfCashAcquired / USD,,,,,,,,,,,,,,,,,,,,,,,,,,,,,,,,,,,0.0,0.0,0.0
PaymentsToAcquireInvestments / USD,,,,,,,,,,,73950000.0,122432000.0,178179000.0,212776000.0,73950000.0,122432000.0,178179000.0,212776000.0,35931000.0,90080000.0,127254000.0,212776000.0,89354000.0,164031000.0,233427000.0,230759000.0,121221000.0,233877000.0,379206000.0,278387000.0,144721000.0,316307000.0,448251000.0,553295000.0,159731000.0,317969000.0,486596000.0
PaymentsToAcquirePropertyPlantAndEquipment / USD,1463000.0,832000.0,384000.0,2036000.0,3516000.0,5128000.0,3602000.0,6707000.0,8357000.0,6884000.0,1798000.0,6585000.0,10383000.0,10110000.0,6085000.0,17002000.0,21659000.0,19795000.0,18310000.0,37720000.0,57721000.0,35693000.0,13120000.0,18499000.0,43920000.0,74061000.0,8401000.0,12541000.0,36394000.0,54804000.0,9156000.0,16556000.0,21594000.0,84160000.0,7224000.0,29339000.0,78048000.0
PaymentsToDevelopSoftware / USD,1236000.0,825000.0,545000.0,1092000.0,1796000.0,1799000.0,647000.0,1811000.0,2479000.0,2337000.0,858000.0,2772000.0,4340000.0,2954000.0,1417000.0,2420000.0,3849000.0,5396000.0,965000.0,2317000.0,4246000.0,4911000.0,1062000.0,2675000.0,3684000.0,6053000.0,1614000.0,3226000.0,4833000.0,5169000.0,1467000.0,3415000.0,6097000.0,7725000.0,1958000.0,4424000.0,6708000.0
PreferredStockParOrStatedValuePerShare / USD/shares,1e-06,1e-05,1e-06,1e-06,1e-06,1e-06,1e-06,1e-06,1e-06,1e-06,1e-06,1e-06,1e-06,1e-06,1e-06,1e-06,1e-06,1e-06,1e-06,1e-06,1e-06,1e-06,1e-06,1e-06,1e-06,1e-06,1e-06,1e-06,1e-06,1e-06,1e-06,1e-06,1e-06,1e-06,1e-06,1e-06,1e-06
PreferredStockSharesAuthorized / shares,0.0,0.0,100000000.0,100000000.0,100000000.0,100000000.0,100000000.0,100000000.0,100000000.0,100000000.0,100000000.0,100000000.0,100000000.0,100000000.0,100000000.0,100000000.0,100000000.0,100000000.0,100000000.0,100000000.0,100000000.0,100000000.0,100000000.0,100000000.0,100000000.0,100000000.0,100000000.0,100000000.0,100000000.0,100000000.0,100000000.0,100000000.0,100000000.0,100000000.0,100000000.0,100000000.0,100000000.0
PreferredStockSharesIssued / shares,0.0,0.0,0.0,0.0,0.0,0.0,0.0,0.0,0.0,0.0,0.0,0.0,0.0,0.0,0.0,0.0,0.0,0.0,0.0,0.0,0.0,0.0,0.0,0.0,0.0,0.0,0.0,0.0,0.0,0.0,0.0,0.0,0.0,0.0,0.0,0.0,0.0
PreferredStockSharesOutstanding / shares,0.0,0.0,0.0,0.0,0.0,0.0,0.0,0.0,0.0,0.0,0.0,0.0,0.0,0.0,0.0,0.0,0.0,0.0,0.0,0.0,0.0,0.0,0.0,0.0,0.0,0.0,0.0,0.0,0.0,0.0,0.0,0.0,0.0,0.0,0.0,0.0,0.0
PreferredStockValue / USD,,,,,,,,,,,,,,,,,,,,,,,,0.0,0.0,0.0,0.0,0.0,0.0,0.0,0.0,0.0,0.0,0.0,0.0,0.0,0.0
PrepaidExpenseAndOtherAssetsCurrent / USD,3812000.0,3812000.0,5763000.0,5763000.0,5763000.0,5763000.0,10298000.0,10298000.0,10298000.0,10298000.0,14527000.0,14527000.0,14527000.0,14527000.0,27857000.0,27857000.0,27857000.0,27857000.0,102170000.0,102170000.0,102170000.0,102170000.0,112150000.0,112150000.0,112150000.0,112150000.0,51836000.0,51836000.0,51836000.0,51836000.0,63353000.0,63353000.0,63353000.0,63353000.0,84626000.0,84626000.0,84626000.0
ProceedsFromRepaymentsOfBankOverdrafts / USD,,,,,,,,,,,,,,,,,,,,,,,,,,,,,,,,,,,,0.0,
ProceedsFromSaleMaturityAndCollectionsOfInvestments / USD,,,,,,,,,,,,22424000.0,55819000.0,89539000.0,39180000.0,22424000.0,55819000.0,89539000.0,39180000.0,85183000.0,128315000.0,89539000.0,62670000.0,116769000.0,192077000.0,167602000.0,64133000.0,154092000.0,252699000.0,253444000.0,126731000.0,274401000.0,425400000.0,338829000.0,147794000.0,314598000.0,475022000.0
ProceedsFromStockOptionsExercised / USD,71000.0,1000.0,61000.0,185000.0,433000.0,166000.0,275000.0,1124000.0,1768000.0,488000.0,1212000.0,3209000.0,7165000.0,2565000.0,9502000.0,16975000.0,21911000.0,10021000.0,19478000.0,41969000.0,54038000.0,29874000.0,12621000.0,26339000.0,39559000.0,76146000.0,24408000.0,31795000.0,42712000.0,61476000.0,10365000.0,27772000.0,45363000.0,47525000.0,10804000.0,38164000.0,127690000.0
ProceedsFromStockPlans / USD,,,,,,,,,,,,,7014000.0,,,,,,,,,,,22758000.0,22758000.0,21671000.0,,25547000.0,25547000.0,29229000.0,,21316000.0,21316000.0,33062000.0,,30122000.0,30122000.0
ProfitLoss / USD,,,,,,,,23758000.0,33987000.0,20482000.0,9070000.0,28413000.0,48705000.0,50798000.0,10151000.0,37951000.0,57373000.0,88140000.0,24057000.0,49168000.0,90415000.0,108318000.0,22642000.0,70339000.0,129723000.0,242317000.0,-14598000.0,-33671000.0,-17802000.0,137762000.0,9326000.0,42265000.0,81617000.0,53385000.0,31660000.0,116689000.0,210847000.0
PropertyPlantAndEquipmentGross / USD,,7890000.0,,,,18484000.0,,,,26308000.0,,,,48703000.0,,,,91353000.0,,,,158343000.0,,,,204746000.0,,,,279653000.0,,,,319959000.0,,,
PropertyPlantAndEquipmentNet / USD,6625000.0,6625000.0,14779000.0,14779000.0,14779000.0,14779000.0,17405000.0,17405000.0,17405000.0,17405000.0,33046000.0,33046000.0,33046000.0,33046000.0,64012000.0,64012000.0,64012000.0,64012000.0,115863000.0,115863000.0,115863000.0,115863000.0,135856000.0,135856000.0,135856000.0,135856000.0,173759000.0,173759000.0,173759000.0,173759000.0,161422000.0,161422000.0,161422000.0,161422000.0,209332000.0,209332000.0,209332000.0
ProvisionForDoubtfulAccounts / USD,,-144000.0,86000.0,296000.0,384000.0,542000.0,3347000.0,3460000.0,3943000.0,1890000.0,,1239000.0,1727000.0,4289000.0,224000.0,843000.0,1647000.0,2115000.0,1310000.0,2384000.0,2722000.0,2702000.0,203000.0,239000.0,520000.0,3149000.0,725000.0,2078000.0,2961000.0,1456000.0,316000.0,318000.0,1811000.0,3203000.0,40000.0,133000.0,837000.0
ResearchAndDevelopmentExpense / USD,8507000.0,7250000.0,4639000.0,10402000.0,17694000.0,12819000.0,10461000.0,22596000.0,35777000.0,27313000.0,17701000.0,37185000.0,59806000.0,52806000.0,25312000.0,54764000.0,83949000.0,83892000.0,36794000.0,76852000.0,117931000.0,116752000.0,53918000.0,107454000.0,163301000.0,166654000.0,71999000.0,155482000.0,235397000.0,226137000.0,93710000.0,192018000.0,309790000.0,319876000.0,107686000.0,217721000.0,335426000.0
RetainedEarningsAccumulatedDeficit / USD,13103000.0,13103000.0,-14818000.0,-14818000.0,-14818000.0,-14818000.0,35980000.0,35980000.0,35980000.0,35980000.0,124120000.0,124120000.0,124120000.0,124120000.0,232438000.0,232438000.0,232438000.0,232438000.0,474367000.0,474367000.0,474367000.0,474367000.0,612129000.0,612129000.0,612129000.0,612129000.0,665514000.0,665514000.0,665514000.0,665514000.0,196954000.0,196954000.0,196954000.0,196954000.0,354249000.0,354249000.0,354249000.0
RevenueFromContractWithCustomerExcludingAssessedTax / USD,,,,,,,,126156000.0,205569000.0,202926000.0,85668000.0,198001000.0,316826000.0,308217000.0,120987000.0,280911000.0,445114000.0,477294000.0,160660000.0,300015000.0,516128000.0,661058000.0,219811000.0,499778000.0,800869000.0,836033000.0,315323000.0,692285000.0,1087058000.0,1196467000.0,382803000.0,847057000.0,1340323000.0,1577795000.0,491253000.0,1075803000.0,1703819000.0
RightOfUseAssetObtainedInExchangeForOperatingLeaseLiability / USD,,,,,,,,,,,36474000.0,48610000.0,147682000.0,150467000.0,35015000.0,48610000.0,147682000.0,150467000.0,,45951000.0,52238000.0,150467000.0,,,,106833000.0,,,,25356000.0,3999000.0,16967000.0,25781000.0,29881000.0,16875000.0,58133000.0,94410000.0
SellingAndMarketingExpense / USD,18530000.0,14590000.0,8431000.0,19682000.0,31282000.0,26794000.0,12476000.0,26642000.0,42842000.0,46056000.0,16030000.0,36720000.0,60007000.0,61379000.0,22737000.0,53809000.0,89951000.0,87071000.0,34294000.0,71365000.0,116002000.0,132882000.0,55764000.0,117519000.0,176797000.0,174742000.0,70688000.0,160108000.0,245146000.0,249298000.0,97222000.0,208711000.0,321177000.0,337975000.0,121725000.0,255592000.0,395888000.0
ShareBasedCompensation / USD,251000.0,107000.0,159000.0,392000.0,1048000.0,374000.0,2322000.0,6513000.0,12406000.0,5056000.0,7283000.0,16541000.0,27958000.0,21317000.0,15869000.0,36926000.0,56368000.0,42210000.0,22965000.0,46899000.0,73751000.0,80758000.0,52354000.0,97551000.0,132010000.0,111775000.0,124895000.0,250108000.0,371111000.0,337413000.0,113470000.0,230553000.0,370186000.0,498642000.0,110620000.0,236960000.0,365470000.0
ShareBasedCompensationArrangementByShareBasedPaymentAwardEquityInstrumentsOtherThanOptionsForfeitedInPeriod / shares,,,,24000.0,28000.0,28000.0,,,,5000.0,,33000.0,40000.0,47000.0,9000.0,32000.0,51000.0,56000.0,27000.0,460000.0,575000.0,694000.0,266000.0,482000.0,827000.0,1006000.0,196000.0,704000.0,1090000.0,1524000.0,212000.0,426000.0,840000.0,1049000.0,287000.0,584000.0,1033000.0
ShareBasedCompensationArrangementByShareBasedPaymentAwardEquityInstrumentsOtherThanOptionsForfeituresWeightedAverageGrantDateFairValue / USD/shares,,,,30.15,29.92,29.97,,,,83.1,,44.42,54.94,60.89,202.87,153.87,158.05,163.3,203.2,24.66,28.72,33.48,57.35,56.91,59.61,59.86,58.33,56.35,57.6,58.74,62.45,63.21,66.28,67.05,73.45,72.75,69.71
ShareBasedCompensationArrangementByShareBasedPaymentAwardEquityInstrumentsOtherThanOptionsGrantsInPeriod / shares,,,,105000.0,123000.0,307000.0,7000.0,121000.0,126000.0,239000.0,89000.0,102000.0,107000.0,188000.0,19000.0,315000.0,347000.0,379000.0,22000.0,1666000.0,2166000.0,2818000.0,884000.0,4478000.0,5586000.0,6746000.0,837000.0,5845000.0,6404000.0,6898000.0,396000.0,3979000.0,4493000.0,4966000.0,521000.0,6076000.0,6820000.0
ShareBasedCompensationArrangementByShareBasedPaymentAwardEquityInstrumentsOtherThanOptionsGrantsInPeriodWeightedAverageGrantDateFairValue / USD/shares,,,,31.92,35.25,43.76,49.14,53.94,57.04,96.21,149.56,157.59,161.61,201.21,265.32,295.54,309.8,343.79,759.3,72.68,73.7,77.41,77.1,61.43,60.51,58.95,51.94,60.86,62.69,63.81,75.5,81.84,83.9,87.23,94.62,55.07,55.68
ShareBasedCompensationArrangementByShareBasedPaymentAwardEquityInstrumentsOtherThanOptionsNonvestedNumber / shares,,,,193000.0,193000.0,193000.0,418000.0,418000.0,418000.0,418000.0,518000.0,518000.0,518000.0,518000.0,457000.0,457000.0,457000.0,457000.0,570000.0,5698000.0,5698000.0,5698000.0,5597000.0,5597000.0,5597000.0,5597000.0,8747000.0,8747000.0,8747000.0,8747000.0,10546000.0,10546000.0,10546000.0,10546000.0,10197000.0,10197000.0,10197000.0
ShareBasedCompensationArrangementByShareBasedPaymentAwardEquityInstrumentsOtherThanOptionsNonvestedWeightedAverageGrantDateFairValue / USD/shares,,,,29.65,29.65,29.65,39.95,39.95,39.95,39.95,65.14,65.14,65.14,65.14,120.65,120.65,120.65,120.65,261.03,26.1,26.1,26.1,51.54,51.54,51.54,51.54,57.41,57.41,57.41,57.41,62.22,62.22,62.22,62.22,73.62,73.62,73.62
ShareBasedCompensationArrangementByShareBasedPaymentAwardEquityInstrumentsOtherThanOptionsVestedInPeriod / shares,,,,1000.0,1000.0,54000.0,22000.0,35000.0,43000.0,134000.0,27000.0,70000.0,81000.0,202000.0,45000.0,73000.0,108000.0,210000.0,53000.0,1166000.0,1494000.0,2225000.0,518000.0,1125000.0,1716000.0,2590000.0,702000.0,1434000.0,2473000.0,3575000.0,1040000.0,2088000.0,3233000.0,4266000.0,1043000.0,2093000.0,3398000.0
ShareBasedCompensationArrangementByShareBasedPaymentAwardEquityInstrumentsOtherThanOptionsVestedInPeriodWeightedAverageGrantDateFairValue / USD/shares,,,,22.9,22.9,30.06,33.25,38.25,40.92,41.32,36.38,52.85,65.12,67.47,115.68,96.89,126.65,131.5,178.88,17.11,22.41,24.8,40.2,39.74,46.18,47.78,50.05,52.58,54.95,55.01,56.87,57.88,61.41,62.89,68.28,69.33,68.45
ShareBasedCompensationArrangementByShareBasedPaymentAwardFairValueAssumptionsExpectedDividendRate / pure,,0.0,,,,0.0,,,,0.0,,,,0.0,,,,0.0,,,,0.0,,,,0.0,,,,0.0,,,,0.0,,,
ShortTermInvestments / USD,,,,,,,,,,,74101000.0,100461000.0,123082000.0,124112000.0,124112000.0,124112000.0,124112000.0,124112000.0,186685000.0,186685000.0,186685000.0,186685000.0,204625000.0,204625000.0,204625000.0,204625000.0,416080000.0,416080000.0,416080000.0,416080000.0,485159000.0,485159000.0,485159000.0,485159000.0,552026000.0,552026000.0,552026000.0
ShortTermLeaseCost / USD,,,,,,,,,,,407000.0,882000.0,1373000.0,1582000.0,407000.0,882000.0,1373000.0,1582000.0,239000.0,495000.0,723000.0,908000.0,171000.0,363000.0,592000.0,908000.0,472000.0,951000.0,1296000.0,969000.0,472000.0,914000.0,1407000.0,1668000.0,474000.0,888000.0,1554000.0
StockIssuedDuringPeriodValueAcquisitions / USD,,,,,,,,,,,,,,,,,,,,,1816000.0,1816000.0,,,1816000.0,1816000.0,,,,1816000.0,,,,,10299000.0,10299000.0,10299000.0
StockIssuedDuringPeriodValueEmployeeStockPurchasePlan / USD,,4224000.0,,,,4224000.0,,,,4224000.0,,7014000.0,7014000.0,6997000.0,,8648000.0,8648000.0,13805000.0,,15035000.0,15035000.0,16746000.0,,22758000.0,22758000.0,21671000.0,,25547000.0,25547000.0,29229000.0,,21316000.0,21316000.0,33062000.0,,30122000.0,30122000.0
StockIssuedDuringPeriodValueStockOptionsExercised / USD,433000.0,1000.0,,,,166000.0,,,,488000.0,1212000.0,1212000.0,1212000.0,2565000.0,9502000.0,9502000.0,9502000.0,10021000.0,19478000.0,19478000.0,19478000.0,29874000.0,12621000.0,12621000.0,12621000.0,76146000.0,24408000.0,24408000.0,24408000.0,61476000.0,10365000.0,10365000.0,10365000.0,47525000.0,10804000.0,10804000.0,10804000.0
StockRepurchasedAndRetiredDuringPeriodValue / USD,2362000.0,561000.0,,,,2362000.0,,,,2362000.0,,,,,,,,,,,,,,,,,292863000.0,292863000.0,292863000.0,647500000.0,292863000.0,292863000.0,292863000.0,647500000.0,125370000.0,125370000.0,125370000.0
StockholdersEquity / USD,14142000.0,-5687000.0,164380000.0,164380000.0,164380000.0,-6131000.0,245583000.0,245583000.0,245583000.0,14142000.0,245583000.0,245583000.0,245583000.0,164380000.0,394567000.0,394567000.0,394567000.0,245583000.0,612517000.0,612517000.0,612517000.0,394567000.0,1013145000.0,1013145000.0,1013145000.0,612517000.0,1527306000.0,1527306000.0,1527306000.0,1013145000.0,2115339000.0,2115339000.0,2115339000.0,1527306000.0,2164219000.0,2164219000.0,2164219000.0
SubleaseIncome / USD,,,,,,,,,,,302000.0,556000.0,827000.0,1266000.0,302000.0,556000.0,827000.0,1266000.0,990000.0,1853000.0,2789000.0,3645000.0,650000.0,1363000.0,2114000.0,3645000.0,626000.0,1247000.0,1882000.0,2734000.0,546000.0,1150000.0,1769000.0,2490000.0,42000.0,42000.0,42000.0
UnrecognizedTaxBenefits / USD,,0.0,,,,1007000.0,,,,1007000.0,,,,1007000.0,,,,3101000.0,,,,4330000.0,,,,53213000.0,,,,66875000.0,,,,86331000.0,,,
UnrecognizedTaxBenefitsDecreasesResultingFromPriorPeriodTaxPositions / USD,,,,,,,,,,270000.0,,,,270000.0,,,,270000.0,,,,20000.0,,,,0.0,,,,0.0,,,,84000.0,,,
UnrecognizedTaxBenefitsDecreasesResultingFromSettlementsWithTaxingAuthorities / USD,,,,,,,,,,,,,,197000.0,,,,197000.0,,,,197000.0,,,,520000.0,,,,0.0,,,,0.0,,,
UnrecognizedTaxBenefitsIncreasesResultingFromCurrentPeriodTaxPositions / USD,,605000.0,,,,605000.0,,,,605000.0,,,,1971000.0,,,,1499000.0,,,,49100000.0,,,,9206000.0,,,,6381000.0,,,,4685000.0,,,
UnrecognizedTaxBenefitsIncreasesResultingFromPriorPeriodTaxPositions / USD,,402000.0,,,,402000.0,,,,402000.0,,,,123000.0,,,,5378000.0,,,,5378000.0,,,,5378000.0,,,,13075000.0,,,,0.0,,,
UnrecognizedTaxBenefitsReductionsResultingFromLapseOfApplicableStatuteOfLimitations / USD,,,,,,,,,,,,,,,,,,402000.0,,,,402000.0,,,,402000.0,,,,0.0,,,,0.0,,,
UnrecognizedTaxBenefitsThatWouldImpactEffectiveTaxRate / USD,,,,,,,,,,,,,,6100000.0,,,,3800000.0,,,,3800000.0,,,,2000000.0,,,,21000000.0,,,,27000000.0,,,
UnrecordedUnconditionalPurchaseObligationBalanceOnFifthAnniversary / USD,,,,,,,,,,,,,,38000000.0,,,,142000.0,,,,52000.0,,,,19667000.0,,,,0.0,,,,0.0,,,
UnrecordedUnconditionalPurchaseObligationBalanceOnFirstAnniversary / USD,,2920000.0,,,,27914000.0,,,,33352000.0,,,,55112000.0,,,,52404000.0,,,,60833000.0,,,,116964000.0,,,,155703000.0,,,,165268000.0,,,
UnrecordedUnconditionalPurchaseObligationBalanceOnFourthAnniversary / USD,358000.0,,,,,,,,,230000.0,,,,30000000.0,,,,16642000.0,,,,105000.0,,,,118000000.0,,,,19667000.0,,,,0.0,,,
UnrecordedUnconditionalPurchaseObligationBalanceOnSecondAnniversary / USD,1735000.0,1217000.0,8380000.0,8215000.0,8683000.0,8871000.0,,,,516000.0,,,,32298000.0,,,,35029000.0,,,,38283000.0,,,,119485000.0,,,,125368000.0,,,,127426000.0,,,
UnrecordedUnconditionalPurchaseObligationBalanceOnThirdAnniversary / USD,1216000.0,358000.0,8000000.0,8000000.0,8229000.0,214000.0,,,,230000.0,,,,31539000.0,,,,30408000.0,,,,1239000.0,,,,118000000.0,,,,118676000.0,,,,20376000.0,,,
UnrecordedUnconditionalPurchaseObligationBalanceSheetAmount / USD,4405000.0,4495000.0,33486000.0,31548000.0,37397000.0,36999000.0,,,,34328000.0,,,,186949000.0,,,,134625000.0,,,,100512000.0,,,,492116000.0,,,,419414000.0,,,,313070000.0,,,
VariableLeaseCost / USD,,,,,,,,,,,329000.0,1182000.0,1836000.0,2469000.0,329000.0,1182000.0,1836000.0,2469000.0,811000.0,2563000.0,4251000.0,5984000.0,1923000.0,2957000.0,4848000.0,5984000.0,1943000.0,4414000.0,6478000.0,6742000.0,3103000.0,5954000.0,9207000.0,9140000.0,3816000.0,7608000.0,11863000.0
WeightedAverageNumberDilutedSharesOutstandingAdjustment / shares,,,,,,,,,,,,,,,,,,,,,,32732000.0,25100000.0,23277000.0,22446000.0,27016000.0,0.0,0.0,0.0,21689000.0,10083000.0,10502000.0,11153000.0,12988000.0,9641000.0,10165000.0,10428000.0
WeightedAverageNumberOfDilutedSharesOutstanding / shares,16586000.0,13134000.0,10848000.0,10871000.0,11461000.0,16779000.0,43557000.0,43752000.0,43919000.0,18280000.0,44543000.0,44895000.0,45460000.0,44056000.0,47314000.0,47573000.0,47728000.0,45793000.0,48313000.0,484834000.0,487309000.0,478061000.0,497916000.0,497449000.0,497942000.0,489881000.0,484190000.0,485256000.0,486168000.0,498540000.0,499795000.0,499570000.0,500348000.0,499925000.0,498192000.0,499117000.0,500273000.0
WeightedAverageNumberOfSharesOutstandingBasic / shares,10193000.0,10233000.0,10848000.0,10871000.0,11461000.0,10290000.0,39167000.0,39609000.0,39977000.0,18280000.0,41629000.0,41903000.0,42178000.0,40262000.0,43906000.0,44157000.0,44363000.0,42442000.0,45501000.0,458184000.0,460747000.0,445329000.0,472816000.0,474172000.0,475496000.0,462865000.0,484190000.0,485256000.0,486168000.0,476851000.0,489712000.0,489068000.0,489195000.0,486937000.0,488551000.0,488952000.0,489845000.0
