fact_unit,2011-06-07,2011-09-08,2011-12-01,2012-03-28,2012-06-05,2012-09-06,2012-11-29,2013-04-03,2013-06-11,2013-09-12,2013-12-05,2014-04-02,2014-06-10,2014-09-11,2014-12-04,2015-04-01,2015-06-04,2015-09-03,2015-12-03,2016-03-30,2016-06-02,2016-08-25,2016-12-01,2017-03-28,2017-06-01,2017-08-31,2017-11-30,2018-04-03,2018-06-01,2018-08-30,2018-12-06,2019-04-02,2019-05-30,2019-08-29,2019-12-05,2020-03-27,2020-05-28,2020-08-27,2020-12-03,2021-03-26,2021-05-27,2021-08-25,2021-12-02,2022-03-25,2022-05-26,2022-08-25,2022-12-01,2023-03-24,2023-05-25,2023-08-24,2023-11-30,2024-03-26,2024-05-30,2024-08-29,2024-12-05,2025-03-27,2025-05-29,2025-08-28,2025-12-04
AccountsPayableCurrent / USD,60693000.0,61316000.0,120245000.0,87093000.0,81510000.0,81380000.0,134043000.0,86442000.0,111889000.0,88881000.0,185177000.0,118886000.0,148488000.0,130738000.0,190193000.0,148282000.0,184148000.0,163459000.0,236329000.0,190778000.0,209509000.0,215720000.0,291269000.0,196174000.0,266278000.0,285238000.0,425071000.0,259518000.0,319352000.0,313483000.0,447293000.0,325758000.0,372664000.0,409849000.0,574480000.0,404016000.0,407345000.0,450117000.0,594993000.0,414009000.0,466043000.0,398011000.0,478501000.0,477052000.0,552837000.0,535257000.0,747451000.0,552730000.0,585500000.0,586851000.0,647117000.0,559527000.0,621272000.0,521315000.0,597373000.0,544001000.0,463777000.0,566904000.0,593219000.0
AccountsReceivableNetCurrent / USD,,,,,,,,,,,,,,,,,,,,,,,,,,,,,,,,,,,,,,,,,,,,193109000.0,,,,233682000.0,,,,199422000.0,,,,207939000.0,,,
AccrualForTaxesOtherThanIncomeTaxesCurrent / USD,,,,,,,,,,,,,,,,,,,,,,,,,,,,24883000.0,,,,28306000.0,,,,32085000.0,,,,39051000.0,,,,36787000.0,,,,43464000.0,,,,58850000.0,,,,56790000.0,,,
AccruedAdvertisingCurrent / USD,,,,,,,,,,,,,,,,,,,,,,,,,,,,,,,,,,,,,,,,,,,,23543000.0,,,,49477000.0,,,,40580000.0,,,,33875000.0,,,
AccruedIncomeTaxesCurrent / USD,6740000.0,0.0,,0.0,4002000.0,483000.0,4002000.0,4002000.0,5764000.0,10054000.0,10054000.0,10054000.0,20732000.0,15349000.0,15349000.0,15349000.0,27928000.0,9890000.0,4917000.0,19404000.0,34871000.0,12702000.0,12702000.0,12702000.0,50156000.0,1089000.0,8971000.0,8971000.0,54521000.0,14101000.0,984000.0,14101000.0,52005000.0,,,,16679000.0,,6499000.0,42529000.0,42529000.0,42529000.0,6499000.0,42529000.0,113960000.0,12786000.0,12786000.0,12786000.0,108113000.0,,,11310000.0,58695000.0,11310000.0,11310000.0,11310000.0,92711000.0,46777000.0,46777000.0
AccruedLiabilitiesCurrent / USD,54789000.0,68833000.0,83808000.0,76264000.0,66488000.0,73745000.0,81116000.0,74411000.0,77375000.0,80507000.0,90354000.0,92127000.0,78847000.0,102007000.0,97421000.0,103180000.0,90343000.0,126792000.0,128465000.0,149412000.0,139284000.0,154494000.0,166707000.0,187351000.0,179300000.0,205918000.0,229569000.0,260854000.0,210379000.0,256794000.0,266435000.0,189171000.0,179659000.0,202999000.0,255156000.0,220666000.0,227156000.0,224202000.0,249112000.0,246088000.0,173310000.0,201754000.0,268310000.0,296334000.0,322676000.0,313372000.0,329672000.0,364797000.0,305000000.0,323939000.0,462773000.0,444278000.0,308583000.0,328247000.0,405443000.0,382468000.0,332692000.0,348042000.0,333463000.0
AccumulatedDepreciationDepletionAndAmortizationPropertyPlantAndEquipment / USD,,,,253700000.0,,,,296369000.0,,,,355331000.0,,,,426920000.0,,,,526090000.0,,,,654355000.0,,,,798759000.0,,,,959208000.0,,,,1149107000.0,,,,1360316000.0,,,,1572021000.0,,,,1718535000.0,,,,1853906000.0,,,,2011694000.0,,,
AdditionalPaidInCapitalCommonStock / USD,304965000.0,309273000.0,316694000.0,339576000.0,363103000.0,367863000.0,387489000.0,404698000.0,432444000.0,452335000.0,481522000.0,496930000.0,509292000.0,521170000.0,544101000.0,548194000.0,556154000.0,561727000.0,573118000.0,576982000.0,594479000.0,607375000.0,614589000.0,621715000.0,595148000.0,635582000.0,653036000.0,658330000.0,675650000.0,683156000.0,691075000.0,698917000.0,711597000.0,720535000.0,731890000.0,738671000.0,786753000.0,794368000.0,800986000.0,807492000.0,813924000.0,822664000.0,831817000.0,847303000.0,861312000.0,889206000.0,915814000.0,934945000.0,951802000.0,982339000.0,998816000.0,1023997000.0,1040378000.0,1049679000.0,1058969000.0,1075104000.0,1091822000.0,1099197000.0,1104952000.0
AdjustmentsToAdditionalPaidInCapitalSharebasedCompensationRequisiteServicePeriodRecognitionValue / USD,2808000.0,5196000.0,8223000.0,5949000.0,2893000.0,6346000.0,9721000.0,11155000.0,3048000.0,7539000.0,11936000.0,11605000.0,4063000.0,7603000.0,11436000.0,13375000.0,3342000.0,7578000.0,11126000.0,16003000.0,4022000.0,8862000.0,14203000.0,14923000.0,5491000.0,11649000.0,17898000.0,15594000.0,6170000.0,13172000.0,20308000.0,19340000.0,6170000.0,6170000.0,6170000.0,24399000.0,6030000.0,6030000.0,6030000.0,26636000.0,6182000.0,6182000.0,6182000.0,25045000.0,8978000.0,8978000.0,8978000.0,27583000.0,10356000.0,10356000.0,10356000.0,47259000.0,9721000.0,9721000.0,9721000.0,43044000.0,10082000.0,10082000.0,10082000.0
AdvertisingExpense / USD,,,,76811000.0,,,,84796000.0,,,,99446000.0,,,,118365000.0,,,,140774000.0,,,,157847000.0,,,,187158000.0,,,,212714000.0,,,,259423000.0,,,,294489000.0,,,,317865000.0,,,,281573000.0,,,,387794000.0,,,,374730000.0,,160304000.0,268004000.0
AllowanceForDoubtfulAccountsReceivableCurrent / USD,,,,257000.0,,,,556000.0,,,,973000.0,,,,915000.0,,,,1346000.0,,,,1112000.0,,,,2079000.0,,,,1371000.0,,,,651000.0,,,,1363000.0,,,,768000.0,,,,1005000.0,,,,1076000.0,,,,635000.0,,,
AmortizationOfIntangibleAssets / USD,,,,,,,,,,,,,,,,,,,,,,,,,,,,,,,,0.0,,,,0.0,,,,314000.0,,,,926000.0,,,,926000.0,,,,926000.0,,,,1014000.0,,,
AntidilutiveSecuritiesExcludedFromComputationOfEarningsPerShareAmount / shares,803000.0,1061000.0,1655000.0,3809000.0,189000.0,252000.0,703000.0,1263000.0,525000.0,653000.0,596000.0,621000.0,562000.0,869000.0,669000.0,533000.0,665000.0,743000.0,744000.0,658000.0,200000.0,185000.0,409000.0,686000.0,386000.0,388000.0,184000.0,370000.0,163000.0,151000.0,172000.0,142000.0,461000.0,378000.0,298000.0,167000.0,152000.0,164000.0,217000.0,302000.0,732000.0,711000.0,562000.0,298000.0,262000.0,207000.0,173000.0,211000.0,143000.0,125000.0,119000.0,205000.0,79000.0,133000.0,144000.0,84000.0,150000.0,195000.0,206000.0
Assets / USD,567763000.0,599325000.0,709422000.0,730488000.0,765807000.0,815848000.0,930072000.0,957217000.0,1058001000.0,1038769000.0,1233246000.0,1275249000.0,1331577000.0,1391992000.0,1535347000.0,1602727000.0,1699225000.0,1779812000.0,1922759000.0,1983170000.0,2077951000.0,2115910000.0,2239998000.0,2230918000.0,2218950000.0,2305788000.0,2551201000.0,2551878000.0,2707601000.0,2702217000.0,2834873000.0,2908687000.0,3022249000.0,3073349000.0,3332691000.0,3191172000.0,4766353000.0,4710375000.0,4928848000.0,4863872000.0,5530551000.0,5497121000.0,4870994000.0,5089969000.0,5087544000.0,4954585000.0,5287767000.0,4764379000.0,5012036000.0,4945994000.0,5331549000.0,5370411000.0,5375719000.0,5248760000.0,5595008000.0,5707011000.0,5631939000.0,5737408000.0,5958486000.0
AssetsCurrent / USD,281997000.0,297992000.0,378032000.0,404389000.0,433660000.0,464272000.0,556278000.0,580232000.0,673097000.0,617706000.0,766081000.0,789324000.0,828615000.0,846787000.0,941302000.0,1002697000.0,1090490000.0,1127693000.0,1230742000.0,1260355000.0,1325201000.0,1316085000.0,1388190000.0,1375173000.0,1338417000.0,1376082000.0,1538465000.0,1536237000.0,1672972000.0,1592494000.0,1646288000.0,1693743000.0,1802699000.0,1830158000.0,2025973000.0,1914861000.0,2019332000.0,1920600000.0,2097468000.0,2055317000.0,2728820000.0,2799188000.0,2245009000.0,2514777000.0,2563756000.0,2494934000.0,2833693000.0,2281183000.0,2531867000.0,2442913000.0,2745815000.0,2709304000.0,2685980000.0,2519248000.0,2792040000.0,2836518000.0,2760628000.0,2798741000.0,2954862000.0
CapitalExpendituresIncurredButNotYetPaid / USD,3322000.0,9638000.0,13063000.0,-7353000.0,4495000.0,9600000.0,6237000.0,2540000.0,4360000.0,15801000.0,11412000.0,-495000.0,688000.0,13246000.0,11053000.0,6803000.0,436000.0,22010000.0,17664000.0,,,,16868000.0,8588000.0,17613000.0,23666000.0,,,,,,,,,,43471000.0,28596000.0,43269000.0,44271000.0,28746000.0,23119000.0,19176000.0,27916000.0,26901000.0,22825000.0,18511000.0,13148000.0,20487000.0,27475000.0,42451000.0,33982000.0,39874000.0,29634000.0,51860000.0,53936000.0,69591000.0,51695000.0,54075000.0,47431000.0
CapitalizedComputerSoftwareAccumulatedAmortization / USD,,,,,,,,,,,,,,,,,,,,,,,,,,,,,,,,,,,,,,,,,,,,,,,,,,,,,,,,87593000.0,,,
Cash / USD,,,,,,,,,,,,,,,,,,,,,,,,,,,,,,,,,,,,351553000.0,,,,212876000.0,,,,887299000.0,,,,165122000.0,,,,651367000.0,,,,677004000.0,,,
CashAndCashEquivalentsAtCarryingValue / USD,4017000.0,4017000.0,4017000.0,3638000.0,111185000.0,111185000.0,111185000.0,253738000.0,253738000.0,253738000.0,253738000.0,111185000.0,320475000.0,320475000.0,320475000.0,253738000.0,419476000.0,419476000.0,419476000.0,320475000.0,389149000.0,389149000.0,389149000.0,419476000.0,345840000.0,345840000.0,345840000.0,385010000.0,321725000.0,92860000.0,46787000.0,277445000.0,231886000.0,237107000.0,296944000.0,409251000.0,326831000.0,177398000.0,208843000.0,392325000.0,1043540000.0,1157318000.0,560902000.0,1046051000.0,947456000.0,770144000.0,605053000.0,431560000.0,654486000.0,434226000.0,250628000.0,737877000.0,636449000.0,388627000.0,121811000.0,766594000.0,524596000.0,413962000.0,177782000.0
CashCashEquivalentsRestrictedCashAndRestrictedCashEquivalents / USD,,,,,,,,,,,,,,,,,,,,,,,,,,,,389149000.0,385010000.0,385010000.0,385010000.0,345840000.0,277445000.0,277445000.0,277445000.0,385010000.0,409251000.0,409251000.0,409251000.0,277445000.0,392325000.0,392325000.0,392325000.0,409251000.0,1046051000.0,1046051000.0,1046051000.0,392325000.0,431560000.0,431560000.0,431560000.0,1046051000.0,737877000.0,737877000.0,737877000.0,431560000.0,766594000.0,766594000.0,766594000.0
CashCashEquivalentsRestrictedCashAndRestrictedCashEquivalentsPeriodIncreaseDecreaseIncludingExchangeRateEffect / USD,,,,,,,,,,,,,,,,,,,,,,,,,,,,-43309000.0,-63285000.0,-292150000.0,-338223000.0,39170000.0,-45559000.0,-40338000.0,19499000.0,-107565000.0,-82420000.0,-231853000.0,-200408000.0,131806000.0,651215000.0,764993000.0,168577000.0,-16926000.0,-98595000.0,-275907000.0,-440998000.0,653726000.0,222926000.0,2666000.0,-180932000.0,-614491000.0,-101428000.0,-349250000.0,-616066000.0,306317000.0,-241998000.0,-352632000.0,-588812000.0
CommonStockParOrStatedValuePerShare / USD/shares,0.01,0.01,0.01,0.01,0.01,0.01,0.01,0.01,0.01,0.01,0.01,0.01,0.01,0.01,0.01,0.01,0.01,0.01,0.01,0.01,0.01,0.01,0.01,0.01,0.01,0.01,0.01,0.01,0.01,0.01,0.01,0.01,0.01,0.01,0.01,0.01,0.01,0.01,0.01,0.01,0.01,0.01,0.01,0.01,0.01,0.01,0.01,0.01,0.01,0.01,0.01,0.01,0.01,0.01,0.01,0.01,0.01,0.01,0.01
CommonStockSharesAuthorized / shares,400000000.0,400000000.0,400000000.0,400000000.0,400000000.0,400000000.0,400000000.0,400000000.0,400000000.0,400000000.0,400000000.0,400000000.0,400000000.0,400000000.0,400000000.0,400000000.0,400000000.0,400000000.0,400000000.0,400000000.0,400000000.0,400000000.0,400000000.0,400000000.0,400000000.0,400000000.0,400000000.0,400000000.0,400000000.0,400000000.0,400000000.0,400000000.0,400000000.0,400000000.0,400000000.0,400000000.0,400000000.0,400000000.0,400000000.0,400000000.0,400000000.0,400000000.0,400000000.0,400000000.0,400000000.0,400000000.0,400000000.0,400000000.0,400000000.0,400000000.0,400000000.0,400000000.0,400000000.0,400000000.0,400000000.0,400000000.0,400000000.0,400000000.0,400000000.0
CommonStockSharesIssued / shares,59095000.0,59365000.0,59842000.0,60707000.0,61577000.0,61693000.0,62277000.0,62764000.0,64438000.0,63788000.0,64319000.0,64565000.0,64313000.0,64472000.0,64793000.0,64793000.0,64899000.0,64951000.0,64992000.0,64762000.0,64770000.0,64595000.0,64355000.0,64131000.0,63226000.0,63005000.0,62920000.0,62733000.0,62688000.0,62263000.0,61693000.0,61441000.0,60998000.0,60518000.0,60108000.0,59232000.0,59262000.0,58485000.0,57959000.0,57285000.0,57003000.0,57014000.0,57024000.0,56952000.0,55803000.0,55160000.0,54907000.0,53049000.0,52790000.0,52087000.0,51785000.0,51120000.0,50729000.0,50139000.0,49458000.0,49123000.0,48688000.0,48143000.0,47412000.0
CommonStockSharesOutstanding / shares,58590000.0,58860000.0,59337000.0,60202000.0,61072000.0,61188000.0,61772000.0,62209000.0,62883000.0,63232000.0,63765000.0,64009000.0,63758000.0,63914000.0,64231000.0,64231000.0,64324000.0,64375000.0,64414000.0,64184000.0,64185000.0,64007000.0,63765000.0,63540000.0,62625000.0,62402000.0,62316000.0,62129000.0,62075000.0,61645000.0,61074000.0,60822000.0,60356000.0,59872000.0,59461000.0,58584000.0,58587000.0,57810000.0,57283000.0,56609000.0,56312000.0,56323000.0,56332000.0,56260000.0,55090000.0,54446000.0,54170000.0,52311000.0,52038000.0,51332000.0,51029000.0,50364000.0,49932000.0,49341000.0,48659000.0,48324000.0,47845000.0,47300000.0,46569000.0
CommonStockValue / USD,591000.0,594000.0,598000.0,606000.0,616000.0,617000.0,623000.0,627000.0,634000.0,638000.0,643000.0,645000.0,643000.0,645000.0,647000.0,647000.0,649000.0,650000.0,650000.0,647000.0,647000.0,646000.0,643000.0,641000.0,632000.0,630000.0,629000.0,627000.0,627000.0,623000.0,617000.0,614000.0,610000.0,605000.0,601000.0,592000.0,593000.0,585000.0,580000.0,573000.0,570000.0,570000.0,570000.0,569000.0,558000.0,551000.0,549000.0,530000.0,528000.0,521000.0,517000.0,511000.0,507000.0,501000.0,495000.0,491000.0,487000.0,481000.0,474000.0
ContractWithCustomerLiability / USD,,,,,,,,,,,,,,,,,,,,,,,,,,,,,,,,110103000.0,110103000.0,110103000.0,110103000.0,110103000.0,193585000.0,193585000.0,193585000.0,193585000.0,230011000.0,230011000.0,230011000.0,230011000.0,269032000.0,269032000.0,269032000.0,269032000.0,345206000.0,345206000.0,345206000.0,345206000.0,388583000.0,388583000.0,388583000.0,388583000.0,428788000.0,428788000.0,428788000.0
ContractWithCustomerLiabilityCurrent / USD,,,,,,,,,,,,,,,,,,,,,,,,,,,,,110103000.0,110103000.0,110103000.0,113136000.0,140764000.0,,,199054000.0,182993000.0,182354000.0,190188000.0,237535000.0,216330000.0,216545000.0,224862000.0,274383000.0,270090000.0,265462000.0,272628000.0,353579000.0,324694000.0,316571000.0,312132000.0,394677000.0,357217000.0,354253000.0,350937000.0,436591000.0,398729000.0,394987000.0,405040000.0
ContractWithCustomerLiabilityRevenueRecognized / USD,,,,,,,,,,,,,,,,,,,,,,,,,,,,,104119000.0,193095000.0,278400000.0,95929000.0,104119000.0,193095000.0,91619000.0,95929000.0,91454000.0,156799000.0,164009000.0,170275000.0,64994000.0,114937000.0,148767000.0,161246000.0,113541000.0,196734000.0,206915000.0,184965000.0,146852000.0,252971000.0,266153000.0,248877000.0,162484000.0,280286000.0,294313000.0,292164000.0,170837000.0,294555000.0,310049000.0
ContractualObligation / USD,,,,,,,,,,,,,,,,34521000.0,,,,,,,,,,,,,,,,,,,,,,,,,,,,51056000.0,,,,111233000.0,,,,55587000.0,,,,16806000.0,,,
CostOfRevenue / USD,,,,,,,,,,,,,,,,,,,,,,,,,,,,,838871000.0,1659399000.0,2508452000.0,3107508000.0,982954000.0,1935714000.0,2923447000.0,3787697000.0,1098182000.0,2158890000.0,3217971000.0,4307304000.0,869605000.0,1768607000.0,2775121000.0,4717004000.0,1184731000.0,2353975000.0,3560276000.0,4202794000.0,1404875000.0,2773824000.0,4149800000.0,5262335000.0,1579406000.0,3115603000.0,4612469000.0,6164070000.0,1656068000.0,3229978000.0,4754434000.0
CreditAndDebitCardReceivablesAtCarryingValue / USD,,,,,,,,,,,,,,,,,,,,,,,,,,,,,,,,60773000.0,,,,57698000.0,,,,69449000.0,,,,58766000.0,,,,66499000.0,,,,86510000.0,,,,89590000.0,,,
CurrentFederalTaxExpenseBenefit / USD,,,,20296000.0,,,,32288000.0,,,,53495000.0,,,,83606000.0,,,,105731000.0,,,,128159000.0,,,,163048000.0,,,,194199000.0,,,,230006000.0,,,,137255000.0,,,,163596000.0,,,,67724000.0,,,,280300000.0,,,,315763000.0,,,
CurrentIncomeTaxExpenseBenefit / USD,,,,23040000.0,,,,39358000.0,,,,64517000.0,,,,98438000.0,,,,121041000.0,,,,145068000.0,,,,181742000.0,,,,219034000.0,,,,258720000.0,,,,166502000.0,,,,194702000.0,,,,79258000.0,,,,335658000.0,,,,385482000.0,,,
CurrentStateAndLocalTaxExpenseBenefit / USD,,,,2744000.0,,,,7070000.0,,,,11022000.0,,,,14832000.0,,,,15310000.0,,,,16909000.0,,,,18694000.0,,,,24835000.0,,,,28714000.0,,,,29247000.0,,,,31106000.0,,,,11534000.0,,,,55358000.0,,,,69719000.0,,,
DebtInstrumentBasisSpreadOnVariableRate1 / pure,,,,,,,,,,,,,,,,,,,,,,,,,,,,,,,,,,,,,,,,,,,,,,,,,,,,0.001,,,,0.001,,,
DebtWeightedAverageInterestRate / pure,,,,,,,,,,,,,,,,,,,,,,,,,,,,,,,,,,,,,,,,,,,,,,,,,,,,,,,,,,0.0689,0.0715
DeferredCompensationCashbasedArrangementsLiabilityClassifiedNoncurrent / USD,,,,,,,,2876000.0,,,,2876000.0,,,,,,,,,,,,,,,,,,,,,,,,,,,,29442000.0,,,,32909000.0,,,,40839000.0,,,,37501000.0,,,,42653000.0,,,
DeferredCompensationPlanAssets / USD,,,,,,,,2866000.0,2866000.0,2866000.0,2866000.0,2866000.0,3567000.0,3648000.0,3913000.0,4294000.0,4802000.0,5229000.0,5119000.0,5656000.0,8085000.0,7921000.0,7570000.0,8145000.0,9698000.0,10109000.0,,11283000.0,13776000.0,14588000.0,15903000.0,16827000.0,18494000.0,19585000.0,21397000.0,20511000.0,23910000.0,24665000.0,26269000.0,27849000.0,25388000.0,28789000.0,30141000.0,33223000.0,34279000.0,36396000.0,36403000.0,38409000.0,35978000.0,33393000.0,31529000.0,35382000.0,37002000.0,40087000.0,38371000.0,43516000.0,45718000.0,46280000.0,48872000.0
DeferredFederalIncomeTaxExpenseBenefit / USD,,,,3237000.0,,,,8076000.0,,,,10796000.0,,,,8950000.0,,,,3891000.0,,,,8392000.0,,,,6981000.0,,,,24480000.0,,,,-26256000.0,,,,29374000.0,,,,1182000.0,,,,-19631000.0,,,,-22936000.0,,,,11800000.0,,,
DeferredIncomeTaxExpenseBenefit / USD,-942000.0,-977000.0,-568000.0,3143000.0,-942000.0,-977000.0,-568000.0,7741000.0,-513000.0,-978000.0,5258000.0,10827000.0,99000.0,-432000.0,278000.0,8673000.0,306000.0,-642000.0,5699000.0,3868000.0,651000.0,683000.0,-1555000.0,9246000.0,450000.0,-1050000.0,3142000.0,5690000.0,268000.0,-1317000.0,-7851000.0,26920000.0,,,,-27095000.0,,,,34080000.0,,,,5503000.0,,,,-24008000.0,,,,-25666000.0,,,,15654000.0,,,
DeferredIncomeTaxLiabilities / USD,,,,,,,,,,,,,,,,,,,,94066000.0,,,,109257000.0,,,,150076000.0,,,,114280000.0,,,,172172000.0,,,,677792000.0,,,,646404000.0,,,,618430000.0,,,,679890000.0,,,,713291000.0,,,
DeferredIncomeTaxLiabilitiesNet / USD,,,,,,,,,,,,,,,,,,,,,,,,,,,,,,,,,,,,83864000.0,90384000.0,86598000.0,83856000.0,89367000.0,95276000.0,94272000.0,89112000.0,65359000.0,66483000.0,64535000.0,67267000.0,39693000.0,40702000.0,40029000.0,38627000.0,55346000.0,57490000.0,56012000.0,56874000.0,85921000.0,89556000.0,88461000.0,91729000.0
DeferredRevenue / USD,,,,,,,,,,,,,,,,,,,,,,,,,,,,,,,,,,,,,9072000.0,10401000.0,14884000.0,7524000.0,9677000.0,8799000.0,15216000.0,5351000.0,16918000.0,9235000.0,9405000.0,8373000.0,12335000.0,10658000.0,8141000.0,6094000.0,7094000.0,8186000.0,6546000.0,7803000.0,7283000.0,7170000.0,7106000.0
DeferredStateAndLocalIncomeTaxExpenseBenefit / USD,,,,318000.0,,,,-335000.0,,,,31000.0,,,,-144000.0,,,,-75000.0,,,,714000.0,,,,-1291000.0,,,,2440000.0,,,,-839000.0,,,,4706000.0,,,,4321000.0,,,,-4377000.0,,,,-2730000.0,,,,3854000.0,,,
DeferredTaxAssetsInventory / USD,,,,311000.0,,,,1570000.0,,,,1280000.0,,,,1708000.0,,,,617000.0,,,,257000.0,,,,3630000.0,,,,847000.0,,,,4107000.0,,,,4021000.0,,,,8386000.0,,,,,,,,1962000.0,,,,1962000.0,,,
DeferredTaxAssetsNet / USD,,,,,,,,,,,,,,,,,,,,,,,,,,,,63578000.0,,,,54877000.0,,,,88308000.0,,,,588425000.0,,,,581045000.0,,,,578737000.0,,,,624544000.0,,,,627370000.0,,,
DeferredTaxAssetsOperatingLossCarryforwards / USD,,,,334000.0,,,,179000.0,,,,208000.0,,,,402000.0,,,,338000.0,,,,,,,,,,,,413000.0,,,,413000.0,,,,288000.0,,,,255000.0,,,,303000.0,,,,265000.0,,,,231000.0,,,
DeferredTaxAssetsPropertyPlantAndEquipment / USD,,,,,,,,,,,,,,,,,,,,,,,,,,,,,,,,,,,,,,,,,,,,1710000.0,,,,1710000.0,,,,16600000.0,,,,1729000.0,,,
DeferredTaxAssetsTaxCreditCarryforwards / USD,,,,,,,,,,,,,,,,,,,,,,,,,,,,398000.0,,,,343000.0,,,,237000.0,,,,224000.0,,,,291000.0,,,,334000.0,,,,338000.0,,,,359000.0,,,
DeferredTaxAssetsTaxDeferredExpenseCompensationAndBenefitsEmployeeBenefits / USD,,,,5327000.0,,,,4970000.0,,,,5029000.0,,,,6290000.0,,,,8782000.0,,,,10594000.0,,,,15206000.0,,,,15273000.0,,,,18491000.0,,,,22907000.0,,,,23687000.0,,,,24355000.0,,,,27395000.0,,,,32885000.0,,,
DeferredTaxAssetsTaxDeferredExpenseReservesAndAccrualsAccruedLiabilities / USD,,,,3202000.0,,,,3499000.0,,,,3854000.0,,,,3927000.0,,,,8231000.0,,,,10704000.0,,,,10539000.0,,,,14625000.0,,,,34391000.0,,,,27363000.0,,,,31056000.0,,,,33289000.0,,,,39989000.0,,,,40501000.0,,,
DeferredTaxAssetsTaxDeferredExpenseReservesAndAccrualsReserves / USD,,,,10433000.0,,,,13207000.0,,,,18160000.0,,,,24721000.0,,,,22380000.0,,,,27734000.0,,,,33805000.0,,,,23789000.0,,,,30669000.0,,,,35626000.0,,,,32590000.0,,,,47059000.0,,,,52133000.0,,,,58796000.0,,,
DeferredTaxLiabilities / USD,,,,40711000.0,,,,55356000.0,,,,69135000.0,,,,81520000.0,,,,53718000.0,,,,59527000.0,,,,86498000.0,,,,59403000.0,,,,83864000.0,,,,89367000.0,,,,65359000.0,,,,39693000.0,,,,55346000.0,,,,85921000.0,,,
DeferredTaxLiabilitiesOther / USD,,,,,,,,,,,,,,,,,,,,,,,,,,,,,,,,,,,,,,,,1669000.0,,,,1669000.0,,,,2224000.0,,,,2308000.0,,,,1763000.0,,,
DeferredTaxLiabilitiesPrepaidExpenses / USD,,,,,,,,6370000.0,,,,8140000.0,,,,8703000.0,,,,10775000.0,,,,10811000.0,,,,14370000.0,,,,10552000.0,,,,39915000.0,,,,45354000.0,,,,46013000.0,,,,45815000.0,,,,69248000.0,,,,83775000.0,,,
DeferredTaxLiabilitiesPropertyPlantAndEquipment / USD,,,,23321000.0,,,,32414000.0,,,,39357000.0,,,,44288000.0,,,,44882000.0,,,,48898000.0,,,,73454000.0,,,,54210000.0,,,,69265000.0,,,,61570000.0,,,,32812000.0,,,,,,,,,,,,8286000.0,,,
DefinedContributionPlanCostRecognized / USD,,,,,,,,,,,,,,,,,,,,,,,,,,,,,,,,,,,,,,,,10029000.0,,,,16556000.0,,,,16878000.0,,,,19296000.0,,,,21912000.0,,,
DepreciationDepletionAndAmortization / USD,15918000.0,31593000.0,47698000.0,62166000.0,17510000.0,36400000.0,55625000.0,64936000.0,20985000.0,42614000.0,64832000.0,75931000.0,24779000.0,50747000.0,77572000.0,88233000.0,30473000.0,62372000.0,96055000.0,106283000.0,37967000.0,76738000.0,119051000.0,131764000.0,47887000.0,97552000.0,151014000.0,165049000.0,62476000.0,125582000.0,187710000.0,210295000.0,68789000.0,137815000.0,207652000.0,252713000.0,71810000.0,144951000.0,219207000.0,279472000.0,76626000.0,154029000.0,226386000.0,295599000.0,70599000.0,139577000.0,204734000.0,297772000.0,62839000.0,123721000.0,182182000.0,268460000.0,57949000.0,119862000.0,181273000.0,241372000.0,64739000.0,130053000.0,197075000.0
EarningsPerShareBasic / USD/shares,0.23,0.46,0.7,0.68,0.38,0.78,1.21,1.2,0.56,1.11,1.71,1.96,0.66,1.36,2.07,2.73,0.78,1.72,2.64,3.17,1.04,2.2,3.31,4.0,1.46,2.9,4.3,5.0,2.06,3.91,5.62,6.55,2.71,5.18,7.38,9.02,3.28,6.05,8.31,11.0,-1.39,-1.25,0.08,12.21,4.13,8.71,12.68,3.12,6.34,12.08,17.45,18.09,6.92,12.97,18.08,24.17,6.51,11.83,17.0
EarningsPerShareDiluted / USD/shares,0.23,0.44,0.67,0.66,0.37,0.75,1.17,1.16,0.54,1.09,1.68,1.9,0.65,1.35,2.05,2.68,0.77,1.71,2.63,3.15,1.04,2.19,3.3,3.98,1.45,2.89,4.28,4.98,2.05,3.88,5.58,6.52,2.7,5.16,7.35,8.96,3.26,6.02,8.27,10.94,-1.39,-1.25,0.08,12.15,4.1,8.66,12.6,3.11,6.3,12.0,17.35,17.98,6.88,12.9,17.99,24.01,6.47,11.78,16.93
EffectiveIncomeTaxRateContinuingOperations / pure,,,,0.403,,,,0.399,,,,0.385,,,,0.383,,,,0.381,,,,0.375,,,,0.369,0.321,0.343,0.348,0.375,0.221,0.23,0.23,0.294,0.198,0.213,0.218,0.233,0.236,0.239,0.403,0.221,0.245,0.244,0.244,0.239,0.242,0.243,0.243,0.239,0.228,0.235,0.237,0.244,0.232,0.237,0.239
EffectiveIncomeTaxRateReconciliationAtFederalStatutoryIncomeTaxRate / pure,,,,0.35,,,,0.35,,,,0.35,,,,0.35,,,,0.35,,,,0.35,,,,0.35,,,,0.35,,,,0.337,,,,0.21,,,,0.21,,,,0.21,,,,0.21,,,,0.21,,,
EffectiveIncomeTaxRateReconciliationDeductions / pure,,,,,,,,,,,,,,,,,,,,,,,,,,,,0.0,,,,0.0,,,,0.012,,,,0.006,,,,0.011,,,,0.003,,,,0.005,,,,0.002,,,
EffectiveIncomeTaxRateReconciliationOtherAdjustments / pure,,,,0.023,,,,0.012,,,,-0.002,,,,-0.001,,,,0.001,,,,-0.003,,,,-0.003,,,,-0.003,,,,-0.006,,,,-0.004,,,,-0.011,,,,-0.009,,,,-0.004,,,,-0.003,,,
EffectiveIncomeTaxRateReconciliationStateAndLocalIncomeTaxes / pure,,,,0.03,,,,0.037,,,,0.037,,,,0.034,,,,0.03,,,,0.028,,,,0.022,,,,0.028,,,,0.024,,,,0.031,,,,0.031,,,,0.029,,,,0.033,,,,0.036,,,
EmployeeBenefitsAndShareBasedCompensationNoncash / USD,,,,,,,,,,,,,,,,,,,,,,,,,,,,,,,,19340000.0,6170000.0,13172000.0,20308000.0,24399000.0,6030000.0,12766000.0,19108000.0,26636000.0,6182000.0,14595000.0,22979000.0,25045000.0,8978000.0,19097000.0,38217000.0,27583000.0,10356000.0,22875000.0,32554000.0,47259000.0,9721000.0,21539000.0,33477000.0,43044000.0,10082000.0,19272000.0,27691000.0
EmployeeRelatedLiabilitiesCurrent / USD,,,,,,,,,,,,,,,,,,,,,,,,,,,,84555000.0,,,,82593000.0,,,,96020000.0,,,,77435000.0,,,,143992000.0,,,,158017000.0,,,,183828000.0,,,,150880000.0,,,
EntityCommonStockSharesOutstanding / shares,61197344.0,61347990.0,61890609.0,62474444.0,62942562.0,63247830.0,63773520.0,63670003.0,63766528.0,63924139.0,64232412.0,64295291.0,64324524.0,64376784.0,64365655.0,64230316.0,64232738.0,63939120.0,63699389.0,62618206.0,62454627.0,62369759.0,62232788.0,62132265.0,62032502.0,61430613.0,60992388.0,60611334.0,60179958.0,59770399.0,59312145.0,58803744.0,58457743.0,58848950.0,57161342.0,56309476.0,56311711.0,56323104.0,56338639.0,56205592.0,54757556.0,54357566.0,54120173.0,52327263.0,51818071.0,51221498.0,50880771.0,50195089.0,49801592.0,49228649.0,48561517.0,48268744.0,47716365.0,47114727.0,46372538.0,45309488.0,44945605.0,44838364.0,44362172.0
EntityPublicFloat / USD,1120326000.0,1120326000.0,1120326000.0,3034284000.0,,,,4199998000.0,,,,4815407000.0,,,,4117508000.0,,,,9282171000.0,,,,10919168000.0,,,,9854201000.0,,,,10735950000.0,,,,14367080000.0,,,,8127797000.0,,,,13829733000.0,,,,16116323000.0,,,,17547227000.0,,,,12737625000.0,,,
FiniteLivedIntangibleAssetsAmortizationExpenseNextTwelveMonths / USD,,,,,,,,,,,,,,,,,,,,,,,,,,,,,,,,926000.0,,,,926000.0,,,,926000.0,,,,,,,,874000.0,,,,306000.0,,,,204000.0,,,
FiniteLivedIntangibleAssetsNet / USD,,,,,,,,,,,,,,,,,,,,,,,,,,,,,,,,4317000.0,,,,3391000.0,,,,2465000.0,,,,,,,,1312000.0,,,,510000.0,,,,204000.0,,,
GainLossOnSaleOfPropertyPlantEquipment / USD,-197000.0,-157000.0,399000.0,51000.0,-477000.0,-402000.0,-612000.0,519000.0,-255000.0,-447000.0,-430000.0,-1324000.0,-1577000.0,-2030000.0,-3374000.0,-1074000.0,-874000.0,-2582000.0,-2945000.0,-3902000.0,-1121000.0,-1629000.0,-2647000.0,-4468000.0,-812000.0,-3712000.0,-6822000.0,-3690000.0,-1637000.0,-2348000.0,-5707000.0,-9140000.0,-798000.0,-499000.0,-1339000.0,-7518000.0,-1365000.0,-3215000.0,-4821000.0,-2885000.0,-1521000.0,-2273000.0,-5219000.0,-5850000.0,-1089000.0,-1703000.0,-3357000.0,-6827000.0,-1002000.0,-2277000.0,-3892000.0,-5358000.0,-1451000.0,-3878000.0,-6310000.0,-6688000.0,-2975000.0,-5204000.0,-7280000.0
Goodwill / USD,,,,,,,,,,,,,,,,,,,,,,,,,,,,,,,0.0,10870000.0,10870000.0,10870000.0,9084000.0,0.0,10870000.0,10870000.0,10870000.0,10870000.0,10870000.0,10870000.0,10870000.0,10870000.0,10870000.0,10870000.0,10870000.0,10870000.0,10870000.0,10870000.0,10870000.0,10870000.0,10870000.0,10870000.0,10870000.0,10870000.0,10870000.0,10870000.0,10870000.0
GoodwillAcquiredDuringPeriod / USD,,,,,,,,,,,,,,,,,,,,,,,,,,,,,,,,10870000.0,0.0,0.0,0.0,10870000.0,0.0,0.0,0.0,0.0,0.0,0.0,0.0,0.0,0.0,0.0,0.0,0.0,0.0,0.0,0.0,0.0,0.0,0.0,0.0,0.0,0.0,,
GrossProfit / USD,104535000.0,208493000.0,327399000.0,376569000.0,134905000.0,269192000.0,418375000.0,484085000.0,170912000.0,338537000.0,524030000.0,616840000.0,203949000.0,416026000.0,647687000.0,783674000.0,245953000.0,505295000.0,787050000.0,941248000.0,303184000.0,609659000.0,945297000.0,1136787000.0,390430000.0,775268000.0,1202321000.0,1384333000.0,476008000.0,945334000.0,1438462000.0,1747229000.0,560713000.0,1096174000.0,1668452000.0,2096809000.0,644847000.0,1250746000.0,1874179000.0,2409311000.0,303605000.0,632612000.0,1178131000.0,2681064000.0,753788000.0,1551751000.0,2341225000.0,1949159000.0,941026000.0,1869190000.0,2832007000.0,3368554000.0,1054857000.0,2048469000.0,3040536000.0,4044510000.0,1069780000.0,2047957000.0,3053601000.0
IncomeLossFromContinuingOperationsBeforeIncomeTaxesExtraordinaryItemsNoncontrollingInterest / USD,,,,,,,,,,,,,,,,,,179269000.0,273611000.0,327706000.0,107893000.0,226629000.0,337681000.0,411309000.0,147479000.0,291496000.0,431368000.0,507440000.0,188743000.0,369098000.0,532081000.0,655714000.0,211167000.0,406125000.0,576656000.0,786859000.0,239586000.0,449275000.0,617955000.0,859141000.0,-102756000.0,-92618000.0,7276000.0,906150000.0,304966000.0,636848000.0,920674000.0,231085000.0,437307000.0,828843000.0,1191548000.0,1295829000.0,449418000.0,845509000.0,1175233000.0,1643544000.0,,,
IncomeLossFromContinuingOperationsBeforeIncomeTaxesMinorityInterestAndIncomeLossFromEquityMethodInvestments / USD,23214000.0,45256000.0,69304000.0,65951000.0,38887000.0,78400000.0,122452000.0,118129000.0,57425000.0,114780000.0,176048000.0,195608000.0,67719000.0,140605000.0,213499000.0,279793000.0,81081000.0,,,,,,,,,,,,,,,,,,,,,,,,,,,,,,,,,,,,,,,,407848000.0,741575000.0,1061751000.0
IncomeLossFromEquityMethodInvestments / USD,,,,,,,,,,,,,,,,,,,,,,,,,,,,,,,,,,,,,,,,,,,,,,,,,,,,,,,,,-628000.0,-1225000.0,-2210000.0
IncomeTaxExpenseBenefit / USD,9553000.0,18533000.0,28378000.0,26595000.0,15591000.0,31199000.0,48483000.0,47099000.0,22557000.0,44914000.0,68031000.0,75344000.0,25893000.0,53868000.0,81332000.0,107244000.0,31128000.0,68522000.0,103740000.0,124857000.0,40947000.0,85514000.0,125496000.0,154174000.0,55503000.0,109516000.0,161826000.0,187432000.0,60520000.0,126682000.0,185020000.0,245954000.0,46771000.0,93406000.0,132771000.0,231625000.0,47365000.0,95796000.0,134729000.0,200582000.0,-24247000.0,-22161000.0,2935000.0,200205000.0,74677000.0,155666000.0,224203000.0,55250000.0,105912000.0,201771000.0,289891000.0,309992000.0,102367000.0,198356000.0,278597000.0,401136000.0,94735000.0,175906000.0,253903000.0
IncomeTaxesPaidNet / USD,12870000.0,35670000.0,43160000.0,3706000.0,1346000.0,10960000.0,20745000.0,49871000.0,4864000.0,34903000.0,38955000.0,24162000.0,10996000.0,58412000.0,78941000.0,45354000.0,17160000.0,72855000.0,104891000.0,101598000.0,20645000.0,98437000.0,139405000.0,137180000.0,14154000.0,120085000.0,168471000.0,179248000.0,14442000.0,145494000.0,205863000.0,212514000.0,5617000.0,121914000.0,168087000.0,254619000.0,2327000.0,97024000.0,126719000.0,195869000.0,5636000.0,2287000.0,8100000.0,133861000.0,1725000.0,216831000.0,301312000.0,19454000.0,3357000.0,246641000.0,339290000.0,370646000.0,2818000.0,189166000.0,266802000.0,429846000.0,5057000.0,233249000.0,316790000.0
IncreaseDecreaseInAccountsPayable / USD,4306000.0,4929000.0,63858000.0,8576000.0,-5583000.0,-5713000.0,46950000.0,30706000.0,25447000.0,2439000.0,98735000.0,-651000.0,29602000.0,11852000.0,71307000.0,32444000.0,35866000.0,15177000.0,88047000.0,29396000.0,18731000.0,24942000.0,100491000.0,42496000.0,70104000.0,89064000.0,228897000.0,5396000.0,59834000.0,53965000.0,187775000.0,63344000.0,46906000.0,84091000.0,248719000.0,66240000.0,3329000.0,46101000.0,190977000.0,78256000.0,46965000.0,-18486000.0,62337000.0,9993000.0,76580000.0,59360000.0,266104000.0,62324000.0,42586000.0,40051000.0,94214000.0,66156000.0,62257000.0,-38752000.0,41817000.0,8309000.0,-74069000.0,29715000.0,54210000.0
IncreaseDecreaseInAccruedLiabilities / USD,-7722000.0,6000.0,11556000.0,16382000.0,-14271000.0,-12119000.0,-1385000.0,14535000.0,-1396000.0,-9705000.0,4531000.0,-1358000.0,-13968000.0,-3366000.0,-5759000.0,13789000.0,-13275000.0,1601000.0,7621000.0,14215000.0,-20100000.0,-10812000.0,427000.0,37644000.0,-25664000.0,-5099000.0,11247000.0,37926000.0,-54329000.0,-29557000.0,-18721000.0,71057000.0,48182000.0,-6572000.0,42151000.0,-30695000.0,9971000.0,-2629000.0,23109000.0,29265000.0,-63927000.0,-32901000.0,24582000.0,28183000.0,23209000.0,17858000.0,24482000.0,58599000.0,-57214000.0,-49364000.0,64164000.0,58598000.0,-98515000.0,-102763000.0,-34955000.0,48249000.0,-43846000.0,-33634000.0,-45777000.0
IncreaseDecreaseInContractWithCustomerLiability / USD,,,,,,,,,,,,,,,,,,,,,,,,,,,,,,,,,,-6577000.0,1963000.0,67586000.0,,-16700000.0,-8866000.0,50684000.0,-21205000.0,-20990000.0,-12673000.0,38481000.0,-4293000.0,-8921000.0,-1755000.0,36848000.0,-28885000.0,-37008000.0,-41447000.0,79196000.0,-37460000.0,-40424000.0,-43740000.0,41098000.0,-37862000.0,-41604000.0,-31551000.0
IncreaseDecreaseInDeferredIncomeTaxes / USD,,,,,,,,,,,,,,,,,,,,,,,,,,,,-5809000.0,,,,-26971000.0,-1473000.0,-612000.0,408000.0,27095000.0,-6520000.0,-2734000.0,8000.0,-34080000.0,-5909000.0,-4905000.0,255000.0,-5503000.0,-1124000.0,824000.0,-1908000.0,24008000.0,-1009000.0,-336000.0,1066000.0,25666000.0,-2144000.0,-666000.0,-1528000.0,-15653000.0,-3635000.0,-2540000.0,-5808000.0
IncreaseDecreaseInIncomeTaxesPayableNetOfIncomeTaxesReceivable / USD,,,,,,,,,,,,,,,,,,,,,,,-12929000.0,7284000.0,40657000.0,-10003000.0,-10716000.0,2795000.0,45550000.0,-18095000.0,-13437000.0,5322000.0,39393000.0,-29694000.0,-34906000.0,3641000.0,33431000.0,-21772000.0,-23477000.0,-29609000.0,-32595000.0,-26235000.0,13958000.0,610000.0,71431000.0,-61074000.0,-80027000.0,58916000.0,101236000.0,-45906000.0,-49446000.0,-35652000.0,97003000.0,8194000.0,9535000.0,-45182000.0,85652000.0,-60666000.0,-69818000.0
IncreaseDecreaseInInventories / USD,,,,,,,,,,,,,,,,,73494000.0,83575000.0,251734000.0,96808000.0,81707000.0,124431000.0,303178000.0,123296000.0,81697000.0,168412000.0,375230000.0,180564000.0,104456000.0,200727000.0,405739000.0,182182000.0,40392000.0,123261000.0,388141000.0,152449000.0,35708000.0,101670000.0,402591000.0,122019000.0,46865000.0,74842000.0,145397000.0,79372000.0,185350000.0,275470000.0,748128000.0,-125486000.0,71334000.0,166912000.0,615451000.0,331003000.0,147784000.0,212088000.0,717855000.0,104233000.0,163904000.0,256150000.0,623050000.0
IncreaseDecreaseInOtherOperatingCapitalNet / USD,,,,,,,,,-218000.0,-456000.0,-706000.0,-170000.0,-218000.0,-456000.0,-706000.0,-170000.0,-370000.0,-1031000.0,-1641000.0,-170000.0,-941000.0,-1102000.0,-1547000.0,-1606000.0,-1388000.0,-5235000.0,-6999000.0,-558000.0,-327000.0,-806000.0,-1489000.0,-5701000.0,-656000.0,441000.0,2287000.0,8318000.0,-6837000.0,-20162000.0,-30636000.0,3309000.0,-2979000.0,-16477000.0,2126000.0,-54894000.0,-1929000.0,-344000.0,-213000.0,783000.0,-3390000.0,392000.0,-20063000.0,-12392000.0,17204000.0,12497000.0,9836000.0,7731000.0,-10842000.0,-15127000.0,-12240000.0
IncreaseDecreaseInPrepaidDeferredExpenseAndOtherAssets / USD,-1138000.0,,,,,,,,,,,,,,,,-2602000.0,2866000.0,4914000.0,5541000.0,-4823000.0,528000.0,3919000.0,10555000.0,-987000.0,10172000.0,13063000.0,6000000.0,1259000.0,9594000.0,12782000.0,16073000.0,-2136000.0,4952000.0,19603000.0,10045000.0,24317000.0,18315000.0,5487000.0,39450000.0,-6526000.0,-854000.0,-3007000.0,-9289000.0,991000.0,741000.0,-1818000.0,4363000.0,3261000.0,12200000.0,26828000.0,3412000.0,-22232000.0,-19722000.0,-12964000.0,19432000.0,10931000.0,16425000.0,19916000.0
IncreaseDecreaseInReceivables / USD,,,,,,,,,,,,,,,,,,,,,,,-1501000.0,5391000.0,-10880000.0,-8994000.0,716000.0,12552000.0,-25695000.0,-21038000.0,-5697000.0,23639000.0,555000.0,3947000.0,2594000.0,11088000.0,-8654000.0,-11437000.0,-5812000.0,36387000.0,-50646000.0,-11345000.0,-3066000.0,20637000.0,-38767000.0,-38693000.0,-23897000.0,53772000.0,-40928000.0,-53168000.0,-33378000.0,40573000.0,-9140000.0,-24978000.0,3446000.0,-34260000.0,-4476000.0,-7076000.0,5682000.0
IncrementalCommonSharesAttributableToShareBasedPaymentArrangements / shares,1970000.0,1988000.0,2024000.0,1322000.0,2204000.0,2173000.0,2129000.0,2329000.0,1576000.0,1420000.0,1269000.0,2075000.0,653000.0,524000.0,512000.0,1146000.0,334000.0,307000.0,308000.0,469000.0,375000.0,350000.0,333000.0,316000.0,304000.0,314000.0,307000.0,326000.0,493000.0,465000.0,420000.0,332000.0,299000.0,290000.0,297000.0,419000.0,362000.0,317000.0,273000.0,317000.0,377000.0,179000.0,169000.0,265000.0,377000.0,357000.0,359000.0,207000.0,332000.0,309000.0,299000.0,359000.0,316000.0,272000.0,254000.0,335000.0,256000.0,207000.0,191000.0
InterestIncomeExpenseNonoperatingNet / USD,,,,,,,,,,,,,,,,,,,,,,,,,,,774000.0,,338000.0,893000.0,1209000.0,890000.0,1325000.0,2468000.0,3786000.0,1568000.0,2046000.0,3717000.0,4617000.0,5061000.0,-1272000.0,-3889000.0,-5272000.0,5056000.0,-358000.0,-783000.0,-1196000.0,-5735000.0,-401000.0,-293000.0,556000.0,-1663000.0,7348000.0,11797000.0,14294000.0,4934000.0,6900000.0,11426000.0,13100000.0
InterestPaidNet / USD,,,,,,,,,,,,,,,,,,,,,,,,,,,,,,,,,,,,,245000.0,3132000.0,701000.0,6987000.0,1688000.0,3132000.0,701000.0,6987000.0,526000.0,1057000.0,1594000.0,6987000.0,,,,2132000.0,,,,2138000.0,,,
InventoryFinishedGoods / USD,228082000.0,224329000.0,301559000.0,218516000.0,255547000.0,258752000.0,354891000.0,244647000.0,332065000.0,316734000.0,462833000.0,361125000.0,442085000.0,461156000.0,582303000.0,457933000.0,531427000.0,541508000.0,709667000.0,581229000.0,662936000.0,705660000.0,884407000.0,761793000.0,843490000.0,930205000.0,1137023000.0,943975000.0,1048431000.0,1144702000.0,1349714000.0,1096424000.0,1136816000.0,1219685000.0,1484565000.0,1214329000.0,1250037000.0,1315999000.0,1616920000.0,1293701000.0,1340566000.0,1368543000.0,1439098000.0,1168215000.0,1353565000.0,1443685000.0,1916343000.0,1499218000.0,1570552000.0,1666130000.0,2114669000.0,1603451000.0,1751235000.0,1815539000.0,2321306000.0,1742136000.0,1906040000.0,1998286000.0,2365186000.0
InventoryValuationReserves / USD,,,,,,,,,,,,,,,,,,,,,,,,,,,,,,,,24804000.0,,,,36640000.0,,,,46941000.0,,,,52860000.0,,,,26882000.0,,,,39532000.0,,,,45360000.0,,,
LeaseCost / USD,,,,,,,,,,,,,,,,,,,,,,,,,,,,,,,,,69466000.0,139445000.0,210052000.0,317722000.0,,,,365810000.0,,,,365810000.0,,,,385040000.0,,,,388550000.0,,,,404620000.0,,,
LesseeOperatingLeaseLiabilityPaymentsDue / USD,,,,,,,,,,,,,,,,,,,,,,,,,,,,,,,,,2175115000.0,2205009000.0,2243590000.0,2250191000.0,,,,2151868000.0,,,,2056391000.0,,,,2119964000.0,,,,2167087000.0,,,,2234842000.0,,,
LesseeOperatingLeaseLiabilityPaymentsDueAfterRollingYearFive / USD,,,,,,,,,,,,,,,,,,,,,,,,,,,,,,,,,,,,,,,,624925000.0,,,,517798000.0,,,,529926000.0,,,,564247000.0,,,,633532000.0,,,
LesseeOperatingLeaseLiabilityPaymentsDueInRollingYearFive / USD,,,,,,,,,,,,,,,,,,,,,,,,,,,,,,,,,,,,,,,,254364000.0,,,,250945000.0,,,,248724000.0,,,,225358000.0,,,,225186000.0,,,
LesseeOperatingLeaseLiabilityPaymentsDueInRollingYearFour / USD,,,,,,,,,,,,,,,,,,,,,,,,,,,,,,,,,,,,,,,,283813000.0,,,,289025000.0,,,,298716000.0,,,,297232000.0,,,,278586000.0,,,
LesseeOperatingLeaseLiabilityPaymentsDueInRollingYearThree / USD,,,,,,,,,,,,,,,,,,,,,,,,,,,,,,,,,,,,,,,,316199000.0,,,,318507000.0,,,,336719000.0,,,,346833000.0,,,,343177000.0,,,
LesseeOperatingLeaseLiabilityPaymentsDueInRollingYearTwo / USD,,,,,,,,,,,,,,,,,,,,,,,,,,,,,,,,,,,,,,,,353137000.0,,,,349856000.0,,,,366071000.0,,,,385859000.0,,,,392214000.0,,,
LesseeOperatingLeaseLiabilityPaymentsDueNextRollingTwelveMonths / USD,,,,,,,,,,,,,,,,,,,,,,,,,,,,,,,,,,,,,,,,319430000.0,,,,330260000.0,,,,339808000.0,,,,347558000.0,,,,362147000.0,,,
LesseeOperatingLeaseLiabilityUndiscountedExcessAmount / USD,,,,,,,,,,,,,,,,,,,,,,,,,,,,,,,,,309282000.0,313005000.0,314157000.0,311844000.0,,,,255067000.0,,,,209635000.0,,,,216788000.0,,,,255995000.0,,,,311608000.0,,,
Liabilities / USD,257225000.0,271414000.0,359883000.0,327955000.0,316441000.0,337816000.0,405640000.0,372513000.0,473096000.0,399084000.0,526246000.0,488307000.0,527853000.0,531530000.0,607028000.0,599633000.0,639469000.0,653771000.0,736426000.0,735661000.0,774966000.0,772121000.0,865839000.0,788032000.0,899262000.0,913851000.0,1099117000.0,1001660000.0,1065944000.0,1066867000.0,1218822000.0,1134470000.0,1238816000.0,1260871000.0,1496955000.0,1370954000.0,2824785000.0,2870924000.0,3081692000.0,2961778000.0,3776592000.0,3726328000.0,3016557000.0,3090420000.0,3242827000.0,3074772000.0,3300967000.0,3229006000.0,3266416000.0,3176926000.0,3409294000.0,3410600000.0,3357651000.0,3196883000.0,3566466000.0,3427683000.0,3331196000.0,3389248000.0,3629477000.0
LiabilitiesAndStockholdersEquity / USD,567763000.0,599325000.0,709422000.0,730488000.0,765807000.0,815848000.0,930072000.0,957217000.0,1058001000.0,1038769000.0,1233246000.0,1275249000.0,1331577000.0,1391992000.0,1535347000.0,1602727000.0,1699225000.0,1779812000.0,1922759000.0,1983170000.0,2077951000.0,2115910000.0,2239998000.0,2230918000.0,2218950000.0,2305788000.0,2551201000.0,2551878000.0,2707601000.0,2702217000.0,2834873000.0,2908687000.0,3022249000.0,3073349000.0,3332691000.0,3191172000.0,4766353000.0,4710375000.0,4928848000.0,4863872000.0,5530551000.0,5497121000.0,4870994000.0,5089969000.0,5087544000.0,4954585000.0,5287767000.0,4764379000.0,5012036000.0,4945994000.0,5331549000.0,5370411000.0,5375719000.0,5248760000.0,5595008000.0,5707011000.0,5631939000.0,5737408000.0,5958486000.0
LiabilitiesCurrent / USD,122222000.0,130149000.0,204053000.0,163357000.0,147998000.0,155608000.0,215159000.0,164855000.0,257448000.0,169388000.0,275531000.0,221067000.0,248067000.0,232745000.0,287614000.0,266811000.0,302419000.0,300141000.0,369711000.0,359594000.0,383664000.0,370214000.0,457976000.0,396227000.0,495734000.0,492245000.0,654640000.0,529343000.0,584252000.0,570277000.0,714712000.0,642166000.0,745092000.0,758755000.0,984083000.0,823736000.0,1045605000.0,1064934000.0,1256920000.0,1137261000.0,1096179000.0,1061329000.0,1230343000.0,1343713000.0,1522763000.0,1381533000.0,1624116000.0,1558010000.0,1599747000.0,1502054000.0,1697771000.0,1681775000.0,1633900000.0,1491174000.0,1836939000.0,1658191000.0,1572724000.0,1591234000.0,1816407000.0
LineOfCredit / USD,,,,,,,,,,,,,,0.0,0.0,0.0,0.0,0.0,0.0,0.0,0.0,0.0,0.0,0.0,0.0,0.0,0.0,0.0,0.0,0.0,0.0,0.0,0.0,0.0,0.0,0.0,0.0,,,0.0,0.0,,,0.0,0.0,,,0.0,0.0,,,0.0,0.0,0.0,,0.0,0.0,,
NetCashProvidedByUsedInFinancingActivities / USD,2534000.0,4358000.0,8606000.0,-104343000.0,20729000.0,23102000.0,39707000.0,27740000.0,24860000.0,-21231000.0,4558000.0,,,,,,,,,,,,,,,,-274547000.0,-140225000.0,-42275000.0,-168933000.0,-299677000.0,-321768000.0,-131370000.0,-257650000.0,-372694000.0,-356217000.0,-74526000.0,-344637000.0,-473021000.0,-609214000.0,722468000.0,722670000.0,-76752000.0,-646739000.0,-394043000.0,-619959000.0,-747381000.0,-107934000.0,-131504000.0,-416252000.0,-547329000.0,-1497216000.0,-296249000.0,-571623000.0,-658177000.0,-861014000.0,-307751000.0,-520119000.0,-584209000.0
NetCashProvidedByUsedInInvestingActivities / USD,-7698000.0,-32584000.0,-74765000.0,-68105000.0,-19540000.0,-52679000.0,-97695000.0,-97115000.0,-24799000.0,-71338000.0,-144030000.0,,,,,,,,,,,,,,,,-261203000.0,-278958000.0,-196754000.0,-343210000.0,-367639000.0,-273447000.0,-191452000.0,-170691000.0,-150021000.0,-530714000.0,-279572000.0,-334552000.0,-284893000.0,-215107000.0,-46860000.0,26304000.0,-13630000.0,-471480000.0,-34563000.0,-57305000.0,-108418000.0,-48751000.0,-71873000.0,-121749000.0,-207029000.0,-176484000.0,-110080000.0,-206435000.0,-315900000.0,-314584000.0,-93587000.0,-191392000.0,-306644000.0
NetCashProvidedByUsedInOperatingActivities / USD,9817000.0,40125000.0,70493000.0,172827000.0,4437000.0,60937000.0,77460000.0,176543000.0,12546000.0,36232000.0,77458000.0,,,,,,,,,,,,,,,,323018000.0,375874000.0,175744000.0,219993000.0,329093000.0,634385000.0,277263000.0,388003000.0,542214000.0,779366000.0,271678000.0,447336000.0,557506000.0,956127000.0,-24318000.0,15989000.0,259045000.0,1101293000.0,330067000.0,401413000.0,414857000.0,810355000.0,426303000.0,540667000.0,573426000.0,1059265000.0,304901000.0,428808000.0,358011000.0,1481915000.0,159340000.0,358879000.0,302041000.0
NetIncomeLoss / USD,13661000.0,26723000.0,40926000.0,39356000.0,23296000.0,47201000.0,73969000.0,71030000.0,34868000.0,69866000.0,108017000.0,120264000.0,41826000.0,86737000.0,132167000.0,172549000.0,49953000.0,110747000.0,169871000.0,202849000.0,66946000.0,141115000.0,212185000.0,257135000.0,91976000.0,181980000.0,269542000.0,320008000.0,128223000.0,242416000.0,347061000.0,409760000.0,164396000.0,164396000.0,164396000.0,555234000.0,192221000.0,192221000.0,192221000.0,658559000.0,-78509000.0,-78509000.0,-78509000.0,705945000.0,230289000.0,230289000.0,230289000.0,175835000.0,331395000.0,331395000.0,331395000.0,985837000.0,347051000.0,347051000.0,347051000.0,1242408000.0,313113000.0,313113000.0,313113000.0
NetIncomeLossAvailableToCommonStockholdersBasic / USD,,,,,,,,,,,,,,,,,,,,,,,,,,,,320008000.0,128223000.0,242416000.0,347061000.0,409760000.0,164396000.0,312719000.0,443885000.0,555234000.0,192221000.0,353479000.0,483226000.0,658559000.0,-78509000.0,-70457000.0,4341000.0,705945000.0,230289000.0,481182000.0,696471000.0,175835000.0,331395000.0,627072000.0,901657000.0,985837000.0,347051000.0,647153000.0,896636000.0,1242408000.0,313113000.0,565669000.0,807848000.0
NumberOfOperatingSegments / segment,,,,,,,,,,,,,,,,,,,,,,,,,,,,3.0,,,,,,,,,,,,,,,,,,,,,,,,,,,,1.0,,,
NumberOfReportableSegments / segment,,,,,,,,,,,,,,,,,,,,,,,,,,,,1.0,,,,1.0,,,,1.0,,,,1.0,,,,1.0,,,,1.0,,,,1.0,,,,1.0,1.0,1.0,1.0
NumberOfStatesInWhichEntityOperates / state,,,,,,,,,,,,,,,,,,,,,,,,,,,48.0,48.0,48.0,49.0,50.0,50.0,50.0,50.0,50.0,50.0,50.0,50.0,50.0,50.0,50.0,50.0,50.0,50.0,50.0,50.0,50.0,50.0,50.0,50.0,50.0,50.0,50.0,50.0,50.0,50.0,50.0,,
NumberOfStores / store,,,,,,,,,,,,,,,,,,,,,,,,,,,1058.0,1074.0,1107.0,1124.0,1163.0,1174.0,1196.0,1213.0,1241.0,1254.0,1264.0,1264.0,1262.0,1264.0,1290.0,1296.0,1302.0,1308.0,1318.0,1325.0,1343.0,1355.0,1359.0,1362.0,1374.0,1385.0,1395.0,1411.0,1437.0,1445.0,1451.0,,
OperatingIncomeLoss / USD,23332000.0,45588000.0,69880000.0,68153000.0,39060000.0,78720000.0,122948000.0,118884000.0,57446000.0,114905000.0,176212000.0,196195000.0,67695000.0,140563000.0,213450000.0,279978000.0,80881000.0,178860000.0,272948000.0,327588000.0,107582000.0,226042000.0,336811000.0,410415000.0,147164000.0,290933000.0,430594000.0,506297000.0,188405000.0,368205000.0,530872000.0,654824000.0,209842000.0,403657000.0,572870000.0,785291000.0,237540000.0,445558000.0,613338000.0,854080000.0,-101484000.0,-88729000.0,12548000.0,901094000.0,305324000.0,637631000.0,921870000.0,236820000.0,437708000.0,829136000.0,1190992000.0,1297492000.0,442070000.0,833712000.0,1160939000.0,1638610000.0,400948000.0,730149000.0,1048651000.0
OperatingLeaseCost / USD,,,,,,,,,,,,,,,,,,,,,,,,,,,,,,,,,71342000.0,,,,71342000.0,142921000.0,215388000.0,,77533000.0,153232000.0,228881000.0,,78736000.0,155512000.0,233488000.0,,80901000.0,159995000.0,240366000.0,,85128000.0,168249000.0,252323000.0,,88155000.0,176235000.0,265200000.0
OperatingLeaseLiability / USD,,,,,,,,,,,,,,,,,,,,,,,,,,,,,,,,,1865833000.0,1892004000.0,1929433000.0,1938347000.0,,,,1938347000.0,,,,1896801000.0,,,,1846756000.0,,,,1903176000.0,,,,1911092000.0,,,
OperatingLeaseLiabilityCurrent / USD,,,,,,,,,,,,,,,,,,,,,,,,,,,,,,,,,211432000.0,208261000.0,222627000.0,210721000.0,211432000.0,208261000.0,222627000.0,239629000.0,240496000.0,245019000.0,252171000.0,253415000.0,263200000.0,267442000.0,274365000.0,274118000.0,276440000.0,274693000.0,275749000.0,283293000.0,288133000.0,287359000.0,287786000.0,283821000.0,284815000.0,281301000.0,284985000.0
OperatingLeaseLiabilityNoncurrent / USD,,,,,,,,,,,,,,,,,,,,,,,,,,,,,,,,,1654401000.0,1683743000.0,1706806000.0,1629249000.0,1654401000.0,1683743000.0,1706806000.0,1698718000.0,1748245000.0,1718549000.0,1661750000.0,1643386000.0,1613309000.0,1585539000.0,1565921000.0,1572638000.0,1568356000.0,1582003000.0,1621252000.0,1619883000.0,1610256000.0,1593040000.0,1616747000.0,1627271000.0,1607953000.0,1647698000.0,1656317000.0
OperatingLeasePayments / USD,,,,,,,,,,,,,,,,,,,,,,,,,,,,,,,,,82101000.0,165882000.0,251468000.0,338942000.0,82101000.0,165882000.0,251468000.0,338942000.0,87434000.0,175881000.0,263893000.0,338942000.0,90227000.0,182161000.0,275016000.0,354133000.0,94745000.0,189938000.0,286016000.0,368498000.0,98055000.0,196638000.0,296115000.0,383209000.0,101646000.0,203766000.0,307732000.0
OperatingLeaseRightOfUseAsset / USD,,,,,,,,,,,,,,,,,,,,,,,,,,,,,,,,,1479132000.0,1499556000.0,1529524000.0,1460866000.0,1479132000.0,1499556000.0,1529524000.0,1537565000.0,1583490000.0,1548239000.0,1510030000.0,1504614000.0,1487616000.0,1470166000.0,1464533000.0,1482256000.0,1488040000.0,1509246000.0,1556940000.0,1561263000.0,1559560000.0,1549146000.0,1578316000.0,1574530000.0,1561767000.0,1599735000.0,1619055000.0
OperatingLeaseWeightedAverageDiscountRatePercent / pure,,,,,,,,,,,,,,,,,,,,,,,,,,,,,,,,,0.041,0.041,0.041,0.041,,,,0.041,,,,0.036,,,,0.033,,,,0.032,,,,0.037,,,
OtherAccruedLiabilitiesCurrent / USD,,,,12663000.0,,,,13497000.0,,,,12826000.0,,,,15612000.0,,,,16359000.0,,,,23407000.0,,,,59171000.0,,,,78272000.0,,,,92561000.0,,,,129602000.0,,,,92012000.0,,,,89630000.0,,,,105582000.0,,,,98666000.0,,,
OtherAssetsNoncurrent / USD,,,,,,,,,,,,,,,,,,,,,,,,,,,,8664000.0,8664000.0,8664000.0,8664000.0,8664000.0,10087000.0,10628000.0,11477000.0,14584000.0,23105000.0,30882000.0,27683000.0,23356000.0,30483000.0,29283000.0,29986000.0,28225000.0,28350000.0,30711000.0,31833000.0,35647000.0,34431000.0,36480000.0,18512000.0,43007000.0,61314000.0,55547000.0,56946000.0,58732000.0,56864000.0,55575000.0,60127000.0
OtherExpenses / USD,,,,,,,,,,,,,,,,,,,,,,,,,,,,,,,,,,,,,,303000.0,,,,,,,,,,,,,,,,,,,,442553000.0,669931000.0
OtherIntangibleAssetsNet / USD,,,,,,,,,,,,,,,,,,,,,,,,,,,,,,,,,,,,,4085000.0,3854000.0,3622000.0,3391000.0,3159000.0,2927000.0,2696000.0,2465000.0,2233000.0,2001000.0,1770000.0,1538000.0,1307000.0,1075000.0,844000.0,1312000.0,1015000.0,718000.0,591000.0,510000.0,434000.0,357000.0,281000.0
OtherLiabilitiesNoncurrent / USD,,,,,,,,2876000.0,2876000.0,2876000.0,2876000.0,2876000.0,3795000.0,4114000.0,4629000.0,4474000.0,5352000.0,6440000.0,6940000.0,7442000.0,10812000.0,10809000.0,10903000.0,10489000.0,13430000.0,17688000.0,20141000.0,19628000.0,22448000.0,23739000.0,24986000.0,24985000.0,28944000.0,29961000.0,30775000.0,28374000.0,34395000.0,35649000.0,34110000.0,36432000.0,36892000.0,52178000.0,35352000.0,37962000.0,40272000.0,43165000.0,43663000.0,58665000.0,57611000.0,52840000.0,51644000.0,53596000.0,56005000.0,56657000.0,55906000.0,56300000.0,60963000.0,61855000.0,65024000.0
OtherPrepaidExpenseCurrent / USD,,,,,,,,,,,,,,,,,,,,,,,,,,,,,,,,,,,,,,,,,,,,,,,,38827000.0,,,,34637000.0,,,,25613000.0,,,
PaymentsForProceedsFromInvestments / USD,,,,,,,,,,,,,,,,,,,,,,,,,,,,,,,,,,,,,,,,,,,,62946000.0,797000.0,1249000.0,3068000.0,5665000.0,797000.0,1249000.0,3068000.0,4297000.0,314000.0,1687000.0,4870000.0,2458000.0,2563000.0,5091000.0,6108000.0
PaymentsForRepurchaseOfCommonStock / USD,,,,3236000.0,,51000.0,79000.0,3236000.0,37337000.0,37337000.0,37337000.0,37337000.0,37337000.0,37337000.0,37337000.0,37337000.0,27956000.0,73753000.0,9972000.0,37337000.0,27956000.0,73753000.0,121272000.0,39923000.0,226666000.0,252450000.0,296994000.0,167396000.0,51597000.0,178085000.0,309767000.0,344275000.0,133051000.0,260452000.0,379423000.0,367581000.0,107399000.0,378300000.0,506868000.0,616194000.0,72981000.0,72981000.0,72981000.0,680979000.0,392309000.0,635793000.0,762167000.0,114895000.0,132834000.0,434448000.0,571908000.0,1521925000.0,283517000.0,559011000.0,840551000.0,900033000.0,289431000.0,501768000.0,765384000.0
PaymentsOfDebtIssuanceCosts / USD,,,,,,,,,,,,,,,,,,,,,,,,,,,551000.0,583000.0,,,551000.0,583000.0,,,,583000.0,1799000.0,1861000.0,1861000.0,1915000.0,1799000.0,1861000.0,1861000.0,1915000.0,,,,1915000.0,,,,,3950000.0,4088000.0,4159000.0,4159000.0,3950000.0,4088000.0,4159000.0
PaymentsToAcquireBusinessesNetOfCashAcquired / USD,,,,,,,,,,,,,,,,,,,,,,,,,,,,,,,13606000.0,13606000.0,,,13606000.0,13606000.0,,1220000.0,1220000.0,13606000.0,,1220000.0,1220000.0,1220000.0,,,,1220000.0,,,,,,,,,,386793000.0,386793000.0
PaymentsToAcquirePropertyPlantAndEquipment / USD,7698000.0,32584000.0,74765000.0,68105000.0,19540000.0,52679000.0,97695000.0,97115000.0,24799000.0,71338000.0,144030000.0,128636000.0,42004000.0,98029000.0,176966000.0,188578000.0,39106000.0,94097000.0,172498000.0,226024000.0,56622000.0,137218000.0,231909000.0,249067000.0,54321000.0,149595000.0,281203000.0,299167000.0,76754000.0,193210000.0,337639000.0,373447000.0,74259000.0,141691000.0,256415000.0,440714000.0,71836000.0,151213000.0,241136000.0,319400000.0,41474000.0,77090000.0,116745000.0,298534000.0,34563000.0,57305000.0,108418000.0,151866000.0,71076000.0,120500000.0,203961000.0,172187000.0,109766000.0,204748000.0,311030000.0,312126000.0,91024000.0,186301000.0,300536000.0
PreOpeningCosts / USD,474000.0,2267000.0,6572000.0,6003000.0,1230000.0,5046000.0,9004000.0,7095000.0,2523000.0,6649000.0,12901000.0,9987000.0,3206000.0,8015000.0,15483000.0,14816000.0,2629000.0,6224000.0,12798000.0,17270000.0,3117000.0,7195000.0,13301000.0,14366000.0,2542000.0,7231000.0,14159000.0,14682000.0,4158000.0,10257000.0,19989000.0,18571000.0,5247000.0,9751000.0,17363000.0,24286000.0,4174000.0,9212000.0,15667000.0,19767000.0,4635000.0,8542000.0,12782000.0,19254000.0,4589000.0,5946000.0,7778000.0,15000000.0,2348000.0,4625000.0,8422000.0,9517000.0,658000.0,1936000.0,5396000.0,10601000.0,2919000.0,7074000.0,11957000.0
PrepaidAdvertising / USD,,,,3804000.0,,,,4721000.0,,,,6251000.0,,,,6891000.0,,,,8899000.0,,,,6413000.0,,,,9901000.0,,,,12811000.0,,,,9384000.0,,,,9605000.0,,,,7112000.0,,,,7612000.0,,,,9466000.0,,,,12708000.0,,,
PrepaidExpenseAndOtherAssetsCurrent / USD,,30989000.0,33366000.0,32790000.0,32513000.0,34114000.0,40223000.0,43430000.0,40102000.0,46345000.0,50197000.0,50452000.0,48106000.0,51992000.0,54757000.0,55993000.0,53391000.0,58859000.0,60907000.0,66548000.0,61725000.0,67076000.0,70467000.0,72548000.0,71561000.0,82720000.0,85611000.0,88621000.0,89880000.0,98215000.0,101403000.0,98666000.0,96530000.0,103618000.0,119817000.0,138116000.0,137173000.0,131171000.0,118343000.0,103567000.0,97041000.0,102713000.0,99810000.0,107402000.0,108393000.0,108145000.0,105584000.0,110814000.0,114075000.0,123014000.0,137642000.0,130246000.0,108014000.0,110524000.0,117282000.0,115598000.0,126529000.0,132023000.0,135514000.0
PrepaidExpenseOtherNoncurrent / USD,,,,,,,,,,,,,,,,,,,,,,,,,,,,,,,,,,,,,,,,,,,,,,,,13051000.0,,,,14467000.0,,,,19063000.0,,,
PrepaidTaxes / USD,0.0,7280000.0,6310000.0,10684000.0,4233000.0,12690000.0,505000.0,,,12690000.0,13417000.0,,,1111000.0,1729000.0,,,1883000.0,2133000.0,,,1883000.0,2133000.0,,,3075000.0,7015000.0,1489000.0,1489000.0,9124000.0,5450000.0,1489000.0,16997000.0,17082000.0,22294000.0,16997000.0,245000.0,38769000.0,40474000.0,16387000.0,48982000.0,42622000.0,8928000.0,5909000.0,5909000.0,18544000.0,37501000.0,5909000.0,38308000.0,39029000.0,42572000.0,38308000.0,4251000.0,30114000.0,28773000.0,4251000.0,4946000.0,53607000.0,62759000.0
ProceedsFromLongTermLinesOfCredit / USD,,,,,,,,,,,,,,,,,,,,,,,,,,,,,,,,,,,,,800000000.0,800000000.0,800000000.0,800000000.0,800000000.0,800000000.0,800000000.0,800000000.0,,,,800000000.0,,,,195400000.0,,,195400000.0,195400000.0,,593641000.0,
ProceedsFromStockOptionsExercised / USD,1810000.0,3434000.0,6297000.0,1228000.0,11993000.0,13053000.0,21580000.0,17100000.0,8310000.0,13514000.0,25776000.0,27639000.0,5416000.0,10007000.0,21890000.0,31530000.0,2998000.0,4510000.0,10202000.0,21890000.0,10154000.0,15561000.0,17877000.0,10639000.0,6209000.0,8391000.0,16188000.0,19646000.0,11831000.0,13179000.0,14849000.0,16293000.0,6512000.0,8448000.0,12668000.0,16190000.0,42056000.0,42935000.0,43211000.0,13121000.0,250000.0,577000.0,1346000.0,43780000.0,5032000.0,22808000.0,30297000.0,12229000.0,6502000.0,24521000.0,31319000.0,40386000.0,8927000.0,9147000.0,9302000.0,46011000.0,8913000.0,9196000.0,9200000.0
ProfitLoss / USD,,,,,,,,,,,,,,,,,,,,,,,,,,,269542000.0,320008000.0,128223000.0,242416000.0,347061000.0,409760000.0,164396000.0,312719000.0,443885000.0,555234000.0,192221000.0,353479000.0,483226000.0,658559000.0,-78509000.0,-70457000.0,4341000.0,705945000.0,230289000.0,481182000.0,696471000.0,175835000.0,331395000.0,627072000.0,901657000.0,985837000.0,347051000.0,647153000.0,896636000.0,1242408000.0,313113000.0,565669000.0,807848000.0
PropertyPlantAndEquipmentGross / USD,,,,579799000.0,,,,673354000.0,,,,838390000.0,,,,1022656000.0,,,,1243249000.0,,,,1501955000.0,,,,1803117000.0,,,,2148661000.0,,,,2375136000.0,,,,2565840000.0,,,,2567816000.0,,,,2633011000.0,,,,2863179000.0,,,,3194029000.0,,,
PropertyPlantAndEquipmentNet / USD,285766000.0,301333000.0,331390000.0,326099000.0,332147000.0,351576000.0,373794000.0,376985000.0,384904000.0,421063000.0,467165000.0,483059000.0,499395000.0,541557000.0,590132000.0,595736000.0,603933000.0,646890000.0,686898000.0,717159000.0,744665000.0,791904000.0,844238000.0,847600000.0,870835000.0,919597000.0,1001938000.0,1004358000.0,1020853000.0,1095135000.0,1172682000.0,1189453000.0,1190969000.0,1212978000.0,1257775000.0,1226029000.0,1205919000.0,1219948000.0,1233412000.0,1205524000.0,1148341000.0,1077825000.0,1042262000.0,995795000.0,960440000.0,909507000.0,908665000.0,914476000.0,909543000.0,912017000.0,967039000.0,1009273000.0,1019978000.0,1073144000.0,1117874000.0,1182335000.0,1195658000.0,1225850000.0,1264419000.0
ReceivablesNetCurrent / USD,8051000.0,11418000.0,20386000.0,22292000.0,15634000.0,19939000.0,21080000.0,26153000.0,22328000.0,32279000.0,36649000.0,41515000.0,29925000.0,30998000.0,46911000.0,47049000.0,26722000.0,42110000.0,49399000.0,52440000.0,43558000.0,45277000.0,50939000.0,64992000.0,54112000.0,55998000.0,65708000.0,88631000.0,62936000.0,67593000.0,82934000.0,99719000.0,100274000.0,103666000.0,102353000.0,136168000.0,110046000.0,107263000.0,112888000.0,139337000.0,88691000.0,127992000.0,136271000.0,193109000.0,154342000.0,154416000.0,169212000.0,233682000.0,192754000.0,180514000.0,200304000.0,199422000.0,190282000.0,174444000.0,202868000.0,207939000.0,203463000.0,200863000.0,213621000.0
RepaymentsOfLongTermDebt / USD,,,,1267720000.0,,,,,,,,,,,,,,,,,,,,,,,,,,,,,,,,,,,800000000.0,800000000.0,,,800000000.0,800000000.0,,,,800000000.0,,,,195400000.0,,,,195400000.0,,333100000.0,
RetainedEarningsAccumulatedDeficit / USD,9161000.0,22223000.0,36426000.0,66530000.0,89826000.0,113731000.0,140499000.0,186794000.0,159242000.0,194178000.0,232329000.0,296861000.0,301355000.0,346266000.0,391696000.0,462378000.0,512331000.0,573125000.0,622278000.0,679593000.0,718585000.0,746959000.0,770514000.0,832215000.0,737535000.0,769827000.0,812846000.0,905785000.0,982413000.0,970122000.0,943091000.0,1093453000.0,1094824000.0,1115751000.0,1127951000.0,1105863000.0,1188313000.0,1078678000.0,1079862000.0,1128477000.0,976990000.0,985042000.0,1059840000.0,1189422000.0,1027414000.0,1034831000.0,1123749000.0,653376000.0,851940000.0,846011000.0,983140000.0,995773000.0,1059312000.0,1083926000.0,1051876000.0,1286765000.0,1314749000.0,1354973000.0,1330181000.0
Revenues / USD,,,,,,,,,,,,,,,,,,,,,,,,,,,,,1314879000.0,2604733000.0,3946914000.0,4854737000.0,1543667000.0,3031888000.0,4591899000.0,5884506000.0,1743029000.0,3409636000.0,5092150000.0,6716615000.0,1173210000.0,2401219000.0,3953252000.0,7398068000.0,1938519000.0,3905726000.0,5901501000.0,6151953000.0,2345901000.0,4643014000.0,6981807000.0,8630889000.0,2634263000.0,5164072000.0,7653005000.0,10208580000.0,2725848000.0,5277935000.0,7808035000.0
RightOfUseAssetObtainedInExchangeForOperatingLeaseLiability / USD,,,,,,,,,,,,,,,,,,,,,,,,,,,,,,,,,93497000.0,190824000.0,287645000.0,355286000.0,93497000.0,190824000.0,287645000.0,355286000.0,119371000.0,162603000.0,188240000.0,355286000.0,51883000.0,103073000.0,165936000.0,255966000.0,77976000.0,173241000.0,297232000.0,253870000.0,73775000.0,140750000.0,249826000.0,380922000.0,65176000.0,188686000.0,280476000.0
SalariesWagesAndOfficersCompensation / USD,,,,,,,,,,,,,,,,,,,,,,,,,,,,,,,,,,,,,,,,,,,,,,,,,,,,,,,,,,707877000.0,1055058000.0
SellingGeneralAndAdministrativeExpense / USD,80729000.0,160638000.0,250947000.0,302413000.0,94615000.0,185426000.0,286423000.0,358106000.0,110943000.0,216983000.0,334917000.0,410658000.0,133048000.0,267448000.0,418754000.0,488880000.0,162443000.0,320211000.0,501304000.0,596390000.0,192485000.0,376422000.0,595185000.0,712006000.0,240724000.0,477104000.0,757568000.0,863354000.0,283445000.0,566872000.0,887601000.0,1073834000.0,345624000.0,682766000.0,1078219000.0,1287232000.0,403133000.0,795976000.0,1245174000.0,1535464000.0,380912000.0,652499000.0,1068877000.0,1760716000.0,443875000.0,908174000.0,1411577000.0,1583017000.0,500970000.0,1035429000.0,1632593000.0,2061545000.0,612129000.0,1212821000.0,1874201000.0,2395299000.0,665913000.0,1310734000.0,1992993000.0
ShareBasedCompensation / USD,1735000.0,4222000.0,7399000.0,5949000.0,2808000.0,5196000.0,8223000.0,11155000.0,2893000.0,6346000.0,9721000.0,11605000.0,3048000.0,7539000.0,11936000.0,13375000.0,4063000.0,7603000.0,11436000.0,16003000.0,3342000.0,7578000.0,11126000.0,14923000.0,4022000.0,8862000.0,14203000.0,15594000.0,5491000.0,11649000.0,17898000.0,19340000.0,,,,24399000.0,,,,27489000.0,,,,25642000.0,,,,27583000.0,,,,47259000.0,,,,43044000.0,,,
ShareBasedCompensationArrangementByShareBasedPaymentAwardOptionsOutstandingIntrinsicValue / USD,,,,180995000.0,,,,101965000.0,,,,,,,,,,,,,,,,,,,,61348000.0,,,,88307000.0,,,,38157000.0,,,,53868000.0,,,,62762000.0,,,,79588000.0,,,,63678000.0,,,,29532000.0,,,
SharePrice / USD/shares,,,,,,,,,,,,,,,,,,,,,,,,,,,,219.47,,,,291.36,,,,267.91,,,,279.76,,,,358.83,,,,505.67,,,,505.33,,,,412.15,,,
SharebasedCompensationArrangementBySharebasedPaymentAwardOptionsExercisableIntrinsicValue1 / USD,,,,90599000.0,,,,41756000.0,,,,,,,,,,,,,,,,,,,,35982000.0,,,,46503000.0,,,,19120000.0,,,,18332000.0,,,,19793000.0,,,,28728000.0,,,,37031000.0,,,,28016000.0,,,
ShortTermBorrowings / USD,,,,,,,,,,,,,,,,,,,,,,,,,,,,,,,,,,,,,,,,,,,,,,,,,,,195400000.0,,,,195400000.0,,,289101000.0,199700000.0
StockRepurchasedAndRetiredDuringPeriodShares / shares,,,,,,,,,,,,,,,,,,,,,,,,,,,,1034000.0,,,,1504000.0,,,,,,1110000.0,1639000.0,,,327000.0,327000.0,2321000.0,,1990000.0,2330000.0,475000.0,,1130000.0,1470000.0,4250000.0,,1135000.0,1821000.0,2193000.0,,1138000.0,1869000.0
StockRepurchasedAndRetiredDuringPeriodValue / USD,,,,,,,,,-37337000.0,37337000.0,37337000.0,,,,9972000.0,37337000.0,27956000.0,73753000.0,121272000.0,37337000.0,226666000.0,252450000.0,296994000.0,39923000.0,51597000.0,178085000.0,309767000.0,167396000.0,133051000.0,260452000.0,379423000.0,344275000.0,133051000.0,133051000.0,133051000.0,367581000.0,107399000.0,107399000.0,107399000.0,616194000.0,72981000.0,72981000.0,72981000.0,680979000.0,392309000.0,392309000.0,392309000.0,114895000.0,132834000.0,132834000.0,132834000.0,1521925000.0,285783000.0,285783000.0,285783000.0,900033000.0,287410000.0,287410000.0,287410000.0
StockholdersEquity / USD,310538000.0,327911000.0,349539000.0,244968000.0,449366000.0,478032000.0,524432000.0,292608000.0,584905000.0,639685000.0,707000000.0,402533000.0,803724000.0,860462000.0,928319000.0,584704000.0,1059756000.0,1126041000.0,1186333000.0,786942000.0,1302985000.0,1343789000.0,1374159000.0,1003094000.0,1319688000.0,1391937000.0,1452084000.0,1247509000.0,1641657000.0,1635350000.0,1616051000.0,1442886000.0,1774217000.0,1774217000.0,1774217000.0,1550218000.0,1820218000.0,1820218000.0,1820218000.0,1774217000.0,1902094000.0,1902094000.0,1902094000.0,1820218000.0,1999549000.0,1999549000.0,1999549000.0,1902094000.0,1535373000.0,1535373000.0,1535373000.0,1999549000.0,1959811000.0,1959811000.0,1959811000.0,1535373000.0,2279328000.0,2279328000.0,2279328000.0
Supplies / USD,,,,,,,,,,,,,,,,,,,,,,,,,,,,,,,,,,,,,,,,,,,,,,,,40996000.0,,,,40454000.0,,,,37839000.0,,,
TreasuryStockCommonShares / shares,,,,,,,,,,,,,,,,,,,,,,,,,,,,,,,,,,,,,,,,,,,,,,692000.0,692000.0,,,738000.0,738000.0,692000.0,756000.0,756000.0,756000.0,738000.0,799000.0,799000.0,799000.0
TreasuryStockCommonValue / USD,,,,,,,,,,,,,,,,,,,,,,,,,,,14427000.0,14524000.0,17033000.0,18551000.0,18732000.0,18767000.0,23598000.0,24413000.0,24706000.0,24908000.0,34091000.0,34180000.0,34272000.0,34448000.0,37450000.0,37513000.0,37704000.0,37801000.0,44567000.0,44775000.0,53312000.0,53478000.0,58650000.0,59803000.0,60218000.0,60470000.0,82129000.0,82229000.0,82798000.0,83032000.0,106315000.0,106491000.0,106598000.0
TreasuryStockSharesAcquired / shares,,,,,,,,,,,,,,,,,,,,,,,,,,,,,,,,,,,,,,,,,,,,,,21000.0,21000.0,,,14000.0,14000.0,46000.0,41000.0,41000.0,41000.0,18000.0,44000.0,44000.0,44000.0
TreasuryStockValueAcquiredCostMethod / USD,,,,-3236000.0,,51000.0,79000.0,3236000.0,-72000.0,125000.0,631000.0,,,,,,,,,,,,,,,,4208000.0,1972000.0,4831000.0,5646000.0,5939000.0,2839000.0,4831000.0,4831000.0,4831000.0,4243000.0,9183000.0,9183000.0,9183000.0,6141000.0,3002000.0,3002000.0,3002000.0,9540000.0,6766000.0,6766000.0,6766000.0,3353000.0,5172000.0,5172000.0,5172000.0,15677000.0,21659000.0,21659000.0,21659000.0,6992000.0,23283000.0,23283000.0,23283000.0
UnrecognizedTaxBenefits / USD,,,,5110000.0,,,,,,,,795000.0,,,,795000.0,,,,795000.0,,,,1414000.0,,,,2262000.0,,,,3305000.0,,,,3565000.0,,,,3844000.0,,,,3536000.0,,,,2783000.0,,,,3389000.0,,,,4158000.0,,,
UnrecognizedTaxBenefitsDecreasesResultingFromPriorPeriodTaxPositions / USD,,,,-862000.0,,,,,,,,,,,,51000.0,,,,51000.0,,,,52000.0,,,,5000.0,,,,804000.0,,,,729000.0,,,,910000.0,,,,977000.0,,,,613000.0,,,,704000.0,,,,590000.0,,,
UnrecognizedTaxBenefitsDecreasesResultingFromSettlementsWithTaxingAuthorities / USD,,,,-4248000.0,,,,,,,,,,,,,,,,,,,,,,,,,,,,,,,,,,,,,,,,,,,,,,,,945000.0,,,,945000.0,,,
UnrecognizedTaxBenefitsIncreasesResultingFromPriorPeriodTaxPositions / USD,,,,,,,,,,,,,,,,,,,,,,,,,,,,1048000.0,,,,1064000.0,,,,1008000.0,,,,602000.0,,,,224000.0,,,,1219000.0,,,,1473000.0,,,,1437000.0,,,
UnrecordedUnconditionalPurchaseObligationPurchases / USD,,,,,,,,,,,,,,,,,,,,,,,,,,,,,,,,,,,,,,,,,,,,17370000.0,,,,67456000.0,,,,51161000.0,,,,18394000.0,,,
WeightedAverageNumberOfDilutedSharesOutstanding / shares,60276000.0,60505000.0,60723000.0,59237000.0,62758000.0,63013000.0,63173000.0,61288000.0,64072000.0,64202000.0,64285000.0,63334000.0,64495000.0,64362000.0,64424000.0,64396000.0,64607000.0,64618000.0,64655000.0,64461000.0,64555000.0,64484000.0,64383000.0,64651000.0,63335000.0,63067000.0,62932000.0,64275000.0,62594000.0,62483000.0,62198000.0,62851000.0,60909000.0,60630000.0,60432000.0,61975000.0,58993000.0,58718000.0,58396000.0,60181000.0,56419000.0,56369000.0,56524000.0,58105000.0,56172000.0,55592000.0,55280000.0,56558000.0,52582000.0,52237000.0,51962000.0,54841000.0,50469000.0,50157000.0,49846000.0,51738000.0,48381000.0,48022000.0,47710000.0
WeightedAverageNumberOfSharesOutstandingBasic / shares,58306000.0,58517000.0,58699000.0,57915000.0,60554000.0,60840000.0,61044000.0,58959000.0,62496000.0,62782000.0,63016000.0,61259000.0,63842000.0,63838000.0,63912000.0,63250000.0,64273000.0,64311000.0,64347000.0,63992000.0,64180000.0,64134000.0,64050000.0,64335000.0,63031000.0,62753000.0,62625000.0,63949000.0,62101000.0,62018000.0,61778000.0,62519000.0,60610000.0,60340000.0,60135000.0,61556000.0,58631000.0,58401000.0,58123000.0,59864000.0,56419000.0,56369000.0,56355000.0,57840000.0,55795000.0,55235000.0,54921000.0,56351000.0,52250000.0,51928000.0,51663000.0,54482000.0,50153000.0,49885000.0,49592000.0,51403000.0,48125000.0,47815000.0,47519000.0
