fact_unit,2011-07-19,2011-10-18,2012-02-07,2012-04-17,2012-07-17,2012-10-16,2013-01-23,2013-04-16,2013-07-16,2013-10-16,2014-01-22,2014-04-16,2014-07-16,2014-10-15,2015-01-21,2015-04-21,2015-07-22,2015-10-21,2016-01-27,2016-04-20,2016-07-20,2016-10-19,2017-01-25,2017-04-19,2017-07-19,2017-10-18,2018-01-24,2018-04-18,2018-07-18,2018-10-17,2019-01-23,2019-04-17,2019-07-17,2019-10-16,2020-01-29,2020-04-29,2020-07-29,2020-10-28,2021-01-27,2021-04-28,2021-07-28,2021-10-27,2022-01-26,2022-04-27,2022-07-27,2022-10-26,2023-01-25,2023-04-26,2023-07-26,2023-10-25,2024-01-24,2024-04-24,2024-07-24,2024-10-23,2025-01-29,2025-04-23,2025-07-23,2025-10-22
AccountsPayableCurrent / USD,132000000.0,132000000.0,132000000.0,206000000.0,206000000.0,206000000.0,206000000.0,286000000.0,286000000.0,286000000.0,286000000.0,292000000.0,292000000.0,292000000.0,292000000.0,285000000.0,285000000.0,285000000.0,285000000.0,271000000.0,271000000.0,271000000.0,271000000.0,243000000.0,243000000.0,243000000.0,243000000.0,409000000.0,409000000.0,409000000.0,409000000.0,536000000.0,536000000.0,536000000.0,536000000.0,454000000.0,454000000.0,454000000.0,454000000.0,466000000.0,466000000.0,466000000.0,466000000.0,816000000.0,816000000.0,816000000.0,816000000.0,1139000000.0,1139000000.0,1139000000.0,1139000000.0,905000000.0,905000000.0,905000000.0,905000000.0,748000000.0,748000000.0,748000000.0
AccountsReceivableNetCurrent / USD,377000000.0,377000000.0,377000000.0,464000000.0,464000000.0,464000000.0,464000000.0,793000000.0,793000000.0,793000000.0,793000000.0,804000000.0,804000000.0,804000000.0,804000000.0,940000000.0,940000000.0,940000000.0,940000000.0,930000000.0,930000000.0,930000000.0,930000000.0,920000000.0,920000000.0,920000000.0,920000000.0,1233000000.0,1233000000.0,1233000000.0,1233000000.0,1545000000.0,1545000000.0,1545000000.0,1545000000.0,1530000000.0,1530000000.0,1530000000.0,1530000000.0,1315000000.0,1315000000.0,1315000000.0,1315000000.0,1677000000.0,1677000000.0,1677000000.0,1677000000.0,2004000000.0,2004000000.0,2004000000.0,2004000000.0,2230000000.0,2230000000.0,2230000000.0,2230000000.0,2357000000.0,2357000000.0,2357000000.0
AccruedIncomeTaxesNoncurrent / USD,,,,,,,,,,,,,,,,,,,,,,,,,,,,,,,52000000.0,,,,14000000.0,,,,14000000.0,,,,5000000.0,,,,5000000.0,,,,11000000.0,,,,11000000.0,,,
AccruedLiabilitiesCurrent / USD,208000000.0,208000000.0,208000000.0,263000000.0,263000000.0,263000000.0,263000000.0,435000000.0,435000000.0,435000000.0,435000000.0,,,390000000.0,390000000.0,575000000.0,575000000.0,575000000.0,575000000.0,355000000.0,355000000.0,355000000.0,355000000.0,344000000.0,344000000.0,344000000.0,344000000.0,536000000.0,536000000.0,536000000.0,536000000.0,677000000.0,677000000.0,677000000.0,677000000.0,747000000.0,747000000.0,747000000.0,747000000.0,720000000.0,720000000.0,720000000.0,720000000.0,881000000.0,881000000.0,881000000.0,881000000.0,1145000000.0,1145000000.0,1145000000.0,1145000000.0,1267000000.0,1267000000.0,1267000000.0,1267000000.0,1397000000.0,1397000000.0,1397000000.0
AccumulatedOtherComprehensiveIncomeLossNetOfTax / USD,87000000.0,87000000.0,87000000.0,75000000.0,75000000.0,75000000.0,75000000.0,84000000.0,84000000.0,84000000.0,84000000.0,19000000.0,19000000.0,19000000.0,19000000.0,-74000000.0,-74000000.0,-74000000.0,-74000000.0,-250000000.0,-250000000.0,-250000000.0,-250000000.0,-218000000.0,-218000000.0,-218000000.0,-218000000.0,-151000000.0,-151000000.0,-151000000.0,-151000000.0,-237000000.0,-237000000.0,-237000000.0,-237000000.0,-186000000.0,-186000000.0,-186000000.0,-186000000.0,-146000000.0,-146000000.0,-146000000.0,-146000000.0,-171000000.0,-171000000.0,-171000000.0,-171000000.0,-264000000.0,-264000000.0,-264000000.0,-264000000.0,-228000000.0,-228000000.0,-228000000.0,-228000000.0,-405000000.0,-405000000.0,-405000000.0
AdditionalPaidInCapital / USD,492000000.0,492000000.0,492000000.0,487000000.0,487000000.0,487000000.0,487000000.0,1997000000.0,1997000000.0,1997000000.0,1997000000.0,2054000000.0,2054000000.0,2054000000.0,2054000000.0,2168000000.0,2168000000.0,2168000000.0,2168000000.0,2197000000.0,2197000000.0,2197000000.0,2197000000.0,2288000000.0,2288000000.0,2288000000.0,2288000000.0,2356000000.0,2356000000.0,2356000000.0,2356000000.0,2408000000.0,2408000000.0,2408000000.0,2408000000.0,2440000000.0,2440000000.0,2440000000.0,2440000000.0,2482000000.0,2482000000.0,2482000000.0,2482000000.0,2567000000.0,2567000000.0,2567000000.0,2567000000.0,2626000000.0,2626000000.0,2626000000.0,2626000000.0,2650000000.0,2650000000.0,2650000000.0,2650000000.0,2691000000.0,2691000000.0,2691000000.0
AllowanceForDoubtfulAccountsReceivableCurrent / USD,29000000.0,29000000.0,29000000.0,33000000.0,33000000.0,33000000.0,33000000.0,64000000.0,64000000.0,64000000.0,64000000.0,49000000.0,49000000.0,49000000.0,49000000.0,43000000.0,43000000.0,43000000.0,43000000.0,55000000.0,55000000.0,55000000.0,55000000.0,54000000.0,54000000.0,54000000.0,54000000.0,68000000.0,68000000.0,68000000.0,68000000.0,93000000.0,93000000.0,93000000.0,93000000.0,103000000.0,103000000.0,103000000.0,103000000.0,108000000.0,108000000.0,108000000.0,108000000.0,112000000.0,112000000.0,123000000.0,134000000.0,146000000.0,147000000.0,158000000.0,169000000.0,174000000.0,176000000.0,184000000.0,186000000.0,181000000.0,183000000.0,180000000.0
AmortizationOfFinancingCostsAndDiscounts / USD,11000000.0,17000000.0,17000000.0,5000000.0,11000000.0,17000000.0,23000000.0,5000000.0,12000000.0,17000000.0,22000000.0,6000000.0,11000000.0,16000000.0,23000000.0,5000000.0,10000000.0,14000000.0,21000000.0,3000000.0,5000000.0,8000000.0,17000000.0,2000000.0,4000000.0,7000000.0,10000000.0,2000000.0,4000000.0,6000000.0,9000000.0,3000000.0,6000000.0,9000000.0,9000000.0,4000000.0,8000000.0,11000000.0,12000000.0,4000000.0,7000000.0,11000000.0,15000000.0,3000000.0,6000000.0,9000000.0,14000000.0,3000000.0,6000000.0,9000000.0,13000000.0,4000000.0,7000000.0,11000000.0,13000000.0,4000000.0,7000000.0,11000000.0
AmortizationOfIntangibleAssets / USD,,,8000000.0,,3000000.0,6000000.0,7000000.0,,,,8000000.0,,91000000.0,135000000.0,128000000.0,,,,178000000.0,,,,204000000.0,,90000000.0,132000000.0,193000000.0,,,125000000.0,174000000.0,,,,173000000.0,,,,213000000.0,,131000000.0,192000000.0,290000000.0,,,,250000000.0,62000000.0,117000000.0,170000000.0,233000000.0,79000000.0,144000000.0,210000000.0,219000000.0,,,
Assets / USD,3693000000.0,3693000000.0,3693000000.0,4143000000.0,4143000000.0,4143000000.0,4143000000.0,11026000000.0,11026000000.0,11026000000.0,11026000000.0,11231000000.0,11231000000.0,11231000000.0,11231000000.0,12467000000.0,12467000000.0,12467000000.0,10876000000.0,12083000000.0,12083000000.0,12083000000.0,12129000000.0,11988000000.0,11988000000.0,11988000000.0,12083000000.0,15030000000.0,15030000000.0,15030000000.0,11988000000.0,18133000000.0,18133000000.0,18133000000.0,15030000000.0,18970000000.0,18970000000.0,18970000000.0,18133000000.0,17868000000.0,17868000000.0,17868000000.0,18970000000.0,20292000000.0,20292000000.0,20292000000.0,17868000000.0,24183000000.0,24183000000.0,24183000000.0,20292000000.0,25589000000.0,25589000000.0,25589000000.0,24183000000.0,28163000000.0,28163000000.0,28163000000.0
AssetsCurrent / USD,725000000.0,725000000.0,725000000.0,723000000.0,723000000.0,723000000.0,723000000.0,1343000000.0,1343000000.0,1343000000.0,1343000000.0,1362000000.0,1362000000.0,1362000000.0,1362000000.0,1546000000.0,1546000000.0,1546000000.0,1298000000.0,1294000000.0,1294000000.0,1294000000.0,1294000000.0,1361000000.0,1361000000.0,1361000000.0,1361000000.0,1772000000.0,1772000000.0,1772000000.0,1772000000.0,1761000000.0,1761000000.0,1761000000.0,1761000000.0,1842000000.0,1842000000.0,1842000000.0,1842000000.0,2017000000.0,2017000000.0,2017000000.0,2017000000.0,2151000000.0,2151000000.0,2151000000.0,2151000000.0,2723000000.0,2723000000.0,2723000000.0,2723000000.0,2933000000.0,2933000000.0,2933000000.0,2933000000.0,3249000000.0,3249000000.0,3249000000.0
BusinessAcquisitionsProFormaRevenue / USD,,,,,,,4133000000.0,,,,4133000000.0,,2400000000.0,3766000000.0,5163000000.0,1240000000.0,2639000000.0,4183000000.0,5163000000.0,,,,,,2902000000.0,4505000000.0,6529000000.0,1533000000.0,3235000000.0,5311000000.0,8037000000.0,1996000000.0,4163000000.0,6526000000.0,8896000000.0,,,,,,4237000000.0,6505000000.0,8872000000.0,2146000000.0,4488000000.0,7084000000.0,10702000000.0,2727000000.0,5723000000.0,9000000000.0,12469000000.0,3376000000.0,7023000000.0,10874000000.0,14685000000.0,,,
BusinessCombinationContingentConsiderationLiabilityNoncurrent / USD,,,,,,,,,,,,,,,,,,,,,,,,,,,,,,,,,,,,,,,,,,,,,,,,,,,,,,,0.0,,,
CashAndCashEquivalentsAtCarryingValue / USD,169000000.0,169000000.0,77000000.0,203000000.0,203000000.0,203000000.0,169000000.0,36000000.0,36000000.0,36000000.0,203000000.0,106000000.0,106000000.0,106000000.0,36000000.0,175000000.0,175000000.0,175000000.0,106000000.0,158000000.0,158000000.0,158000000.0,175000000.0,179000000.0,179000000.0,179000000.0,158000000.0,312000000.0,312000000.0,312000000.0,179000000.0,352000000.0,43000000.0,43000000.0,43000000.0,52000000.0,52000000.0,52000000.0,52000000.0,202000000.0,202000000.0,202000000.0,202000000.0,144000000.0,144000000.0,144000000.0,144000000.0,106000000.0,106000000.0,106000000.0,106000000.0,363000000.0,363000000.0,363000000.0,363000000.0,457000000.0,457000000.0,457000000.0
CashCashEquivalentsRestrictedCashAndRestrictedCashEquivalents / USD,,,,,,,,,,,,,,,,,,,,,,,,,,,,,,,,,352000000.0,352000000.0,312000000.0,43000000.0,43000000.0,43000000.0,352000000.0,52000000.0,52000000.0,52000000.0,43000000.0,202000000.0,202000000.0,202000000.0,52000000.0,144000000.0,144000000.0,144000000.0,202000000.0,106000000.0,106000000.0,106000000.0,144000000.0,363000000.0,363000000.0,363000000.0
CashCashEquivalentsRestrictedCashAndRestrictedCashEquivalentsPeriodIncreaseDecreaseIncludingExchangeRateEffect / USD,,,,,,,,,,,,,,,,,,,,,,,,,,,,,,,,,-235000000.0,-287000000.0,40000000.0,9000000.0,32000000.0,17000000.0,-309000000.0,461000000.0,75000000.0,122000000.0,9000000.0,76000000.0,134000000.0,118000000.0,150000000.0,-43000000.0,-76000000.0,-68000000.0,-58000000.0,-7000000.0,121000000.0,178000000.0,-38000000.0,66000000.0,104000000.0,116000000.0
CommonStockDividendsPerShareDeclared / USD/shares,,,,,,,,,,,,,,,,,,,,,,,,,,,,,,,,,,,,,,,,,,,,,,,,1.48,2.96,4.44,5.92,1.48,2.96,4.44,5.92,1.63,3.26,4.89
CommonStockParOrStatedValuePerShare / USD/shares,0.01,0.01,0.01,0.01,0.01,0.01,0.01,0.01,0.01,0.01,0.01,0.01,0.01,0.01,0.01,0.01,0.01,0.01,0.01,0.01,0.01,0.01,0.01,0.01,0.01,0.01,0.01,0.01,0.01,0.01,0.01,0.01,0.01,0.01,0.01,0.01,0.01,0.01,0.01,0.01,0.01,0.01,0.01,0.01,0.01,0.01,0.01,0.01,0.01,0.01,0.01,0.01,0.01,0.01,0.01,0.01,0.01,0.01
CommonStockSharesAuthorized / shares,500000000.0,500000000.0,500000000.0,500000000.0,500000000.0,500000000.0,500000000.0,500000000.0,500000000.0,500000000.0,500000000.0,500000000.0,500000000.0,500000000.0,500000000.0,500000000.0,500000000.0,500000000.0,500000000.0,500000000.0,500000000.0,500000000.0,500000000.0,500000000.0,500000000.0,500000000.0,500000000.0,500000000.0,500000000.0,500000000.0,500000000.0,500000000.0,500000000.0,500000000.0,500000000.0,500000000.0,500000000.0,500000000.0,500000000.0,500000000.0,500000000.0,500000000.0,500000000.0,500000000.0,500000000.0,500000000.0,500000000.0,500000000.0,500000000.0,500000000.0,500000000.0,500000000.0,500000000.0,500000000.0,500000000.0,500000000.0,500000000.0,500000000.0
CommonStockSharesIssued / shares,60621338.0,60621338.0,60621338.0,62877530.0,62877530.0,62877530.0,62877530.0,95891809.0,95891809.0,95891809.0,95891809.0,97966802.0,97966802.0,97966802.0,97966802.0,108233686.0,108233686.0,108233686.0,108233686.0,111586585.0,111586585.0,111586585.0,111586585.0,111985215.0,111985215.0,111985215.0,111985215.0,112394395.0,112394395.0,112394395.0,112394395.0,112907209.0,112907209.0,112907209.0,112907209.0,113825667.0,113825667.0,113825667.0,113825667.0,114210157.0,114210157.0,114210157.0,114210157.0,114434075.0,114434075.0,114434075.0,114434075.0,114758508.0,114758508.0,114758508.0,114758508.0,115010396.0,115010396.0,115010396.0,115010396.0,115179350.0,115179350.0,115179350.0
CommonStockSharesOutstanding / shares,60621338.0,60621338.0,60621338.0,62877530.0,62877530.0,62877530.0,62877530.0,92984016.0,92984016.0,92984016.0,92984016.0,93288936.0,93288936.0,93288936.0,93288936.0,97877580.0,97877580.0,97877580.0,97877580.0,91776436.0,91776436.0,91776436.0,91776436.0,84222042.0,84222042.0,84222042.0,84222042.0,84463662.0,84463662.0,84463662.0,84463662.0,79872956.0,79872956.0,79872956.0,79872956.0,74362195.0,74362195.0,74362195.0,74362195.0,72196648.0,72196648.0,72196648.0,72196648.0,72420566.0,72420566.0,72420566.0,72420566.0,69356981.0,69356981.0,69356981.0,69356981.0,67269577.0,67269577.0,67269577.0,67269577.0,65305731.0,65305731.0,65305731.0
CommonStockValue / USD,1000000.0,1000000.0,1000000.0,1000000.0,1000000.0,1000000.0,1000000.0,1000000.0,1000000.0,1000000.0,1000000.0,1000000.0,1000000.0,1000000.0,1000000.0,1000000.0,1000000.0,1000000.0,1000000.0,1000000.0,1000000.0,1000000.0,1000000.0,1000000.0,1000000.0,1000000.0,1000000.0,1000000.0,1000000.0,1000000.0,1000000.0,1000000.0,1000000.0,1000000.0,1000000.0,1000000.0,1000000.0,1000000.0,1000000.0,1000000.0,1000000.0,1000000.0,1000000.0,1000000.0,1000000.0,1000000.0,1000000.0,1000000.0,1000000.0,1000000.0,1000000.0,1000000.0,1000000.0,1000000.0,1000000.0,1000000.0,1000000.0,1000000.0
ComprehensiveIncomeNetOfTax / USD,,,,-8000000.0,20000000.0,48000000.0,-6000000.0,23000000.0,-41000000.0,53000000.0,89000000.0,1000000.0,52000000.0,216000000.0,84000000.0,21000000.0,151000000.0,292000000.0,322000000.0,26000000.0,129000000.0,272000000.0,447000000.0,155000000.0,289000000.0,467000000.0,409000000.0,117000000.0,283000000.0,524000000.0,598000000.0,158000000.0,408000000.0,759000000.0,1413000000.0,196000000.0,488000000.0,856000000.0,1010000000.0,67000000.0,324000000.0,565000000.0,1225000000.0,209000000.0,525000000.0,882000000.0,930000000.0,387000000.0,814000000.0,1325000000.0,1361000000.0,451000000.0,1065000000.0,1741000000.0,2012000000.0,491000000.0,1114000000.0,1877000000.0
ContractWithCustomerAssetNet / USD,,,,,,,,,,,,,,,,,,,,,,,,,,,,0.0,0.0,0.0,,0.0,0.0,0.0,0.0,0.0,0.0,0.0,0.0,0.0,0.0,0.0,0.0,0.0,0.0,0.0,0.0,0.0,0.0,0.0,0.0,0.0,0.0,0.0,0.0,0.0,0.0,0.0
ContractWithCustomerLiability / USD,,,,,,,,,,,,,,,,,,,,,,,,,,,,0.0,0.0,0.0,46000000.0,56000000.0,56000000.0,56000000.0,56000000.0,55000000.0,55000000.0,55000000.0,55000000.0,51000000.0,51000000.0,51000000.0,51000000.0,83000000.0,83000000.0,83000000.0,83000000.0,131000000.0,131000000.0,131000000.0,131000000.0,138000000.0,138000000.0,138000000.0,138000000.0,185000000.0,185000000.0,185000000.0
ContractWithCustomerLiabilityCurrent / USD,,,,,,,,,,,,,,,,,,,,,,,,,,,,,,,46000000.0,,,,56000000.0,,,,55000000.0,,,,51000000.0,,,,83000000.0,,,,131000000.0,,,,138000000.0,,,
ContractWithCustomerLiabilityRevenueRecognized / USD,,,,,,,,,,,,,,,,,,,,,,,,,,,,0.0,0.0,0.0,0.0,0.0,0.0,0.0,0.0,0.0,0.0,0.0,0.0,0.0,0.0,0.0,0.0,0.0,0.0,0.0,0.0,0.0,0.0,0.0,0.0,0.0,0.0,0.0,0.0,0.0,0.0,0.0
ContractWithCustomerPerformanceObligationSatisfiedInPreviousPeriod / USD,,,,,,,,,,,,,,,,,,,,,,,,,,,,,,,,,0.0,0.0,0.0,0.0,0.0,0.0,0.0,0.0,0.0,0.0,0.0,0.0,0.0,0.0,0.0,0.0,0.0,0.0,0.0,0.0,0.0,0.0,0.0,0.0,0.0,0.0
ContractWithCustomerRefundLiabilityCurrent / USD,,,,,,,,,,,,,,,,,,,,,,,,,,,40000000.0,,,,50000000.0,,,,69000000.0,,,,87000000.0,,,,84000000.0,,,,95000000.0,,,,120000000.0,,,,173000000.0,,,
CooperativeAdvertisingAmount / USD,,,,,,,,,,,,,,,13000000.0,,,,15000000.0,,,,16000000.0,,,,17000000.0,,,,19000000.0,,,,35000000.0,,,,41000000.0,,,,49000000.0,,,,22000000.0,,,,49000000.0,,,,53000000.0,,,
CostOfGoodsAndServicesSoldDepreciationAndAmortization / USD,,,,,,,,,,,,,,,,,,,,,,,,,,,,,,,,,,,,,794000000.0,1211000000.0,1363000000.0,426000000.0,821000000.0,1216000000.0,1631000000.0,375000000.0,760000000.0,1172000000.0,1601000000.0,435000000.0,892000000.0,1362000000.0,1611000000.0,575000000.0,1167000000.0,1755000000.0,1853000000.0,582000000.0,1190000000.0,1819000000.0
CostOfRevenue / USD,761000000.0,1157000000.0,1748000000.0,385000000.0,803000000.0,1242000000.0,1579000000.0,443000000.0,1062000000.0,1776000000.0,1713000000.0,715000000.0,1450000000.0,2197000000.0,2530000000.0,730000000.0,1540000000.0,2396000000.0,2968000000.0,791000000.0,1602000000.0,2462000000.0,3253000000.0,810000000.0,1641000000.0,2493000000.0,3337000000.0,842000000.0,1784000000.0,2777000000.0,3359000000.0,1088000000.0,2197000000.0,3375000000.0,3872000000.0,1356000000.0,2735000000.0,4190000000.0,4683000000.0,1398000000.0,2636000000.0,3937000000.0,5681000000.0,1343000000.0,2755000000.0,4248000000.0,5347000000.0,1532000000.0,3153000000.0,4838000000.0,5863000000.0,2044000000.0,4173000000.0,6353000000.0,6646000000.0,2139000000.0,4394000000.0,6738000000.0
CurrentFederalTaxExpenseBenefit / USD,,,-55000000.0,,,,0.0,,,,0.0,,,,0.0,,,,10000000.0,,,,2000000.0,,,,13000000.0,,,,186000000.0,,,,190000000.0,,,,47000000.0,,,,97000000.0,,,,290000000.0,,,,78000000.0,,,,-34000000.0,,,
CurrentForeignTaxExpenseBenefit / USD,,,5000000.0,,,,16000000.0,,,,22000000.0,,,,27000000.0,,,,39000000.0,,,,42000000.0,,,,15000000.0,,,,10000000.0,,,,15000000.0,,,,18000000.0,,,,-6000000.0,,,,15000000.0,,,,26000000.0,,,,100000000.0,,,
CurrentIncomeTaxExpenseBenefit / USD,,,-51000000.0,,,,17000000.0,,,,24000000.0,,,,29000000.0,,,,51000000.0,,,,49000000.0,,,,42000000.0,,,,220000000.0,,,,235000000.0,,,,123000000.0,,,,136000000.0,,,,370000000.0,,,,192000000.0,,,,160000000.0,,,
CurrentStateAndLocalTaxExpenseBenefit / USD,,,-1000000.0,,,,1000000.0,,,,2000000.0,,,,2000000.0,,,,2000000.0,,,,5000000.0,,,,14000000.0,,,,24000000.0,,,,30000000.0,,,,58000000.0,,,,45000000.0,,,,65000000.0,,,,88000000.0,,,,94000000.0,,,
DebtAndCapitalLeaseObligations / USD,,,,2987000000.0,2987000000.0,2987000000.0,2987000000.0,7309000000.0,7309000000.0,7309000000.0,7309000000.0,7173000000.0,7173000000.0,7173000000.0,7173000000.0,8052000000.0,8052000000.0,8052000000.0,7962000000.0,8162000000.0,8162000000.0,8162000000.0,8162000000.0,7790000000.0,7790000000.0,7790000000.0,7790000000.0,9440000000.0,9440000000.0,9440000000.0,9440000000.0,11747000000.0,11747000000.0,11747000000.0,11747000000.0,11428000000.0,11428000000.0,11428000000.0,11428000000.0,9682000000.0,9682000000.0,9682000000.0,9682000000.0,9685000000.0,9685000000.0,9685000000.0,9685000000.0,11370000000.0,11370000000.0,11370000000.0,11370000000.0,11518000000.0,11518000000.0,11518000000.0,11518000000.0,13406000000.0,13406000000.0,13406000000.0
DebtCurrent / USD,229000000.0,229000000.0,229000000.0,395000000.0,395000000.0,395000000.0,395000000.0,630000000.0,630000000.0,630000000.0,630000000.0,604000000.0,604000000.0,604000000.0,604000000.0,618000000.0,618000000.0,618000000.0,618000000.0,607000000.0,607000000.0,607000000.0,607000000.0,597000000.0,597000000.0,597000000.0,597000000.0,723000000.0,723000000.0,723000000.0,723000000.0,903000000.0,903000000.0,903000000.0,903000000.0,997000000.0,997000000.0,997000000.0,997000000.0,704000000.0,704000000.0,704000000.0,704000000.0,906000000.0,906000000.0,906000000.0,906000000.0,161000000.0,161000000.0,161000000.0,161000000.0,1465000000.0,1465000000.0,1465000000.0,1465000000.0,1178000000.0,1178000000.0,1178000000.0
DecreaseInUnrecognizedTaxBenefitsIsReasonablyPossible / USD,,,,,,,,,,,,,,,,,,,,,,,,,,,,,,,,,,,,,,,,,,,,,,,,,,,10000000.0,,,,12000000.0,,,
DeferredFederalIncomeTaxExpenseBenefit / USD,,,13000000.0,,,,-48000000.0,,,,36000000.0,,,,-22000000.0,,,,149000000.0,,,,240000000.0,,,,300000000.0,,,,119000000.0,,,,-580000000.0,,,,243000000.0,,,,185000000.0,,,,-107000000.0,,,,260000000.0,,,,525000000.0,,,
DeferredForeignIncomeTaxExpenseBenefit / USD,,,2000000.0,,,,-1000000.0,,,,1000000.0,,,,2000000.0,,,,4000000.0,,,,2000000.0,,,,5000000.0,,,,-1000000.0,,,,-2000000.0,,,,3000000.0,,,,14000000.0,,,,6000000.0,,,,14000000.0,,,,-16000000.0,,,
DeferredIncomeTaxExpenseBenefit / USD,,,4000000.0,,,,-58000000.0,,,,39000000.0,,,,-16000000.0,,,,167000000.0,,,,261000000.0,,,90000000.0,336000000.0,10000000.0,40000000.0,97000000.0,123000000.0,37000000.0,93000000.0,190000000.0,-533000000.0,21000000.0,49000000.0,117000000.0,257000000.0,1000000.0,-62000000.0,-66000000.0,204000000.0,3000000.0,73000000.0,157000000.0,-121000000.0,37000000.0,64000000.0,130000000.0,268000000.0,35000000.0,53000000.0,88000000.0,537000000.0,-17000000.0,-32000000.0,-31000000.0
DeferredIncomeTaxLiabilitiesNet / USD,,,,,,,,,,,,,,,,,,,,,,,1765000000.0,1896000000.0,1896000000.0,1896000000.0,1896000000.0,1419000000.0,1419000000.0,1419000000.0,1419000000.0,1687000000.0,1687000000.0,1687000000.0,1687000000.0,1887000000.0,1887000000.0,1887000000.0,1887000000.0,1768000000.0,1768000000.0,1768000000.0,1768000000.0,2154000000.0,2154000000.0,2154000000.0,2154000000.0,2671000000.0,2671000000.0,2671000000.0,2671000000.0,2701000000.0,2701000000.0,2701000000.0,2701000000.0,2685000000.0,2685000000.0,2685000000.0
DeferredStateAndLocalIncomeTaxExpenseBenefit / USD,,,-11000000.0,,,,-9000000.0,,,,2000000.0,,,,4000000.0,,,,14000000.0,,,,19000000.0,,,,31000000.0,,,,5000000.0,,,,49000000.0,,,,11000000.0,,,,5000000.0,,,,-20000000.0,,,,-6000000.0,,,,28000000.0,,,
DeferredTaxAssetsGross / USD,,,326000000.0,,,,279000000.0,,,,605000000.0,,,,429000000.0,,,,403000000.0,,,,233000000.0,,,,164000000.0,,,,292000000.0,,,,572000000.0,,,,672000000.0,,,,564000000.0,,,,566000000.0,,,,675000000.0,,,,594000000.0,,,
DeferredTaxAssetsNet / USD,,,,,,,,,,,,,,,,,,,,,,,,,,,,,,,,,,,526000000.0,,,,629000000.0,,,,543000000.0,,,,557000000.0,,,,656000000.0,,,,590000000.0,,,
DeferredTaxAssetsTaxDeferredExpenseReservesAndAccruals / USD,,,,,,,,,,,,,,,113000000.0,,,,107000000.0,,,,112000000.0,,,,103000000.0,,,,87000000.0,,,,126000000.0,,,,111000000.0,,,,129000000.0,,,,165000000.0,,,,186000000.0,,,,193000000.0,,,
DeferredTaxAssetsValuationAllowance / USD,,,2000000.0,,,,2000000.0,,,,1000000.0,,,,0.0,,,,0.0,,,,12000000.0,,,,9000000.0,,,,39000000.0,,,,46000000.0,,,,43000000.0,,,,21000000.0,,,,9000000.0,,,,19000000.0,,,,4000000.0,,,
DeferredTaxLiabilities / USD,,,,,,,,,,,,,,,,,,,1444000000.0,,,,1765000000.0,,,,1896000000.0,,,,1419000000.0,,,,1687000000.0,,,,1887000000.0,,,,1768000000.0,,,,2154000000.0,,,,2671000000.0,,,,2701000000.0,,,
DeferredTaxLiabilitiesDeferredExpenseCapitalizedInterest / USD,,,,,,,,,,,,,,,,,,,,,,,,,,,,,,,,,,,,,,,,,,,,,,,,,,,,,,,0.0,,,
DeferredTaxLiabilitiesGoodwillAndIntangibleAssetsIntangibleAssets / USD,,,0.0,,,,5000000.0,,,,405000000.0,,,,369000000.0,,,,312000000.0,,,,272000000.0,,,,231000000.0,,,,174000000.0,,,,237000000.0,,,,199000000.0,,,,166000000.0,,,,152000000.0,,,,125000000.0,,,,85000000.0,,,
DeferredTaxLiabilitiesLeasingArrangements / USD,,,,,,,,,,,,,,,,,,,,,,,,,,,,,,,,,,,182000000.0,,,,182000000.0,,,,183000000.0,,,,210000000.0,,,,216000000.0,,,,285000000.0,,,
DeferredTaxLiabilitiesPropertyPlantAndEquipment / USD,,,618000000.0,,,,620000000.0,,,,1236000000.0,,,,1259000000.0,,,,1535000000.0,,,,1714000000.0,,,,1820000000.0,,,,1498000000.0,,,,1976000000.0,,,,2135000000.0,,,,1962000000.0,,,,2349000000.0,,,,2986000000.0,,,,2921000000.0,,,
DefinedContributionPlanCostRecognized / USD,,,2000000.0,,,,2000000.0,,,,6000000.0,,,,,,,,,,,,,,,,22000000.0,,,,23000000.0,,,,26000000.0,,,,31000000.0,,,,37000000.0,,,,33000000.0,,,,36000000.0,,,,45000000.0,,,
DepreciationAndAmortization / USD,29000000.0,43000000.0,57000000.0,12000000.0,26000000.0,39000000.0,60000000.0,14000000.0,63000000.0,134000000.0,57000000.0,64000000.0,126000000.0,185000000.0,198000000.0,60000000.0,130000000.0,200000000.0,246000000.0,69000000.0,136000000.0,202000000.0,273000000.0,67000000.0,131000000.0,192000000.0,268000000.0,62000000.0,126000000.0,189000000.0,255000000.0,71000000.0,138000000.0,213000000.0,259000000.0,104000000.0,209000000.0,311000000.0,308000000.0,100000000.0,195000000.0,292000000.0,407000000.0,91000000.0,181000000.0,279000000.0,387000000.0,97000000.0,188000000.0,278000000.0,372000000.0,118000000.0,222000000.0,329000000.0,364000000.0,104000000.0,213000000.0,322000000.0
DirectCostsOfLeasedAndRentedPropertyOrEquipment / USD,,,,,,,,,,,,,,,,,,,,,,,,,,1391000000.0,1826000000.0,474000000.0,999000000.0,1556000000.0,1862000000.0,592000000.0,1212000000.0,1883000000.0,2151000000.0,742000000.0,1511000000.0,2324000000.0,2614000000.0,747000000.0,1394000000.0,2083000000.0,3126000000.0,715000000.0,1530000000.0,2416000000.0,2820000000.0,906000000.0,1908000000.0,2961000000.0,3329000000.0,1162000000.0,2378000000.0,3664000000.0,4018000000.0,1244000000.0,2566000000.0,3958000000.0
Dividends / USD,,,,,,,,,,,,,,,,,,,,,,,,,,,,,,,,,,,,,,,,,,,,,,,,0.0,0.0,0.0,0.0,,,,0.0,,,
EarningsPerShareBasic / USD/shares,-0.46,-0.09,-1.02,-0.34,0.11,1.17,-0.44,0.21,-0.53,0.42,1.62,0.22,1.12,2.65,0.91,0.63,1.61,3.57,4.14,1.19,2.07,4.33,5.54,1.01,2.53,4.68,6.14,1.29,2.95,5.31,6.49,2.18,5.4,9.44,15.91,2.21,5.65,10.7,13.26,2.33,5.26,8.14,15.18,2.81,6.85,12.49,12.24,5.07,11.97,20.61,19.14,6.5,15.09,25.37,29.77,8.06,17.62,28.33
EarningsPerShareDiluted / USD/shares,-0.46,-0.09,-1.02,-0.34,0.09,0.99,-0.44,0.17,-0.53,0.37,1.38,0.19,0.98,2.33,0.79,0.56,1.46,3.29,3.64,1.16,2.04,4.27,5.15,1.01,2.52,4.66,6.07,1.27,2.92,5.26,6.45,2.15,5.34,9.34,15.73,2.19,5.62,10.66,13.12,2.33,5.25,8.12,15.11,2.8,6.82,12.45,12.2,5.05,11.93,20.56,19.04,6.47,15.04,25.3,29.65,8.04,17.57,28.25
EffectOfExchangeRateOnCashCashEquivalentsRestrictedCashAndRestrictedCashEquivalents / USD,,,,,,,,,,,,,,,,,,,,,,,,,,,,,,,,,-9000000.0,-10000000.0,18000000.0,0.0,0.0,0.0,-8000000.0,-2000000.0,0.0,1000000.0,0.0,1000000.0,10000000.0,5000000.0,8000000.0,0.0,-2000000.0,-6000000.0,4000000.0,0.0,-1000000.0,-5000000.0,-7000000.0,-8000000.0,-11000000.0,-3000000.0
EmployeeRelatedLiabilitiesCurrent / USD,,,32000000.0,,,,57000000.0,,,,82000000.0,,,,67000000.0,,,,97000000.0,,,,41000000.0,,,,55000000.0,,,,128000000.0,,,,127000000.0,,,,86000000.0,,,,79000000.0,,,,187000000.0,,,,207000000.0,,,,149000000.0,,,
EntityCommonStockSharesOutstanding / shares,62636522.0,62648356.0,62959239.0,63772721.0,92700607.0,92590464.0,93013431.0,94234996.0,93284513.0,93234360.0,93217882.0,97270783.0,95909404.0,99808171.0,96520626.0,96970015.0,95369973.0,92828361.0,90970229.0,88502401.0,86161036.0,84224499.0,84310531.0,84513378.0,84540070.0,84574589.0,84427665.0,83596643.0,82748285.0,81102622.0,79591082.0,78624102.0,77162794.0,75155939.0,74375477.0,72049494.0,72080277.0,72136631.0,72199276.0,72378142.0,72390139.0,72394435.0,72421902.0,71611509.0,69985365.0,69308481.0,69359591.0,68731157.0,68282697.0,67781450.0,67191627.0,66589926.0,66135871.0,65622379.0,65307098.0,64999035.0,64341222.0,63630147.0
EntityPublicFloat / USD,,,1380000000.0,,,,2920000000.0,,,,4130000000.0,,,,10010000000.0,,,,8300000000.0,,,,5180000000.0,,,,9490000000.0,,,,10800000000.0,,,,9100000000.0,,,,9440000000.0,,,,20610000000.0,,,,15000000000.0,,,,26700000000.0,,,,37800000000.0,,,
FinanceLeaseInterestPaymentOnLiability / USD,,,,,,,,,,,,,,,,,,,,,,,,,,,,,,,,2000000.0,3000000.0,5000000.0,6000000.0,2000000.0,3000000.0,5000000.0,6000000.0,3000000.0,6000000.0,9000000.0,6000000.0,,,,5000000.0,,,,4000000.0,,,,5000000.0,,,
FinanceLeaseLiability / USD,,,,,,,,,,,,,,,,,,,,,,,,,,,,,,,,119000000.0,115000000.0,120000000.0,127000000.0,127000000.0,127000000.0,127000000.0,127000000.0,135000000.0,135000000.0,135000000.0,135000000.0,135000000.0,135000000.0,135000000.0,135000000.0,123000000.0,123000000.0,123000000.0,123000000.0,192000000.0,192000000.0,192000000.0,192000000.0,263000000.0,263000000.0,263000000.0
FinanceLeaseLiabilityCurrent / USD,,,,,,,,,,,,,,,,,,,,,,,,,,,,,,,,39000000.0,40000000.0,38000000.0,58000000.0,58000000.0,58000000.0,58000000.0,58000000.0,60000000.0,60000000.0,60000000.0,60000000.0,,,,53000000.0,,,,51000000.0,,,,55000000.0,,,
FinanceLeaseLiabilityNoncurrent / USD,,,,,,,,,,,,,,,,,,,,,,,,,,,,,,,,80000000.0,75000000.0,82000000.0,69000000.0,69000000.0,69000000.0,69000000.0,69000000.0,75000000.0,75000000.0,75000000.0,75000000.0,,,,82000000.0,,,,72000000.0,,,,137000000.0,,,
FinanceLeaseLiabilityPaymentsDue / USD,,,,,,,,,,,,,,,,,,,,,,,,,,,,,,,,137000000.0,121000000.0,127000000.0,136000000.0,157000000.0,149000000.0,150000000.0,145000000.0,140000000.0,144000000.0,147000000.0,144000000.0,,,,133000000.0,,,,229000000.0,,,,308000000.0,,,
FinanceLeaseLiabilityPaymentsDueAfterYearFive / USD,,,,,,,,,,,,,,,,,,,,,,,,,,,,,,,,5000000.0,6000000.0,7000000.0,6000000.0,6000000.0,5000000.0,,3000000.0,,,,4000000.0,,,,4000000.0,,,,44000000.0,,,,45000000.0,,,
FinanceLeaseLiabilityPaymentsDueNextTwelveMonths / USD,,,,,,,,,,,,,,,,,,,,,,,,,,,,,,,,,,,60000000.0,,,65000000.0,63000000.0,44000000.0,50000000.0,54000000.0,56000000.0,,,,53000000.0,,,,61000000.0,,,,91000000.0,,,
FinanceLeaseLiabilityPaymentsDueYearFive / USD,,,,,,,,,,,,,,,,,,,,,,,,,,,,,,,,12000000.0,3000000.0,6000000.0,1000000.0,2000000.0,3000000.0,,1000000.0,,,,2000000.0,,,,3000000.0,,,,6000000.0,,,,5000000.0,,,
FinanceLeaseLiabilityPaymentsDueYearFour / USD,,,,,,,,,,,,,,,,,,,,,,,,,,,,,,,,12000000.0,14000000.0,18000000.0,12000000.0,18000000.0,22000000.0,4000000.0,10000000.0,2000000.0,4000000.0,8000000.0,12000000.0,,,,9000000.0,,,,24000000.0,,,,29000000.0,,,
FinanceLeaseLiabilityPaymentsDueYearThree / USD,,,,,,,,,,,,,,,,,,,,,,,,,,,,,,,,36000000.0,38000000.0,42000000.0,24000000.0,31000000.0,33000000.0,25000000.0,28000000.0,11000000.0,17000000.0,23000000.0,26000000.0,,,,24000000.0,,,,40000000.0,,,,61000000.0,,,
FinanceLeaseLiabilityPaymentsDueYearTwo / USD,,,,,,,,,,,,,,,,,,,,,,,,,,,,,,,,39000000.0,38000000.0,42000000.0,33000000.0,55000000.0,58000000.0,36000000.0,40000000.0,32000000.0,40000000.0,41000000.0,44000000.0,,,,40000000.0,,,,54000000.0,,,,77000000.0,,,
FinanceLeaseLiabilityUndiscountedExcessAmount / USD,,,,,,,,,,,,,,,,,,,,,,,,,,,,,,,,18000000.0,6000000.0,7000000.0,9000000.0,11000000.0,9000000.0,9000000.0,10000000.0,9000000.0,7000000.0,8000000.0,9000000.0,,,,10000000.0,,,,37000000.0,,,,45000000.0,,,
FinanceLeasePrincipalPayments / USD,,,,,,,,,,,,,,,,,,,,,,,,,,,,,,,,10000000.0,22000000.0,35000000.0,47000000.0,10000000.0,22000000.0,35000000.0,47000000.0,12000000.0,26000000.0,39000000.0,47000000.0,,,,53000000.0,,,,69000000.0,,,,57000000.0,,,
FinanceLeaseWeightedAverageDiscountRatePercent / pure,,,,,,,,,,,,,,,,,,,,,,,,,,,,,,,,0.041,0.039,0.04,0.04,0.04,0.04,0.04,0.04,0.034,0.034,0.034,0.034,,,,0.028,,,,0.035,,,,0.048,,,
FiniteLivedIntangibleAssetsAmortizationExpenseAfterYearFive / USD,,,,,,591000000.0,475000000.0,,,,383000000.0,,472000000.0,469000000.0,356000000.0,,,,260000000.0,,,,184000000.0,,227000000.0,227000000.0,193000000.0,,,228000000.0,139000000.0,,,,89000000.0,,,,39000000.0,,42000000.0,,23000000.0,,,,10000000.0,,,,51000000.0,,,,35000000.0,,,
FiniteLivedIntangibleAssetsAmortizationExpenseNextTwelveMonths / USD,,,,,,48000000.0,178000000.0,,,,161000000.0,,,,195000000.0,,,,173000000.0,,,,146000000.0,,,,179000000.0,,,,268000000.0,,,,250000000.0,,,,206000000.0,,102000000.0,202000000.0,205000000.0,,,,165000000.0,211000000.0,204000000.0,208000000.0,208000000.0,177000000.0,213000000.0,218000000.0,227000000.0,,,
FiniteLivedIntangibleAssetsAmortizationExpenseRemainderOfFiscalYear / USD,,,,,,,,,,,,,104000000.0,52000000.0,,,,,,,,,,,81000000.0,41000000.0,,,,52000000.0,,,,,,,,,,,,61000000.0,,,,,,199000000.0,123000000.0,60000000.0,,162000000.0,125000000.0,63000000.0,,,,
FiniteLivedIntangibleAssetsAmortizationExpenseYearFive / USD,,,,,,133000000.0,107000000.0,,,,90000000.0,,126000000.0,126000000.0,110000000.0,,,,94000000.0,,,,80000000.0,,95000000.0,95000000.0,94000000.0,,,114000000.0,106000000.0,,,,75000000.0,,,,50000000.0,,55000000.0,,44000000.0,,,,20000000.0,,,,39000000.0,,,,43000000.0,,,
FiniteLivedIntangibleAssetsAmortizationExpenseYearFour / USD,,,,,,148000000.0,131000000.0,,,,107000000.0,,146000000.0,147000000.0,125000000.0,,,,110000000.0,,,,95000000.0,,113000000.0,114000000.0,115000000.0,,,141000000.0,149000000.0,,,,116000000.0,,,,75000000.0,,82000000.0,75000000.0,78000000.0,,,,52000000.0,85000000.0,81000000.0,81000000.0,81000000.0,45000000.0,61000000.0,62000000.0,66000000.0,,,
FiniteLivedIntangibleAssetsAmortizationExpenseYearThree / USD,,,,,,164000000.0,147000000.0,,,,131000000.0,,175000000.0,175000000.0,146000000.0,,,,124000000.0,,,,111000000.0,,132000000.0,132000000.0,136000000.0,,,167000000.0,190000000.0,,,,160000000.0,,,,117000000.0,,125000000.0,106000000.0,109000000.0,,,,86000000.0,130000000.0,123000000.0,123000000.0,124000000.0,87000000.0,111000000.0,114000000.0,119000000.0,,,
FiniteLivedIntangibleAssetsAmortizationExpenseYearTwo / USD,,,,,,180000000.0,162000000.0,,,,146000000.0,,195000000.0,196000000.0,174000000.0,,,,144000000.0,,,,126000000.0,,150000000.0,150000000.0,158000000.0,,,193000000.0,232000000.0,,,,205000000.0,,,,161000000.0,,170000000.0,153000000.0,156000000.0,,,,119000000.0,172000000.0,164000000.0,166000000.0,167000000.0,132000000.0,162000000.0,166000000.0,173000000.0,,,
FiniteLivedIntangibleAssetsNet / USD,,,,,,1264000000.0,1200000000.0,,,,1018000000.0,,1218000000.0,1018000000.0,1018000000.0,1106000000.0,1106000000.0,1106000000.0,1106000000.0,905000000.0,905000000.0,905000000.0,905000000.0,742000000.0,742000000.0,742000000.0,742000000.0,875000000.0,875000000.0,875000000.0,875000000.0,1084000000.0,1084000000.0,1084000000.0,1084000000.0,895000000.0,895000000.0,895000000.0,895000000.0,648000000.0,648000000.0,648000000.0,648000000.0,615000000.0,615000000.0,615000000.0,615000000.0,452000000.0,452000000.0,452000000.0,452000000.0,670000000.0,670000000.0,670000000.0,670000000.0,663000000.0,663000000.0,663000000.0
GainLossOnSaleOfPropertyPlantEquipment / USD,1000000.0,1000000.0,-1000000.0,0.0,1000000.0,2000000.0,0.0,1000000.0,2000000.0,2000000.0,2000000.0,1000000.0,2000000.0,3000000.0,2000000.0,1000000.0,4000000.0,7000000.0,6000000.0,2000000.0,4000000.0,6000000.0,11000000.0,1000000.0,1000000.0,3000000.0,8000000.0,1000000.0,3000000.0,4000000.0,4000000.0,1000000.0,3000000.0,4000000.0,4000000.0,2000000.0,3000000.0,3000000.0,6000000.0,1000000.0,3000000.0,5000000.0,6000000.0,1000000.0,4000000.0,6000000.0,8000000.0,2000000.0,4000000.0,6000000.0,10000000.0,4000000.0,10000000.0,16000000.0,9000000.0,3000000.0,8000000.0,13000000.0
GainLossRelatedToLitigationSettlement / USD,,,,,,,,,,,,,,,,,,,,,,,,,,,,1000000.0,8000000.0,10000000.0,12000000.0,2000000.0,14000000.0,18000000.0,21000000.0,7000000.0,12000000.0,18000000.0,22000000.0,6000000.0,13000000.0,34000000.0,24000000.0,7000000.0,14000000.0,19000000.0,40000000.0,7000000.0,17000000.0,25000000.0,25000000.0,9000000.0,19000000.0,30000000.0,32000000.0,13000000.0,24000000.0,38000000.0
GainsLossesOnExtinguishmentOfDebt / USD,-3000000.0,-3000000.0,7000000.0,,,,-28000000.0,,,0.0,-3000000.0,0.0,0.0,-1000000.0,-72000000.0,-11000000.0,-75000000.0,-80000000.0,-1000000.0,-2000000.0,-123000000.0,-123000000.0,-80000000.0,,-26000000.0,-36000000.0,-123000000.0,,-12000000.0,-43000000.0,-101000000.0,,0.0,0.0,-54000000.0,,-32000000.0,-32000000.0,0.0,,,-159000000.0,-61000000.0,,0.0,-30000000.0,-183000000.0,,-17000000.0,-17000000.0,-30000000.0,0.0,0.0,0.0,-17000000.0,-1000000.0,-1000000.0,-1000000.0
Goodwill / USD,,,190000000.0,,289000000.0,289000000.0,196000000.0,2970000000.0,2970000000.0,2970000000.0,198000000.0,2953000000.0,2953000000.0,2953000000.0,289000000.0,3272000000.0,3272000000.0,3272000000.0,2970000000.0,3243000000.0,3243000000.0,3243000000.0,2953000000.0,3260000000.0,3260000000.0,3260000000.0,3272000000.0,4082000000.0,4082000000.0,4082000000.0,3243000000.0,5058000000.0,5058000000.0,5058000000.0,3260000000.0,5154000000.0,5154000000.0,5154000000.0,4082000000.0,5168000000.0,5168000000.0,5168000000.0,5058000000.0,5528000000.0,5528000000.0,5528000000.0,5154000000.0,6026000000.0,6026000000.0,6026000000.0,5168000000.0,5940000000.0,5940000000.0,5940000000.0,5528000000.0,6900000000.0,6900000000.0,6900000000.0
GoodwillForeignCurrencyTranslationGainLoss / USD,,,,,,,,,,,,,,,,,,,,,,,,,,19000000.0,-45000000.0,,,-7000000.0,8000000.0,,,,17000000.0,,,,-23000000.0,,7000000.0,-11000000.0,13000000.0,,,,16000000.0,2000000.0,8000000.0,0.0,-11000000.0,-13000000.0,-16000000.0,3000000.0,-31000000.0,,,
GoodwillImpairedAccumulatedImpairmentLoss / USD,,,,,,,,,,,,,,,,,,,,,,,,,,,1557000000.0,,,,1557000000.0,,,,1557000000.0,,,,1557000000.0,,1557000000.0,1557000000.0,1557000000.0,,,,1557000000.0,1557000000.0,1557000000.0,1557000000.0,1557000000.0,1557000000.0,1557000000.0,1557000000.0,1557000000.0,,,
GrossProfit / USD,274000000.0,483000000.0,610000000.0,138000000.0,349000000.0,623000000.0,658000000.0,213000000.0,587000000.0,1092000000.0,898000000.0,385000000.0,856000000.0,1420000000.0,1587000000.0,448000000.0,1037000000.0,1725000000.0,1987000000.0,524000000.0,1142000000.0,1832000000.0,2432000000.0,500000000.0,1090000000.0,1746000000.0,2480000000.0,514000000.0,1169000000.0,1942000000.0,2403000000.0,646000000.0,1428000000.0,2366000000.0,2769000000.0,761000000.0,1672000000.0,2705000000.0,3364000000.0,727000000.0,1428000000.0,2314000000.0,3670000000.0,714000000.0,1589000000.0,2692000000.0,3183000000.0,992000000.0,2142000000.0,3508000000.0,3853000000.0,1241000000.0,2666000000.0,4251000000.0,4996000000.0,1346000000.0,2864000000.0,4512000000.0
IncomeLossFromContinuingOperationsBeforeIncomeTaxesExtraordinaryItemsNoncontrollingInterest / USD,,,,,,,,,,,,,,379000000.0,88000000.0,94000000.0,236000000.0,539000000.0,605000000.0,182000000.0,331000000.0,671000000.0,850000000.0,147000000.0,364000000.0,667000000.0,963000000.0,161000000.0,390000000.0,712000000.0,909000000.0,232000000.0,591000000.0,1051000000.0,1048000000.0,220000000.0,571000000.0,1081000000.0,1476000000.0,226000000.0,477000000.0,752000000.0,1514000000.0,275000000.0,652000000.0,1202000000.0,1139000000.0,483000000.0,1091000000.0,1907000000.0,1846000000.0,594000000.0,1366000000.0,2309000000.0,2802000000.0,695000000.0,1530000000.0,2479000000.0
IncomeLossFromContinuingOperationsBeforeIncomeTaxesForeign / USD,,,25000000.0,,,,54000000.0,,,,86000000.0,,,,144000000.0,,,,153000000.0,,,,168000000.0,,,,70000000.0,,,,29000000.0,,,,48000000.0,,,,71000000.0,,,,62000000.0,,,,83000000.0,,,,134000000.0,,,,233000000.0,,,
IncomeTaxExpenseBenefit / USD,-33000000.0,-18000000.0,-47000000.0,-7000000.0,4000000.0,35000000.0,-41000000.0,6000000.0,-6000000.0,15000000.0,63000000.0,9000000.0,57000000.0,132000000.0,13000000.0,34000000.0,82000000.0,193000000.0,218000000.0,67000000.0,130000000.0,255000000.0,310000000.0,55000000.0,138000000.0,254000000.0,378000000.0,52000000.0,140000000.0,263000000.0,343000000.0,49000000.0,138000000.0,265000000.0,-298000000.0,45000000.0,126000000.0,245000000.0,380000000.0,53000000.0,92000000.0,159000000.0,340000000.0,72000000.0,156000000.0,297000000.0,249000000.0,116000000.0,231000000.0,441000000.0,460000000.0,143000000.0,324000000.0,564000000.0,697000000.0,153000000.0,352000000.0,593000000.0
IncomeTaxReconciliationChangeInDeferredTaxAssetsValuationAllowance / USD,,,,,,,,,,,,,,,,,,,,,,,,,,,,,,,,,,,,,,,7000000.0,,,,-3000000.0,,,,-22000000.0,,,,0.0,,,,15000000.0,,,
IncomeTaxReconciliationForeignIncomeTaxRateDifferential / USD,,,-1000000.0,,,,-5000000.0,,,,-9000000.0,,,,-15000000.0,,,,-17000000.0,,,,-17000000.0,,,,-8000000.0,,,,-5000000.0,,,,-7000000.0,,,,4000000.0,,,,-1000000.0,,,,4000000.0,,,,7000000.0,,,,11000000.0,,,
IncomeTaxReconciliationIncomeTaxExpenseBenefitAtFederalStatutoryIncomeTaxRate / USD,,,-38000000.0,,,,-22000000.0,,,,57000000.0,,,,31000000.0,,,,212000000.0,,,,297000000.0,,,,337000000.0,,,,318000000.0,,,,367000000.0,,,,310000000.0,,,,318000000.0,,,,239000000.0,,,,388000000.0,,,,588000000.0,,,
IncomeTaxReconciliationOtherAdjustments / USD,,,,,,,,,,,,,,,,,,,,,,,,,,,,,,,,,,,-3000000.0,,,,-1000000.0,,,,-17000000.0,,,,-3000000.0,,,,1000000.0,,,,18000000.0,,,
IncomeTaxReconciliationStateAndLocalIncomeTaxes / USD,,,-7000000.0,,,,-8000000.0,,,,3000000.0,,,,5000000.0,,,,15000000.0,,,,22000000.0,,,,41000000.0,,,,21000000.0,,,,34000000.0,,,,54000000.0,,,,43000000.0,,,,31000000.0,,,,64000000.0,,,,102000000.0,,,
IncomeTaxesPaidNet / USD,-50000000.0,-49000000.0,3000000.0,11000000.0,16000000.0,20000000.0,-49000000.0,12000000.0,24000000.0,31000000.0,24000000.0,15000000.0,31000000.0,44000000.0,40000000.0,9000000.0,36000000.0,60000000.0,48000000.0,,,,100000000.0,-53000000.0,3000000.0,14000000.0,60000000.0,1000000.0,59000000.0,114000000.0,99000000.0,10000000.0,39000000.0,50000000.0,205000000.0,4000000.0,73000000.0,96000000.0,71000000.0,3000000.0,21000000.0,239000000.0,238000000.0,6000000.0,108000000.0,151000000.0,318000000.0,10000000.0,152000000.0,295000000.0,202000000.0,29000000.0,212000000.0,389000000.0,326000000.0,131000000.0,606000000.0,812000000.0
IncreaseDecreaseInAccountsPayable / USD,61000000.0,39000000.0,-32000000.0,90000000.0,147000000.0,101000000.0,4000000.0,172000000.0,96000000.0,-102000000.0,68000000.0,121000000.0,323000000.0,82000000.0,-223000000.0,163000000.0,315000000.0,197000000.0,9000000.0,184000000.0,401000000.0,195000000.0,-23000000.0,56000000.0,337000000.0,137000000.0,-8000000.0,139000000.0,429000000.0,350000000.0,-29000000.0,103000000.0,451000000.0,238000000.0,141000000.0,18000000.0,211000000.0,301000000.0,49000000.0,33000000.0,-135000000.0,88000000.0,-86000000.0,96000000.0,385000000.0,548000000.0,10000000.0,10000000.0,251000000.0,332000000.0,307000000.0,-25000000.0,205000000.0,-15000000.0,304000000.0,-74000000.0,250000000.0,152000000.0
IncreaseDecreaseInAccountsReceivable / USD,7000000.0,62000000.0,-128000000.0,-36000000.0,15000000.0,60000000.0,38000000.0,-50000000.0,-3000000.0,94000000.0,62000000.0,-65000000.0,-34000000.0,17000000.0,86000000.0,-47000000.0,-8000000.0,99000000.0,20000000.0,-81000000.0,-37000000.0,72000000.0,101000000.0,-103000000.0,-68000000.0,-7000000.0,11000000.0,-65000000.0,16000000.0,172000000.0,-15000000.0,-80000000.0,-29000000.0,131000000.0,184000000.0,-73000000.0,-39000000.0,30000000.0,115000000.0,-105000000.0,-297000000.0,-202000000.0,-39000000.0,-63000000.0,18000000.0,224000000.0,-218000000.0,-76000000.0,59000000.0,261000000.0,300000000.0,13000000.0,115000000.0,254000000.0,329000000.0,-98000000.0,-66000000.0,51000000.0
IncreaseDecreaseInAccruedLiabilities / USD,,,,,,,,,,,,,,-26000000.0,-108000000.0,-9000000.0,-38000000.0,34000000.0,-58000000.0,-1000000.0,-80000000.0,65000000.0,30000000.0,20000000.0,-31000000.0,102000000.0,-43000000.0,14000000.0,16000000.0,43000000.0,52000000.0,-135000000.0,-68000000.0,-62000000.0,70000000.0,-74000000.0,-32000000.0,14000000.0,-35000000.0,-98000000.0,80000000.0,-37000000.0,-91000000.0,-21000000.0,-16000000.0,34000000.0,2000000.0,-86000000.0,-9000000.0,73000000.0,87000000.0,-151000000.0,-145000000.0,-57000000.0,238000000.0,-49000000.0,-147000000.0,-98000000.0
IncreaseDecreaseInInventories / USD,16000000.0,4000000.0,-16000000.0,24000000.0,30000000.0,17000000.0,-5000000.0,41000000.0,39000000.0,22000000.0,3000000.0,34000000.0,43000000.0,22000000.0,2000000.0,32000000.0,31000000.0,23000000.0,2000000.0,4000000.0,3000000.0,0.0,-11000000.0,4000000.0,2000000.0,3000000.0,-8000000.0,6000000.0,5000000.0,9000000.0,-1000000.0,9000000.0,19000000.0,23000000.0,-1000000.0,9000000.0,25000000.0,17000000.0,20000000.0,-5000000.0,-12000000.0,-12000000.0,8000000.0,-11000000.0,-2000000.0,-8000000.0,5000000.0,13000000.0,36000000.0,33000000.0,-9000000.0,2000000.0,-5000000.0,-22000000.0,25000000.0,3000000.0,7000000.0,-5000000.0
IncreaseDecreaseInPrepaidDeferredExpenseAndOtherAssets / USD,-55000000.0,-62000000.0,36000000.0,6000000.0,15000000.0,11000000.0,-61000000.0,-11000000.0,16000000.0,17000000.0,15000000.0,-30000000.0,-6000000.0,7000000.0,18000000.0,4000000.0,5000000.0,-10000000.0,-60000000.0,-18000000.0,3000000.0,-17000000.0,52000000.0,-64000000.0,-64000000.0,-75000000.0,38000000.0,-9000000.0,7000000.0,1000000.0,-77000000.0,-42000000.0,-25000000.0,-31000000.0,20000000.0,-12000000.0,23000000.0,21000000.0,-75000000.0,30000000.0,2000000.0,-30000000.0,59000000.0,-23000000.0,-210000000.0,-306000000.0,228000000.0,-61000000.0,-39000000.0,-70000000.0,-248000000.0,-125000000.0,-134000000.0,-183000000.0,164000000.0,-15000000.0,90000000.0,44000000.0
IntangibleAssetsNetIncludingGoodwill / USD,,,,,,,,,,,,,,,3971000000.0,,,,4378000000.0,,,,4148000000.0,,,,4002000000.0,,,,4957000000.0,,,,6142000000.0,,,,6049000000.0,,,,5816000000.0,,,,6143000000.0,,,,6478000000.0,,,,6610000000.0,,,
InterestIncomeExpenseNonoperatingNet / USD,-115000000.0,-170000000.0,-226000000.0,-56000000.0,-113000000.0,-170000000.0,-255000000.0,-68000000.0,-189000000.0,-316000000.0,-228000000.0,-118000000.0,-236000000.0,-357000000.0,-512000000.0,-125000000.0,-312000000.0,-436000000.0,-475000000.0,-121000000.0,-353000000.0,-460000000.0,-555000000.0,-107000000.0,-239000000.0,-349000000.0,-567000000.0,-94000000.0,-207000000.0,-338000000.0,-511000000.0,-109000000.0,-221000000.0,-339000000.0,-464000000.0,-151000000.0,-331000000.0,-478000000.0,-481000000.0,-136000000.0,-266000000.0,-544000000.0,-648000000.0,-99000000.0,-199000000.0,-331000000.0,-669000000.0,-94000000.0,-207000000.0,-313000000.0,-424000000.0,-150000000.0,-311000000.0,-474000000.0,-445000000.0,-160000000.0,-333000000.0,-511000000.0
InterestPaidNet / USD,,,,,,,,,,,,,,,,,,,,,,,,,,,,,,305000000.0,415000000.0,153000000.0,213000000.0,379000000.0,357000000.0,179000000.0,301000000.0,480000000.0,455000000.0,174000000.0,259000000.0,438000000.0,581000000.0,167000000.0,195000000.0,362000000.0,483000000.0,149000000.0,188000000.0,339000000.0,391000000.0,178000000.0,305000000.0,495000000.0,406000000.0,195000000.0,317000000.0,544000000.0
InterestPayableCurrent / USD,,,21000000.0,,,,26000000.0,,,,103000000.0,,,,99000000.0,,,,102000000.0,,,,91000000.0,,,,79000000.0,,,,131000000.0,,,,147000000.0,,,,142000000.0,,,,133000000.0,,,,126000000.0,,,,152000000.0,,,,152000000.0,,,
InventoryNet / USD,39000000.0,39000000.0,39000000.0,44000000.0,44000000.0,44000000.0,44000000.0,68000000.0,68000000.0,68000000.0,68000000.0,70000000.0,70000000.0,70000000.0,70000000.0,78000000.0,78000000.0,78000000.0,78000000.0,69000000.0,69000000.0,69000000.0,69000000.0,68000000.0,68000000.0,68000000.0,68000000.0,75000000.0,75000000.0,75000000.0,75000000.0,109000000.0,109000000.0,109000000.0,109000000.0,120000000.0,120000000.0,120000000.0,120000000.0,125000000.0,125000000.0,125000000.0,125000000.0,164000000.0,164000000.0,164000000.0,164000000.0,232000000.0,232000000.0,232000000.0,232000000.0,205000000.0,205000000.0,205000000.0,205000000.0,200000000.0,200000000.0,200000000.0
LeaseCost / USD,,,,,,,,,,,,,,,,,,,,,,,,,,,,,,,,70000000.0,139000000.0,206000000.0,275000000.0,70000000.0,139000000.0,206000000.0,275000000.0,72000000.0,144000000.0,212000000.0,275000000.0,,,,280000000.0,,,,292000000.0,,,,308000000.0,,,
LesseeOperatingLeaseLiabilityPaymentsDue / USD,,,,,,,,,,,,,,,,,,,,,,,,,,,,,,,,759000000.0,757000000.0,785000000.0,798000000.0,791000000.0,801000000.0,801000000.0,826000000.0,795000000.0,934000000.0,885000000.0,893000000.0,,,,927000000.0,,,,1331000000.0,,,,1599000000.0,,,
LesseeOperatingLeaseLiabilityPaymentsDueAfterYearFive / USD,,,,,,,,,,,,,,,,,,,,,,,,,,,,,,,,87000000.0,98000000.0,137000000.0,91000000.0,103000000.0,132000000.0,,113000000.0,,,,101000000.0,,,,95000000.0,,,,275000000.0,,,,300000000.0,,,
LesseeOperatingLeaseLiabilityPaymentsDueNextTwelveMonths / USD,,,,,,,,,,,,,,,,,,,,,,,,,,,,,,,,,,,206000000.0,,,201000000.0,205000000.0,181000000.0,205000000.0,216000000.0,226000000.0,,,,237000000.0,,,,295000000.0,,,,351000000.0,,,
LesseeOperatingLeaseLiabilityPaymentsDueYearFive / USD,,,,,,,,,,,,,,,,,,,,,,,,,,,,,,,,74000000.0,82000000.0,96000000.0,73000000.0,81000000.0,90000000.0,,76000000.0,,,,84000000.0,,,,84000000.0,,,,115000000.0,,,,152000000.0,,,
LesseeOperatingLeaseLiabilityPaymentsDueYearFour / USD,,,,,,,,,,,,,,,,,,,,,,,,,,,,,,,,108000000.0,117000000.0,130000000.0,107000000.0,115000000.0,124000000.0,100000000.0,112000000.0,81000000.0,102000000.0,112000000.0,124000000.0,,,,133000000.0,,,,168000000.0,,,,212000000.0,,,
LesseeOperatingLeaseLiabilityPaymentsDueYearThree / USD,,,,,,,,,,,,,,,,,,,,,,,,,,,,,,,,147000000.0,156000000.0,170000000.0,141000000.0,149000000.0,158000000.0,134000000.0,144000000.0,117000000.0,139000000.0,150000000.0,162000000.0,,,,171000000.0,,,,219000000.0,,,,266000000.0,,,
LesseeOperatingLeaseLiabilityPaymentsDueYearTwo / USD,,,,,,,,,,,,,,,,,,,,,,,,,,,,,,,,179000000.0,188000000.0,199000000.0,180000000.0,186000000.0,192000000.0,168000000.0,176000000.0,150000000.0,172000000.0,185000000.0,196000000.0,,,,207000000.0,,,,259000000.0,,,,318000000.0,,,
LesseeOperatingLeaseLiabilityUndiscountedExcessAmount / USD,,,,,,,,,,,,,,,,,,,,,,,,,,,,,,,,93000000.0,90000000.0,89000000.0,87000000.0,84000000.0,95000000.0,99000000.0,99000000.0,76000000.0,112000000.0,71000000.0,70000000.0,,,,74000000.0,,,,187000000.0,,,,216000000.0,,,
Liabilities / USD,3713000000.0,3713000000.0,3713000000.0,4040000000.0,4040000000.0,4040000000.0,4040000000.0,9452000000.0,9452000000.0,9452000000.0,9452000000.0,9383000000.0,9383000000.0,9383000000.0,9383000000.0,10669000000.0,10669000000.0,10669000000.0,10331000000.0,10607000000.0,10607000000.0,10607000000.0,10607000000.0,10340000000.0,10340000000.0,10340000000.0,10340000000.0,11924000000.0,11924000000.0,11924000000.0,11924000000.0,14730000000.0,14730000000.0,14730000000.0,14730000000.0,15140000000.0,15140000000.0,15140000000.0,15140000000.0,13323000000.0,13323000000.0,13323000000.0,13323000000.0,14301000000.0,14301000000.0,14301000000.0,14301000000.0,17121000000.0,17121000000.0,17121000000.0,17121000000.0,17459000000.0,17459000000.0,17459000000.0,17459000000.0,19541000000.0,19541000000.0,19541000000.0
LiabilitiesAndStockholdersEquity / USD,3693000000.0,3693000000.0,3693000000.0,4143000000.0,4143000000.0,4143000000.0,4143000000.0,11026000000.0,11026000000.0,11026000000.0,11026000000.0,11231000000.0,11231000000.0,11231000000.0,11231000000.0,12467000000.0,12467000000.0,12467000000.0,12129000000.0,12083000000.0,12083000000.0,12083000000.0,12083000000.0,11988000000.0,11988000000.0,11988000000.0,11988000000.0,15030000000.0,15030000000.0,15030000000.0,15030000000.0,18133000000.0,18133000000.0,18133000000.0,18133000000.0,18970000000.0,18970000000.0,18970000000.0,18970000000.0,17868000000.0,17868000000.0,17868000000.0,17868000000.0,20292000000.0,20292000000.0,20292000000.0,20292000000.0,24183000000.0,24183000000.0,24183000000.0,24183000000.0,25589000000.0,25589000000.0,25589000000.0,25589000000.0,28163000000.0,28163000000.0,28163000000.0
LiabilitiesCurrent / USD,569000000.0,569000000.0,569000000.0,864000000.0,864000000.0,864000000.0,864000000.0,1351000000.0,1351000000.0,1351000000.0,1351000000.0,1286000000.0,1286000000.0,1286000000.0,1286000000.0,1478000000.0,1478000000.0,1478000000.0,1478000000.0,1233000000.0,1233000000.0,1233000000.0,1233000000.0,1184000000.0,1184000000.0,1184000000.0,1184000000.0,1668000000.0,1668000000.0,1668000000.0,1668000000.0,2116000000.0,2116000000.0,2116000000.0,2116000000.0,2198000000.0,2198000000.0,2198000000.0,2198000000.0,1890000000.0,1890000000.0,1890000000.0,1890000000.0,2603000000.0,2603000000.0,2603000000.0,2603000000.0,2445000000.0,2445000000.0,2445000000.0,2445000000.0,3637000000.0,3637000000.0,3637000000.0,3637000000.0,3323000000.0,3323000000.0,3323000000.0
LongTermDebt / USD,,,,,,,7278000000.0,,,,7137000000.0,,,,7992000000.0,,,,8206000000.0,,,,7843000000.0,,,,9516000000.0,,,,11834000000.0,,,,11516000000.0,,,,9755000000.0,,,,9754000000.0,,,,11447000000.0,,,,11582000000.0,,,,13472000000.0,,,
LongTermDebtAndCapitalLeaseObligations / USD,2576000000.0,2576000000.0,2576000000.0,2592000000.0,2592000000.0,2592000000.0,2592000000.0,6679000000.0,6679000000.0,6679000000.0,6679000000.0,6569000000.0,6569000000.0,6569000000.0,6569000000.0,7434000000.0,7434000000.0,7434000000.0,7344000000.0,7555000000.0,7555000000.0,7555000000.0,7555000000.0,7193000000.0,7193000000.0,7193000000.0,7193000000.0,8717000000.0,8717000000.0,8717000000.0,8717000000.0,10844000000.0,10844000000.0,10844000000.0,10844000000.0,10431000000.0,10431000000.0,10431000000.0,10431000000.0,8978000000.0,8978000000.0,8978000000.0,8978000000.0,8779000000.0,8779000000.0,8779000000.0,8779000000.0,11209000000.0,11209000000.0,11209000000.0,11209000000.0,10053000000.0,10053000000.0,10053000000.0,10053000000.0,12228000000.0,12228000000.0,12228000000.0
LongTermDebtMaturitiesRepaymentsOfPrincipalAfterYearFive / USD,,,1279000000.0,,,,5339000000.0,,,,4384000000.0,,,,5256000000.0,,,,5206000000.0,,,,5553000000.0,,,,7078000000.0,,,,8126000000.0,,,,8765000000.0,,,,7025000000.0,,,,6775000000.0,,,,6526000000.0,,,,4882000000.0,,,,5426000000.0,,,
LongTermDebtMaturitiesRepaymentsOfPrincipalInNextTwelveMonths / USD,,,266000000.0,,,,493000000.0,,,,468000000.0,,,,620000000.0,,,,607000000.0,,,,597000000.0,,,,723000000.0,,,,903000000.0,,,,997000000.0,,,,704000000.0,,,,906000000.0,,,,161000000.0,,,,1465000000.0,,,,1178000000.0,,,
LongTermDebtMaturitiesRepaymentsOfPrincipalInYearFive / USD,,,1312000000.0,,,,11000000.0,,,,756000000.0,,,,4000000.0,,,,2343000000.0,,,,1656000000.0,,,,1000000.0,,,,1011000000.0,,,,1661000000.0,,,,939000000.0,,,,2000000.0,,,,2786000000.0,,,,1677000000.0,,,,1513000000.0,,,
LongTermDebtMaturitiesRepaymentsOfPrincipalInYearFour / USD,,,173000000.0,,,,1202000000.0,,,,12000000.0,,,,760000000.0,,,,9000000.0,,,,4000000.0,,,,1683000000.0,,,,19000000.0,,,,21000000.0,,,,1004000000.0,,,,949000000.0,,,,7000000.0,,,,2539000000.0,,,,1707000000.0,,,
LongTermDebtMaturitiesRepaymentsOfPrincipalInYearThree / USD,,,7000000.0,,,,197000000.0,,,,1328000000.0,,,,19000000.0,,,,17000000.0,,,,12000000.0,,,,11000000.0,,,,1733000000.0,,,,32000000.0,,,,36000000.0,,,,1070000000.0,,,,960000000.0,,,,34000000.0,,,,3571000000.0,,,
LongTermDebtMaturitiesRepaymentsOfPrincipalInYearTwo / USD,,,7000000.0,,,,36000000.0,,,,189000000.0,,,,1333000000.0,,,,24000000.0,,,,21000000.0,,,,20000000.0,,,,42000000.0,,,,40000000.0,,,,47000000.0,,,,52000000.0,,,,1007000000.0,,,,985000000.0,,,,77000000.0,,,
NetCashProvidedByUsedInFinancingActivities / USD,-244000000.0,-147000000.0,-268000000.0,-73000000.0,39000000.0,92000000.0,-203000000.0,135000000.0,1557000000.0,1602000000.0,80000000.0,-191000000.0,-43000000.0,116000000.0,1453000000.0,-218000000.0,512000000.0,441000000.0,-295000000.0,-335000000.0,-318000000.0,-328000000.0,196000000.0,-560000000.0,-651000000.0,-656000000.0,-775000000.0,-466000000.0,370000000.0,477000000.0,-964000000.0,-532000000.0,-870000000.0,-7000000.0,1497000000.0,-393000000.0,-552000000.0,-816000000.0,1397000000.0,-142000000.0,-1345000000.0,-1881000000.0,-1305000000.0,-649000000.0,398000000.0,295000000.0,-2293000000.0,-535000000.0,-722000000.0,-874000000.0,-140000000.0,-186000000.0,-278000000.0,-568000000.0,552000000.0,325000000.0,287000000.0,254000000.0
NetCashProvidedByUsedInInvestingActivities / USD,-111000000.0,-197000000.0,-94000000.0,-84000000.0,-487000000.0,-727000000.0,-223000000.0,-400000000.0,-1894000000.0,-2066000000.0,-865000000.0,-175000000.0,-801000000.0,-1208000000.0,-2104000000.0,-231000000.0,-1570000000.0,-1906000000.0,-1177000000.0,-225000000.0,-876000000.0,-1192000000.0,-2000000000.0,-17000000.0,-522000000.0,-865000000.0,-1170000000.0,-133000000.0,-1684000000.0,-2242000000.0,-847000000.0,-178000000.0,-1005000000.0,-2393000000.0,-3684000000.0,-265000000.0,-1006000000.0,-1749000000.0,-4551000000.0,-39000000.0,-41000000.0,-286000000.0,-1710000000.0,-34000000.0,-2208000000.0,-3203000000.0,-223000000.0,-394000000.0,-1392000000.0,-2370000000.0,-3611000000.0,-760000000.0,-1828000000.0,-2539000000.0,-5016000000.0,-1280000000.0,-2466000000.0,-3633000000.0
NetCashProvidedByUsedInOperatingActivities / USD,219000000.0,343000000.0,438000000.0,154000000.0,296000000.0,453000000.0,452000000.0,254000000.0,342000000.0,495000000.0,612000000.0,409000000.0,878000000.0,1115000000.0,721000000.0,508000000.0,1054000000.0,1466000000.0,1551000000.0,675000000.0,1250000000.0,1557000000.0,1801000000.0,604000000.0,1247000000.0,1630000000.0,1995000000.0,622000000.0,1329000000.0,1756000000.0,1941000000.0,642000000.0,1649000000.0,2123000000.0,2209000000.0,667000000.0,1590000000.0,2582000000.0,2853000000.0,644000000.0,1461000000.0,2288000000.0,3024000000.0,758000000.0,1934000000.0,3021000000.0,2658000000.0,886000000.0,2040000000.0,3182000000.0,3689000000.0,939000000.0,2228000000.0,3290000000.0,4433000000.0,1029000000.0,2294000000.0,3498000000.0
NetIncomeLoss / USD,-28000000.0,-5000000.0,-62000000.0,-20000000.0,7000000.0,72000000.0,-26000000.0,13000000.0,-39000000.0,34000000.0,101000000.0,21000000.0,104000000.0,247000000.0,75000000.0,60000000.0,154000000.0,346000000.0,387000000.0,115000000.0,201000000.0,416000000.0,540000000.0,92000000.0,226000000.0,413000000.0,585000000.0,109000000.0,250000000.0,449000000.0,566000000.0,183000000.0,453000000.0,786000000.0,1346000000.0,175000000.0,445000000.0,836000000.0,1096000000.0,173000000.0,385000000.0,593000000.0,1174000000.0,203000000.0,496000000.0,905000000.0,890000000.0,367000000.0,860000000.0,1466000000.0,1386000000.0,451000000.0,1042000000.0,1745000000.0,2105000000.0,542000000.0,1178000000.0,1886000000.0
OperatingIncomeLoss / USD,57000000.0,150000000.0,114000000.0,30000000.0,125000000.0,281000000.0,197000000.0,87000000.0,133000000.0,355000000.0,396000000.0,149000000.0,399000000.0,736000000.0,591000000.0,218000000.0,543000000.0,965000000.0,1078000000.0,300000000.0,675000000.0,1121000000.0,1391000000.0,254000000.0,601000000.0,1013000000.0,1518000000.0,257000000.0,597000000.0,1045000000.0,1415000000.0,340000000.0,810000000.0,1388000000.0,1507000000.0,368000000.0,897000000.0,1553000000.0,1951000000.0,358000000.0,739000000.0,1290000000.0,2152000000.0,372000000.0,853000000.0,1532000000.0,1800000000.0,572000000.0,1287000000.0,2208000000.0,2277000000.0,740000000.0,1665000000.0,2764000000.0,3232000000.0,852000000.0,1856000000.0,2978000000.0
OperatingLeaseLiability / USD,,,,,,,,,,,,,,,,,,,,,,,,,,,,,,,,666000000.0,667000000.0,696000000.0,711000000.0,707000000.0,706000000.0,702000000.0,727000000.0,719000000.0,822000000.0,814000000.0,823000000.0,,,,853000000.0,,,,1144000000.0,,,,1383000000.0,,,
OperatingLeaseLiabilityCurrent / USD,,,,,,,,,,,,,,,,,,,,,,,,,,,,,,,,169000000.0,170000000.0,174000000.0,178000000.0,178000000.0,178000000.0,178000000.0,178000000.0,178000000.0,178000000.0,178000000.0,178000000.0,,,,202000000.0,,,,211000000.0,,,,249000000.0,,,
OperatingLeaseLiabilityNoncurrent / USD,,,,,,,,,,,,,,,,,,,,,,,,,,,,,,,,0.0,497000000.0,522000000.0,533000000.0,533000000.0,533000000.0,533000000.0,533000000.0,549000000.0,549000000.0,549000000.0,549000000.0,621000000.0,621000000.0,621000000.0,621000000.0,642000000.0,642000000.0,642000000.0,642000000.0,895000000.0,895000000.0,895000000.0,895000000.0,1089000000.0,1089000000.0,1089000000.0
OperatingLeasePayments / USD,,,,,,,,,,,,,,,,,,,,,,,,,,,,,,,,50000000.0,102000000.0,151000000.0,202000000.0,50000000.0,102000000.0,151000000.0,202000000.0,52000000.0,104000000.0,156000000.0,202000000.0,,,,207000000.0,,,,221000000.0,,,,244000000.0,,,
OperatingLeaseRightOfUseAsset / USD,,,,,,,,,,,,,,,,,,,,,,,,,,,,,,,,0.0,619000000.0,650000000.0,669000000.0,669000000.0,669000000.0,669000000.0,669000000.0,688000000.0,688000000.0,688000000.0,688000000.0,784000000.0,784000000.0,784000000.0,784000000.0,819000000.0,819000000.0,819000000.0,819000000.0,1099000000.0,1099000000.0,1099000000.0,1099000000.0,1337000000.0,1337000000.0,1337000000.0
OperatingLeaseWeightedAverageDiscountRatePercent / pure,,,,,,,,,,,,,,,,,,,,,,,,,,,,,,,,0.049,0.049,0.048,0.047,0.047,0.047,0.047,0.047,0.042,0.042,0.042,0.042,,,,0.035,,,,0.037,,,,0.045,,,
OtherAccruedLiabilitiesCurrent / USD,,,39000000.0,,,,51000000.0,,,,61000000.0,,,,59000000.0,,,,73000000.0,,,,61000000.0,,,,55000000.0,,,,81000000.0,,,,98000000.0,,,,94000000.0,,,,77000000.0,,,,85000000.0,,,,137000000.0,,,,168000000.0,,,
OtherAssetsCurrent / USD,,,,,,,,,,,,,,,,,,,,,,,,,,,,,,,,,,,,,,,50000000.0,42000000.0,42000000.0,42000000.0,42000000.0,,,,60000000.0,73000000.0,73000000.0,73000000.0,73000000.0,,,,62000000.0,,,
OtherAssetsNoncurrent / USD,68000000.0,68000000.0,68000000.0,65000000.0,65000000.0,65000000.0,65000000.0,119000000.0,119000000.0,119000000.0,119000000.0,103000000.0,103000000.0,103000000.0,103000000.0,97000000.0,97000000.0,97000000.0,7000000.0,10000000.0,10000000.0,10000000.0,10000000.0,6000000.0,6000000.0,6000000.0,6000000.0,10000000.0,10000000.0,10000000.0,10000000.0,16000000.0,16000000.0,16000000.0,16000000.0,19000000.0,19000000.0,19000000.0,19000000.0,38000000.0,38000000.0,38000000.0,38000000.0,42000000.0,42000000.0,42000000.0,42000000.0,47000000.0,47000000.0,47000000.0,47000000.0,43000000.0,43000000.0,43000000.0,43000000.0,49000000.0,49000000.0,49000000.0
OtherComprehensiveIncomeForeignCurrencyTransactionAndTranslationAdjustmentNetOfTaxPortionAttributableToParent / USD,,,,,,,,,,,,,,-31000000.0,8000000.0,-38000000.0,-3000000.0,-54000000.0,-65000000.0,-89000000.0,-73000000.0,-144000000.0,-90000000.0,62000000.0,60000000.0,51000000.0,-174000000.0,9000000.0,34000000.0,75000000.0,28000000.0,-25000000.0,-46000000.0,-28000000.0,67000000.0,20000000.0,42000000.0,19000000.0,-84000000.0,-103000000.0,-58000000.0,-26000000.0,49000000.0,5000000.0,28000000.0,-24000000.0,40000000.0,17000000.0,-49000000.0,-141000000.0,-26000000.0,1000000.0,24000000.0,-3000000.0,-93000000.0,-51000000.0,-64000000.0,-9000000.0
OtherComprehensiveIncomeForeignCurrencyTranslationAdjustmentTaxPortionAttributableToParent / USD,,,,,,,,,,,,,,,,,,,,,,,,,0.0,0.0,0.0,0.0,0.0,0.0,0.0,0.0,0.0,0.0,0.0,0.0,0.0,0.0,0.0,0.0,0.0,0.0,0.0,0.0,0.0,0.0,0.0,0.0,0.0,0.0,0.0,,,,0.0,,,
OtherComprehensiveIncomeLossCashFlowHedgeGainLossAfterReclassificationAndTaxParent / USD,,,,,,,,,,,,,,,,,,,,,,,,,,,,,,,,0.0,1000000.0,1000000.0,0.0,1000000.0,1000000.0,1000000.0,-2000000.0,-3000000.0,-3000000.0,-2000000.0,2000000.0,1000000.0,1000000.0,1000000.0,0.0,3000000.0,3000000.0,0.0,1000000.0,-1000000.0,-1000000.0,-1000000.0,0.0,,,
OtherComprehensiveIncomeLossNetOfTaxPortionAttributableToParent / USD,,,,12000000.0,13000000.0,-24000000.0,20000000.0,10000000.0,-2000000.0,19000000.0,-12000000.0,-20000000.0,-52000000.0,-31000000.0,9000000.0,-39000000.0,-3000000.0,-54000000.0,-65000000.0,-89000000.0,-72000000.0,-144000000.0,-93000000.0,63000000.0,63000000.0,54000000.0,-176000000.0,8000000.0,33000000.0,75000000.0,32000000.0,-25000000.0,-45000000.0,-27000000.0,67000000.0,21000000.0,43000000.0,20000000.0,-86000000.0,-106000000.0,-61000000.0,-28000000.0,51000000.0,6000000.0,29000000.0,-23000000.0,40000000.0,20000000.0,-46000000.0,-141000000.0,-25000000.0,0.0,23000000.0,-4000000.0,-93000000.0,-51000000.0,-64000000.0,-9000000.0
OtherComprehensiveIncomeLossTaxPortionAttributableToParent1 / USD,,,,,,,,,,,,,,,,,,,,,,,,,0.0,0.0,0.0,0.0,0.0,0.0,0.0,0.0,0.0,0.0,0.0,0.0,0.0,0.0,0.0,0.0,0.0,0.0,0.0,0.0,0.0,0.0,0.0,0.0,0.0,0.0,0.0,0.0,0.0,0.0,0.0,0.0,0.0,0.0
OtherLiabilitiesNoncurrent / USD,59000000.0,59000000.0,59000000.0,59000000.0,59000000.0,59000000.0,59000000.0,65000000.0,65000000.0,65000000.0,65000000.0,69000000.0,69000000.0,69000000.0,69000000.0,65000000.0,65000000.0,65000000.0,65000000.0,54000000.0,54000000.0,54000000.0,54000000.0,67000000.0,67000000.0,67000000.0,67000000.0,120000000.0,120000000.0,120000000.0,120000000.0,83000000.0,83000000.0,83000000.0,83000000.0,91000000.0,91000000.0,91000000.0,91000000.0,138000000.0,138000000.0,138000000.0,138000000.0,144000000.0,144000000.0,144000000.0,144000000.0,154000000.0,154000000.0,154000000.0,154000000.0,173000000.0,173000000.0,173000000.0,173000000.0,216000000.0,216000000.0,216000000.0
OtherNonoperatingIncomeExpense / USD,1000000.0,3000000.0,1000000.0,1000000.0,4000000.0,2000000.0,3000000.0,1000000.0,13000000.0,13000000.0,3000000.0,1000000.0,1000000.0,3000000.0,13000000.0,1000000.0,5000000.0,10000000.0,5000000.0,3000000.0,9000000.0,10000000.0,14000000.0,0.0,2000000.0,3000000.0,12000000.0,-2000000.0,0.0,5000000.0,5000000.0,1000000.0,2000000.0,2000000.0,5000000.0,3000000.0,5000000.0,6000000.0,6000000.0,4000000.0,4000000.0,6000000.0,10000000.0,2000000.0,-2000000.0,1000000.0,8000000.0,5000000.0,11000000.0,12000000.0,-7000000.0,4000000.0,12000000.0,19000000.0,15000000.0,3000000.0,7000000.0,12000000.0
PaymentForContingentConsiderationLiabilityFinancingActivities / USD,,,,,,,,,,,,,,,,,,,,,,,,,,,52000000.0,,,,,,,,,,,,,,,,,,,,,,,,,,,,,0.0,0.0,0.0
PaymentsForRepurchaseOfCommonStock / USD,1000000.0,1000000.0,1000000.0,7000000.0,7000000.0,7000000.0,1000000.0,8000000.0,115000000.0,128000000.0,7000000.0,30000000.0,84000000.0,99000000.0,131000000.0,61000000.0,247000000.0,399000000.0,115000000.0,343000000.0,501000000.0,667000000.0,613000000.0,164000000.0,336000000.0,488000000.0,789000000.0,23000000.0,24000000.0,26000000.0,528000000.0,226000000.0,395000000.0,606000000.0,56000000.0,243000000.0,454000000.0,664000000.0,817000000.0,276000000.0,276000000.0,281000000.0,870000000.0,30000000.0,32000000.0,33000000.0,286000000.0,318000000.0,819000000.0,1058000000.0,34000000.0,303000000.0,554000000.0,806000000.0,1068000000.0,415000000.0,791000000.0,1168000000.0
PaymentsOfDividends / USD,,,,,,,,,,,,,,,,,,,,,,,,,,,,,,,,,,,,,,,,,,,,,,,,0.0,0.0,0.0,0.0,103000000.0,205000000.0,305000000.0,0.0,110000000.0,219000000.0,326000000.0
PaymentsOfFinancingCosts / USD,,,33000000.0,0.0,0.0,0.0,18000000.0,3000000.0,67000000.0,67000000.0,16000000.0,0.0,0.0,0.0,75000000.0,20000000.0,22000000.0,22000000.0,2000000.0,24000000.0,26000000.0,27000000.0,22000000.0,0.0,12000000.0,12000000.0,27000000.0,7000000.0,7000000.0,44000000.0,24000000.0,0.0,1000000.0,1000000.0,44000000.0,9000000.0,19000000.0,18000000.0,24000000.0,9000000.0,10000000.0,23000000.0,28000000.0,,0.0,8000000.0,23000000.0,,9000000.0,9000000.0,8000000.0,0.0,0.0,0.0,24000000.0,16000000.0,17000000.0,17000000.0
PaymentsToAcquireBusinessesNetOfCashAcquired / USD,,,,,,,,,,,,,,9000000.0,1175000000.0,1000000.0,756000000.0,752000000.0,9000000.0,0.0,58000000.0,86000000.0,756000000.0,13000000.0,14000000.0,28000000.0,86000000.0,0.0,965000000.0,1063000000.0,28000000.0,52000000.0,58000000.0,805000000.0,2377000000.0,173000000.0,195000000.0,247000000.0,2966000000.0,0.0,2000000.0,2000000.0,249000000.0,1000000.0,1435000000.0,1435000000.0,2000000.0,77000000.0,312000000.0,323000000.0,1436000000.0,299000000.0,418000000.0,406000000.0,2340000000.0,1118000000.0,1234000000.0,1342000000.0
PaymentsToAcquireInvestments / USD,,,,,,,,,,,,,,,,,,,0.0,,,,0.0,0.0,0.0,0.0,3000000.0,1000000.0,4000000.0,5000000.0,2000000.0,,1000000.0,1000000.0,5000000.0,0.0,1000000.0,2000000.0,3000000.0,1000000.0,1000000.0,2000000.0,3000000.0,0.0,1000000.0,1000000.0,3000000.0,3000000.0,4000000.0,5000000.0,0.0,0.0,0.0,0.0,7000000.0,2000000.0,3000000.0,4000000.0
PaymentsToAcquireProductiveAssets / USD,,,,,,,,,,,810000000.0,,,,1369000000.0,,,,1684000000.0,345000000.0,,1501000000.0,1821000000.0,123000000.0,764000000.0,1210000000.0,1636000000.0,241000000.0,968000000.0,1572000000.0,1339000000.0,313000000.0,1306000000.0,2096000000.0,1889000000.0,299000000.0,1226000000.0,2131000000.0,2291000000.0,261000000.0,455000000.0,930000000.0,2350000000.0,314000000.0,1261000000.0,2450000000.0,1158000000.0,537000000.0,1477000000.0,2638000000.0,3198000000.0,870000000.0,2227000000.0,3345000000.0,3690000000.0,,,
PrepaidExpenseAndOtherAssetsCurrent / USD,37000000.0,37000000.0,37000000.0,75000000.0,75000000.0,75000000.0,75000000.0,111000000.0,111000000.0,111000000.0,111000000.0,53000000.0,53000000.0,53000000.0,53000000.0,122000000.0,122000000.0,122000000.0,122000000.0,116000000.0,116000000.0,116000000.0,116000000.0,61000000.0,61000000.0,61000000.0,61000000.0,112000000.0,112000000.0,112000000.0,112000000.0,64000000.0,64000000.0,64000000.0,64000000.0,140000000.0,140000000.0,140000000.0,140000000.0,375000000.0,375000000.0,375000000.0,375000000.0,166000000.0,166000000.0,166000000.0,166000000.0,381000000.0,381000000.0,381000000.0,381000000.0,135000000.0,135000000.0,135000000.0,135000000.0,235000000.0,235000000.0,235000000.0
PrepaidInsurance / USD,,,,,,,,,,,,,,,,,,,,,,,,,,,,,,,,,,,,,,,12000000.0,18000000.0,18000000.0,18000000.0,18000000.0,,,,29000000.0,31000000.0,31000000.0,31000000.0,31000000.0,,,,29000000.0,,,
PrepaidTaxes / USD,,,,,,,,,,,,,,,,,,,,,,,,,,,,,,,,,,,,,,,51000000.0,4000000.0,4000000.0,4000000.0,4000000.0,,,,3000000.0,235000000.0,235000000.0,235000000.0,235000000.0,,,,5000000.0,,,
ProceedsFromInsuranceSettlementInvestingActivities / USD,,,,,,,,,,,,,,,,,,,,,,,,,,,,1000000.0,8000000.0,10000000.0,12000000.0,2000000.0,14000000.0,18000000.0,21000000.0,7000000.0,12000000.0,18000000.0,22000000.0,6000000.0,13000000.0,34000000.0,24000000.0,7000000.0,14000000.0,19000000.0,40000000.0,7000000.0,17000000.0,25000000.0,25000000.0,9000000.0,19000000.0,30000000.0,32000000.0,13000000.0,24000000.0,38000000.0
ProceedsFromIssuanceOfDebt / USD,1090000000.0,1481000000.0,3452000000.0,571000000.0,1107000000.0,1462000000.0,3423000000.0,3351000000.0,4193000000.0,4886000000.0,1892000000.0,631000000.0,1639000000.0,2931000000.0,6013000000.0,2398000000.0,4776000000.0,5911000000.0,3805000000.0,2736000000.0,5907000000.0,7453000000.0,7070000000.0,914000000.0,3964000000.0,5812000000.0,8566000000.0,1502000000.0,3943000000.0,8702000000.0,8752000000.0,2256000000.0,4330000000.0,7062000000.0,11801000000.0,1427000000.0,4590000000.0,6125000000.0,12178000000.0,2517000000.0,3620000000.0,7251000000.0,9260000000.0,1091000000.0,3768000000.0,7030000000.0,9260000000.0,1155000000.0,3239000000.0,5219000000.0,8364000000.0,2330000000.0,4488000000.0,6718000000.0,9885000000.0,4609000000.0,6911000000.0,9729000000.0
ProceedsFromSaleOfPropertyPlantAndEquipment / USD,3000000.0,6000000.0,13000000.0,4000000.0,8000000.0,11000000.0,7000000.0,7000000.0,12000000.0,26000000.0,13000000.0,5000000.0,11000000.0,15000000.0,31000000.0,11000000.0,18000000.0,26000000.0,26000000.0,4000000.0,,,33000000.0,,,12000000.0,17000000.0,2000000.0,6000000.0,10000000.0,14000000.0,4000000.0,8000000.0,13000000.0,16000000.0,8000000.0,15000000.0,26000000.0,23000000.0,9000000.0,20000000.0,31000000.0,37000000.0,7000000.0,14000000.0,20000000.0,42000000.0,5000000.0,9000000.0,15000000.0,30000000.0,12000000.0,28000000.0,46000000.0,24000000.0,13000000.0,30000000.0,50000000.0
ReclassificationFromAociCurrentPeriodNetOfTaxAttributableToParent / USD,,,,,,,,,,,,,,,,,,,,,,,,,0.0,0.0,0.0,0.0,0.0,0.0,0.0,0.0,0.0,0.0,0.0,0.0,0.0,0.0,0.0,0.0,0.0,0.0,0.0,0.0,0.0,0.0,0.0,0.0,0.0,0.0,0.0,0.0,0.0,0.0,0.0,0.0,0.0,0.0
RepaymentsOfDebtAndCapitalLeaseObligations / USD,1332000000.0,1625000000.0,3658000000.0,641000000.0,1082000000.0,1383000000.0,3606000000.0,385000000.0,2464000000.0,3102000000.0,1813000000.0,795000000.0,1607000000.0,2681000000.0,4370000000.0,2543000000.0,4022000000.0,5082000000.0,3965000000.0,2704000000.0,5647000000.0,7093000000.0,6283000000.0,1337000000.0,4320000000.0,6021000000.0,8482000000.0,1939000000.0,3543000000.0,8156000000.0,9223000000.0,2563000000.0,4806000000.0,6464000000.0,10207000000.0,1572000000.0,4679000000.0,6269000000.0,9942000000.0,2375000000.0,4680000000.0,8829000000.0,9678000000.0,1710000000.0,3338000000.0,6694000000.0,11245000000.0,1372000000.0,3133000000.0,5026000000.0,8462000000.0,2110000000.0,4007000000.0,6175000000.0,8241000000.0,3743000000.0,5597000000.0,7964000000.0
ReportingUnitPercentageOfFairValueInExcessOfCarryingAmount / pure,,,,,,,,,,,0.15,,,,0.44,,,,0.63,,,,0.51,,,,0.45,,,,0.52,,,,0.07,,,,0.32,,,,0.42,,,,0.59,,,,0.37,,,,0.54,,,
RestructuringCharges / USD,12000000.0,19000000.0,31000000.0,1000000.0,3000000.0,5000000.0,34000000.0,0.0,53000000.0,93000000.0,19000000.0,6000000.0,11000000.0,12000000.0,99000000.0,1000000.0,0.0,-2000000.0,12000000.0,1000000.0,1000000.0,1000000.0,-1000000.0,2000000.0,4000000.0,8000000.0,6000000.0,0.0,19000000.0,28000000.0,14000000.0,2000000.0,6000000.0,15000000.0,50000000.0,8000000.0,14000000.0,16000000.0,31000000.0,2000000.0,5000000.0,11000000.0,18000000.0,1000000.0,1000000.0,1000000.0,17000000.0,0.0,1000000.0,0.0,2000000.0,1000000.0,19000000.0,24000000.0,0.0,1000000.0,2000000.0,3000000.0
RestructuringReserveCurrent / USD,,,13000000.0,,,,,,,,,,,,,,,,,,,,,,,,17000000.0,,,,33000000.0,,,,31000000.0,,,,20000000.0,,,,19000000.0,,,,10000000.0,,,,6000000.0,,,,21000000.0,,,
RetainedEarningsAccumulatedDeficit / USD,-600000000.0,-600000000.0,-600000000.0,-499000000.0,-499000000.0,-499000000.0,-499000000.0,-424000000.0,-424000000.0,-424000000.0,-424000000.0,-37000000.0,-37000000.0,-37000000.0,-37000000.0,503000000.0,503000000.0,503000000.0,503000000.0,1088000000.0,1088000000.0,1088000000.0,1088000000.0,1654000000.0,1654000000.0,1654000000.0,1654000000.0,3005000000.0,3005000000.0,3005000000.0,3005000000.0,4101000000.0,4101000000.0,4101000000.0,4101000000.0,5275000000.0,5275000000.0,5275000000.0,5275000000.0,6165000000.0,6165000000.0,6165000000.0,6165000000.0,7551000000.0,7551000000.0,7551000000.0,7551000000.0,9656000000.0,9656000000.0,9656000000.0,9656000000.0,11672000000.0,11672000000.0,11672000000.0,11672000000.0,13813000000.0,13813000000.0,13813000000.0
RevenueFromContractWithCustomerExcludingAssessedTax / USD,,,,,,,,,,,,,,,,,,,,,,,,,,,,,,,,,,,,,,,,,,1406000000.0,2063000000.0,539000000.0,1049000000.0,1572000000.0,1994000000.0,554000000.0,1110000000.0,1688000000.0,2256000000.0,802000000.0,1654000000.0,2496000000.0,2501000000.0,825000000.0,1695000000.0,2569000000.0
RevenueNotFromContractWithCustomer / USD,,,,,,,,,,,,,,,,,,,,,,,,,,,,,,,,,,,,,,,,,,4845000000.0,7288000000.0,1518000000.0,3295000000.0,5368000000.0,6536000000.0,1970000000.0,4185000000.0,6658000000.0,7460000000.0,2483000000.0,5185000000.0,8108000000.0,9141000000.0,2660000000.0,5563000000.0,8681000000.0
Revenues / USD,1035000000.0,1640000000.0,2358000000.0,523000000.0,1152000000.0,1865000000.0,2237000000.0,656000000.0,1649000000.0,2868000000.0,2611000000.0,1100000000.0,2306000000.0,3617000000.0,4955000000.0,1178000000.0,2577000000.0,4121000000.0,,,,,,,2731000000.0,,,,,,5762000000.0,1734000000.0,3625000000.0,5741000000.0,6641000000.0,2117000000.0,4407000000.0,6895000000.0,8047000000.0,2125000000.0,4064000000.0,6251000000.0,9351000000.0,2057000000.0,4344000000.0,6940000000.0,8530000000.0,2524000000.0,5295000000.0,8346000000.0,9716000000.0,3285000000.0,6839000000.0,10604000000.0,11642000000.0,3485000000.0,7258000000.0,11250000000.0
RightOfUseAssetObtainedInExchangeForFinanceLeaseLiability / USD,,,,,,,,,,,,,,,,,,,,,,,,,,,,,,,,8000000.0,17000000.0,36000000.0,55000000.0,8000000.0,17000000.0,36000000.0,55000000.0,34000000.0,39000000.0,54000000.0,55000000.0,,,,64000000.0,,,,66000000.0,,,,47000000.0,,,
RightOfUseAssetObtainedInExchangeForOperatingLeaseLiability / USD,,,,,,,,,,,,,,,,,,,,,,,,,,,,,,,,75000000.0,104000000.0,147000000.0,201000000.0,75000000.0,104000000.0,147000000.0,201000000.0,48000000.0,92000000.0,135000000.0,201000000.0,,,,202000000.0,,,,299000000.0,,,,237000000.0,,,
SegmentExpenditureAdditionToLongLivedAssets / USD,,,,,,,,,,,,,,,,,,,,,,,,,,,,,,,,,,,,,,,,,,,,,,,,,,,,,,,,653000000.0,2181000000.0,3553000000.0
SelfInsuranceReserveCurrent / USD,,,36000000.0,,,,30000000.0,,,,38000000.0,,,,34000000.0,,,,42000000.0,,,,43000000.0,,,,35000000.0,,,,42000000.0,,,,46000000.0,,,,59000000.0,,,,54000000.0,,,,51000000.0,,,,68000000.0,,,,78000000.0,,,
SelfInsuranceReserveNoncurrent / USD,,,57000000.0,,,,53000000.0,,,,59000000.0,,,,60000000.0,,,,50000000.0,,,,47000000.0,,,,59000000.0,,,,58000000.0,,,,60000000.0,,,,62000000.0,,,,73000000.0,,,,100000000.0,,,,109000000.0,,,,121000000.0,,,
SellingGeneralAndAdministrativeExpense / USD,176000000.0,271000000.0,408000000.0,95000000.0,195000000.0,298000000.0,367000000.0,102000000.0,248000000.0,412000000.0,407000000.0,160000000.0,312000000.0,479000000.0,588000000.0,168000000.0,355000000.0,549000000.0,642000000.0,181000000.0,356000000.0,534000000.0,758000000.0,177000000.0,354000000.0,533000000.0,714000000.0,193000000.0,411000000.0,648000000.0,719000000.0,232000000.0,471000000.0,736000000.0,903000000.0,280000000.0,551000000.0,824000000.0,1038000000.0,267000000.0,489000000.0,721000000.0,1092000000.0,250000000.0,551000000.0,877000000.0,979000000.0,323000000.0,666000000.0,1022000000.0,1199000000.0,382000000.0,760000000.0,1134000000.0,1400000000.0,389000000.0,793000000.0,1209000000.0
ShareBasedCompensation / USD,4000000.0,6000000.0,8000000.0,2000000.0,6000000.0,9000000.0,8000000.0,4000000.0,13000000.0,23000000.0,12000000.0,9000000.0,19000000.0,34000000.0,32000000.0,12000000.0,31000000.0,48000000.0,46000000.0,14000000.0,25000000.0,37000000.0,74000000.0,9000000.0,22000000.0,33000000.0,49000000.0,16000000.0,40000000.0,64000000.0,45000000.0,19000000.0,43000000.0,73000000.0,87000000.0,15000000.0,31000000.0,45000000.0,102000000.0,13000000.0,28000000.0,46000000.0,61000000.0,21000000.0,56000000.0,89000000.0,70000000.0,24000000.0,60000000.0,95000000.0,119000000.0,24000000.0,49000000.0,72000000.0,127000000.0,28000000.0,55000000.0,79000000.0
ShareBasedCompensationArrangementByShareBasedPaymentAwardOptionsExercisableNumber / shares,,,1869000.0,,,,1932000.0,,,,674000.0,,,,770000.0,,,,684000.0,,,,564000.0,,,,480000.0,,,,433000.0,,,,31000.0,,,,10000.0,,,,5000.0,,,,5000.0,,,,3000.0,,,,2000.0,,,
ShareBasedCompensationArrangementByShareBasedPaymentAwardOptionsExercisableWeightedAverageExercisePrice / USD/shares,,,21.03,,,,19.98,,,,10.14,,,,10.97,,,,11.67,,,,16.18,,,,22.04,,,,25.38,,,,44.85,,,,61.93,,,,80.47,,,,80.45,,,,80.17,,,,80.14,,,
ShareBasedCompensationArrangementByShareBasedPaymentAwardOptionsExercisesInPeriodTotalIntrinsicValue / USD,,,,,,,,,,,22000000.0,,,,33000000.0,,,,21000000.0,,,,17000000.0,,,,7000000.0,,,,4000000.0,,,,6000000.0,,,,13000000.0,,,,45000000.0,,,,3000000.0,,,,1000000.0,,,,0.0,,,
ShareBasedCompensationArrangementByShareBasedPaymentAwardOptionsForfeituresAndExpirationsInPeriod / shares,,,469000.0,,,,84000.0,,,,49000.0,,,,34000.0,,,,3000.0,,,,10000.0,,,,0.0,,,,1000.0,,,,1000.0,,,,1000.0,,,,0.0,,,,0.0,,,,0.0,,,,0.0,,,
ShareBasedCompensationArrangementByShareBasedPaymentAwardOptionsForfeituresAndExpirationsInPeriodWeightedAverageExercisePrice / USD/shares,,,25.45,,,,11.71,,,,7.85,,,,32.26,,,,23.63,,,,19.98,,,,0.0,,,,19.67,,,,22.25,,,,43.63,,,,0.0,,,,0.0,,,,0.0,,,,0.0,,,
ShareBasedCompensationArrangementByShareBasedPaymentAwardOptionsGrantsInPeriodGross / shares,,,910000.0,,,,851000.0,,,,63000.0,,,,1148000.0,,,,74000.0,,,,0.0,,,,105000.0,,,,0.0,,,,0.0,,,,0.0,,,,0.0,,,,0.0,,,,0.0,,,,0.0,,,
ShareBasedCompensationArrangementByShareBasedPaymentAwardOptionsOutstandingIntrinsicValue / USD,,,,,,,,,,,53000000.0,,,,53000000.0,,,,53000000.0,,,,29000000.0,,,,43000000.0,,,,80000000.0,,,,35000000.0,,,,4000000.0,,,,2000000.0,,,,1000000.0,,,,1000000.0,,,,2000000.0,,,
ShareBasedCompensationArrangementByShareBasedPaymentAwardOptionsOutstandingNumber / shares,,,2341000.0,,,,2782000.0,,,,3353000.0,,,,1536000.0,,,,1288000.0,,,,875000.0,,,,507000.0,,,,549000.0,,,,463000.0,,,,37000.0,,,,10000.0,,,,5000.0,,,,5000.0,,,,3000.0,,,
ShareBasedCompensationArrangementByShareBasedPaymentAwardOptionsOutstandingWeightedAverageExercisePrice / USD/shares,,,21.94,,,,15.4,,,,14.3,,,,9.3,,,,13.69,,,,17.85,,,,21.37,,,,26.8,,,,27.47,,,,50.4,,,,61.93,,,,80.47,,,,80.45,,,,80.17,,,
ShareBasedCompensationArrangementsByShareBasedPaymentAwardOptionsExercisesInPeriodWeightedAverageExercisePrice / USD/shares,,,,,,,5.63,,,,19.25,,,,15.42,,,,12.22,,,,11.21,,,,39.72,,,,23.26,,,,25.51,,,,45.88,,,,43.56,,,,81.5,,,,80.94,,,,80.25,,,
ShareBasedCompensationArrangementsByShareBasedPaymentAwardOptionsGrantsInPeriodWeightedAverageExercisePrice / USD/shares,,,,,,,8.43,,,,31.49,,,,22.17,,,,53.78,,,,0.0,,,,60.89,,,,0.0,,,,0.0,,,,0.0,,,,0.0,,,,0.0,,,,0.0,,,,0.0,,,
SharebasedCompensationArrangementBySharebasedPaymentAwardOptionsExercisableIntrinsicValue1 / USD,,,,,,,,,,,45000000.0,,,,45000000.0,,,,48000000.0,,,,28000000.0,,,,43000000.0,,,,72000000.0,,,,33000000.0,,,,4000000.0,,,,2000000.0,,,,1000000.0,,,,1000000.0,,,,2000000.0,,,
ShortTermDebtWeightedAverageInterestRate / pure,,,,,,,,,,,,,,,,,,,,,,,,,,,,,,,,,,,,,,,,,,,,,,,0.009,,,,0.054,,,,0.064,,,
ShortTermLeaseCost / USD,,,,,,,,,,,,,,,,,,,,,,,,,,,,,,,,34000000.0,63000000.0,103000000.0,142000000.0,34000000.0,63000000.0,103000000.0,142000000.0,31000000.0,58000000.0,90000000.0,142000000.0,,,,124000000.0,,,,163000000.0,,,,195000000.0,,,
StockIssuedDuringPeriodSharesStockOptionsExercised / shares,,,0.0,,,,196000.0,,,,1831000.0,,,,1362000.0,,,,484000.0,,,,213000.0,,,,63000.0,,,,85000.0,,,,425000.0,,,,26000.0,,,,5000.0,,,,0.0,,,,2000.0,,,,1000.0,,,
StockholdersEquity / USD,-20000000.0,-20000000.0,-20000000.0,64000000.0,64000000.0,64000000.0,64000000.0,1543000000.0,1543000000.0,1543000000.0,1543000000.0,1828000000.0,1828000000.0,1828000000.0,1828000000.0,1796000000.0,1796000000.0,1796000000.0,1796000000.0,1476000000.0,1476000000.0,1476000000.0,1476000000.0,1648000000.0,1648000000.0,1648000000.0,1648000000.0,3106000000.0,3106000000.0,3106000000.0,3106000000.0,3403000000.0,3403000000.0,3403000000.0,3403000000.0,3830000000.0,3830000000.0,3830000000.0,3830000000.0,4545000000.0,4545000000.0,4545000000.0,4545000000.0,5991000000.0,5991000000.0,5991000000.0,5991000000.0,7062000000.0,7062000000.0,7062000000.0,7062000000.0,8130000000.0,8130000000.0,8130000000.0,8130000000.0,8622000000.0,8622000000.0,8622000000.0
SubleaseIncome / USD,,,,,,,,,,,,,,,,,,,,,,,,,,,,,,,,38000000.0,72000000.0,114000000.0,157000000.0,38000000.0,72000000.0,114000000.0,157000000.0,34000000.0,64000000.0,105000000.0,157000000.0,,,,142000000.0,,,,194000000.0,,,,235000000.0,,,
TaxesPayableCurrent / USD,,,23000000.0,,,,18000000.0,,,,29000000.0,,,,29000000.0,,,,35000000.0,,,,22000000.0,,,,23000000.0,,,,25000000.0,,,,103000000.0,,,,26000000.0,,,,45000000.0,,,,42000000.0,,,,113000000.0,,,,139000000.0,,,
TreasuryStockCommonShares / shares,,,,,,,,,,,,,,,,,,,,,,,,,,,,,,,,,,,,,,,,,,,,,,,42013509.0,45401527.0,45401527.0,45401527.0,45401527.0,47740819.0,47740819.0,47740819.0,47740819.0,49873619.0,49873619.0,49873619.0
TreasuryStockCommonValue / USD,,,,,,,,,,,,,,,,,,,,,,,,,,,,,,,,,,,,,,,,,,,,,,,3957000000.0,4957000000.0,4957000000.0,4957000000.0,4957000000.0,5965000000.0,5965000000.0,5965000000.0,5965000000.0,7478000000.0,7478000000.0,7478000000.0
UndistributedEarningsOfForeignSubsidiaries / USD,,,,,,,,,,,,,,,595000000.0,,,,651000000.0,,,,382000000.0,,,,617000000.0,,,,651000000.0,,,,726000000.0,,,,840000000.0,,,,737000000.0,,,,875000000.0,,,,1276000000.0,,,,1460000000.0,,,
UnrecognizedTaxBenefits / USD,,,6000000.0,,,,4000000.0,,,,6000000.0,,,,5000000.0,,,,7000000.0,,,,7000000.0,,,,,,,,,,,,,,,,,,,,,,,,,,,,12000000.0,,,,13000000.0,,,
UnrecognizedTaxBenefitsDecreasesResultingFromSettlementsWithTaxingAuthorities / USD,,,2000000.0,,,,,,,,,,,,,,,,,,,,,,,,,,,,,,,,,,,,,,,,,,,,,,,,1000000.0,,,,5000000.0,,,
UnrecognizedTaxBenefitsIncomeTaxPenaltiesAndInterestAccrued / USD,,,,,,,,,,,,,,,,,,,,,,,,,,,,,,,,,,,,,,,,,,,,,,,,,,,0.0,,,,0.0,,,
UnrecognizedTaxBenefitsIncreasesResultingFromCurrentPeriodTaxPositions / USD,,,,,,,,,,,,,,,,,,,,,,,,,,,,,,,,,,,,,,,,,,,,,,,,,,,2000000.0,,,,1000000.0,,,
UnrecognizedTaxBenefitsIncreasesResultingFromPriorPeriodTaxPositions / USD,,,,,,,,,,,,,,,2000000.0,,,,0.0,,,,1000000.0,,,,,,,,,,,,,,,,,,,,,,,,,,,,0.0,,,,7000000.0,,,
UnrecognizedTaxBenefitsReductionsResultingFromLapseOfApplicableStatuteOfLimitations / USD,,,,,,,,,,,,,,,,,,,,,,,,,,,,,,,,,,,,,,,,,,,,,,,,,,,,,,,0.0,,,
WeightedAverageNumberOfDilutedSharesOutstanding / shares,,,60100000.0,60850000.0,73293000.0,73434000.0,60455000.0,76266000.0,73181000.0,91500000.0,73349000.0,106380000.0,106557000.0,106270000.0,94848000.0,106424000.0,106023000.0,105394000.0,106291000.0,99065000.0,98416000.0,97285000.0,104956000.0,90943000.0,89709000.0,88624000.0,96379000.0,85377000.0,85401000.0,85474000.0,87775000.0,85238000.0,84723000.0,84211000.0,85562000.0,80047000.0,79240000.0,78441000.0,83530000.0,74266000.0,73270000.0,73000000.0,77710000.0,72674000.0,72693000.0,72678000.0,72929000.0,72684000.0,72015000.0,71337000.0,72817000.0,69745000.0,69291000.0,68942000.0,70973000.0,67417000.0,67064000.0,66767000.0
WeightedAverageNumberOfSharesOutstandingBasic / shares,,,60100000.0,60850000.0,61669000.0,61996000.0,60455000.0,63131000.0,73181000.0,79681000.0,62184000.0,93310000.0,93604000.0,93483000.0,82960000.0,95225000.0,96118000.0,96916000.0,93436000.0,97007000.0,96896000.0,95992000.0,97489000.0,90510000.0,89303000.0,88175000.0,95170000.0,84456000.0,84546000.0,84585000.0,87217000.0,84256000.0,83854000.0,83345000.0,84599000.0,79401000.0,78829000.0,78111000.0,82652000.0,74041000.0,73101000.0,72795000.0,77341000.0,72338000.0,72397000.0,72419000.0,72658000.0,72372000.0,71793000.0,71140000.0,72432000.0,69414000.0,69064000.0,68757000.0,70703000.0,67213000.0,66888000.0,66596000.0
