fact_unit,2009-08-06,2009-11-06,2010-02-26,2010-04-28,2010-08-03,2010-10-29,2011-02-24,2011-04-29,2011-07-29,2011-10-28,2012-02-24,2012-04-27,2012-07-27,2012-10-25,2013-02-28,2013-04-25,2013-07-25,2013-10-24,2014-02-21,2014-04-24,2014-07-24,2014-10-23,2015-02-13,2015-04-23,2015-07-23,2015-10-22,2016-02-19,2016-04-28,2016-07-28,2016-10-27,2017-02-17,2017-04-27,2017-07-27,2017-10-26,2018-02-16,2018-04-26,2018-07-26,2018-10-25,2019-02-15,2019-04-25,2019-07-25,2019-10-24,2020-02-14,2020-04-23,2020-07-23,2020-10-22,2021-02-19,2021-04-22,2021-07-22,2021-10-28,2022-02-18,2022-04-28,2022-07-28,2022-10-27,2023-02-17,2023-04-27,2023-07-27,2023-10-26,2024-02-15,2024-04-25,2024-07-25,2024-10-24,2025-02-13,2025-04-24,2025-07-24,2025-10-23
AccountsPayableAndAccruedLiabilitiesCurrent / USD,263535000.0,263535000.0,263535000.0,243967000.0,243967000.0,243967000.0,243967000.0,195235000.0,195235000.0,195235000.0,195235000.0,156385000.0,156385000.0,156385000.0,156385000.0,130391000.0,130391000.0,130391000.0,130391000.0,149276000.0,149276000.0,149276000.0,149276000.0,190278000.0,190278000.0,190278000.0,190278000.0,188171000.0,188171000.0,188171000.0,188171000.0,203920000.0,203920000.0,203920000.0,203920000.0,219603000.0,219603000.0,219603000.0,219603000.0,215208000.0,215208000.0,215208000.0,215208000.0,209988000.0,209988000.0,209988000.0,209988000.0,208642000.0,208642000.0,208642000.0,208642000.0,226600000.0,226600000.0,226600000.0,226600000.0,226500000.0,226500000.0,226500000.0,226500000.0,257400000.0,257400000.0,257400000.0,257400000.0,257800000.0,257800000.0,257800000.0
AccountsPayableTradeCurrent / USD,,,,,,,,,16727000.0,16727000.0,,19283000.0,19283000.0,19283000.0,19283000.0,23519000.0,23519000.0,23519000.0,23519000.0,24843000.0,24843000.0,24843000.0,24843000.0,29335000.0,29335000.0,29335000.0,29335000.0,23298000.0,23298000.0,23298000.0,23298000.0,19455000.0,19455000.0,19455000.0,19455000.0,20923000.0,10519000.0,10519000.0,10519000.0,10445000.0,10445000.0,10445000.0,17263000.0,17177000.0,17177000.0,17177000.0,15907000.0,12340000.0,12340000.0,12340000.0,12340000.0,9000000.0,9000000.0,9000000.0,9000000.0,9800000.0,9800000.0,9800000.0,9800000.0,12500000.0,12500000.0,12500000.0,12500000.0,10600000.0,10600000.0,10600000.0
AccountsReceivableNetCurrent / USD,83749000.0,83749000.0,83749000.0,63133000.0,63133000.0,63133000.0,63133000.0,14874000.0,14874000.0,14874000.0,14874000.0,14974000.0,14974000.0,14974000.0,14974000.0,11477000.0,11477000.0,11477000.0,11477000.0,13631000.0,13631000.0,13631000.0,13631000.0,13448000.0,13448000.0,13448000.0,13448000.0,12638000.0,12638000.0,12638000.0,12638000.0,13051000.0,13051000.0,13051000.0,13051000.0,5111000.0,5111000.0,5111000.0,5111000.0,6029000.0,6029000.0,6029000.0,6029000.0,1524000.0,1524000.0,1524000.0,1524000.0,4642000.0,4642000.0,4642000.0,4642000.0,5300000.0,5300000.0,5300000.0,5300000.0,,6200000.0,6200000.0,6200000.0,6300000.0,6300000.0,6300000.0,6300000.0,,5600000.0,5600000.0
AccruedEmployeeBenefitsCurrent / USD,,,,,,,,,52628000.0,52628000.0,52628000.0,40251000.0,40251000.0,40251000.0,40251000.0,38778000.0,38778000.0,38778000.0,38778000.0,49974000.0,49974000.0,49974000.0,49974000.0,49470000.0,49470000.0,49470000.0,49470000.0,51851000.0,51851000.0,51851000.0,51851000.0,61426000.0,61426000.0,61426000.0,61426000.0,51481000.0,51481000.0,51481000.0,51481000.0,54746000.0,54746000.0,54746000.0,54746000.0,49869000.0,49869000.0,49869000.0,49869000.0,54596000.0,54596000.0,54596000.0,54596000.0,58500000.0,58500000.0,58500000.0,58500000.0,37400000.0,59000000.0,59000000.0,59000000.0,61200000.0,61200000.0,61200000.0,61200000.0,66900000.0,66900000.0,66900000.0
AccumulatedDepreciationDepletionAndAmortizationPropertyPlantAndEquipment / USD,,,,,,,,,,,232291000.0,,,,267096000.0,,,,269141000.0,,,,316098000.0,,,,375077000.0,,,,425753000.0,,,,464784000.0,,,,488650000.0,,,,497263000.0,,,,516654000.0,,,,466054000.0,,,,449700000.0,,,474800000.0,474800000.0,,,,503700000.0,,,
AccumulatedOtherComprehensiveIncomeLossNetOfTax / USD,17006000.0,17111000.0,17006000.0,7659000.0,7659000.0,7659000.0,7659000.0,-1334000.0,-1334000.0,-1334000.0,7659000.0,-3084000.0,-3084000.0,-3084000.0,-1334000.0,-388000.0,-388000.0,-388000.0,-3084000.0,-3085000.0,-3085000.0,-3085000.0,-388000.0,-2998000.0,-2998000.0,-2998000.0,-3085000.0,-3993000.0,-3993000.0,-3993000.0,-2998000.0,-3453000.0,-3453000.0,-3453000.0,-3993000.0,-2941000.0,-2941000.0,-2941000.0,-3453000.0,-2811000.0,-2811000.0,-2811000.0,-2941000.0,-2621000.0,-2621000.0,-2621000.0,-2811000.0,-2756000.0,-2756000.0,-2756000.0,-2621000.0,-2800000.0,-2800000.0,-2800000.0,-2800000.0,-2700000.0,-2700000.0,-2700000.0,-2700000.0,-2600000.0,-2600000.0,-2600000.0,-2600000.0,-2500000.0,-2500000.0,-2500000.0
Assets / USD,2366872000.0,2366872000.0,2366872000.0,2470144000.0,2470144000.0,2470144000.0,2470144000.0,2444006000.0,2444006000.0,2444006000.0,2444006000.0,1856179000.0,1856179000.0,1856179000.0,1856179000.0,2062476000.0,2062476000.0,2062476000.0,2062476000.0,2660767000.0,2660767000.0,2660767000.0,2660767000.0,2154859000.0,2134464000.0,2134464000.0,1901150000.0,2357737000.0,2357737000.0,2357737000.0,2357737000.0,2334572000.0,2334572000.0,2334572000.0,2334572000.0,2941188000.0,2941188000.0,2941188000.0,2941188000.0,1914504000.0,1914504000.0,1914504000.0,1914504000.0,1854009000.0,1854009000.0,1854009000.0,1854009000.0,1766910000.0,1766910000.0,1766910000.0,1766910000.0,1983800000.0,1983800000.0,1983800000.0,1983800000.0,1733400000.0,1733400000.0,1733400000.0,1733400000.0,1749000000.0,1749000000.0,1749000000.0,1749000000.0,1406500000.0,1406500000.0,1406500000.0
AssetsCurrent / USD,1624835000.0,1624835000.0,1624835000.0,1709058000.0,1709058000.0,1709058000.0,1709058000.0,2177957000.0,2177957000.0,2177957000.0,2177957000.0,1447781000.0,1447781000.0,1447781000.0,1447781000.0,1643464000.0,1643464000.0,1643464000.0,1643464000.0,1803199000.0,1803199000.0,1803199000.0,1803199000.0,1490607000.0,1480037000.0,1480037000.0,1479790000.0,1967924000.0,1967924000.0,1967924000.0,1967924000.0,1842342000.0,1842342000.0,1842342000.0,1842342000.0,2446153000.0,2446153000.0,2446153000.0,2446153000.0,1317034000.0,1317034000.0,1317034000.0,1317034000.0,1278589000.0,1278589000.0,1278589000.0,1278589000.0,1217940000.0,1217940000.0,1217940000.0,1217940000.0,1268700000.0,1268700000.0,1268700000.0,1268700000.0,1038700000.0,1038700000.0,1038700000.0,1038700000.0,988300000.0,988300000.0,988300000.0,988300000.0,663800000.0,663800000.0,663800000.0
AssetsNoncurrent / USD,742037000.0,742037000.0,742037000.0,761086000.0,761086000.0,761086000.0,761086000.0,266049000.0,266049000.0,266049000.0,266049000.0,408398000.0,408398000.0,408398000.0,408398000.0,419012000.0,419012000.0,419012000.0,419012000.0,857568000.0,857568000.0,857568000.0,857568000.0,664252000.0,654427000.0,654427000.0,421360000.0,389813000.0,389813000.0,389813000.0,389813000.0,492230000.0,492230000.0,492230000.0,492230000.0,495035000.0,495035000.0,495035000.0,495035000.0,597470000.0,597470000.0,597470000.0,597470000.0,575420000.0,575420000.0,575420000.0,575420000.0,548970000.0,548970000.0,548970000.0,548970000.0,715100000.0,715100000.0,715100000.0,715100000.0,694700000.0,694700000.0,694700000.0,694700000.0,760700000.0,760700000.0,760700000.0,760700000.0,742700000.0,742700000.0,742700000.0
BuildingsAndImprovementsGross / USD,,,,,,,,,,,131266000.0,,,,239280000.0,,,,236171000.0,,,,240572000.0,,,,243300000.0,,,,244760000.0,,,,246237000.0,,,,246654000.0,,,,247870000.0,,,,248885000.0,,,,250431000.0,,,,254500000.0,,,257500000.0,257500000.0,,,,261300000.0,,,
CapitalizedComputerSoftwareAdditions / USD,,,,,,,,,,,,,,,,,,,,,,,,,,,,,,,,,,,18000000.0,,,,17700000.0,,,,14700000.0,,,,11900000.0,,,,12800000.0,,,,12100000.0,,,,10600000.0,,,,7200000.0,,,
CapitalizedComputerSoftwareNet / USD,,,,,,,,,,,,,,,,,,,,,,,,,,,,,,,,,,,441732000.0,,,,462469000.0,,,,461829000.0,,,,470237000.0,,,,415086000.0,,,,400600000.0,,,402700000.0,402700000.0,,,,409000000.0,,,
CashAndCashEquivalentsAtCarryingValue / USD,1376722000.0,1376722000.0,501784000.0,789068000.0,789068000.0,789068000.0,1376722000.0,1477166000.0,1477166000.0,1477166000.0,789068000.0,1559628000.0,1559628000.0,1559628000.0,1477166000.0,1313349000.0,1313349000.0,1313349000.0,1559628000.0,130736000.0,130736000.0,130736000.0,1313349000.0,339223000.0,339223000.0,339223000.0,130736000.0,191608000.0,191608000.0,191608000.0,339223000.0,228659000.0,228659000.0,228659000.0,191608000.0,465851000.0,465851000.0,465851000.0,465851000.0,357415000.0,357415000.0,357415000.0,357415000.0,508196000.0,508196000.0,508196000.0,508196000.0,401194000.0,401194000.0,401194000.0,401194000.0,223500000.0,223500000.0,223500000.0,223500000.0,373600000.0,373600000.0,373600000.0,373600000.0,240100000.0,240100000.0,240100000.0,240100000.0,206700000.0,206700000.0,206700000.0
CashCashEquivalentsAndShortTermInvestments / USD,,,,,,,,,2063659000.0,2063659000.0,2063659000.0,1350131000.0,1350131000.0,1350131000.0,1350131000.0,1560945000.0,1560945000.0,1560945000.0,1560945000.0,1731764000.0,1731764000.0,1731764000.0,1731764000.0,1432712000.0,1432712000.0,1432712000.0,1432712000.0,1927399000.0,1927399000.0,1927399000.0,1927399000.0,1807543000.0,1807543000.0,1807543000.0,1807543000.0,2424039000.0,2424039000.0,2424039000.0,2424039000.0,1279007000.0,1279007000.0,1279007000.0,1279007000.0,1227464000.0,1227464000.0,1227464000.0,1227464000.0,1176314000.0,1176314000.0,1176314000.0,1176314000.0,1211100000.0,1211100000.0,1211100000.0,1211100000.0,985800000.0,985800000.0,985800000.0,985800000.0,931800000.0,931800000.0,931800000.0,931800000.0,605300000.0,605300000.0,605300000.0
CashCashEquivalentsRestrictedCashAndRestrictedCashEquivalents / USD,,,,,,,,,,,,,,,,,,,,,,,,,,,,,,,,,,,,241581000.0,241581000.0,241581000.0,240628000.0,475139000.0,475139000.0,475139000.0,241581000.0,366753000.0,366753000.0,366753000.0,475139000.0,517601000.0,517601000.0,517601000.0,366753000.0,410600000.0,410600000.0,410600000.0,517600000.0,228800000.0,228800000.0,228800000.0,410600000.0,379000000.0,379000000.0,379000000.0,228800000.0,245500000.0,245500000.0,245500000.0
CashCashEquivalentsRestrictedCashAndRestrictedCashEquivalentsPeriodIncreaseDecreaseIncludingExchangeRateEffect / USD,,,,,,,,,,,,,,,,,,,,,,,,,,,,,,,,,,,,222303000.0,10121000.0,54523000.0,953000.0,1237878000.0,-209435000.0,-234247000.0,233558000.0,422227000.0,394201000.0,-248074000.0,-108386000.0,-9499000.0,-201491000.0,-362492000.0,150848000.0,-154400000.0,-185200000.0,-148100000.0,-107000000.0,535100000.0,382800000.0,337100000.0,-181800000.0,446100000.0,-29800000.0,-216000000.0,150200000.0,491700000.0,12000000.0,27200000.0
CashEquivalentsAtCarryingValue / USD,,,,,,,,,106270000.0,106270000.0,106270000.0,1127196000.0,1127196000.0,1127196000.0,1127196000.0,63578000.0,63578000.0,63578000.0,63578000.0,72232000.0,72232000.0,72232000.0,72232000.0,110799000.0,110799000.0,110799000.0,110799000.0,99027000.0,99027000.0,99027000.0,99027000.0,39183000.0,39183000.0,39183000.0,39183000.0,135092000.0,135092000.0,135092000.0,135092000.0,37190000.0,37190000.0,37190000.0,37190000.0,33238000.0,33238000.0,33238000.0,33238000.0,28832000.0,28832000.0,28832000.0,28832000.0,25800000.0,25800000.0,25800000.0,25800000.0,27000000.0,27000000.0,27000000.0,27000000.0,25600000.0,25600000.0,25600000.0,25600000.0,21700000.0,21700000.0,21700000.0
CommonStockDividendsPerShareCashPaid / USD/shares,,,,,,,,,,,,,,,,,,,,,,,,,,,,,,,,,,,,,,,,,,,,,,,,,,,,,,,,,,,,,,,,,0.0,0.0
CommonStockParOrStatedValuePerShare / USD/shares,0.001,0.001,0.001,0.001,0.001,0.001,0.001,0.001,0.001,0.001,0.001,0.001,0.001,0.001,0.001,0.001,0.001,0.001,0.001,0.001,0.001,0.001,0.001,0.001,0.001,0.001,0.001,0.001,0.001,0.001,0.001,0.001,0.001,0.001,0.001,0.001,0.001,0.001,0.001,0.001,0.001,0.001,0.001,0.001,0.001,0.001,0.001,0.001,0.001,0.001,0.001,0.001,0.001,0.001,0.001,0.001,0.001,0.001,0.001,0.001,0.001,0.001,0.001,0.001,0.001,0.001
CommonStockSharesAuthorized / shares,1000000000.0,1000000000.0,1000000000.0,1000000000.0,1000000000.0,1000000000.0,1000000000.0,1000000000.0,1000000000.0,1000000000.0,1000000000.0,1000000000.0,1000000000.0,1000000000.0,1000000000.0,1000000000.0,1000000000.0,1000000000.0,1000000000.0,1000000000.0,1000000000.0,1000000000.0,1000000000.0,1000000000.0,1000000000.0,1000000000.0,1000000000.0,1000000000.0,1000000000.0,1000000000.0,1000000000.0,1000000000.0,1000000000.0,1000000000.0,1000000000.0,1000000000.0,1000000000.0,1000000000.0,1000000000.0,1000000000.0,1000000000.0,1000000000.0,1000000000.0,1000000000.0,1000000000.0,1000000000.0,1000000000.0,1000000000.0,1000000000.0,1000000000.0,1000000000.0,1000000000.0,1000000000.0,1000000000.0,1000000000.0,1000000000.0,1000000000.0,1000000000.0,1000000000.0,1000000000.0,1000000000.0,1000000000.0,1000000000.0,1000000000.0,1000000000.0,1000000000.0
CommonStockSharesIssued / shares,,,,,,,183299463.0,172736281.0,313313000.0,313313000.0,313313000.0,316781000.0,316781000.0,316781000.0,316781000.0,318722000.0,318722000.0,318722000.0,318722000.0,320358000.0,320358000.0,320358000.0,320358000.0,321699000.0,321699000.0,321699000.0,321699000.0,322990000.0,322990000.0,322990000.0,322990000.0,324118000.0,324118000.0,324118000.0,324118000.0,325218000.0,325218000.0,325218000.0,325218000.0,352325000.0,352325000.0,352325000.0,352325000.0,353157000.0,353157000.0,353157000.0,353157000.0,353789000.0,353789000.0,353789000.0,353789000.0,354200000.0,354200000.0,354200000.0,354200000.0,354500000.0,354500000.0,354500000.0,354500000.0,354900000.0,354900000.0,354900000.0,354900000.0,355200000.0,355200000.0,355200000.0
CommonStockSharesOutstanding / shares,191547795.0,191547795.0,191547795.0,183299463.0,183299463.0,183299463.0,183299463.0,172736281.0,172736000.0,172736000.0,172736000.0,159422000.0,159422000.0,159422000.0,159422000.0,153392000.0,153392000.0,153392000.0,153392000.0,133724000.0,133724000.0,133724000.0,133724000.0,118452000.0,118452000.0,118452000.0,118452000.0,110072000.0,110072000.0,110072000.0,110072000.0,103091000.0,103091000.0,103091000.0,103091000.0,97591000.0,97591000.0,97591000.0,97591000.0,120037000.0,120037000.0,120037000.0,120037000.0,116715000.0,116715000.0,116715000.0,116715000.0,113470000.0,113470000.0,113470000.0,113470000.0,110500000.0,110500000.0,110500000.0,110500000.0,105300000.0,105300000.0,105300000.0,105300000.0,101300000.0,101300000.0,101300000.0,101300000.0,95000000.0,95000000.0,95000000.0
CommonStocksIncludingAdditionalPaidInCapital / USD,,,,,,,,,,,,,,,,,,,,,,,,,,,,,,,,,,,,,,,,,,,,14990011000.0,14990011000.0,14990011000.0,14990011000.0,14275160000.0,14275160000.0,14275160000.0,14275160000.0,13620100000.0,13620100000.0,13620100000.0,13620100000.0,12644500000.0,12644500000.0,12644500000.0,12644500000.0,11808000000.0,11808000000.0,11808000000.0,11808000000.0,10645300000.0,10645300000.0,10645300000.0
ComprehensiveIncomeNetOfTax / USD,,,,,,,,,91314000.0,865389000.0,,,,,821974000.0,,,,,84226000.0,168498000.0,249482000.0,,94436000.0,194577000.0,289824000.0,,88321000.0,181119000.0,274115000.0,,108325000.0,222470000.0,336401000.0,,116758000.0,240075000.0,354710000.0,,134506000.0,262874000.0,400232000.0,,162576000.0,310145000.0,464366000.0,,336379000.0,486858000.0,657454000.0,,150400000.0,298000000.0,454700000.0,,157300000.0,324700000.0,494400000.0,,178700000.0,363700000.0,552600000.0,,193900000.0,392700000.0,594400000.0
ComprehensiveIncomeNetOfTaxIncludingPortionAttributableToNoncontrollingInterest / USD,86717000.0,147054000.0,-136142000.0,,,,-362475000.0,,95495000.0,857642000.0,237735000.0,40314000.0,29431000.0,87227000.0,814235000.0,67999000.0,136483000.0,216872000.0,141141000.0,,,,322728000.0,,,,541753000.0,,,,355347000.0,,,,374241000.0,,,,441185000.0,,,,457760000.0,,,,582619000.0,,,,612489000.0,,,,814800000.0,,,,784800000.0,,,,673900000.0,,,
ConstructionInProgressGross / USD,,,,,,,,,,,5121000.0,,,,6157000.0,,,,11393000.0,,,,16213000.0,,,,7520000.0,,,,5406000.0,,,,4246000.0,,,,4024000.0,,,,2013000.0,,,,6779000.0,,,,4330000.0,,,,3100000.0,,,3600000.0,3600000.0,,,,16100000.0,,,
CostOfRevenue / USD,115233000.0,172498000.0,240119000.0,62879000.0,88221000.0,130380000.0,160845000.0,38814000.0,78660000.0,118411000.0,166705000.0,40869000.0,81536000.0,123230000.0,156676000.0,41256000.0,84100000.0,125560000.0,165246000.0,47254000.0,93884000.0,140438000.0,167600000.0,48026000.0,94015000.0,140948000.0,187013000.0,48353000.0,96574000.0,143792000.0,188425000.0,50582000.0,99335000.0,149142000.0,192788000.0,50669000.0,98313000.0,145646000.0,198242000.0,48152000.0,95517000.0,143766000.0,193326000.0,45504000.0,89570000.0,134013000.0,192134000.0,45573000.0,89181000.0,134205000.0,180467000.0,47000000.0,94800000.0,142600000.0,180200000.0,50700000.0,100200000.0,150200000.0,191900000.0,49900000.0,100200000.0,148800000.0,200700000.0,49100000.0,96200000.0,143000000.0
CostsAndExpenses / USD,465754000.0,644515000.0,1082027000.0,178700000.0,227796000.0,350515000.0,584908000.0,107479000.0,224538000.0,336952000.0,455989000.0,116013000.0,223798000.0,331816000.0,448295000.0,106796000.0,213958000.0,321424000.0,442589000.0,103183000.0,210434000.0,321399000.0,416265000.0,109211000.0,216472000.0,331994000.0,436855000.0,114185000.0,227759000.0,339077000.0,445690000.0,115109000.0,225308000.0,338086000.0,453420000.0,113343000.0,226935000.0,338304000.0,455595000.0,113869000.0,223311000.0,334091000.0,457373000.0,106156000.0,210752000.0,313557000.0,447577000.0,106260000.0,213845000.0,325075000.0,425534000.0,113200000.0,229600000.0,342600000.0,440900000.0,122100000.0,238000000.0,358100000.0,460800000.0,123100000.0,246400000.0,368400000.0,481800000.0,125400000.0,246300000.0,367600000.0
CurrentFederalTaxExpenseBenefit / USD,,,,,,,,,,,7685000.0,,,,-91305000.0,,,,30325000.0,,,,13553000.0,,,,1104000.0,,,,4643000.0,,,,13601000.0,,,,34842000.0,,,,16870000.0,,,,99127000.0,,,,74283000.0,,,,-124000000.0,,,,97500000.0,,,,145100000.0,,,
CurrentForeignTaxExpenseBenefit / USD,,,,,,,,,,,4591000.0,,,,8474000.0,,,,1146000.0,,,,8498000.0,,,,13613000.0,,,,69614000.0,,,,17241000.0,,,,19268000.0,,,,15539000.0,,,,76199000.0,,,,31385000.0,,,,29200000.0,,,,29800000.0,,,,26300000.0,,,
CurrentIncomeTaxExpenseBenefit / USD,,,,,,,,,,,-5642000.0,,,,-110608000.0,,,,33434000.0,,,,30011000.0,,,,22867000.0,,,,74243000.0,,,,30998000.0,,,,54350000.0,,,,32703000.0,,,,176414000.0,,,,107737000.0,,,,-84300000.0,,,,159500000.0,,,,213100000.0,,,
CurrentStateAndLocalTaxExpenseBenefit / USD,,,,,,,,,,,-17918000.0,,,,-27777000.0,,,,1963000.0,,,,7960000.0,,,,8150000.0,,,,-14000.0,,,,156000.0,,,,240000.0,,,,294000.0,,,,1088000.0,,,,2069000.0,,,,10500000.0,,,,32200000.0,,,,41700000.0,,,
CustomerDepositsCurrent / USD,,,,,,,,,18681000.0,18681000.0,18681000.0,18558000.0,18558000.0,18558000.0,18558000.0,19321000.0,19321000.0,19321000.0,19321000.0,20869000.0,20869000.0,20869000.0,20869000.0,30103000.0,30103000.0,30103000.0,30103000.0,48307000.0,48307000.0,48307000.0,48307000.0,52173000.0,52173000.0,52173000.0,52173000.0,63617000.0,63617000.0,63617000.0,63617000.0,57025000.0,57025000.0,57025000.0,57025000.0,52804000.0,52804000.0,52804000.0,52804000.0,53631000.0,53631000.0,53631000.0,53631000.0,77300000.0,77300000.0,77300000.0,77300000.0,72000000.0,72000000.0,72000000.0,72000000.0,77200000.0,77200000.0,77200000.0,77200000.0,64600000.0,64600000.0,64600000.0
DebtInstrumentFaceAmount / USD,,,,,,,,,,,1250000000.0,,,1250000000.0,1250000000.0,1250000000.0,1250000000.0,1250000000.0,1250000000.0,750000000.0,750000000.0,750000000.0,1250000000.0,500000000.0,500000000.0,500000000.0,1250000000.0,,,,1250000000.0,,550000000.0,550000000.0,1250000000.0,1250000000.0,1250000000.0,1250000000.0,1250000000.0,,,,1250000000.0,,,,1250000000.0,,,,1800000000.0,,,,1800000000.0,,,,1800000000.0,,,500000000.0,,,,
DebtInstrumentFairValue / USD,,,,,,,,,,,,,,,,,733100000.0,704500000.0,723300000.0,741100000.0,743500000.0,742500000.0,727600000.0,,,,3200000000.0,,,,2800000000.0,,,,4200000000.0,,,,,,,,,,,,,,,,,,,1880000000.0,1880000000.0,1650000000.0,1650000000.0,1650000000.0,1650000000.0,1690000000.0,1690000000.0,1690000000.0,1690000000.0,1690000000.0,1690000000.0,1690000000.0
DebtInstrumentUnamortizedDiscountPremiumAndDebtIssuanceCostsNet / USD,,,,,,,,,,,,,,,,,,,,,,,,,,,,,,,,,,,,,,,,,,,,,,,-12435000.0,,,,-9917000.0,,,,-14300000.0,,,,-12100000.0,,,,-9800000.0,,,
DeferredFederalIncomeTaxExpenseBenefit / USD,,,,,,,,,,,44560000.0,,,,103343000.0,,,,17047000.0,,,,67700000.0,,,,-53629000.0,,,,76614000.0,,,,65168000.0,,,,64301000.0,,,,90113000.0,,,,-16448000.0,,,,30462000.0,,,,4300000.0,,,,3900000.0,,,,-18000000.0,,,
DeferredForeignIncomeTaxExpenseBenefit / USD,,,,,,,,,,,-10749000.0,,,,-3810000.0,,,,3049000.0,,,,-4261000.0,,,,9784000.0,,,,-38208000.0,,,,481000.0,,,,385000.0,,,,-706000.0,,,,-55563000.0,,,,-14621000.0,,,,-2100000.0,,,,-165800000.0,,,,16100000.0,,,
DeferredIncomeTaxAssetsNet / USD,,,,,,,,,,,,,,,,,,,,,,,,,,,,,,,,,,,,,,,,,,,,87798000.0,87798000.0,87798000.0,87798000.0,67914000.0,67914000.0,67914000.0,67914000.0,230700000.0,230700000.0,230700000.0,230700000.0,234600000.0,234600000.0,234600000.0,234600000.0,301000000.0,301000000.0,301000000.0,301000000.0,281300000.0,281300000.0,281300000.0
DeferredIncomeTaxExpenseBenefit / USD,,,,,,,,,,,38577000.0,,,,135930000.0,,,,21597000.0,,,,70199000.0,,,,-110546000.0,,,,53808000.0,,,,81416000.0,,,,86178000.0,,,,109061000.0,,,,-29387000.0,,,,38740000.0,,,,19600000.0,,,,-162100000.0,,,,-6700000.0,,,
DeferredIncomeTaxLiabilities / USD,,,,,,,,,,,,,,,393732000.0,,,,451994000.0,,,,645950000.0,,,,514891000.0,,,,552263000.0,,,,597747000.0,,,,631312000.0,,,,10259000.0,,,,7074000.0,,,,6561000.0,,,,7800000.0,,,,1600000.0,,,,900000.0,,,
DeferredIncomeTaxesAndOtherTaxLiabilitiesNoncurrent / USD,,,,,,,,,,,,,,,,,,,,,,,,,,,,,,,,,,,,,,,,,,,,,,,,,,,,,,,,,60500000.0,60500000.0,60500000.0,,34100000.0,34100000.0,34100000.0,,,
DeferredRevenueCurrent / USD,629800000.0,629800000.0,629800000.0,642507000.0,642507000.0,642507000.0,642507000.0,457478000.0,457478000.0,457478000.0,457478000.0,502538000.0,502538000.0,502538000.0,502538000.0,564627000.0,564627000.0,564627000.0,564627000.0,595221000.0,595221000.0,595221000.0,595221000.0,621307000.0,621307000.0,621307000.0,621307000.0,680483000.0,680483000.0,680483000.0,680483000.0,688265000.0,688265000.0,688265000.0,688265000.0,713309000.0,713309000.0,713309000.0,713309000.0,732382000.0,732382000.0,732382000.0,732382000.0,755178000.0,755178000.0,755178000.0,755178000.0,780051000.0,780051000.0,780051000.0,780051000.0,847400000.0,847400000.0,847400000.0,847400000.0,890400000.0,890400000.0,890400000.0,890400000.0,931100000.0,931100000.0,931100000.0,931100000.0,973500000.0,973500000.0,973500000.0
DeferredRevenueNoncurrent / USD,215281000.0,215281000.0,215281000.0,245734000.0,245734000.0,245734000.0,245734000.0,205560000.0,205560000.0,205560000.0,205560000.0,226033000.0,226033000.0,226033000.0,226033000.0,247955000.0,247955000.0,247955000.0,247955000.0,260615000.0,260615000.0,260615000.0,260615000.0,269047000.0,269047000.0,269047000.0,269047000.0,280859000.0,280859000.0,280859000.0,280859000.0,287424000.0,287424000.0,287424000.0,287424000.0,286097000.0,286097000.0,286097000.0,286097000.0,285720000.0,285720000.0,285720000.0,285720000.0,278702000.0,278702000.0,278702000.0,278702000.0,282838000.0,282838000.0,282838000.0,282838000.0,306000000.0,306000000.0,306000000.0,306000000.0,328700000.0,328700000.0,328700000.0,328700000.0,315000000.0,315000000.0,315000000.0,315000000.0,330700000.0,330700000.0,330700000.0
DeferredRevenueRevenueRecognized1 / USD,,,,,,,,,,,,,,,,,,,,,,,,,,,,,,,,,,,,269100000.0,451800000.0,607300000.0,690100000.0,275900000.0,488800000.0,624900000.0,707200000.0,278500000.0,493700000.0,644000000.0,729000000.0,288400000.0,510500000.0,665100000.0,752200000.0,309100000.0,549500000.0,719600000.0,818400000.0,324500000.0,576600000.0,755400000.0,857100000.0,343000000.0,606700000.0,791100000.0,894200000.0,358300000.0,634200000.0,827200000.0
DeferredStateAndLocalIncomeTaxExpenseBenefit / USD,,,,,,,,,,,4766000.0,,,,36397000.0,,,,1501000.0,,,,6760000.0,,,,-66701000.0,,,,15402000.0,,,,15767000.0,,,,21492000.0,,,,19654000.0,,,,42624000.0,,,,22899000.0,,,,17400000.0,,,,-200000.0,,,,-4800000.0,,,
DeferredTaxAssetsDeferredIncome / USD,,,,,,,,,,,96433000.0,,,,106234000.0,,,,87235000.0,,,,99934000.0,,,,103794000.0,,,,106572000.0,,,,114548000.0,,,,77869000.0,,,,73847000.0,,,,70539000.0,,,,66926000.0,,,,68600000.0,,,,73700000.0,,,,72900000.0,,,
DeferredTaxAssetsGross / USD,,,,,,,,,,,145512000.0,,,,151701000.0,,,,138052000.0,,,,1628573000.0,,,,1466481000.0,,,,1438034000.0,,,,1397800000.0,,,,986321000.0,,,,125270000.0,,,,101353000.0,,,,80006000.0,,,,244000000.0,,,,241700000.0,,,,375500000.0,,,
DeferredTaxAssetsNet / USD,,,,,,,,,,,127338000.0,,,,135819000.0,,,,117237000.0,,,,424703000.0,,,,304311000.0,,,,275430000.0,,,,235699000.0,,,,202596000.0,,,,115117000.0,,,,94755000.0,,,,74393000.0,,,,238500000.0,,,,236200000.0,,,,301900000.0,,,
DeferredTaxAssetsOperatingLossCarryforwards / USD,,,,,,,,,,,20376000.0,,,,20157000.0,,,,34422000.0,,,,260253000.0,,,,61059000.0,,,,56108000.0,,,,46879000.0,,,,70587000.0,,,,40729000.0,,,,17897000.0,,,,5623000.0,,,,4700000.0,,,,3400000.0,,,,2200000.0,,,
DeferredTaxAssetsOther / USD,,,,,,,,,,,4724000.0,,,,4439000.0,,,,5234000.0,,,,5060000.0,,,,4956000.0,,,,5039000.0,11000000.0,11000000.0,11000000.0,4791000.0,,,,6776000.0,,,,6724000.0,,,,7401000.0,,,,2379000.0,,,,1700000.0,,,,1800000.0,,,,6000000.0,,,
DeferredTaxAssetsTaxCreditCarryforwards / USD,,,,,,,,,,,7866000.0,,,,6213000.0,,,,0.0,,,,4432000.0,,,,100190000.0,,,,86951000.0,,,,59337000.0,,,,52659000.0,,,,3970000.0,,,,5516000.0,,,,5078000.0,,,,3500000.0,,,,3800000.0,,,,4600000.0,,,
DeferredTaxAssetsValuationAllowance / USD,,,,,,,,,,,18174000.0,,,,15882000.0,,,,20815000.0,,,,1203870000.0,,,,1162170000.0,,,,1162604000.0,,,,1162101000.0,,,,783725000.0,,,,10153000.0,,,,6598000.0,,,,5613000.0,,,,5500000.0,,,,5500000.0,,,,73600000.0,,,
DeferredTaxLiabilities / USD,,,,,,,,,,,366248000.0,,,,257913000.0,,,,334757000.0,,,,221247000.0,,,,210580000.0,294194000.0,294194000.0,294194000.0,276833000.0,371433000.0,371433000.0,371433000.0,362048000.0,444108000.0,444108000.0,444108000.0,428716000.0,,,,104858000.0,,,,87681000.0,,,,67832000.0,,,,230700000.0,,,,234600000.0,,,,301000000.0,,,
DefinedContributionPlanCostRecognized / USD,,,,,,,,,,,,,,,4100000.0,,,,2900000.0,,,,2800000.0,,,,3100000.0,,,,3400000.0,,,,3700000.0,,,,3800000.0,,,,4000000.0,,,,4300000.0,,,,4700000.0,,,,5000000.0,,,,5200000.0,,,,5500000.0,,,
DepositsAssetsNoncurrent / USD,,,,,,,,,,,,,,,,,,,,,,,,,,,,,,2000000.0,2000000.0,145000000.0,145000000.0,145000000.0,145000000.0,145000000.0,145000000.0,145000000.0,145000000.0,145000000.0,145000000.0,145000000.0,145000000.0,145000000.0,145000000.0,145000000.0,145000000.0,145000000.0,145000000.0,145000000.0,145000000.0,145000000.0,145000000.0,145000000.0,145000000.0,145000000.0,145000000.0,145000000.0,145000000.0,145000000.0,145000000.0,145000000.0,145000000.0,145000000.0,145000000.0,145000000.0
DepreciationAndAmortization / USD,,,,20530000.0,41398000.0,61715000.0,,21905000.0,39806000.0,53379000.0,,13968000.0,27642000.0,41455000.0,67655000.0,12741000.0,26273000.0,39652000.0,55706000.0,15118000.0,30526000.0,45415000.0,54819000.0,16008000.0,32115000.0,47924000.0,60655000.0,15747000.0,31620000.0,46554000.0,63690000.0,14867000.0,29417000.0,44114000.0,61491000.0,13102000.0,25172000.0,37665000.0,58167000.0,12117000.0,24195000.0,36450000.0,49878000.0,11593000.0,22884000.0,34327000.0,48367000.0,11232000.0,22841000.0,34463000.0,46330000.0,11600000.0,23600000.0,35600000.0,46400000.0,11900000.0,23800000.0,35200000.0,47900000.0,11600000.0,22900000.0,33700000.0,46900000.0,9800000.0,19100000.0,28100000.0
DerivativeGainLossOnDerivativeNet / USD,,,,,,,,,,,,,,,,,,,,,,,,,,,,,,,,,,,,,,,,,,,,,,,,,,,,,,,,,,,9800000.0,,,,9800000.0,,,
DerivativeNotionalAmount / USD,,,,,,,,,,,,,,,,,,,27000000.0,,,,29700000.0,,,,32500000.0,,,,39200000.0,,,,29700000.0,,,,28500000.0,,,,26300000.0,,,,27500000.0,,,,30300000.0,,,,32000000.0,,,,215700000.0,,,,44800000.0,,,
EffectOfExchangeRateOnCashCashEquivalentsRestrictedCashAndRestrictedCashEquivalents / USD,,,,,,,,,,,,,,,,,,,,,,,,,,,,,,,,,,,,,,,,,,-985000.0,,255000.0,243000.0,-208000.0,,-1316000.0,-965000.0,-506000.0,,-200000.0,-300000.0,-600000.0,0.0,-100000.0,-700000.0,-1400000.0,-700000.0,-200000.0,-200000.0,-600000.0,-800000.0,-400000.0,-300000.0,100000.0
EffectiveIncomeTaxRateContinuingOperations / Rate,,,,,,,,,,,,,,,,,0.25,0.25,,0.26,0.27,0.26,,0.24,0.23,0.2,,0.24,0.25,0.24,,0.24,0.24,0.24,,0.21,0.22,0.22,,0.12,0.17,0.19,,0.14,0.18,0.19,,-0.75,-0.27,-0.16,,0.2,0.21,0.21,,0.24,0.24,0.24,,0.24,0.23,0.24,,0.24,0.23,0.23
EffectiveIncomeTaxRateReconciliationAtFederalStatutoryIncomeTaxRate / Rate,,,,,,,,,,,,,0.35,0.35,0.35,0.35,0.35,0.35,0.35,0.35,0.35,0.35,0.35,0.35,0.35,0.35,0.35,0.35,0.35,0.35,0.35,0.35,0.35,0.35,0.35,0.35,0.35,0.35,0.35,0.21,0.21,0.21,0.35,0.21,0.21,0.21,0.35,0.21,0.21,0.21,0.21,0.21,0.21,0.21,0.21,0.21,0.21,0.21,0.21,0.21,0.21,0.21,0.21,0.21,0.21,0.21
EmployeeServiceShareBasedCompensationAllocationOfRecognizedPeriodCostsCapitalizedAmount / USD,,,,,,,,,-1064000.0,-1506000.0,-2643000.0,-897000.0,-1792000.0,-2439000.0,-2048000.0,-648000.0,-1395000.0,-2096000.0,3166000.0,-717000.0,-1573000.0,-2328000.0,2837000.0,630000.0,-1392000.0,-2088000.0,2993000.0,700000.0,1407000.0,2055000.0,2751000.0,599000.0,1199000.0,1761000.0,2718000.0,660000.0,1269000.0,1820000.0,2386000.0,471000.0,999000.0,1579000.0,2455000.0,356000.0,824000.0,1285000.0,2070000.0,493000.0,1020000.0,1420000.0,1690000.0,300000.0,800000.0,1300000.0,1800000.0,300000.0,800000.0,1200000.0,1700000.0,300000.0,500000.0,800000.0,1600000.0,200000.0,500000.0,800000.0
EntityCommonStockSharesOutstanding / shares,192868550.0,192345267.0,183448405.0,182497307.0,174131605.0,171987671.0,173450710.0,168471815.0,166399334.0,159066793.0,159518978.0,157987693.0,156394428.0,155256629.0,152561275.0,150744698.0,143580826.0,137052343.0,133662937.0,131449939.0,125020600.0,121090105.0,116884257.0,116434450.0,113492925.0,111507162.0,109468547.0,108475524.0,106766527.0,104574465.0,102328550.0,101475614.0,99920686.0,98570102.0,97120531.0,97005831.0,121918584.0,120888417.0,119714949.0,119183359.0,118371848.0,117409010.0,116417738.0,115539476.0,114853683.0,114109868.0,113094561.0,112618804.0,111874436.0,111078436.0,110167438.0,109544796.0,107283245.0,106016456.0,104879307.0,104096418.0,103133765.0,102100000.0,100900000.0,99600000.0,97600000.0,96100000.0,94600000.0,93900000.0,93400000.0,92700000.0
EntityPublicFloat / USD,4081193953.0,,2114335874.0,,,,2774709330.0,,,,4200000000.0,,,,3800000000.0,,,,4200000000.0,,,,3000000000.0,,,,3000000000.0,,,,3400000000.0,,,,3300000000.0,,,,10000000000.0,,,,16100000000.0,,,,15100000000.0,,,,16500000000.0,,,,12400000000.0,,,,15900000000.0,,,,10300000000.0,,,
EquipmentExpense / USD,,,,,,,,,,,,,,,,,,,,,,,,,,,,,,,,,,,,,,,,,,,,,,,,,,,,,,,,,,,,,,,40200000.0,10900000.0,22000000.0,33600000.0
FinancialInstrumentsOwnedUSGovernmentAndAgencyObligationsAtFairValue / USD,,,,,,,,,,,,,,32860000.0,32860000.0,1452358000.0,1452358000.0,1452358000.0,1452358000.0,1409062000.0,1409062000.0,1409062000.0,,1233076000.0,1233076000.0,1233076000.0,,1685882000.0,1685882000.0,1685882000.0,,1626764000.0,,,,,,,,1117175000.0,1117175000.0,1117175000.0,1117175000.0,1040678000.0,1040678000.0,1040678000.0,1040678000.0,1013679000.0,1013679000.0,1013679000.0,1013679000.0,1016000000.0,1016000000.0,1016000000.0,1016000000.0,776100000.0,776100000.0,776100000.0,776100000.0,744900000.0,744900000.0,744900000.0,744900000.0,393200000.0,393200000.0,393200000.0
ForeignCurrencyContractsLiabilityFairValueDisclosure / USD,,,,,,,,,,,,,,,,,,,,,,,,,,,,,,,,,,,,,,,,,,,,,,,,,,,,,,,,,,,100000.0,10700000.0,10700000.0,10700000.0,10700000.0,,,
ForeignCurrencyTransactionGainLossBeforeTax / USD,,,,,,,,,,,9500000.0,,,,3400000.0,,,,3400000.0,,,,900000.0,,,,3100000.0,,,,-1000000.0,,,,-1000000.0,,,,-1000000.0,,,,,,,,,,,,,,,,,,,,14700000.0,,,,14700000.0,,,
FurnitureAndFixturesGross / USD,,,,,,,,,,,7618000.0,,,,7662000.0,,,,6420000.0,,,,6305000.0,,,,6341000.0,,,,6203000.0,,,,6203000.0,,,,6472000.0,,,,6912000.0,,,,8437000.0,,,,9179000.0,,,,10100000.0,,,10400000.0,10400000.0,,,,11000000.0,,,
Goodwill / USD,283109000.0,283109000.0,283109000.0,289980000.0,289980000.0,289980000.0,289980000.0,,,,289980000.0,,,,,,52527000.0,52527000.0,52527000.0,52527000.0,52527000.0,52527000.0,52527000.0,52527000.0,52527000.0,52527000.0,52527000.0,52527000.0,52527000.0,52527000.0,52527000.0,52527000.0,52527000.0,52527000.0,52527000.0,52527000.0,52527000.0,52527000.0,52527000.0,52527000.0,52527000.0,52527000.0,52527000.0,52527000.0,52527000.0,52527000.0,52527000.0,52527000.0,52527000.0,52527000.0,52527000.0,52500000.0,52500000.0,52500000.0,52500000.0,52500000.0,52500000.0,52500000.0,52500000.0,52500000.0,52500000.0,52500000.0,52500000.0,52500000.0,52500000.0,52500000.0
GoodwillGross / USD,,,,,,,,,,,1998043000.0,,,,1537843000.0,,,,1537843000.0,,,,1537843000.0,,,,1537843000.0,,,,1537843000.0,,,,1537843000.0,,,,1537843000.0,,,,1537843000.0,,,,1537843000.0,,,,1537843000.0,,,,1537800000.0,,,,1537800000.0,,,,1537800000.0,,,
GoodwillImpairedAccumulatedImpairmentLoss / USD,,,,,,,,,,,1708063000.0,,,,1485316000.0,,,,1485316000.0,,,,1485316000.0,,,,1485316000.0,,,,1485316000.0,,,,1485316000.0,,,,1485316000.0,,,,1485316000.0,,,,1485316000.0,,,,1485316000.0,,,,1485300000.0,,,,1485300000.0,,,,1485300000.0,,,
IncomeLossFromContinuingOperationsBeforeIncomeTaxesDomestic / USD,,,,,,,,,,,82952000.0,,,,39454000.0,,,,62287000.0,,,,245745000.0,,,,250041000.0,,,,270373000.0,,,,248932000.0,,,,299304000.0,,,,313351000.0,,,,420597000.0,,,,452793000.0,,,,457800000.0,,,,489400000.0,,,,558500000.0,,,
IncomeLossFromContinuingOperationsBeforeIncomeTaxesExtraordinaryItemsNoncontrollingInterest / USD,,,,,,,,,,,,,,,,,,,,,,,,,,,,,,,,,,,,,,,,,,,,,,,,,,567348000.0,758776000.0,188300000.0,376200000.0,578800000.0,750200000.0,206300000.0,425000000.0,647900000.0,782200000.0,233800000.0,476300000.0,724900000.0,880200000.0,254000000.0,512900000.0,773800000.0
IncomeLossFromContinuingOperationsBeforeIncomeTaxesForeign / USD,,,,,,,,,,,41600000.0,,,,55900000.0,,,,131300000.0,,,,166950000.0,,,,206730000.0,,,,212938000.0,,,,238718000.0,,,,281869000.0,,,,285661000.0,,,,308919000.0,,,,305983000.0,,,,292400000.0,,,,292800000.0,,,,321700000.0,,,
IncomeLossFromContinuingOperationsPerBasicShare / USD/shares,0.01,0.22,-0.59,0.24,0.2,0.31,0.16,0.16,0.31,0.57,0.48,0.25,0.2,0.56,0.39,0.41,0.85,1.34,0.84,0.55,1.14,1.71,1.99,0.71,1.48,2.25,,0.75,1.56,2.38,,0.98,2.03,3.1,,1.14,2.35,3.51,,1.38,2.49,3.6,,1.36,2.6,3.9,,2.87,4.2,5.7,,1.33,2.64,4.05,,1.43,2.97,4.55,7.01,1.7,3.49,5.32,6.24,1.93,3.93,6.0
IncomeLossFromContinuingOperationsPerDilutedShare / USD/shares,0.01,0.21,-0.59,0.24,0.2,0.3,0.16,0.16,0.31,0.56,0.48,0.25,0.2,0.55,0.39,0.41,0.82,1.28,0.83,0.52,1.07,1.6,1.91,0.64,1.34,2.03,,0.66,1.36,2.06,,0.82,1.68,2.58,,0.94,1.93,2.85,,1.09,2.13,3.25,,1.35,2.59,3.89,,2.86,4.19,5.68,,1.33,2.64,4.04,,1.43,2.96,4.55,7.0,1.7,3.49,5.32,6.24,1.92,3.93,6.0
IncomeTaxExpenseBenefit / USD,-1410000.0,7466000.0,-3451000.0,23200000.0,22812000.0,26944000.0,-12070000.0,16924000.0,33045000.0,40312000.0,32935000.0,16875000.0,908000.0,23034000.0,25322000.0,21292000.0,45123000.0,70005000.0,55031000.0,30378000.0,61921000.0,88025000.0,100210000.0,30293000.0,56742000.0,73047000.0,-87679000.0,28427000.0,59079000.0,88565000.0,128051000.0,33628000.0,69535000.0,104227000.0,112414000.0,31137000.0,67909000.0,102554000.0,140528000.0,18172000.0,54699000.0,95320000.0,141764000.0,27297000.0,70257000.0,109825000.0,147027000.0,-143303000.0,-104134000.0,-90226000.0,146477000.0,37900000.0,78100000.0,124100000.0,-64700000.0,48800000.0,100200000.0,153600000.0,-2600000.0,55100000.0,111900000.0,172000000.0,206400000.0,59900000.0,120000000.0,179600000.0
IncomeTaxReceivable / USD,,,,,,,,,,,,,,,,,,,,,,,,,,,23448000.0,,,,23098000.0,,,,15328000.0,,,,6347000.0,,,,4451000.0,,,,1111000.0,,,,3572000.0,,,,7700000.0,,,,1900000.0,7300000.0,7300000.0,7300000.0,7300000.0,,2200000.0,2200000.0
IncomeTaxReconciliationChangeInDeferredTaxAssetsValuationAllowance / USD,,,,,,,,,,,-350000.0,,,,-350000.0,,,,350000.0,,,,-5760000.0,,,,1195303000.0,,,,-41700000.0,,,,,,,,,,,,,,,,,,,,,,,,,,,,100000.0,,,,100000.0,,,
IncomeTaxReconciliationForeignIncomeTaxRateDifferential / USD,,,,,,,,,,,-4711000.0,,,,-19122000.0,,,,-43591000.0,,,,-51780000.0,,,,-51016000.0,,,,-57876000.0,,,,-66238000.0,,,,-79087000.0,,,,-45810000.0,,,,-26271000.0,,,,-25178000.0,,,,-27700000.0,,,,-23300000.0,,,,-9500000.0,,,
IncomeTaxReconciliationIncomeTaxExpenseBenefitAtFederalStatutoryIncomeTaxRate / USD,,,,,,,,,,,43593000.0,,,,33373000.0,,,,67755000.0,,,,144443000.0,,,,159870000.0,,,,169159000.0,,,,170677000.0,,,,203410000.0,,,,209654000.0,,,,153199000.0,,,,159343000.0,,,,157600000.0,,,,164300000.0,,,,184800000.0,,,
IncomeTaxReconciliationOtherAdjustments / USD,,,,,,,,,,,4027000.0,,,,-956000.0,,,,4972000.0,,,,2998000.0,,,,4098000.0,,,,-4530000.0,,,,-1641000.0,,,,-682000.0,,,,-4397000.0,,,,-7327000.0,,,,-6422000.0,,,,-4500000.0,,,,1400000.0,,,,3300000.0,,,
IncomeTaxReconciliationStateAndLocalIncomeTaxes / USD,,,,,,,,,,,-8549000.0,,,,8620000.0,,,,2280000.0,,,,10003000.0,,,,13821000.0,,,,11308000.0,,,,9616000.0,,,,14517000.0,,,,13029000.0,,,,35852000.0,,,,20573000.0,,,,23200000.0,,,,25500000.0,,,,29200000.0,,,
IncomeTaxesPaidNet / USD,,,,,,,,,,,,2539000.0,4737000.0,5299000.0,8502000.0,13186000.0,21193000.0,19975000.0,6567000.0,729000.0,17531000.0,17055000.0,19436000.0,7651000.0,34464000.0,34937000.0,26133000.0,12970000.0,14342000.0,13289000.0,35201000.0,13711000.0,13994000.0,14474000.0,39723000.0,17861000.0,23662000.0,22717000.0,14303000.0,72959000.0,85597000.0,84433000.0,28294000.0,14185000.0,62214000.0,75197000.0,84906000.0,15914000.0,26472000.0,105258000.0,89974000.0,17300000.0,99000000.0,132200000.0,132700000.0,2200000.0,113300000.0,159600000.0,178400000.0,18300000.0,132400000.0,178800000.0,211700000.0,16100000.0,138600000.0,187100000.0
IncreaseDecreaseInAccountsPayableAndAccruedLiabilities / USD,-99581000.0,-116273000.0,-12829000.0,-32175000.0,14284000.0,5368000.0,-13194000.0,-33734000.0,-2867000.0,8607000.0,34545000.0,-16814000.0,-22736000.0,-7338000.0,-48624000.0,-52534000.0,-32879000.0,-31515000.0,-3469000.0,4549000.0,30090000.0,47185000.0,-13534000.0,-34579000.0,-869000.0,-2540000.0,19065000.0,-28816000.0,-4778000.0,14658000.0,45419000.0,-31537000.0,-28653000.0,-8285000.0,21013000.0,-67608000.0,-38285000.0,-24756000.0,40244000.0,-36271000.0,-20892000.0,-29478000.0,15483000.0,-31609000.0,-39351000.0,-7110000.0,-2130000.0,-27409000.0,25796000.0,-5912000.0,-24000.0,-7600000.0,-36800000.0,-5500000.0,2200000.0,-14900000.0,-55400000.0,-40100000.0,1400000.0,12100000.0,-48700000.0,-16200000.0,-13300000.0,-8000000.0,-58800000.0,-31900000.0
IncreaseDecreaseInDeferredIncomeTaxes / USD,,,,,,,,,,,,,,,45466000.0,10560000.0,19135000.0,34310000.0,24779000.0,4787000.0,-16055000.0,-29000000.0,-72412000.0,-23546000.0,21246000.0,-36000.0,113284000.0,-18654000.0,-37245000.0,-55203000.0,-43532000.0,-18477000.0,-36039000.0,-56397000.0,82328000.0,-20775000.0,-41889000.0,-67385000.0,87614000.0,59108000.0,25844000.0,-10662000.0,113131000.0,-7365000.0,-16146000.0,-26571000.0,-54124000.0,170844000.0,175471000.0,195353000.0,-43675000.0,-500000.0,6500000.0,5500000.0,192200000.0,-1200000.0,-100000.0,-300000.0,162800000.0,-2000000.0,-3000000.0,-10500000.0,6200000.0,-17800000.0,-21200000.0,-15300000.0
IncreaseDecreaseInDeferredRevenue / USD,65658000.0,97830000.0,131961000.0,25792000.0,32080000.0,32010000.0,95902000.0,35983000.0,61280000.0,70955000.0,40881000.0,35908000.0,50814000.0,59905000.0,80231000.0,54719000.0,75178000.0,80074000.0,65533000.0,34212000.0,43802000.0,45414000.0,84011000.0,30384000.0,34615000.0,37237000.0,43254000.0,34582000.0,41247000.0,49787000.0,34518000.0,30998000.0,26346000.0,19470000.0,70988000.0,36689000.0,34246000.0,32790000.0,14347000.0,27120000.0,27296000.0,24844000.0,25348000.0,29219000.0,31857000.0,24563000.0,19825000.0,22807000.0,30430000.0,27673000.0,16191000.0,36200000.0,50000000.0,94900000.0,29000000.0,28300000.0,28200000.0,82100000.0,90500000.0,41800000.0,41500000.0,43000000.0,65700000.0,38600000.0,42600000.0,52900000.0
IncreaseDecreaseInPrepaidDeferredExpenseAndOtherAssets / USD,5542000.0,-12093000.0,-96531000.0,29380000.0,27559000.0,7271000.0,10384000.0,-9689000.0,-27397000.0,-2074000.0,47418000.0,-3975000.0,12786000.0,12434000.0,-19005000.0,-9822000.0,-2955000.0,-5081000.0,-7895000.0,-3210000.0,991000.0,-1679000.0,9344000.0,-7925000.0,-26414000.0,-31349000.0,2694000.0,3084000.0,-7369000.0,-2967000.0,-11571000.0,-2745000.0,-12632000.0,-14278000.0,-1067000.0,-14196000.0,-8310000.0,-4566000.0,8109000.0,987000.0,7605000.0,6917000.0,13775000.0,226000.0,10254000.0,12123000.0,-1041000.0,-28000.0,10146000.0,11107000.0,3279000.0,6900000.0,18600000.0,19700000.0,9200000.0,-8300000.0,-1100000.0,2500000.0,14000000.0,-1900000.0,1000000.0,3700000.0,-9500000.0,4100000.0,19200000.0,18200000.0
IncrementalCommonSharesAttributableToNonvestedSharesWithForfeitableDividends / shares,,,,,,,,,851000.0,889000.0,471000.0,814000.0,802000.0,756000.0,873000.0,767000.0,713000.0,744000.0,736000.0,787000.0,661000.0,664000.0,763000.0,817000.0,640000.0,670000.0,709000.0,899000.0,760000.0,754000.0,801000.0,916000.0,783000.0,741000.0,829000.0,670000.0,530000.0,521000.0,758000.0,677000.0,582000.0,581000.0,608000.0,560000.0,478000.0,444000.0,620000.0,355000.0,276000.0,243000.0,455000.0,200000.0,100000.0,100000.0,200000.0,100000.0,100000.0,0.0,200000.0,100000.0,100000.0,100000.0,100000.0,100000.0,0.0,100000.0
InterestExpense / USD,,,,,,,44391000.0,11998000.0,23964000.0,36104000.0,47351000.0,11820000.0,123676000.0,135473000.0,157667000.0,12340000.0,24920000.0,37539000.0,147332000.0,12596000.0,32405000.0,53524000.0,50196000.0,21385000.0,42875000.0,64408000.0,74761000.0,22017000.0,50520000.0,79064000.0,85994000.0,28804000.0,57663000.0,86582000.0,107631000.0,29023000.0,58113000.0,95869000.0,115564000.0,40788000.0,69580000.0,92211000.0,136336000.0,22631000.0,45266000.0,67899000.0,114845000.0,22535000.0,45070000.0,67607000.0,90611000.0,22500000.0,45600000.0,64400000.0,90200000.0,18800000.0,37700000.0,56500000.0,83300000.0,18800000.0,37700000.0,56500000.0,75300000.0,18800000.0,37600000.0,56500000.0
InterestPaidNet / USD,18218000.0,35677000.0,1453000.0,19521000.0,19521000.0,39256000.0,35677000.0,19811000.0,19811000.0,39628000.0,39256000.0,20062000.0,120082000.0,140047000.0,148870000.0,20036000.0,20476000.0,40829000.0,140193000.0,20393000.0,20495000.0,40435000.0,41276000.0,20209000.0,37507000.0,57767000.0,58928000.0,25494000.0,42839000.0,68678000.0,75088000.0,27028000.0,57636000.0,84930000.0,99473.0,28189000.0,58797000.0,86622000.0,115544000.0,43326000.0,73971000.0,87184000.0,117234000.0,13063000.0,43708000.0,57074000.0,117956000.0,13151000.0,43708000.0,56860000.0,87683000.0,13200000.0,48700000.0,61800000.0,87400000.0,13100000.0,36400000.0,49600000.0,85600000.0,13100000.0,36400000.0,49500000.0,72800000.0,13100000.0,36400000.0,49500000.0
InterestPayableCurrentAndNoncurrent / USD,,,,,,,,,,,,,,,,,,,,,,,,,5500000.0,6400000.0,21138000.0,6800000.0,6800000.0,7700000.0,27701000.0,,,,27701000.0,,,,47357000.0,24318000.0,24318000.0,24318000.0,24318000.0,33435000.0,24318000.0,24318000.0,24318000.0,24408000.0,24408000.0,24408000.0,24408000.0,19500000.0,19500000.0,19500000.0,19500000.0,19500000.0,19500000.0,19500000.0,19500000.0,19500000.0,19500000.0,19500000.0,19500000.0,19500000.0,19500000.0,19500000.0
InvestmentIncomeAmortizationOfDiscount / USD,,,,,,,,,,,,,,,,,,,,,,,,,,,,,,,,,,,1843000.0,,,,5527000.0,,,,14860000.0,,,,18259000.0,,,,,,,,,,,,400000.0,4000000.0,9300000.0,18600000.0,7700000.0,7000000.0,11100000.0,16600000.0
InvestmentIncomeInterestAndDividend / USD,,,,,,,,,,,,,,,,,,,,,,,2957000.0,,,,1897000.0,,,,922000.0,,,,2128000.0,,,,6191000.0,,,,17944000.0,,,,26490000.0,,,,26596000.0,,,,7800000.0,300000.0,1800000.0,6400000.0,600000.0,10700000.0,22200000.0,33800000.0,14900000.0,12000000.0,21700000.0,30400000.0
LaborAndRelatedExpense / USD,,,,,,,,,,,,,,,,,,,,,,,,,,,,,,,,,,,,,,,,,,,,,,,,,,,,,,,,,,,,,,,200800000.0,58800000.0,113800000.0,166900000.0
Land / USD,,,,,,,,,,,4681000.0,,,,31141000.0,,,,31141000.0,,,,31141000.0,,,,31141000.0,,,,31141000.0,,,,31141000.0,,,,31141000.0,,,,31141000.0,,,,31141000.0,,,,31141000.0,,,,31100000.0,,,31100000.0,31100000.0,,,,37900000.0,,,
LeaseholdImprovementsGross / USD,,,,,,,,,,,13958000.0,,,,2282000.0,,,,2223000.0,,,,2189000.0,,,,1858000.0,,,,1350000.0,,,,1350000.0,,,,1403000.0,,,,1403000.0,,,,1458000.0,,,,1458000.0,,,,1500000.0,,,1500000.0,1500000.0,,,,1600000.0,,,
Liabilities / USD,1848451000.0,1848451000.0,1848451000.0,1871480000.0,1871480000.0,1871480000.0,1871480000.0,1767576000.0,1767576000.0,1767576000.0,1767576000.0,1944286000.0,1944286000.0,1944286000.0,1944286000.0,2071799000.0,2071799000.0,2071799000.0,2071799000.0,3084325000.0,3084325000.0,3084325000.0,3084325000.0,3038325000.0,3017930000.0,3017930000.0,2784616000.0,3428184000.0,3428184000.0,3428184000.0,3428184000.0,3535167000.0,3535167000.0,3535167000.0,3535167000.0,4201459000.0,4201459000.0,4201459000.0,4201459000.0,3299978000.0,3299978000.0,3299978000.0,3299978000.0,3344109000.0,3344109000.0,3344109000.0,3344109000.0,3157108000.0,3157108000.0,3157108000.0,3157108000.0,3244300000.0,3244300000.0,3244300000.0,3244300000.0,3295600000.0,3295600000.0,3295600000.0,3295600000.0,3330000000.0,3330000000.0,3330000000.0,3330000000.0,3364400000.0,3364400000.0,3364400000.0
LiabilitiesAndStockholdersEquity / USD,2366872000.0,2366872000.0,2366872000.0,2470144000.0,2470144000.0,2470144000.0,2470144000.0,2444006000.0,2444006000.0,2444006000.0,2444006000.0,1856179000.0,1856179000.0,1856179000.0,1856179000.0,2062476000.0,2062476000.0,2062476000.0,2062476000.0,2660767000.0,2660767000.0,2660767000.0,2660767000.0,2154859000.0,2134464000.0,2134464000.0,1901150000.0,2357737000.0,2357737000.0,2357737000.0,2357737000.0,2334572000.0,2334572000.0,2334572000.0,2334572000.0,2941188000.0,2941188000.0,2941188000.0,2941188000.0,1914504000.0,1914504000.0,1914504000.0,1914504000.0,1854009000.0,1854009000.0,1854009000.0,1854009000.0,1766910000.0,1766910000.0,1766910000.0,1766910000.0,1983800000.0,1983800000.0,1983800000.0,1983800000.0,1733400000.0,1733400000.0,1733400000.0,1733400000.0,1749000000.0,1749000000.0,1749000000.0,1749000000.0,1406500000.0,1406500000.0,1406500000.0
LiabilitiesCurrent / USD,976878000.0,976878000.0,976878000.0,886474000.0,886474000.0,886474000.0,886474000.0,652713000.0,652713000.0,652713000.0,652713000.0,658923000.0,658923000.0,658923000.0,658923000.0,695018000.0,695018000.0,695018000.0,695018000.0,2029186000.0,2029186000.0,2029186000.0,2029186000.0,1920556000.0,1909986000.0,1909986000.0,1432205000.0,1502980000.0,1502980000.0,1502980000.0,1502980000.0,1521949000.0,1521949000.0,1521949000.0,1521949000.0,1560528000.0,1560528000.0,1560528000.0,1560528000.0,947590000.0,947590000.0,947590000.0,947590000.0,965166000.0,965166000.0,965166000.0,965166000.0,988693000.0,988693000.0,988693000.0,988693000.0,1074000000.0,1074000000.0,1074000000.0,1074000000.0,1116900000.0,1116900000.0,1116900000.0,1116900000.0,1188500000.0,1188500000.0,1188500000.0,1188500000.0,1531100000.0,1531100000.0,1531100000.0
LiabilitiesNoncurrent / USD,871573000.0,871573000.0,871573000.0,985006000.0,985006000.0,985006000.0,985006000.0,1114863000.0,1114863000.0,1114863000.0,1114863000.0,1285363000.0,1285363000.0,1285363000.0,1285363000.0,1376781000.0,1376781000.0,1376781000.0,1376781000.0,1055139000.0,1055139000.0,1055139000.0,1055139000.0,1117769000.0,1107944000.0,1107944000.0,1352411000.0,1925204000.0,1925204000.0,1925204000.0,1925204000.0,2013218000.0,2013218000.0,2013218000.0,2013218000.0,2640931000.0,2640931000.0,2640931000.0,2640931000.0,2352388000.0,2352388000.0,2352388000.0,2352388000.0,2378943000.0,2378943000.0,2378943000.0,2378943000.0,2168415000.0,2168415000.0,2168415000.0,2168415000.0,2170300000.0,2170300000.0,2170300000.0,2170300000.0,2178700000.0,2178700000.0,2178700000.0,2178700000.0,2141500000.0,2141500000.0,2141500000.0,2141500000.0,1833300000.0,1833300000.0,1833300000.0
LiabilityForUncertainTaxPositionsNoncurrent / USD,,,,,,,,,,,,,,,46400000.0,,,,187200000.0,,,,210300000.0,,,,211000000.0,,,,212000000.0,,,,217000000.0,,,,219500000.0,,,,229200000.0,,,,23100000.0,,,,16200000.0,,,,14800000.0,,,,7100000.0,,,,4300000.0,,,
LineOfCreditFacilityCurrentBorrowingCapacity / USD,,,,,,,,,,,,,,,200000000.0,,,,200000000.0,,,,200000000.0,,,,200000000.0,,,,200000000.0,,,,200000000.0,,,,200000000.0,,,,200000000.0,,,,200000000.0,,,,200000000.0,,,,200000000.0,,,,200000000.0,,,200000000.0,200000000.0,,,
MarketableSecuritiesCurrent / USD,,,,185000.0,185000.0,185000.0,185000.0,501238000.0,501238000.0,501238000.0,501238000.0,32860000.0,32860000.0,32860000.0,32860000.0,1425700000.0,1425700000.0,1425700000.0,1425700000.0,1384062000.0,1384062000.0,1384062000.0,1384062000.0,1233076000.0,1233076000.0,1233076000.0,1233076000.0,1686771000.0,1686771000.0,1686771000.0,1686771000.0,1565962000.0,1565962000.0,1565962000.0,1565962000.0,1948900000.0,1948900000.0,1948900000.0,1948900000.0,912254000.0,912254000.0,912254000.0,912254000.0,709863000.0,709863000.0,709863000.0,709863000.0,765713000.0,765713000.0,765713000.0,765713000.0,982300000.0,982300000.0,982300000.0,982300000.0,606800000.0,606800000.0,606800000.0,606800000.0,686300000.0,686300000.0,686300000.0,686300000.0,393200000.0,393200000.0,393200000.0
MoneyMarketFundsAtCarryingValue / USD,,,,,,,,,648054000.0,648054000.0,648054000.0,132145000.0,132145000.0,132145000.0,132145000.0,38054000.0,38054000.0,38054000.0,38054000.0,246492000.0,246492000.0,246492000.0,246492000.0,85453000.0,85453000.0,85453000.0,85453000.0,137593000.0,137593000.0,137593000.0,137593000.0,134790000.0,,,4632000.0,,,,116068000.0,120832000.0,120832000.0,120832000.0,120832000.0,149624000.0,149624000.0,149624000.0,149624000.0,129627000.0,129627000.0,129627000.0,129627000.0,165600000.0,165600000.0,165600000.0,165600000.0,178600000.0,178600000.0,178600000.0,178600000.0,160300000.0,160300000.0,160300000.0,160300000.0,188600000.0,188600000.0,188600000.0
NetCashProvidedByUsedInFinancingActivities / USD,-1056576000.0,-1149739000.0,188671000.0,43065000.0,92736000.0,81694000.0,-1164027000.0,-28609000.0,-242224000.0,-211334000.0,-197994000.0,-187263000.0,-740870000.0,-970057000.0,-745274000.0,-60003000.0,-125550000.0,-183864000.0,-852198000.0,-122351000.0,187621000.0,-125014000.0,-277752000.0,-136888000.0,-422397000.0,-649158000.0,-357333000.0,330263000.0,176732000.0,33772000.0,-859752000.0,-164276000.0,-316151000.0,-488264000.0,-136242000.0,-165051000.0,-317762000.0,81810000.0,-648821000.0,-144930000.0,-1523795000.0,-1696976000.0,-65073000.0,-196049000.0,-376279000.0,-570333000.0,-1875325000.0,-267327000.0,-421530000.0,-591128000.0,-770303000.0,-177300000.0,-360800000.0,-533300000.0,-764900000.0,-196400000.0,-547900000.0,-821700000.0,-719100000.0,-222500000.0,-445400000.0,-663500000.0,-1035800000.0,-261600000.0,-651900000.0,-951000000.0
NetCashProvidedByUsedInInvestingActivities / USD,49897000.0,-190582000.0,209009000.0,78129000.0,309120000.0,330712000.0,76764000.0,-457493000.0,-497192000.0,616784000.0,484455000.0,-23516000.0,294886000.0,403175000.0,603090000.0,-12939000.0,-1116330000.0,-1226063000.0,273242000.0,-78565000.0,-34036000.0,-317085000.0,-1442353000.0,-77141000.0,57531000.0,114029000.0,-11062000.0,51155000.0,-489285000.0,-510423000.0,112688000.0,19697000.0,-58508000.0,-50762000.0,-496899000.0,238430000.0,-2016000.0,-531973000.0,-42732000.0,1292652000.0,1023144000.0,984447000.0,-405424000.0,430691000.0,418062000.0,-237827000.0,1070130000.0,79084000.0,-174368000.0,-305820000.0,167195000.0,-175200000.0,-164900000.0,-215100000.0,-72300000.0,524500000.0,579400000.0,546000000.0,-269200000.0,409800000.0,11500000.0,-201500000.0,355700000.0,496400000.0,246500000.0,307000000.0
NetCashProvidedByUsedInOperatingActivities / USD,246957000.0,363040000.0,473537000.0,38438000.0,121265000.0,222042000.0,484034000.0,101120000.0,250320000.0,168479000.0,395191000.0,90287000.0,103236000.0,211687000.0,215206000.0,110278000.0,245249000.0,366871000.0,335901000.0,150637000.0,297473000.0,431957000.0,537630000.0,141629000.0,262738000.0,430476000.0,579397000.0,132669000.0,307625000.0,462947000.0,600949000.0,149644000.0,316999000.0,488043000.0,669946000.0,148186000.0,328897000.0,503568000.0,693007000.0,89989000.0,291806000.0,479267000.0,702761000.0,187330000.0,352175000.0,560294000.0,697767000.0,180060000.0,395372000.0,534962000.0,753892000.0,198300000.0,340800000.0,600900000.0,730200000.0,207100000.0,352000000.0,614200000.0,807200000.0,259000000.0,404300000.0,649600000.0,831100000.0,257300000.0,417700000.0,671100000.0
NetIncomeLoss / USD,-77239000.0,-278329000.0,-150347000.0,65020000.0,99894000.0,153505000.0,-374251000.0,51356000.0,86569000.0,871472000.0,245553000.0,,,,830967000.0,,,,,84513000.0,171403000.0,252301000.0,,94423000.0,194599000.0,289788000.0,,88238000.0,181249000.0,273706000.0,,107456000.0,220666000.0,335093000.0,,116412000.0,239512000.0,354411000.0,,134263000.0,262614000.0,400294000.0,,162527000.0,310061000.0,463974000.0,,334116000.0,486595000.0,657574000.0,,150400000.0,298100000.0,454700000.0,,157500000.0,324800000.0,494300000.0,,178700000.0,364400000.0,552900000.0,,194100000.0,392900000.0,594200000.0
NonoperatingGainsLosses / USD,-8858000.0,-22308000.0,94407000.0,-4340000.0,-15433000.0,-24489000.0,93887000.0,4828000.0,8678000.0,13318000.0,11945000.0,5478000.0,11627000.0,15218000.0,20738000.0,807000.0,-1290000.0,-3032000.0,11530000.0,-5777000.0,384000.0,-4208000.0,5564000.0,6516000.0,11510000.0,5037000.0,3300000.0,-5555000.0,-2354000.0,-6329000.0,4878000.0,3121000.0,4830000.0,8092000.0,-10665000.0,1301000.0,15303000.0,21544000.0,10165000.0,7804000.0,8464000.0,14399000.0,27626000.0,12203000.0,23639000.0,34137000.0,76969000.0,7084000.0,14487000.0,15262000.0,43260000.0,400000.0,-1600000.0,-1500000.0,16200000.0,300000.0,1900000.0,6800000.0,-1300000.0,11300000.0,24000000.0,37100000.0,12400000.0,13900000.0,25400000.0,35900000.0
NonoperatingIncomeExpense / USD,,,,,,,,,,,,,11627000.0,,20738000.0,807000.0,-1290000.0,-3032000.0,11530000.0,-5777000.0,384000.0,-4208000.0,5564000.0,6516000.0,11510000.0,5037000.0,3300000.0,-5555000.0,-2354000.0,-6329000.0,4878000.0,3121000.0,4830000.0,8092000.0,-10665000.0,1301000.0,15303000.0,21544000.0,10165000.0,7804000.0,8464000.0,14399000.0,27626000.0,12203000.0,23639000.0,34137000.0,76969000.0,7084000.0,14487000.0,15262000.0,43260000.0,,,,16200000.0,,,6800000.0,-1300000.0,,,,12400000.0,,,35900000.0
NumberOfReportableSegments / numberOfReportableSe,,,,,,,,,,,,,,,,,,,,,,,,,,,,,,,,,,,,,,,,,,,,,,,,,,,,,,,,,,,,,,,1.0,1.0,1.0,1.0
OperatingExpenses / USD,,,,,,,,,,,,,,,,,,,,,,,,,,,,,,,,,,,,,,,,,,,,,,,,,,,,,,,,,,,,,,,481800000.0,125400000.0,246300000.0,367600000.0
OperatingIncomeLoss / USD,11544000.0,78717000.0,-231518000.0,74857000.0,76194000.0,110282000.0,-26012000.0,54103000.0,104925000.0,164797000.0,159958000.0,65510000.0,147569000.0,236516000.0,232283000.0,98930000.0,205910000.0,321972000.0,329389000.0,133264000.0,265345000.0,398058000.0,457327000.0,139585000.0,282706000.0,422206000.0,528232000.0,144237000.0,293202000.0,447664000.0,564427000.0,166767000.0,343034000.0,517810000.0,605946000.0,175271000.0,350231000.0,531290000.0,686572000.0,185419000.0,378429000.0,573426000.0,707722000.0,200252000.0,401945000.0,607561000.0,767392000.0,206264000.0,413044000.0,619693000.0,806127000.0,210400000.0,423400000.0,644700000.0,824200000.0,224800000.0,460800000.0,697600000.0,866800000.0,241300000.0,490000000.0,744300000.0,943100000.0,258900000.0,525100000.0,794400000.0
OperatingLeaseLiabilityCurrent / USD,,,,,,,,,,,,,,,,,,,,,,,,,,,,,,,,,,,,,,,,0.0,0.0,0.0,,,,,,,,,,,,,,,,5500000.0,5500000.0,5100000.0,5100000.0,5100000.0,5100000.0,5200000.0,5200000.0,5200000.0
OtherAccruedLiabilitiesCurrent / USD,,,,,,,,,40234000.0,40234000.0,40234000.0,41167000.0,41167000.0,41167000.0,41167000.0,26855000.0,26855000.0,26855000.0,26855000.0,33737000.0,33737000.0,33737000.0,33737000.0,34291000.0,34291000.0,13153000.0,13153000.0,20071000.0,20071000.0,20071000.0,20071000.0,20021000.0,20021000.0,20021000.0,20021000.0,22748000.0,22748000.0,22748000.0,22748000.0,28809000.0,28809000.0,28809000.0,8220000.0,7309000.0,7309000.0,7309000.0,11706000.0,10827000.0,10827000.0,10827000.0,10827000.0,9300000.0,9300000.0,9300000.0,9300000.0,9000000.0,9000000.0,3500000.0,3400000.0,2900000.0,2900000.0,2900000.0,2900000.0,3700000.0,3700000.0,3700000.0
OtherAmortizationOfDeferredCharges / USD,,,,,,,,,,,,,,,,,,,,,,,,,,,,,,,,,,,,8100000.0,16200000.0,24500000.0,32900000.0,8500000.0,17100000.0,25800000.0,34600000.0,8900000.0,17900000.0,27000000.0,36200000.0,9300000.0,18800000.0,28500000.0,38300000.0,9800000.0,19700000.0,29600000.0,39500000.0,,,,39500000.0,,,,39500000.0,,,
OtherAssetsCurrent / USD,,,,,,,,,115000.0,115000.0,,379000.0,379000.0,379000.0,379000.0,326000.0,326000.0,326000.0,326000.0,66283000.0,66283000.0,66283000.0,449000.0,52475000.0,41905000.0,41905000.0,2020000.0,39856000.0,39856000.0,39856000.0,1935000.0,44435000.0,44435000.0,44435000.0,1671000.0,31402000.0,31402000.0,31402000.0,4157000.0,47365000.0,47365000.0,47365000.0,2080000.0,60530000.0,60530000.0,60530000.0,1639000.0,51033000.0,51033000.0,51033000.0,2245000.0,62900000.0,62900000.0,62900000.0,900000.0,58300000.0,58300000.0,58300000.0,58300000.0,61900000.0,61900000.0,61900000.0,61900000.0,63900000.0,63900000.0,63900000.0
OtherAssetsMiscellaneousCurrent / USD,,,,,,,,,,,,,,,,,,,,449000.0,449000.0,449000.0,,647000.0,,,,1935000.0,1935000.0,1935000.0,,1671000.0,1671000.0,1671000.0,,4157000.0,4157000.0,4157000.0,,2080000.0,2080000.0,2080000.0,,2750000.0,2750000.0,2750000.0,,2245000.0,2245000.0,2245000.0,,900000.0,900000.0,900000.0,,,1400000.0,3300000.0,1400000.0,1200000.0,1200000.0,1200000.0,1200000.0,,1000000.0,1000000.0
OtherAssetsMiscellaneousNoncurrent / USD,,,,,,,,,,,,,,,,,,,,,,,,,,,,,,,,,,,,3642000.0,3642000.0,3642000.0,,3535000.0,3535000.0,3535000.0,,6594000.0,6594000.0,6594000.0,,1203000.0,2172000.0,2172000.0,2172000.0,2300000.0,2300000.0,2300000.0,2300000.0,,2300000.0,2300000.0,2300000.0,3100000.0,3100000.0,3100000.0,3100000.0,,3000000.0,3000000.0
OtherAssetsNoncurrent / USD,38118000.0,38118000.0,38118000.0,44865000.0,44865000.0,44865000.0,44865000.0,20584000.0,20584000.0,20584000.0,20584000.0,27414000.0,27414000.0,24656000.0,24656000.0,25325000.0,25325000.0,25325000.0,25325000.0,27745000.0,27745000.0,27745000.0,27745000.0,25743000.0,15918000.0,15918000.0,15918000.0,24355000.0,24355000.0,22355000.0,22355000.0,19193000.0,19193000.0,19193000.0,19193000.0,18603000.0,18603000.0,18603000.0,18603000.0,41046000.0,41046000.0,41046000.0,41046000.0,39812000.0,39812000.0,39812000.0,39812000.0,37958000.0,37958000.0,37958000.0,37958000.0,35700000.0,35700000.0,35700000.0,35700000.0,30600000.0,30600000.0,30600000.0,30600000.0,29000000.0,29000000.0,29000000.0,29000000.0,39400000.0,39400000.0,39400000.0
OtherComprehensiveIncomeLossNetOfTax / USD,,,,,,,,,,,,,,-1850000.0,-19619000.0,-10000.0,2000.0,2481000.0,-1750000.0,-287000.0,-2905000.0,-2819000.0,2696000.0,13000.0,-22000.0,36000.0,-2697000.0,83000.0,-130000.0,409000.0,87000.0,869000.0,1804000.0,1308000.0,-995000.0,346000.0,563000.0,299000.0,540000.0,243000.0,260000.0,-62000.0,512000.0,49000.0,84000.0,392000.0,130000.0,2263000.0,263000.0,-120000.0,190000.0,0.0,-100000.0,0.0,-100000.0,-200000.0,-100000.0,100000.0,0.0,0.0,-700000.0,-300000.0,100000.0,-200000.0,-200000.0,200000.0
OtherLiabilitiesNoncurrent / USD,84543000.0,84543000.0,84543000.0,164894000.0,164894000.0,164894000.0,20117000.0,17981000.0,17981000.0,17981000.0,17981000.0,43717000.0,43717000.0,43717000.0,43717000.0,44298000.0,44298000.0,44298000.0,44298000.0,44524000.0,44524000.0,44524000.0,44524000.0,98722000.0,98722000.0,98722000.0,98722000.0,114797000.0,114797000.0,114797000.0,114797000.0,117172000.0,117172000.0,117172000.0,117172000.0,128197000.0,128197000.0,128197000.0,128197000.0,281621000.0,281621000.0,281621000.0,281621000.0,312676000.0,312676000.0,312676000.0,312676000.0,95494000.0,95494000.0,95494000.0,95494000.0,78600000.0,78600000.0,78600000.0,78600000.0,62100000.0,62100000.0,62100000.0,62100000.0,36300000.0,36300000.0,36300000.0,36300000.0,10100000.0,10100000.0,10100000.0
OtherNoncashIncomeExpense / USD,,,,,,,,-6270000.0,-12949000.0,-8435000.0,3567000.0,-2129000.0,-1627000.0,-6804000.0,-9474000.0,-1006000.0,-10947000.0,-15650000.0,16086000.0,-4309000.0,-5627000.0,-7854000.0,-11505000.0,-1004000.0,-3802000.0,-7470000.0,-4434000.0,144000.0,1099000.0,961000.0,-480000.0,1844000.0,2385000.0,5355000.0,,-328000.0,-261000.0,-150000.0,,-4005000.0,-13452000.0,-14752000.0,,147000.0,-894000.0,-2126000.0,,1311000.0,8101000.0,8482000.0,11926000.0,-1100000.0,-4400000.0,-5400000.0,9100000.0,-600000.0,-1500000.0,-700000.0,-6400000.0,-1100000.0,-2000000.0,-3000000.0,-3800000.0,-1000000.0,-1600000.0,-2100000.0
OtherNonoperatingIncomeExpense / USD,,,,,,,,,-89000.0,894000.0,2761000.0,,1974000.0,-949000.0,-1023000.0,227000.0,-450000.0,-62000.0,-4691000.0,13000.0,3558000.0,3932000.0,-458000.0,931000.0,484000.0,376000.0,343000.0,1205000.0,1325000.0,1458000.0,1707000.0,1014000.0,1295000.0,1389000.0,1337000.0,-944000.0,-858000.0,-263000.0,3974000.0,315000.0,947000.0,1059000.0,-739000.0,793000.0,198000.0,425000.0,1061000.0,563000.0,81000.0,60000.0,247000.0,,,,-100000.0,,,400000.0,200000.0,,,,-2500000.0,,,5500000.0
PaymentsForFees / USD,,,,,,,,,,,,,,,,,,,,,,,,,,,,,,,,,,,,,,,,,,,,,,,33000000.0,,,,34700000.0,,,,36300000.0,,,,40600000.0,,,,39900000.0,,,
PaymentsForRepurchaseOfCommonStock / USD,1148380000.0,1276683000.0,1156491000.0,1361000.0,22637000.0,51682000.0,1327378000.0,53753000.0,281943000.0,434234000.0,260571000.0,207428000.0,310671000.0,548803000.0,449749000.0,75149000.0,152725000.0,231391000.0,550097000.0,142892000.0,478148000.0,810067000.0,325680000.0,145556000.0,446676000.0,673540000.0,1035617000.0,178330000.0,335885000.0,492575000.0,883403000.0,172360000.0,324235000.0,501934000.0,643169000.0,173048000.0,325759000.0,474290000.0,662491000.0,152741000.0,281597000.0,459803000.0,621173000.0,204302000.0,384532000.0,583485000.0,638152000.0,275623000.0,429826000.0,603705000.0,782583000.0,185400000.0,361200000.0,536800000.0,777500000.0,204600000.0,556100000.0,834000000.0,722600000.0,230500000.0,453400000.0,675800000.0,1048100000.0,269900000.0,660200000.0,963300000.0
PaymentsOfDividends / USD,,,,,,,,,,,,,463498000.0,463498000.0,518217000.0,,,,463498000.0,,,,,,,,,,,,,,,,,,,,,,,,,,,,,,,,,,,,,,,,,,,,,,0.0,0.0
PaymentsToAcquireInvestments / USD,,,,750000.0,750000.0,750000.0,1150000.0,549087000.0,662275000.0,714592000.0,1150000.0,18008000.0,44038000.0,75705000.0,787718000.0,5082000.0,1097669000.0,1579234000.0,78975000.0,764268000.0,1557724000.0,2516714000.0,2622898000.0,784090000.0,2042657000.0,2281523000.0,3450068000.0,257415000.0,1747025000.0,2443865000.0,3277096000.0,874031000.0,2101863000.0,2917743000.0,3219329000.0,813459000.0,2351738000.0,4398787000.0,3691057000.0,631456000.0,1592403000.0,2067498000.0,4929834000.0,496779000.0,1021741000.0,1721661000.0,2976752000.0,730507000.0,1167680000.0,2093437000.0,2030521000.0,962300000.0,1623600000.0,2421700000.0,2355400000.0,164900000.0,465200000.0,909300000.0,2870700000.0,146500000.0,697600000.0,911500000.0,1338400000.0,157800000.0,468100000.0,684000000.0
PaymentsToAcquirePropertyPlantAndEquipment / USD,60769000.0,88093000.0,154540000.0,20994000.0,40815000.0,66067000.0,120990000.0,19898000.0,42772000.0,68646000.0,116876000.0,15565000.0,29481000.0,63444000.0,80527000.0,12917000.0,26242000.0,39868000.0,192660000.0,17115000.0,37550000.0,50201000.0,53023000.0,11262000.0,18747000.0,30058000.0,65594000.0,13042000.0,21891000.0,28659000.0,39327000.0,7082000.0,13458000.0,19889000.0,40656000.0,9654000.0,18974000.0,40609000.0,26574000.0,7662000.0,18669000.0,29597000.0,49499000.0,9133000.0,20189000.0,31498000.0,37007000.0,11013000.0,21891000.0,36933000.0,40316000.0,6700000.0,24300000.0,39500000.0,43400000.0,6600000.0,12800000.0,19700000.0,53000000.0,5700000.0,12200000.0,40800000.0,27400000.0,3800000.0,13000000.0,18600000.0
PreferredStockParOrStatedValuePerShare / USD/shares,0.001,0.001,0.001,0.001,0.001,0.001,0.001,0.001,0.001,0.001,0.001,0.001,0.001,0.001,0.001,0.001,0.001,0.001,0.001,0.001,0.001,0.001,0.001,0.001,0.001,0.001,0.001,0.001,0.001,0.001,0.001,0.001,0.001,0.001,0.001,0.001,0.001,0.001,0.001,0.001,0.001,0.001,0.001,0.001,0.001,0.001,0.001,0.001,0.001,0.001,0.001,0.001,0.001,0.001,0.001,0.001,0.001,0.001,0.001,0.001,0.001,0.001,0.001,0.001,0.001,0.001
PreferredStockSharesAuthorized / shares,5000000.0,5000000.0,5000000.0,5000000.0,5000000.0,5000000.0,5000000.0,5000000.0,5000000.0,5000000.0,5000000.0,5000000.0,5000000.0,5000000.0,5000000.0,5000000.0,5000000.0,5000000.0,5000000.0,5000000.0,5000000.0,5000000.0,5000000.0,5000000.0,5000000.0,5000000.0,5000000.0,5000000.0,5000000.0,5000000.0,5000000.0,5000000.0,5000000.0,5000000.0,5000000.0,5000000.0,5000000.0,5000000.0,5000000.0,5000000.0,5000000.0,5000000.0,5000000.0,5000000.0,5000.0,5000.0,5000000.0,5000000.0,5000000.0,5000000.0,5000000.0,5000000.0,5000000.0,5000000.0,5000000.0,5000000.0,5000000.0,5000000.0,5000000.0,5000000.0,5000000.0,5000000.0,5000000.0,5000000.0,5000000.0,5000000.0
PreferredStockSharesIssued / shares,0.0,0.0,0.0,0.0,0.0,0.0,,0.0,0.0,0.0,0.0,0.0,0.0,0.0,0.0,0.0,0.0,0.0,0.0,0.0,0.0,0.0,0.0,0.0,0.0,0.0,0.0,0.0,0.0,0.0,0.0,0.0,0.0,0.0,0.0,0.0,0.0,0.0,0.0,0.0,0.0,0.0,0.0,0.0,0.0,0.0,0.0,0.0,0.0,0.0,0.0,0.0,0.0,0.0,0.0,0.0,0.0,0.0,0.0,0.0,0.0,0.0,0.0,0.0,0.0,0.0
PreferredStockSharesOutstanding / shares,0.0,0.0,0.0,0.0,0.0,0.0,,0.0,0.0,0.0,0.0,0.0,0.0,0.0,0.0,0.0,0.0,0.0,0.0,0.0,0.0,0.0,0.0,0.0,0.0,0.0,0.0,0.0,0.0,0.0,0.0,0.0,0.0,0.0,0.0,0.0,0.0,0.0,0.0,0.0,0.0,0.0,0.0,0.0,0.0,0.0,0.0,0.0,0.0,0.0,0.0,0.0,0.0,0.0,0.0,0.0,0.0,0.0,0.0,0.0,0.0,0.0,0.0,0.0,0.0,0.0
PreferredStockValue / USD,0.0,0.0,0.0,,,,,,,,,0.0,0.0,0.0,0.0,0.0,0.0,0.0,0.0,0.0,0.0,0.0,0.0,0.0,0.0,0.0,0.0,0.0,0.0,0.0,0.0,0.0,0.0,0.0,0.0,0.0,0.0,0.0,0.0,0.0,0.0,0.0,0.0,0.0,0.0,0.0,0.0,0.0,0.0,0.0,0.0,0.0,0.0,0.0,0.0,0.0,0.0,0.0,0.0,0.0,0.0,0.0,0.0,0.0,0.0,0.0
PrepaidExpenseAndOtherAssetsCurrent / USD,,,,,,,,102217000.0,102217000.0,102217000.0,102217000.0,86598000.0,86598000.0,21847000.0,21847000.0,30795000.0,30795000.0,30795000.0,30795000.0,,,,66283000.0,,,,41658000.0,,,,39856000.0,,,,44435000.0,,,,31402000.0,,,,47365000.0,,,,60530000.0,,,,51033000.0,,,,62900000.0,,,,58300000.0,,,,61900000.0,,,
PrepaidExpenseCurrent / USD,,,,,,,,,9939000.0,9939000.0,9939000.0,12016000.0,12016000.0,12016000.0,12016000.0,15413000.0,15413000.0,15413000.0,15413000.0,13502000.0,13502000.0,13502000.0,13502000.0,16190000.0,16190000.0,16190000.0,16190000.0,14823000.0,14823000.0,14823000.0,14823000.0,14385000.0,14385000.0,14385000.0,14385000.0,15787000.0,15787000.0,15787000.0,15787000.0,14109000.0,14109000.0,14109000.0,14109000.0,19818000.0,19818000.0,19818000.0,19818000.0,17920000.0,17920000.0,17920000.0,17920000.0,24800000.0,24800000.0,24800000.0,24800000.0,,,,24500000.0,,,,23300000.0,,,
PrepaidExpenseCurrentAndNoncurrent / USD,,,,,,,,,,,,,,,,,,,,,,,,,,,,,,,,,,,,,,,,,,,,,,,,,,,,,,,,,24500000.0,24300000.0,,23300000.0,23300000.0,23300000.0,,,30800000.0,30800000.0
PrepaidExpenseNoncurrent / USD,,,,,,,,,,,,,,,,,,,,,,,,,,,,,,,,,,,,,,,,,,,,,,,,7105000.0,7105000.0,7105000.0,7105000.0,11000000.0,11000000.0,11000000.0,11000000.0,,6600000.0,6600000.0,5400000.0,4800000.0,8300000.0,4800000.0,4800000.0,,13500000.0,13500000.0
ProceedsFromDebtNetOfIssuanceCosts / USD,,,,,,,,,,,,,,,,,,,,,,,,,,,,,,,,,,0.0,,,,543185000.0,,,,,,,,,,,0.0,0.0,0.0,,742300000.0,741100000.0,0.0,,,,741100000.0,,,,,0.0,0.0,0.0
ProceedsFromIssuanceOfSharesUnderIncentiveAndShareBasedCompensationPlansIncludingStockOptions / USD,92527000.0,120591000.0,306976000.0,17133000.0,20945000.0,32906000.0,122427000.0,17393000.0,28002000.0,56442000.0,36204000.0,16550000.0,32445000.0,41510000.0,92510000.0,11390000.0,15348000.0,26573000.0,49983000.0,8733000.0,9396000.0,16661000.0,29303000.0,8668000.0,8970000.0,15816000.0,20667000.0,8776000.0,9014000.0,14690000.0,17597000.0,8084000.0,8084000.0,13670000.0,14690000.0,7997000.0,7997000.0,12915000.0,13670000.0,7811000.0,7811000.0,12836000.0,12915000.0,8253000.0,8253000.0,13152000.0,12836000.0,8296000.0,8296000.0,12577000.0,13152000.0,8100000.0,8100000.0,12400000.0,12600000.0,8200000.0,8200000.0,12300000.0,12400000.0,8000000.0,8000000.0,12300000.0,12300000.0,8300000.0,8300000.0,12300000.0
ProceedsFromPaymentsForOtherFinancingActivities / USD,,,888000.0,-346000.0,-101000.0,-113000.0,-623000.0,-346000.0,-736000.0,-736000.0,-1578000.0,0.0,0.0,-1117000.0,-740000.0,189000.0,189000.0,189000.0,-939000.0,,,,189000.0,,,,,,,,,,,,,,,,,,,,0.0,,,,0.0,,,,-872000.0,,,,,,,,0.0,,,,0.0,,,
ProceedsFromSaleMaturityAndCollectionsOfInvestments / USD,100000.0,1440000.0,206707000.0,94016000.0,117901000.0,117901000.0,99635000.0,95909000.0,196045000.0,239680000.0,129479000.0,11238000.0,369586000.0,543503000.0,313817000.0,5060000.0,8101000.0,393677000.0,546006000.0,706244000.0,1564459000.0,2253776000.0,1234156000.0,718177000.0,2118861000.0,2425259000.0,3508569000.0,325399000.0,1283367000.0,1965767000.0,3428659000.0,900810000.0,2056607000.0,3029699000.0,2767027000.0,1049795000.0,2356948000.0,3895675000.0,3817899000.0,1931930000.0,2634376000.0,3081702000.0,4562161000.0,939561000.0,1466303000.0,1523862000.0,4031809000.0,805748000.0,995194000.0,1804541000.0,2247904000.0,793800000.0,1483000000.0,2246100000.0,2305700000.0,696000000.0,1057400000.0,1475000000.0,2654500000.0,562000000.0,721300000.0,750800000.0,1721500000.0,658000000.0,727600000.0,1009600000.0
ProfitLoss / USD,-75344000.0,-275619000.0,-146507000.0,65515000.0,101287000.0,155886000.0,-390260000.0,52440000.0,88814000.0,874359000.0,249239000.0,40771000.0,30161000.0,89077000.0,833854000.0,68009000.0,136481000.0,214391000.0,142891000.0,84513000.0,171403000.0,252301000.0,320032000.0,94423000.0,194599000.0,289788000.0,544450000.0,88238000.0,181249000.0,273706000.0,355260000.0,107456000.0,220666000.0,335093000.0,375236000.0,116412000.0,239512000.0,354411000.0,440645000.0,134263000.0,262614000.0,400294000.0,457248000.0,162527000.0,310061000.0,463974000.0,582489000.0,334116000.0,486595000.0,657574000.0,612299000.0,150400000.0,298100000.0,454700000.0,814900000.0,157500000.0,324800000.0,494300000.0,784800000.0,178700000.0,364400000.0,552900000.0,673800000.0,194100000.0,392900000.0,594200000.0
PropertyPlantAndEquipmentGross / USD,,,,,,,,,,,422610000.0,,,,594232000.0,,,,603002000.0,,,,655751000.0,,,,694105000.0,,,,721323000.0,,,,730909000.0,,,,752163000.0,,,,751168000.0,,,,766937000.0,,,,711625000.0,,,,700900000.0,,,706800000.0,706800000.0,,,,736900000.0,,,
PropertyPlantAndEquipmentNet / USD,385498000.0,385498000.0,385498000.0,403821000.0,403821000.0,403821000.0,403821000.0,190319000.0,190319000.0,190319000.0,190319000.0,327136000.0,327136000.0,327136000.0,327136000.0,333861000.0,333861000.0,333861000.0,333861000.0,339653000.0,339653000.0,339653000.0,339653000.0,319028000.0,319028000.0,319028000.0,319028000.0,295570000.0,295570000.0,295570000.0,295570000.0,266125000.0,266125000.0,266125000.0,266125000.0,263513000.0,263513000.0,263513000.0,263513000.0,253905000.0,253905000.0,253905000.0,253905000.0,250283000.0,250283000.0,250283000.0,250283000.0,245571000.0,245571000.0,245571000.0,245571000.0,251200000.0,251200000.0,251200000.0,251200000.0,232000000.0,232000000.0,232000000.0,232000000.0,233200000.0,233200000.0,233200000.0,233200000.0,224500000.0,224500000.0,224500000.0
RepaymentsOfDebtMaturingInMoreThanThreeMonths / USD,,,,,,,,,,,,,,,,,,,,,,,,,,,,,,,,,,,,,,,,,,,,,,,,,0.0,0.0,0.0,,750000000.0,750000000.0,0.0,,,,750000000.0,,,,,0.0,0.0,0.0
ResearchAndDevelopmentExpense / USD,48764000.0,70528000.0,94434000.0,21783000.0,26805000.0,40050000.0,61750000.0,12277000.0,26015000.0,40483000.0,52364000.0,13594000.0,26668000.0,40156000.0,53664000.0,14765000.0,30226000.0,45635000.0,53277000.0,18176000.0,35075000.0,52531000.0,61694000.0,18439000.0,34133000.0,50453000.0,70297000.0,17152000.0,33499000.0,48518000.0,67777000.0,16743000.0,31031000.0,45355000.0,63718000.0,13344000.0,26854000.0,39569000.0,59100000.0,15375000.0,29130000.0,42842000.0,52342000.0,16132000.0,31085000.0,45704000.0,57884000.0,17358000.0,35560000.0,55268000.0,60805000.0,20300000.0,40100000.0,59700000.0,74700000.0,22900000.0,43200000.0,64200000.0,80500000.0,24200000.0,46400000.0,68100000.0,85700000.0,24800000.0,48600000.0,71800000.0
RestrictedCash / USD,,,,,,,,,,,,,,,,,,,,,,,,,,,,,,,,,,,,,,,,9338000.0,9338000.0,9338000.0,,9405000.0,9405000.0,9405000.0,,9407000.0,9407000.0,9407000.0,,5300000.0,5300000.0,5300000.0,,,5400000.0,5400000.0,6600000.0,5400000.0,5400000.0,5400000.0,5400000.0,,5400000.0,5400000.0
RestrictedCashAndCashEquivalentsAtCarryingValue / USD,,,,,,,,,2793000.0,2793000.0,2793000.0,3922000.0,3922000.0,3922000.0,3922000.0,4509000.0,4509000.0,4509000.0,4509000.0,8479000.0,8479000.0,8479000.0,8479000.0,8028000.0,8028000.0,8028000.0,8028000.0,11969000.0,11969000.0,11969000.0,11969000.0,9636000.0,9636000.0,9636000.0,9636000.0,9288000.0,9288000.0,9288000.0,9288000.0,,,,9338000.0,,,,9405000.0,,,,9407000.0,,,,5300000.0,,,,5400000.0,,,,5400000.0,,,
RestrictedCashEquivalentsNoncurrent / USD,,,,,,,,,,,,,,,,,,,,,,,,,,,,,,,,,,,,,,,,9338000.0,9338000.0,9338000.0,,9405000.0,9405000.0,9405000.0,,9407000.0,9407000.0,9407000.0,,5300000.0,5300000.0,5300000.0,,5400000.0,5400000.0,5400000.0,,5400000.0,5400000.0,5400000.0,,5400000.0,5400000.0,5400000.0
RetainedEarningsAccumulatedDeficit / USD,-21439988000.0,-21439988000.0,-21439988000.0,-21194435000.0,-21194435000.0,-21194435000.0,-21194435000.0,-20363468000.0,-20363468000.0,-20363468000.0,-20363468000.0,-20220577000.0,-20220577000.0,-20220577000.0,-20220577000.0,-19900545000.0,-19900545000.0,-19900545000.0,-19900545000.0,-19356095000.0,-19356095000.0,-19356095000.0,-19356095000.0,-19000835000.0,-19000835000.0,-19000835000.0,-19000835000.0,-18625599000.0,-18625599000.0,-18625599000.0,-18625599000.0,-18184954000.0,-18184954000.0,-18184954000.0,-18184954000.0,-17694790000.0,-17694790000.0,-17694790000.0,-17694790000.0,-17089789000.0,-17089789000.0,-17089789000.0,-17089789000.0,-16477490000.0,-16477490000.0,-16477490000.0,-16477490000.0,-15662602000.0,-15662602000.0,-15662602000.0,-15662602000.0,-14877800000.0,-14877800000.0,-14877800000.0,-14877800000.0,-14204000000.0,-14204000000.0,-14204000000.0,-14204000000.0,-13386400000.0,-13386400000.0,-13386400000.0,-13386400000.0,-12600700000.0,-12600700000.0,-12600700000.0
Revenues / USD,477298000.0,723232000.0,850509000.0,253557000.0,303990000.0,460797000.0,558896000.0,161582000.0,329463000.0,501749000.0,615947000.0,181523000.0,371367000.0,568332000.0,680578000.0,205726000.0,419868000.0,643396000.0,771978000.0,236447000.0,475779000.0,719457000.0,873592000.0,248796000.0,499178000.0,754200000.0,965087000.0,258422000.0,520961000.0,786741000.0,1010117000.0,281876000.0,568342000.0,855896000.0,1059366000.0,288614000.0,577166000.0,869594000.0,1142167000.0,299288000.0,601740000.0,907517000.0,1165095000.0,306408000.0,612697000.0,921118000.0,1214969000.0,312524000.0,626889000.0,944768000.0,1231661000.0,323600000.0,653000000.0,987300000.0,1265100000.0,346900000.0,698800000.0,1055700000.0,1327600000.0,364400000.0,736400000.0,1112700000.0,1424900000.0,384300000.0,771400000.0,1162000000.0
SegmentReportingOtherItemAmount / USD,,,,,,,,,,,,,,,,,,,,,,,,,,,,,,,,,,,,,,,,,,,,,,,,,,,,,,,,,,,,,,,86800000.0,19200000.0,39500000.0,59900000.0
SellingGeneralAndAdministrativeExpense / USD,,,,,,,,,,,,,,,,,,,,,,,,,,,,,,,,,,,,,,,,,,,,,,,,,,,,45900000.0,94700000.0,140300000.0,186000000.0,48500000.0,94600000.0,143700000.0,188400000.0,49000000.0,99800000.0,151500000.0,195400000.0,51500000.0,101500000.0,152800000.0
SeniorLongTermNotes / USD,,,,,,,,,,,,,,,,,,,,,,,,750000000.0,740175000.0,740175000.0,,1235354000.0,1235354000.0,1235354000.0,,1237189000.0,1237189000.0,1237189000.0,,1782529000.0,1782529000.0,1782529000.0,,1785047000.0,1785047000.0,1785047000.0,,1787565000.0,1787565000.0,1787565000.0,,1790083000.0,1790083000.0,1790083000.0,,1785700000.0,1785700000.0,1785700000.0,,1787900000.0,1787900000.0,1787900000.0,1787900000.0,1790200000.0,1790200000.0,1790200000.0,1790200000.0,1492500000.0,1492500000.0,1492500000.0
SeniorNotes / USD,,,,,,,,,,,,,,,,,,,0.0,,,,750000000.0,,,,740175000.0,,,,1235354000.0,,,,1237189000.0,,,,1782529000.0,,,,1785047000.0,,,,1787565000.0,,,,1790083000.0,,,,1785700000.0,,,,1787900000.0,,,,1790200000.0,,,
SeniorNotesCurrent / USD,,,,,,,,,,,,,,,,,,,,,,,,,,,,,,,,,,,,,,,,,,,,,,,,,,,,,,,,,,,,,,0.0,0.0,299800000.0,299800000.0,299800000.0
ShareBasedCompensation / USD,56331000.0,75368000.0,90914000.0,13928000.0,28096000.0,39405000.0,90066000.0,12085000.0,25310000.0,42201000.0,51166000.0,14950000.0,29014000.0,36107000.0,52178000.0,8130000.0,16584000.0,26391000.0,43272000.0,7594000.0,16429000.0,27006000.0,33362000.0,9993000.0,19365000.0,34281000.0,36649000.0,10128000.0,22129000.0,34351000.0,43977000.0,11759000.0,22891000.0,35745000.0,46075000.0,12563000.0,25938000.0,40043000.0,50044000.0,12978000.0,26276000.0,41406000.0,52907000.0,12462000.0,25617000.0,38237000.0,52504000.0,11441000.0,23428000.0,36106000.0,50626000.0,13000000.0,26600000.0,41000000.0,48200000.0,14200000.0,27900000.0,44200000.0,53400000.0,13800000.0,29500000.0,45000000.0,58600000.0,15100000.0,29400000.0,45200000.0
ShareBasedCompensationArrangementByShareBasedPaymentAwardEquityInstrumentsOtherThanOptionsForfeituresWeightedAverageGrantDateFairValue / USD/shares,,,,,,,,,,,,,,,25.34,,,,24.94,,,,32.34,,,,36.09,,,,44.0,,,,51.47,,,,88.43,,,,110.45,,,,155.98,,,,185.99,,,,,,,,,,,,203.74,,,
ShareBasedCompensationArrangementByShareBasedPaymentAwardEquityInstrumentsOtherThanOptionsGrantsInPeriod / shares,,,,,,,,,,,1422162.0,,,,2037000.0,,,,1860000.0,,,,1341000.0,,,,1132000.0,,,,909000.0,,,,1075000.0,,,,474000.0,,,,307000.0,,,,279000.0,,,,316000.0,,,,300000.0,,,,400000.0,,,,400000.0,,,
ShareBasedCompensationArrangementByShareBasedPaymentAwardEquityInstrumentsOtherThanOptionsGrantsInPeriodWeightedAverageGrantDateFairValue / USD/shares,,,,,,,,,,,19.37,,,,25.67,,,,34.29,,,,38.2,,,,45.08,,,,55.05,,,,61.74,,,,81.59,,,,83.91,,,,112.74,,,,172.87,,,,205.61,,,,200.64,,,,210.94,,,
ShareBasedCompensationArrangementByShareBasedPaymentAwardEquityInstrumentsOtherThanOptionsNonvestedNumber / shares,,,,,,,,,,,3678790.0,,,,3087000.0,,,,2719000.0,,,,2345000.0,,,,2478000.0,,,,2442000.0,,,,2179000.0,,,,1588000.0,,,,1222000.0,,,,876000.0,,,,661000.0,,,,600000.0,,,,600000.0,,,,700000.0,,,
ShareBasedCompensationArrangementByShareBasedPaymentAwardEquityInstrumentsOtherThanOptionsNonvestedWeightedAverageGrantDateFairValue / USD/shares,,,,,,,,,,,29.18,,,,25.39,,,,23.5,,,,27.33,,,,32.07,,,,38.0,,,,46.36,,,,74.69,,,,90.88,,,,121.21,,,,164.83,,,,192.88,,,,206.32,,,,209.8,,,
ShareBasedCompensationArrangementByShareBasedPaymentAwardEquityInstrumentsOtherThanOptionsVestedInPeriod / shares,,,,,,,,,,,1206742.0,,,,1349000.0,,,,1411000.0,,,,881000.0,,,,900000.0,,,,878000.0,,,,932000.0,,,,862000.0,,,,682000.0,,,,551000.0,,,,334000.0,,,,300000.0,,,,300000.0,,,,300000.0,,,
ShareBasedCompensationArrangementByShareBasedPaymentAwardEquityInstrumentsOtherThanOptionsVestedInPeriodWeightedAverageGrantDateFairValue / USD/shares,,,,,,,,,,,27.08,,,,26.34,,,,27.0,,,,27.57,,,,30.73,,,,35.99,,,,43.92,,,,66.37,,,,81.05,,,,95.7,,,,147.8,,,,184.74,,,,205.66,,,,206.27,,,
ShareBasedCompensationArrangementByShareBasedPaymentAwardNonOptionEquityInstrumentsForfeitures / shares,,,,,,,,,,,,,,,,,,,,,,,,,,,,,,,,,,,,,,,,,,,,,,,,,,,,,,,,,,,,,,,100000.0,,,
ShareBasedCompensationArrangementByShareBasedPaymentAwardNumberOfSharesAvailableForGrant / shares,,,,,,,,,,,,,,,,,,,,,,,,,,,,,,,,,,,,,,,3300000.0,,,,3100000.0,,,,3100000.0,,,,3000000.0,,,,2900000.0,,,,2800000.0,,,,2800000.0,,,
SharebasedCompensationArrangementBySharebasedPaymentAwardCompensationCost1 / USD,,,,,,,,,,,,,,,,,,,,,,,,,,,,,,,,,,,,,,,,,,,,,,,,,,,52316000.0,13300000.0,27400000.0,42300000.0,50000000.0,14500000.0,28700000.0,45400000.0,55100000.0,14100000.0,30000000.0,45800000.0,60200000.0,15300000.0,29900000.0,46000000.0
StockRepurchaseProgramAuthorizedAmount1 / USD,,,,,,,,,,,,,,,,,,,,,,,,,,,1000000000.0,,,,1000000000.0,,,,1000000000.0,,,,1000000000.0,,,,1000000000.0,,,,1000000000.0,,,,1000000000.0,,,,,1000000000.0,1000000000.0,1500000000.0,,1500000000.0,1500000000.0,1500000000.0,1500000000.0,1500000000.0,1500000000.0,1500000000.0
StockRepurchaseProgramRemainingAuthorizedRepurchaseAmount1 / USD,,,,,,,,,,,,,,,,,,,,,,509400000.0,,547100000.0,547100000.0,547100000.0,547100000.0,388800000.0,388800000.0,388800000.0,388800000.0,359100000.0,359100000.0,359100000.0,359100000.0,414200000.0,414200000.0,414200000.0,414200000.0,397100000.0,397100000.0,397100000.0,397100000.0,257000000.0,257000000.0,257000000.0,257000000.0,253000000.0,253000000.0,253000000.0,253000000.0,294600000.0,294600000.0,294600000.0,294600000.0,197000000.0,197000000.0,356100000.0,356100000.0,356100000.0,356100000.0,388000000.0,388000000.0,388000000.0,388000000.0,586900000.0
StockholdersEquity / USD,469213000.0,469213000.0,469213000.0,549741000.0,549741000.0,549741000.0,549741000.0,676430000.0,676430000.0,676430000.0,518421000.0,-88107000.0,-88107000.0,-88107000.0,-88107000.0,-9323000.0,-9323000.0,-9323000.0,-9323000.0,-423558000.0,-423558000.0,-423558000.0,-423558000.0,-883466000.0,-883466000.0,-883466000.0,-883466000.0,-1070447000.0,-1070447000.0,-1070447000.0,-1070447000.0,-1200595000.0,-1200595000.0,-1200595000.0,-1200595000.0,-1260271000.0,-1260271000.0,-1260271000.0,-1260271000.0,-1260271000.0,-1260271000.0,-1260271000.0,-1385474000.0,-1385474000.0,-1385474000.0,-1385474000.0,-1490100000.0,-1490100000.0,-1490100000.0,-1490100000.0,-1390198000.0,-1390200000.0,-1390200000.0,-1390200000.0,-1260500000.0,-1260500000.0,-1260500000.0,-1260500000.0,-1562200000.0,-1562200000.0,-1562200000.0,-1562200000.0,-1581000000.0,-1581000000.0,-1581000000.0,-1581000000.0
TaxCutsAndJobsActOf2017TransitionTaxForAccumulatedForeignEarningsLiability / USD,,,,,,,,,,,,,,,,,,,,,,,,,,,,,,,,,,,,,,,,,,,,,,,,,,,,,14500000.0,14500000.0,,,19300000.0,19300000.0,,,,24100000.0,24300000.0,,,
TaxesPayableCurrent / USD,,,,,,,,,38168000.0,38168000.0,38168000.0,28441000.0,28441000.0,28441000.0,28441000.0,21918000.0,21918000.0,21918000.0,21918000.0,19853000.0,19853000.0,19853000.0,19853000.0,47079000.0,47079000.0,47079000.0,47079000.0,16943000.0,16943000.0,16943000.0,16943000.0,23144000.0,23144000.0,23144000.0,23144000.0,13477000.0,13477000.0,13477000.0,13477000.0,,,,18961000.0,,,,30308000.0,,,,27194000.0,,,,26800000.0,,,,37400000.0,,,,49500000.0,,,
TaxesPayableCurrentAndNoncurrent / USD,,,,,,,,,,,,,,,,,,,,,,,,,,,,,,,,,,,,,,,,18961000.0,18961000.0,18961000.0,,24318000.0,33435000.0,33435000.0,,27194000.0,27194000.0,27194000.0,,26800000.0,26800000.0,26800000.0,,59000000.0,37400000.0,37400000.0,,49500000.0,49500000.0,49500000.0,,65800000.0,65800000.0,65800000.0
TimeDepositsAtCarryingValue / USD,,,,,,,,,803797000.0,803797000.0,803797000.0,57930000.0,57930000.0,57930000.0,57930000.0,3614000.0,3614000.0,3614000.0,3614000.0,3978000.0,3978000.0,3978000.0,3978000.0,3384000.0,3384000.0,3384000.0,3384000.0,4007000.0,4007000.0,4007000.0,4007000.0,4632000.0,4632000.0,4632000.0,134790000.0,3682000.0,3682000.0,3682000.0,3682000.0,3810000.0,3810000.0,3810000.0,3810000.0,3924000.0,3924000.0,3924000.0,3924000.0,4176000.0,4176000.0,4176000.0,4176000.0,3700000.0,3700000.0,3700000.0,3700000.0,4100000.0,4100000.0,4100000.0,4100000.0,1000000.0,1000000.0,1000000.0,1000000.0,1800000.0,1800000.0,1800000.0
TreasuryStockAcquiredAverageCostPerShare / USD/shares,,,,,,,,,35.66,32.76,22.24,,,,27.86,,,,32.78,,,,40.86,,,,48.61,,,,53.18,,,,66.5,,,,81.7,,,,94.12,,,,136.91,,,,188.39,,,,200.48,205.8,212.5,211.13,214.97,196.42,184.86,183.4,187.28,225.99,240.47,253.41
TreasuryStockCommonShares / shares,,,,,,,,,,,,,,,,,,,,,,,,,,,,,,,,,,,,,,,,,,,,,,,,,,,,,,,,250400000.0,251400000.0,252500000.0,,254900000.0,257100000.0,258800000.0,,261300000.0,261900000.0,262700000.0
TreasuryStockSharesAcquired / shares,,,,,,,,,8400000.0,16300000.0,11717000.0,,,,16142000.0,,,,16783000.0,,,,7971000.0,,,,21304000.0,,,,16613000.0,,,,9671000.0,,,,8109000.0,,,,6600000.0,,,,4661000.0,,,,4154000.0,,,,3900000.0,1100000.0,2100000.0,3200000.0,3400000.0,1400000.0,3600000.0,5300000.0,5600000.0,1100000.0,1700000.0,2500000.0
TreasuryStockValue / USD,,,,,,,,,4400000000.0,4600000000.0,4600000000.0,4700000000.0,4800000000.0,4800000000.0,4900000000.0,5100000000.0,5400000000.0,5700000000.0,6000000000.0,6100000000.0,6400000000.0,6600000000.0,,7000000000.0,7100000000.0,7200000000.0,,7700000000.0,7800000000.0,8000000000.0,,8300000000.0,8500000000.0,8600000000.0,,8900000000.0,9100000000.0,9200000000.0,,9620000000.0,9800000000.0,10000000000.0,,10480000000.0,10630000000.0,10810000000.0,,11170000000.0,11340000000.0,11520000000.0,,11910000000.0,12260000000.0,12540000000.0,,12980000000.0,13200000000.0,13430000000.0,,13920000000.0,14310000000.0,14620000000.0,,15120000000.0,15290000000.0,15510000000.0
TreasuryStockValueAcquiredCostMethod / USD,22637000.0,51682000.0,1156491000.0,,,,,,299600000.0,534600000.0,260571000.0,,,,449749000.0,,,,550097000.0,,,,325680000.0,,,,,,,,,,,,,,,,,,,,,,,,,,,,,,,,,220000000.0,439900000.0,659800000.0,,260400000.0,648400000.0,949300000.0,,229900000.0,392600000.0,607600000.0
UnrecognizedTaxBenefits / USD,,,,,,,,,28800000.0,28800000.0,30020000.0,,,,,,,,55933.0,,,,56593.0,,,,197189.0,,,,219908.0,,,,220280.0,,,,220682.0,,,,223216.0,308112000.0,308112000.0,,223455.0,,,,231339.0,,,,23700000.0,,,,16000000.0,,,,15100000.0,,,
UnrecognizedTaxBenefitsDecreasesResultingFromPriorPeriodTaxPositions / USD,,,,,,,,,,,7012000.0,,,,,,,,,,,,,,,,,,,,0.0,,,,71.0,,,,144.0,,,,196.0,167800000.0,167800000.0,167800000.0,328.0,167800000.0,167800000.0,191800000.0,199107.0,,,,1300000.0,,,,,,,,0.0,,,
UnrecognizedTaxBenefitsIncreasesResultingFromCurrentPeriodTaxPositions / USD,,,,,,,,,,,8933000.0,,,,,,,,240.0,,,,140513.0,,,,181.0,,,,372.0,,,,354.0,,,,395.0,,,,436.0,,,,3745.0,,,,1613.0,,,,1100000.0,,,,1400000.0,,,,5000000.0,,,
UnrecognizedTaxBenefitsIncreasesResultingFromPriorPeriodTaxPositions / USD,,,,,,,,,,,41000.0,,,,,,,,420.0,,,,83.0,,,,22538.0,,,,0.0,,,,119.0,,,,3699.0,,,,333.0,,,,4467.0,,,,7138.0,,,,100000.0,,,,100000.0,,,,100000.0,,,
UnrecognizedTaxBenefitsReductionsResultingFromLapseOfApplicableStatuteOfLimitations / USD,,,,,,,,,,,3184000.0,,,,,,,,,,,,,,,,,,,,,,,,,,,,0.0,,,,334.0,,,,0.0,,,,17255.0,,,,6400000.0,,,,2400000.0,,,,10600000.0,,,
WeightedAverageNumberOfDilutedSharesOutstanding / shares,206488000.0,202951000.0,237707000.0,192804000.0,193116000.0,193235000.0,200602000.0,184259000.0,183480000.0,180634000.0,192575000.0,171979000.0,171850000.0,169176000.0,178965000.0,162881000.0,163530000.0,164540000.0,166887000.0,161346000.0,159982000.0,157606000.0,163909000.0,148600000.0,144861000.0,142584000.0,155786000.0,133850000.0,133546000.0,132925000.0,140895000.0,131581000.0,131084000.0,129967000.0,133031000.0,124464000.0,124218000.0,124162000.0,128833000.0,123506000.0,123399000.0,123079000.0,124180000.0,120317000.0,119837000.0,119410000.0,122661000.0,116730000.0,116137000.0,115699000.0,118968000.0,113300000.0,112900000.0,112500000.0,115300000.0,110300000.0,109600000.0,108700000.0,112200000.0,105000000.0,104500000.0,104000000.0,108000000.0,100900000.0,99900000.0,99100000.0
WeightedAverageNumberOfSharesOutstandingBasic / shares,201032000.0,198622000.0,237707000.0,192311000.0,192481000.0,192527000.0,197201000.0,183174000.0,182121000.0,179240000.0,191821000.0,170193000.0,169751000.0,167492000.0,177534000.0,159344000.0,158471000.0,157729000.0,165408000.0,152543000.0,150549000.0,147567000.0,156953000.0,133417000.0,131372000.0,128924000.0,144591000.0,117139000.0,116394000.0,115235000.0,126710000.0,109592000.0,108829000.0,107982000.0,114155000.0,102467000.0,101759000.0,101036000.0,107001000.0,97250000.0,105639000.0,111046000.0,100325000.0,119757000.0,119359000.0,118966000.0,113452000.0,116375000.0,115861000.0,115456000.0,118513000.0,113100000.0,112800000.0,112400000.0,115100000.0,110200000.0,109500000.0,108700000.0,112000000.0,104900000.0,104400000.0,103900000.0,107900000.0,100800000.0,99900000.0,99000000.0
