fact_unit,2009-07-31,2009-10-29,2010-02-25,2010-04-29,2010-07-29,2010-10-28,2011-02-28,2011-04-28,2011-07-28,2011-10-27,2012-02-28,2012-04-26,2012-07-26,2012-11-01,2013-02-28,2013-04-25,2013-08-01,2013-10-31,2014-02-27,2014-05-01,2014-07-31,2014-10-30,2015-02-27,2015-04-30,2015-07-30,2015-10-29,2016-02-29,2016-04-28,2016-07-28,2016-10-28,2017-02-28,2017-04-27,2017-07-27,2017-10-26,2018-02-26,2018-04-27,2018-07-26,2018-11-01,2019-02-28,2019-04-22,2019-07-24,2019-10-23,2020-02-20,2020-04-23,2020-07-23,2020-10-22,2021-02-24,2021-04-30,2021-07-30,2021-10-29,2022-02-23,2022-04-28,2022-07-29,2022-10-28,2023-02-21,2023-04-27,2023-07-27,2023-10-26,2024-02-22,2024-04-25,2024-08-01,2024-10-31,2025-02-20,2025-05-01,2025-08-01,2025-10-31
AccountsPayableTradeCurrentAndNoncurrent / USD,,290802000.0,297929000.0,300791000.0,300791000.0,300791000.0,290802000.0,344295000.0,344295000.0,344295000.0,344295000.0,477648000.0,477648000.0,477648000.0,477648000.0,428782000.0,428782000.0,428782000.0,428782000.0,510634000.0,510634000.0,510634000.0,510634000.0,554088000.0,554088000.0,554088000.0,554088000.0,583474000.0,583474000.0,583474000.0,583474000.0,650092000.0,650092000.0,650092000.0,650092000.0,731582000.0,731582000.0,731582000.0,731000000.0,678000000.0,678000000.0,678000000.0,678000000.0,719000000.0,719000000.0,719000000.0,719000000.0,779000000.0,779000000.0,779000000.0,779000000.0,816000000.0,816000000.0,816000000.0,816000000.0,1047000000.0,1047000000.0,1047000000.0,1047000000.0,954000000.0,954000000.0,954000000.0,954000000.0,952000000.0,952000000.0,952000000.0
AccountsReceivableNetCurrent / USD,589416000.0,589416000.0,602650000.0,624910000.0,624910000.0,624910000.0,589416000.0,762895000.0,762895000.0,762895000.0,762895000.0,888697000.0,888697000.0,888697000.0,888697000.0,940020000.0,940020000.0,940020000.0,940020000.0,1101656000.0,1101656000.0,1101656000.0,1101656000.0,1172924000.0,1172924000.0,1172924000.0,1172924000.0,1209641000.0,1209641000.0,1209641000.0,1209641000.0,1223096000.0,1223096000.0,1223096000.0,1223096000.0,1325186000.0,1325186000.0,1325186000.0,1325000000.0,1385000000.0,1385000000.0,1385000000.0,1385000000.0,1425000000.0,1425000000.0,1425000000.0,1425000000.0,1474000000.0,1474000000.0,1474000000.0,1474000000.0,1754000000.0,1754000000.0,1754000000.0,1754000000.0,2133000000.0,2133000000.0,2133000000.0,2133000000.0,2192000000.0,2192000000.0,2192000000.0,2192000000.0,2232000000.0,2232000000.0,2232000000.0
AccruedIncomeTaxesCurrent / USD,,1780000.0,10459000.0,6732000.0,6732000.0,6732000.0,1780000.0,5882000.0,5882000.0,5882000.0,5882000.0,23156000.0,23156000.0,23156000.0,23156000.0,12941000.0,12941000.0,12941000.0,12941000.0,6330000.0,6330000.0,6330000.0,6330000.0,12256000.0,12256000.0,12256000.0,12256000.0,16686000.0,16686000.0,16686000.0,16686000.0,15059000.0,15059000.0,15059000.0,15059000.0,19759000.0,19759000.0,19759000.0,20000000.0,29000000.0,29000000.0,29000000.0,29000000.0,27000000.0,27000000.0,27000000.0,27000000.0,42000000.0,42000000.0,42000000.0,42000000.0,37000000.0,37000000.0,37000000.0,37000000.0,52000000.0,52000000.0,52000000.0,52000000.0,48000000.0,48000000.0,48000000.0,48000000.0,45000000.0,45000000.0,45000000.0
AccruedLiabilitiesCurrentAndNoncurrent / USD,,118633000.0,102607000.0,124150000.0,124150000.0,124150000.0,118633000.0,130836000.0,130836000.0,130836000.0,130836000.0,178652000.0,178652000.0,178652000.0,178652000.0,204800000.0,204800000.0,204800000.0,204800000.0,218835000.0,218835000.0,218835000.0,218835000.0,245300000.0,245300000.0,245300000.0,245300000.0,266702000.0,266702000.0,266702000.0,266702000.0,290207000.0,290207000.0,290207000.0,290207000.0,313766000.0,313766000.0,313766000.0,314000000.0,269000000.0,269000000.0,269000000.0,269000000.0,318000000.0,318000000.0,318000000.0,318000000.0,305000000.0,305000000.0,305000000.0,248000000.0,290000000.0,290000000.0,290000000.0,290000000.0,474000000.0,474000000.0,474000000.0,474000000.0,397000000.0,397000000.0,397000000.0,397000000.0,407000000.0,407000000.0,407000000.0
AccumulatedDepreciationDepletionAndAmortizationPropertyPlantAndEquipment / USD,1201552000.0,1201552000.0,1125931000.0,1313222000.0,1313222000.0,1313222000.0,1201552000.0,1414088000.0,1414088000.0,1414088000.0,1414088000.0,1505027000.0,1505027000.0,1505027000.0,1505027000.0,1615861000.0,1615861000.0,1615861000.0,1615861000.0,1732528000.0,1732528000.0,1732528000.0,1732528000.0,1790784000.0,1790784000.0,1790784000.0,1790784000.0,1939072000.0,1939072000.0,1939072000.0,1939072000.0,1990611000.0,1990611000.0,1990611000.0,1990611000.0,2052693000.0,2052693000.0,2052693000.0,2053000000.0,2089000000.0,2089000000.0,2089000000.0,2089000000.0,2093000000.0,2093000000.0,2093000000.0,2093000000.0,2142000000.0,2142000000.0,2142000000.0,2142000000.0,1903000000.0,1903000000.0,1903000000.0,1903000000.0,1982000000.0,1982000000.0,1982000000.0,1982000000.0,2060000000.0,2060000000.0,2060000000.0,2060000000.0,2156000000.0,2156000000.0,2156000000.0
AccumulatedOtherComprehensiveIncomeLossNetOfTax / USD,-38525000.0,-38525000.0,72171000.0,12374000.0,12374000.0,12374000.0,-38525000.0,42951000.0,42951000.0,42951000.0,42951000.0,-28738000.0,-28738000.0,-28738000.0,-28738000.0,53578000.0,53578000.0,53578000.0,53578000.0,28914000.0,28914000.0,28914000.0,28914000.0,-96673000.0,-96673000.0,-96673000.0,-96673000.0,-221091000.0,-221091000.0,-221091000.0,-221091000.0,-272294000.0,-272294000.0,-272294000.0,-272294000.0,-134674000.0,-134674000.0,-134674000.0,-135000000.0,-171000000.0,-171000000.0,-171000000.0,-171000000.0,-154000000.0,-154000000.0,-154000000.0,-154000000.0,-61000000.0,-61000000.0,-61000000.0,-61000000.0,-96000000.0,-96000000.0,-96000000.0,-96000000.0,-180000000.0,-180000000.0,-180000000.0,-180000000.0,-172000000.0,-172000000.0,-172000000.0,-172000000.0,-274000000.0,-274000000.0,-274000000.0
AdditionalPaidInCapitalCommonStock / USD,,564728000.0,475350000.0,596358000.0,596358000.0,596358000.0,564728000.0,637686000.0,637686000.0,637686000.0,637686000.0,700826000.0,700826000.0,700826000.0,700826000.0,812573000.0,812573000.0,812573000.0,812573000.0,893055000.0,893055000.0,893055000.0,893055000.0,948340000.0,948340000.0,948340000.0,948340000.0,1000476000.0,1000476000.0,1000476000.0,1000476000.0,1030256000.0,1030256000.0,1030256000.0,1030256000.0,1040493000.0,1040493000.0,1040493000.0,1041000000.0,1134000000.0,1134000000.0,1134000000.0,1134000000.0,1182000000.0,1182000000.0,1182000000.0,1182000000.0,1239000000.0,1239000000.0,1239000000.0,1239000000.0,1270000000.0,1270000000.0,1270000000.0,1270000000.0,1310000000.0,1310000000.0,1310000000.0,1310000000.0,1355000000.0,1355000000.0,1355000000.0,1355000000.0,1399000000.0,1399000000.0,1399000000.0
AdjustmentsToAdditionalPaidInCapitalShareBasedCompensationEmployeeStockPurchaseProgramRequisiteServicePeriodRecognition / USD,,,,,,,,,,,,,,,,,,,,,,,,,,,,,,,,,,,,,,,,68000000.0,68000000.0,68000000.0,70000000.0,6000000.0,6000000.0,6000000.0,214000000.0,23000000.0,23000000.0,23000000.0,78000000.0,14000000.0,14000000.0,14000000.0,98000000.0,13000000.0,13000000.0,13000000.0,60000000.0,32000000.0,32000000.0,32000000.0,53000000.0,10000000.0,10000000.0,10000000.0
AdvertisingExpense / USD,,,,,,,120700000.0,,,,114600000.0,,,,123000000.0,,,,145000000.0,,,,173000000.0,,,,178000000.0,,,,169000000.0,,,,180000000.0,,,,180000000.0,,,,187000000.0,,,,241000000.0,,,,316000000.0,,,,319000000.0,,,,402000000.0,,,,519000000.0,,,
AllocatedShareBasedCompensationExpense / USD,,,,,,,,,,,,,,,,,,,,,,,53000000.0,,,,54000000.0,,,,46000000.0,,,,43000000.0,,,,36000000.0,,,,33000000.0,,,,47000000.0,,,,40000000.0,,,,46000000.0,,,,42000000.0,,,,48000000.0,,,
AllowanceForDoubtfulAccountsReceivableCurrent / USD,26481000.0,26481000.0,25830000.0,25850000.0,25850000.0,25850000.0,25830000.0,24552000.0,24552000.0,24552000.0,25850000.0,18801000.0,18801000.0,18801000.0,24552000.0,19449000.0,19449000.0,19449000.0,18801000.0,20096000.0,20096000.0,20096000.0,19449000.0,22121000.0,22121000.0,22121000.0,20096000.0,22288000.0,22288000.0,22288000.0,22121000.0,26690000.0,26690000.0,26690000.0,22288000.0,29267000.0,29267000.0,29267000.0,27000000.0,25000000.0,25000000.0,25000000.0,25000000.0,21000000.0,21000000.0,21000000.0,21000000.0,27000000.0,27000000.0,27000000.0,27000000.0,30000000.0,30000000.0,30000000.0,30000000.0,36000000.0,36000000.0,36000000.0,36000000.0,35000000.0,35000000.0,35000000.0,35000000.0,32000000.0,32000000.0,32000000.0
AmortizationOfIntangibleAssets / USD,,,,,,,,,,,6700000.0,,,,12000000.0,,,,12000000.0,,,,13000000.0,,,,15000000.0,,,,54000000.0,,,82000000.0,65000000.0,,,,82000000.0,,,,89000000.0,,,,92000000.0,,,,78000000.0,,,,60000000.0,,,,63000000.0,,,,61000000.0,,,
Assets / USD,3515417000.0,3515417000.0,3094028000.0,3726332000.0,3726332000.0,3726332000.0,3515417000.0,3904377000.0,3904377000.0,3904377000.0,3726332000.0,4716062000.0,4716062000.0,4716062000.0,3904377000.0,5014598000.0,5014598000.0,5014598000.0,4716062000.0,5266328000.0,5266328000.0,5266328000.0,5014598000.0,5284252000.0,5283049000.0,5283049000.0,5266328000.0,5857755000.0,5857755000.0,5857755000.0,5283049000.0,5694307000.0,5694307000.0,5694307000.0,5857755000.0,5804254000.0,5804254000.0,5804254000.0,5694000000.0,5873000000.0,5873000000.0,5873000000.0,5804000000.0,6005000000.0,6005000000.0,6005000000.0,5873000000.0,6295000000.0,6295000000.0,6295000000.0,6295000000.0,6592000000.0,6592000000.0,6592000000.0,6592000000.0,7588000000.0,7588000000.0,7588000000.0,7588000000.0,8147000000.0,8147000000.0,8147000000.0,8147000000.0,8829000000.0,8829000000.0,8829000000.0
AssetsCurrent / USD,2144109000.0,2144109000.0,1800817000.0,2131515000.0,2131515000.0,2131515000.0,2144109000.0,2238071000.0,2238071000.0,2238071000.0,2238071000.0,2694900000.0,2694900000.0,2694900000.0,2694900000.0,2900640000.0,2900640000.0,2900640000.0,2900640000.0,3044285000.0,3044285000.0,3044285000.0,3044285000.0,2967549000.0,2967549000.0,2967549000.0,2967549000.0,3048642000.0,3048642000.0,3048642000.0,3048642000.0,3020229000.0,3020229000.0,3020229000.0,3020229000.0,3205989000.0,3205989000.0,3205989000.0,3206000000.0,3557000000.0,3557000000.0,3557000000.0,3557000000.0,3555000000.0,3555000000.0,3555000000.0,3555000000.0,3919000000.0,3919000000.0,3919000000.0,3919000000.0,4011000000.0,4011000000.0,4011000000.0,4011000000.0,4977000000.0,4977000000.0,4977000000.0,4977000000.0,5274000000.0,5274000000.0,5274000000.0,5274000000.0,5737000000.0,5737000000.0,5737000000.0
CashAndCashEquivalentsAtCarryingValue / USD,113437000.0,113437000.0,348471000.0,396290000.0,396290000.0,396290000.0,113437000.0,459871000.0,459871000.0,459871000.0,396290000.0,313454000.0,313454000.0,313454000.0,459871000.0,335491000.0,335491000.0,335491000.0,313454000.0,452063000.0,452063000.0,452063000.0,335491000.0,430644000.0,430644000.0,430644000.0,452063000.0,226644000.0,226644000.0,226644000.0,430644000.0,290136000.0,290136000.0,290136000.0,226644000.0,274146000.0,274146000.0,274146000.0,290000000.0,327000000.0,327000000.0,327000000.0,274000000.0,360000000.0,360000000.0,360000000.0,360000000.0,585000000.0,585000000.0,585000000.0,585000000.0,241000000.0,241000000.0,241000000.0,241000000.0,325000000.0,325000000.0,325000000.0,325000000.0,660000000.0,660000000.0,660000000.0,660000000.0,1036000000.0,1036000000.0,1036000000.0
CashCashEquivalentsRestrictedCashAndRestrictedCashEquivalents / USD,,,,,,,,,,,,,,,,,,,,,,,,,,,,,,,,,,,,,,,,,,,,538000000.0,538000000.0,538000000.0,327000000.0,360000000.0,360000000.0,360000000.0,538000000.0,585000000.0,585000000.0,585000000.0,360000000.0,241000000.0,241000000.0,241000000.0,585000000.0,325000000.0,325000000.0,325000000.0,241000000.0,660000000.0,660000000.0,660000000.0
CashCashEquivalentsRestrictedCashAndRestrictedCashEquivalentsPeriodIncreaseDecreaseIncludingExchangeRateEffect / USD,,,,,,,,,,,,,,,,,,,,,,,,,,,,,,,,,,,,,,,,,,,,-146000000.0,-223000000.0,-252000000.0,211000000.0,1132000000.0,1243000000.0,499000000.0,-178000000.0,-23000000.0,-38000000.0,-257000000.0,225000000.0,123000000.0,21000000.0,74000000.0,-344000000.0,136000000.0,190000000.0,276000000.0,84000000.0,144000000.0,109000000.0,788000000.0
CommonStockDividendsPerShareCashPaid / USD/shares,0.75,1.15,,0.4,0.86,1.32,,0.46,1.0,1.54,1.78,0.54,1.2,1.86,2.08,0.66,1.46,2.26,2.52,0.8,1.73,2.66,3.06,0.93,2.01,3.09,3.59,1.08,2.25,3.42,4.17,1.17,2.39,3.61,4.59,1.22,2.5,3.78,4.83,1.28,2.64,4.0,5.06,1.36,2.8,4.24,5.36,1.44,1.44,1.44,5.68,1.53,1.53,1.53,5.94,1.62,1.62,1.62,6.39,1.72,1.72,1.72,6.78,1.86,1.86,1.86
CommonStockParOrStatedValuePerShare / USD/shares,0.5,0.5,0.5,0.5,0.5,0.5,0.5,0.5,0.5,0.5,0.5,0.5,0.5,0.5,0.5,0.5,0.5,0.5,0.5,0.5,0.5,0.5,0.5,0.5,0.5,0.5,0.5,0.5,0.5,0.5,0.5,0.5,0.5,0.5,0.5,0.5,0.5,0.5,0.5,0.5,0.5,0.5,0.5,0.5,0.5,0.5,0.5,0.5,0.5,0.5,0.5,0.5,0.5,0.5,0.5,0.5,0.5,0.5,0.5,0.5,0.5,0.5,0.5,0.5,0.5,0.5
CommonStockSharesAuthorized / shares,300000000.0,300000000.0,300000000.0,300000000.0,300000000.0,300000000.0,300000000.0,300000000.0,300000000.0,300000000.0,300000000.0,300000000.0,300000000.0,300000000.0,300000000.0,300000000.0,300000000.0,300000000.0,300000000.0,300000000.0,300000000.0,300000000.0,300000000.0,300000000.0,300000000.0,300000000.0,300000000.0,300000000.0,300000000.0,300000000.0,300000000.0,300000000.0,300000000.0,300000000.0,300000000.0,300000000.0,300000000.0,300000000.0,300000000.0,300000000.0,300000000.0,300000000.0,300000000.0,300000000.0,300000000.0,300000000.0,300000000.0,300000000.0,300000000.0,300000000.0,300000000.0,300000000.0,300000000.0,300000000.0,300000000.0,300000000.0,300000000.0,300000000.0,300000000.0,300000000.0,300000000.0,300000000.0,300000000.0,300000000.0,300000000.0,300000000.0
CommonStockSharesIssued / shares,109659219.0,109659219.0,109659219.0,109659219.0,109659219.0,109659219.0,109659219.0,109659219.0,109659219.0,109659219.0,109659219.0,109659219.0,109659219.0,109659219.0,109659219.0,109659219.0,109659219.0,109659219.0,109659219.0,109659219.0,109659219.0,109659219.0,109659219.0,109659219.0,109659219.0,109659219.0,109659219.0,109659219.0,109659219.0,109659219.0,109659219.0,109659219.0,109659219.0,109659219.0,109659219.0,109659219.0,109659219.0,109659219.0,109659219.0,109659219.0,109659219.0,109659219.0,109659219.0,109659219.0,109659219.0,109659219.0,109659219.0,109659219.0,109659219.0,109659219.0,109659219.0,109659219.0,109659219.0,109659219.0,109659219.0,109659219.0,109659219.0,109659219.0,109659219.0,109659219.0,109659219.0,109659219.0,109659219.0,109659219.0,109659219.0,109659219.0
CommonStockValue / USD,54830000.0,54830000.0,54830000.0,54830000.0,54830000.0,54830000.0,54830000.0,54830000.0,54830000.0,54830000.0,54830000.0,54830000.0,54830000.0,54830000.0,54830000.0,54830000.0,54830000.0,54830000.0,54830000.0,54830000.0,54830000.0,54830000.0,54830000.0,54830000.0,54830000.0,54830000.0,54830000.0,54830000.0,54830000.0,54830000.0,54830000.0,54830000.0,54830000.0,54830000.0,54830000.0,54830000.0,54830000.0,54830000.0,55000000.0,55000000.0,55000000.0,55000000.0,55000000.0,55000000.0,55000000.0,55000000.0,55000000.0,55000000.0,55000000.0,55000000.0,55000000.0,55000000.0,55000000.0,55000000.0,55000000.0,55000000.0,55000000.0,55000000.0,55000000.0,55000000.0,55000000.0,55000000.0,55000000.0,55000000.0,55000000.0,55000000.0
ComprehensiveIncomeNetOfTax / USD,219978000.0,341365000.0,488860000.0,80313000.0,206801000.0,378515000.0,364659000.0,118325000.0,226859000.0,398819000.0,481365000.0,172124000.0,350681000.0,463748000.0,541442000.0,207674000.0,372140000.0,554084000.0,586734000.0,190120000.0,376287000.0,604963000.0,772197000.0,195460000.0,432340000.0,599154000.0,772372000.0,134963000.0,365515000.0,502576000.0,676142000.0,231794000.0,388169000.0,558168000.0,644578000.0,197105000.0,341355000.0,572936000.0,554000000.0,244000000.0,436000000.0,543000000.0,724000000.0,256000000.0,528000000.0,743000000.0,731000000.0,110000000.0,290000000.0,547000000.0,866000000.0,218000000.0,450000000.0,727000000.0,788000000.0,353000000.0,668000000.0,1034000000.0,1008000000.0,492000000.0,954000000.0,1395000000.0,1463000000.0,443000000.0,872000000.0,1396000000.0
ComprehensiveIncomeNetOfTaxAttributableToNoncontrollingInterest / USD,,0.0,0.0,0.0,0.0,0.0,0.0,244000.0,3988000.0,9029000.0,306000.0,-259000.0,4213000.0,8842000.0,2717000.0,-3106000.0,5201000.0,6622000.0,7989000.0,-4078000.0,-5299000.0,-2304000.0,8968000.0,,,,10713000.0,,,,10567000.0,,,,16178000.0,,21493000.0,30295000.0,28000000.0,18000000.0,22000000.0,28000000.0,41000000.0,7000000.0,24000000.0,34000000.0,44000000.0,15000000.0,28000000.0,49000000.0,49000000.0,-1000000.0,17000000.0,34000000.0,72000000.0,3000000.0,-10000000.0,-8000000.0,42000000.0,15000000.0,8000000.0,18000000.0,32000000.0,-3000000.0,-3000000.0,54000000.0
ComprehensiveIncomeNetOfTaxIncludingPortionAttributableToNoncontrollingInterest / USD,,341365000.0,488860000.0,80313000.0,206801000.0,379289000.0,364659000.0,118293000.0,230847000.0,407848000.0,480214000.0,171865000.0,354894000.0,472590000.0,552871000.0,204568000.0,377341000.0,560706000.0,598850000.0,186042000.0,370988000.0,602659000.0,772299000.0,199341000.0,440934000.0,604100000.0,767463000.0,137800000.0,371531000.0,514534000.0,676829000.0,242429000.0,414302000.0,594025000.0,660224000.0,210746000.0,362848000.0,603231000.0,582000000.0,262000000.0,458000000.0,571000000.0,765000000.0,263000000.0,552000000.0,777000000.0,775000000.0,125000000.0,318000000.0,596000000.0,915000000.0,217000000.0,467000000.0,761000000.0,860000000.0,356000000.0,658000000.0,1026000000.0,1050000000.0,507000000.0,962000000.0,1413000000.0,1495000000.0,440000000.0,869000000.0,1450000000.0
ContractWithCustomerRefundLiability / USD,,,,,,,,,,,,,,,,,,,,,,,,,,,,,,,,,,,,28000000.0,28000000.0,28000000.0,28000000.0,29000000.0,29000000.0,29000000.0,29000000.0,25000000.0,25000000.0,25000000.0,25000000.0,31000000.0,31000000.0,31000000.0,31000000.0,,,,34000000.0,,,,38000000.0,,,,52000000.0,,,
CostOfGoodsAndServicesSold / USD,,3129218000.0,3814391000.0,835833000.0,1744128000.0,2673848000.0,4041810000.0,966612000.0,2003222000.0,3112910000.0,3623465000.0,1053998000.0,2194626000.0,3396274000.0,4176474000.0,1219113000.0,2490045000.0,3777290000.0,4567393000.0,1248699000.0,2583276000.0,3930440000.0,5033885000.0,1309656000.0,2735074000.0,4194553000.0,5301275000.0,1345918000.0,2795052000.0,4266073000.0,5650711000.0,1461485000.0,2985094000.0,4541629000.0,5741956000.0,1521937000.0,3097250000.0,4716069000.0,6022000000.0,1674000000.0,3424000000.0,5176000000.0,6327000000.0,1704000000.0,3476000000.0,5324000000.0,6873000000.0,1880000000.0,3701000000.0,5645000000.0,7089000000.0,1991000000.0,4074000000.0,6196000000.0,7559000000.0,2264000000.0,4660000000.0,7083000000.0,8302000000.0,2457000000.0,4995000000.0,7548000000.0,9379000000.0,2567000000.0,5185000000.0,7853000000.0
CurrentFederalTaxExpenseBenefit / USD,,,,,,,246731000.0,,,,203375000.0,,,,283481000.0,,,,275489000.0,,,,324848000.0,,,,398593000.0,,,,437648000.0,,,,412545000.0,,,,311000000.0,,,,248000000.0,,,,166000000.0,,,,199000000.0,,,,119000000.0,,,,221000000.0,,,,374000000.0,,,
CurrentForeignTaxExpenseBenefit / USD,,,,,,,18044000.0,,,,15860000.0,,,,21235000.0,,,,45405000.0,,,,53564000.0,,,,52277000.0,,,,43088000.0,,,,24087000.0,,,,25000000.0,,,,22000000.0,,,,47000000.0,,,,58000000.0,,,,65000000.0,,,,81000000.0,,,,78000000.0,,,
CurrentIncomeTaxExpenseBenefit / USD,,,,,,,304448000.0,,,,255313000.0,,,,352957000.0,,,,369992000.0,,,,418920000.0,,,,493396000.0,,,,527935000.0,,,,486526000.0,,,,374000000.0,,,,299000000.0,,,,245000000.0,,,,301000000.0,,,,212000000.0,,,,348000000.0,,,,529000000.0,,,
CurrentStateAndLocalTaxExpenseBenefit / USD,,,,,,,39673000.0,,,,36078000.0,,,,48241000.0,,,,49098000.0,,,,40508000.0,,,,42526000.0,,,,47199000.0,,,,49894000.0,,,,38000000.0,,,,29000000.0,,,,32000000.0,,,,44000000.0,,,,28000000.0,,,,46000000.0,,,,77000000.0,,,
DebtInstrumentUnamortizedDiscountPremiumAndDebtIssuanceCostsNet / USD,,,,,,,,,,,,,,,,,,,,,,,,,,,,,12947000.0,12947000.0,12947000.0,19124000.0,19124000.0,19124000.0,19124000.0,23447000.0,23447000.0,23447000.0,23000000.0,-22000000.0,-22000000.0,-22000000.0,22000000.0,-21000000.0,-21000000.0,-21000000.0,21000000.0,-24000000.0,-24000000.0,-24000000.0,24000000.0,-23000000.0,-23000000.0,-23000000.0,23000000.0,-21000000.0,-21000000.0,-21000000.0,21000000.0,34000000.0,34000000.0,34000000.0,19000000.0,,,
DeferredIncomeTaxAssetsNet / USD,,,,,,,,,,,,,,,,,,,,,,,,,,,,,,,83996000.0,,,,64775000.0,22362000.0,22362000.0,22362000.0,22000000.0,12000000.0,12000000.0,12000000.0,12000000.0,11000000.0,11000000.0,11000000.0,11000000.0,,,,14000000.0,,,,14000000.0,,,,12000000.0,,,,10000000.0,,,
DeferredIncomeTaxExpenseBenefit / USD,,,,,,,-6585000.0,,,,21252000.0,,,,-12761000.0,,,,15123000.0,,-1074000.0,-8683000.0,20000.0,,,,-13546000.0,,,,-5845000.0,,,,-20995000.0,,,,12000000.0,,,,14000000.0,,,,13000000.0,,,,13000000.0,,,,-20000000.0,,,,23000000.0,,,,4000000.0,,,
DeferredIncomeTaxLiabilities / USD,,,,,,,,,,,,,,,,,,,,,,,,,,,200846000.0,,,,232955000.0,,,,241439000.0,,,,182000000.0,,,,163000000.0,,,,229000000.0,,,,223000000.0,,,,301000000.0,,,,305000000.0,,,,318000000.0,,,
DeferredIncomeTaxLiabilitiesNet / USD,,,,,,,,,,,,,,,,,,,,,,,,,,,,,,,90501000.0,,,,64706000.0,,,,67000000.0,,,,66000000.0,,,,76000000.0,,,,68000000.0,,,,80000000.0,,,,76000000.0,,,,57000000.0,,,
DeferredIncomeTaxesAndOtherTaxLiabilitiesNoncurrent / USD,,,,,,,,,,,,,,,,,,,,,113585000.0,113585000.0,113585000.0,95455000.0,95455000.0,95455000.0,95455000.0,154352000.0,154352000.0,154352000.0,154352000.0,126101000.0,126101000.0,126101000.0,126101000.0,111710000.0,111710000.0,111710000.0,111000000.0,103000000.0,103000000.0,103000000.0,103000000.0,106000000.0,106000000.0,106000000.0,106000000.0,110000000.0,110000000.0,110000000.0,110000000.0,121000000.0,121000000.0,121000000.0,121000000.0,121000000.0,121000000.0,121000000.0,121000000.0,104000000.0,104000000.0,104000000.0,104000000.0,101000000.0,101000000.0,101000000.0
DeferredTaxAssetsGross / USD,,,,,,,219871000.0,,,,243457000.0,,,,310453000.0,,,,295784000.0,,,,298370000.0,,,,288192000.0,,,,288783000.0,,,,314213000.0,,,,221000000.0,,,,181000000.0,,,,236000000.0,,,,222000000.0,,,,305000000.0,,,,312000000.0,,,,364000000.0,,,
DeferredTaxAssetsNet / USD,,,,,,,203894000.0,,,,223370000.0,,,,256714000.0,,,,241350000.0,,,,235545000.0,,,,231316000.0,,,,226450000.0,,,,241508000.0,,,,137000000.0,,,,109000000.0,,,,164000000.0,,,,169000000.0,,,,235000000.0,,,,241000000.0,,,,271000000.0,,,
DeferredTaxAssetsOperatingLossCarryforwardsForeign / USD,,,,,,,10833000.0,,,,13117000.0,,,,58813000.0,,,,67148000.0,,,,70204000.0,,,,61219000.0,,,,70881000.0,,,,67350000.0,,,,72000000.0,,,,64000000.0,,,,67000000.0,,,,45000000.0,,,,59000000.0,,,,62000000.0,,,,84000000.0,,,
DeferredTaxAssetsOther / USD,,,,,,,11352000.0,,,,21346000.0,,,,23870000.0,,,,31008000.0,,,,30862000.0,,,,12748000.0,,,,12962000.0,,,,13631000.0,,,,8000000.0,,,,11000000.0,,,,8000000.0,,,,8000000.0,,,,17000000.0,,,,23000000.0,,,,30000000.0,,,
DeferredTaxAssetsTaxCreditCarryforwards / USD,,,,,,,,,,,,,,,,,,,,,,,,,,,,,,,,,,,8625000.0,,,,20000000.0,,,,22000000.0,,,,22000000.0,,,,25000000.0,,,,27000000.0,,,,26000000.0,,,,22000000.0,,,
DeferredTaxAssetsTaxDeferredExpenseCompensationAndBenefits / USD,,,,,,,144125000.0,,,,145440000.0,,,,170514000.0,,,,139931000.0,,,,123555000.0,,,,139392000.0,,,,116423000.0,,,,124556000.0,,,,63000000.0,,,,49000000.0,,,,49000000.0,,,,37000000.0,,,,50000000.0,,,,51000000.0,,,,51000000.0,,,
DeferredTaxAssetsTaxDeferredExpenseReservesAndAccrualsAccruedLiabilities / USD,,,,,,,29966000.0,,,,31116000.0,,,,30411000.0,,,,26706000.0,,,,38368000.0,,,,44362000.0,,,,56127000.0,,,,70021000.0,,,,44000000.0,,,,35000000.0,,,,86000000.0,,,,93000000.0,,,,152000000.0,,,,150000000.0,,,,177000000.0,,,
DeferredTaxAssetsValuationAllowance / USD,,,,,,,13551000.0,,,,20810000.0,,,,20087000.0,,,,53739000.0,,,,62825000.0,,,,56876000.0,,,,56876000.0,,,,62333000.0,,,,73000000.0,,,,84000000.0,,,,72000000.0,,,,72000000.0,,,,53000000.0,,,,70000000.0,,,,71000000.0,,,
DeferredTaxLiabilities / USD,,,,,,,-59768000.0,,,,131531000.0,,,,184192000.0,,,,209284000.0,,,,211948000.0,,,,6505000.0,,,,6505000.0,,,,44717000.0,,,,45000000.0,,,,54000000.0,,,,65000000.0,,,,54000000.0,,,,66000000.0,,,,64000000.0,,,,47000000.0,,,
DeferredTaxLiabilitiesDeferredExpenseCapitalizedInventoryCosts / USD,,,,,,,,,,,,,,,,,,,,,,,,,,,,,,,,,,,,,,,,,,,,,,,,,,,0.0,,,,9000000.0,,,,18000000.0,,,,11000000.0,,,
DeferredTaxLiabilitiesGoodwillAndIntangibleAssetsIntangibleAssets / USD,,,,,,,-17083000.0,,,,80055000.0,,,,112569000.0,,,,114955000.0,,,,119923000.0,,,,101958000.0,,,,134784000.0,,,,127292000.0,,,,119000000.0,,,,105000000.0,,,,83000000.0,,,,68000000.0,,,,67000000.0,,,,64000000.0,,,,58000000.0,,,
DeferredTaxLiabilitiesOther / USD,,,,,,,-2206000.0,,,,18160000.0,,,,16893000.0,,,,19291000.0,,,,17378000.0,,,,12196000.0,,,,17277000.0,,,,1067000.0,,,,4000000.0,,,,,,,,12000000.0,,,,10000000.0,,,,8000000.0,,,,11000000.0,,,,11000000.0,,,
DeferredTaxLiabilitiesPropertyPlantAndEquipment / USD,,,,,,,0.0,,,,0.0,,,,22498000.0,,,,37876000.0,,,,38210000.0,,,,48044000.0,,,,42249000.0,,,,75690000.0,,,,33000000.0,,,,44000000.0,,,,134000000.0,,,,145000000.0,,,,217000000.0,,,,212000000.0,,,,238000000.0,,,
DefinedContributionPlanCostRecognized / USD,,,,,,,,,,,9700000.0,,,,8000000.0,,,,9000000.0,,,,12000000.0,,,,12000000.0,,,,15000000.0,,,,11000000.0,,,,12000000.0,,,,18000000.0,,,,13000000.0,,,,19000000.0,,,,16000000.0,,,,16000000.0,,,,11000000.0,,,
Depreciation / USD,,,,,,,,,,,,,,,,,,,,,,,130000000.0,,,,142000000.0,,,,154000000.0,,,,162000000.0,,,,166000000.0,,,,170000000.0,,,,162000000.0,,,,150000000.0,,,,116000000.0,,,,123000000.0,,,,139000000.0,,,
DepreciationAndAmortization / USD,64895000.0,100765000.0,131999000.0,33633000.0,68505000.0,104093000.0,139570000.0,35849000.0,71901000.0,109223000.0,147531000.0,32571000.0,66044000.0,103573000.0,149678000.0,36679000.0,73442000.0,113338000.0,149200000.0,38945000.0,80813000.0,,159049000.0,45776000.0,93796000.0,147751000.0,180613000.0,52411000.0,106937000.0,164200000.0,208326000.0,56294000.0,113496000.0,177395000.0,227967000.0,62249000.0,128195000.0,194338000.0,249000000.0,64000000.0,128000000.0,192000000.0,264000000.0,57000000.0,113000000.0,171000000.0,257000000.0,45000000.0,95000000.0,137000000.0,229000000.0,43000000.0,92000000.0,137000000.0,182000000.0,52000000.0,107000000.0,159000000.0,187000000.0,50000000.0,102000000.0,157000000.0,205000000.0,56000000.0,116000000.0,175000000.0
DepreciationDepletionAndAmortization / USD,,,,,,,,,,,,,,,,,,,137211000.0,,,126164000.0,145612000.0,,,,164902000.0,,,,190171000.0,,,,206841000.0,,,,,,,,,,,,,,,,210000000.0,,,,169000000.0,,,,173000000.0,,,,206000000.0,74000000.0,152000000.0,229000000.0
DerivativeInstrumentsAndHedgesLiabilities / USD,,,,,,,,,,,,,,,,,,,,,,,,,,,,,,,,,,,,,,,,,,,,518000000.0,522000000.0,522000000.0,521000000.0,521000000.0,521000000.0,521000000.0,521000000.0,501000000.0,501000000.0,501000000.0,501000000.0,466000000.0,466000000.0,466000000.0,,432000000.0,432000000.0,432000000.0,,,,
DividendsCommonStockCash / USD,,,,,,,,,,,,,,,,,,,,,,,,,,,,,,,,,,,,,,,,73000000.0,73000000.0,73000000.0,304000000.0,77000000.0,77000000.0,77000000.0,316000000.0,78000000.0,78000000.0,78000000.0,328000000.0,81000000.0,81000000.0,81000000.0,338000000.0,84000000.0,84000000.0,84000000.0,357000000.0,87000000.0,87000000.0,87000000.0,370000000.0,105000000.0,105000000.0,105000000.0
EarningsPerShareBasic / USD/shares,2.88,4.68,5.01,1.27,2.5,4.41,6.07,1.34,3.1,5.19,5.7,2.23,4.62,7.18,7.05,2.63,5.3,7.5,9.26,2.99,6.07,9.06,9.71,3.11,6.08,9.42,11.31,3.11,6.38,9.33,11.59,3.0,5.81,8.88,11.69,2.95,4.64,7.43,9.94,4.09,8.29,10.12,10.07,4.5,9.19,13.46,13.82,3.2,5.31,9.74,15.39,4.51,8.8,14.48,12.88,7.11,14.33,22.64,19.94,9.66,18.98,28.45,30.22,9.65,19.2,29.1
EarningsPerShareDiluted / USD/shares,2.83,4.6,4.91,1.25,2.46,4.34,5.97,1.31,3.04,5.1,5.62,2.18,4.52,7.03,6.93,2.57,5.2,7.35,9.07,2.94,5.97,8.92,9.52,3.07,6.0,9.3,11.13,3.07,6.32,9.24,11.45,2.98,5.77,8.82,11.58,2.93,4.61,7.39,9.87,4.07,8.23,10.04,10.02,4.48,9.14,13.4,13.73,3.19,5.29,9.7,15.32,4.48,8.76,14.4,12.82,7.07,14.26,22.52,19.84,9.61,18.89,28.32,30.06,9.62,19.13,29.0
EffectOfExchangeRateOnCashCashEquivalentsRestrictedCashAndRestrictedCashEquivalents / USD,,,,,,,,,,,,,,,,,,,,,,,,,,,,,,,,,,,,,,,,,,,,,,,-10000000.0,,,,5000000.0,-9000000.0,-8000000.0,-11000000.0,7000000.0,-4000000.0,-12000000.0,-19000000.0,-16000000.0,2000000.0,-2000000.0,-5000000.0,-14000000.0,-8000000.0,-23000000.0,-18000000.0
EffectiveIncomeTaxRateContinuingOperations / pure,,,,,,,0.385,,,,0.391,,,,0.398,,,,0.366,,,,0.375,,,,0.373,,,,0.391,,,,0.372,,,0.367,0.379,,,0.327,0.335,0.254,0.255,0.251,0.239,-0.304,0.039,0.173,0.26,,,,0.203,,,,0.25,,,,0.248,,,
EmployeeRelatedLiabilitiesCurrent / USD,,162380000.0,182275000.0,135323000.0,135323000.0,135323000.0,162380000.0,169343000.0,169343000.0,169343000.0,169343000.0,207010000.0,207010000.0,207010000.0,207010000.0,165450000.0,165450000.0,165450000.0,165450000.0,185905000.0,185905000.0,185905000.0,185905000.0,191696000.0,191696000.0,191696000.0,191696000.0,196667000.0,196667000.0,196667000.0,196667000.0,212525000.0,212525000.0,212525000.0,212525000.0,254560000.0,254560000.0,254560000.0,254000000.0,262000000.0,262000000.0,262000000.0,262000000.0,228000000.0,228000000.0,228000000.0,228000000.0,307000000.0,307000000.0,307000000.0,307000000.0,319000000.0,319000000.0,319000000.0,319000000.0,334000000.0,334000000.0,334000000.0,334000000.0,327000000.0,327000000.0,327000000.0,327000000.0,324000000.0,324000000.0,324000000.0
EmployeeServiceShareBasedCompensationTaxBenefitFromCompensationExpense / USD,,,,,,,18200000.0,,,,14100000.0,,,,17000000.0,,,,18000000.0,,,,18000000.0,,,,17000000.0,,,,15000000.0,,,,13000000.0,,,,12000000.0,,,,26000000.0,,,,29000000.0,,,,12000000.0,,,,16000000.0,,,,21000000.0,,,,19000000.0,,,
EntityCommonStockSharesOutstanding / shares,73623181.0,74315435.0,72424927.0,72895785.0,70959604.0,69061513.0,69377802.0,69270543.0,69893007.0,69747589.0,69962852.0,70138974.0,69693286.0,69494573.0,69522640.0,69544054.0,69497219.0,69411710.0,68797706.0,68430856.0,68395811.0,68183321.0,67442179.0,66920726.0,65975137.0,62788526.0,61728599.0,61322179.0,60422556.0,59569554.0,58837353.0,58405698.0,57690673.0,56983188.0,56105411.0,56017200.0,56133815.0,56320463.0,55679223.0,55443591.0,54571141.0,53866254.0,53656306.0,53467936.0,53571736.0,53668050.0,52375717.0,52110145.0,52074363.0,51520047.0,51107898.0,51101666.0,50871195.0,50529263.0,50199270.0,50166964.0,50000883.0,49634150.0,49173357.0,49068805.0,48825703.0,48700165.0,48216708.0,48039213.0,47832244.0,47549337.0
EntityPublicFloat / USD,5681567963.0,5681567963.0,5681567963.0,5681567963.0,6660203495.0,6660203495.0,6660203495.0,6660203495.0,10123345795.0,10123345795.0,10123345795.0,10123345795.0,12756537599.0,12756537599.0,12756537599.0,12756537599.0,16677711460.0,16677711460.0,16677711460.0,16677711460.0,16485186075.0,16485186075.0,16485186075.0,16485186075.0,14934345621.0,14934345621.0,14934345621.0,,,,12999003606.0,,,,9747864843.0,,,,16101319439.0,,,,13765366450.0,,,,15084028289.0,,,,20483168550.0,,,,20641746573.0,,,,35235880897.0,,,,40147032828.0,,,
FiniteLivedIntangibleAssetsAccumulatedAmortization / USD,,,,,,,,,,,,,,,,,,,,,,,158808000.0,,,,144639000.0,,,,481042000.0,,,563892000.0,563892000.0,,,656719000.0,657000000.0,730000000.0,730000000.0,730000000.0,764000000.0,859000000.0,859000000.0,859000000.0,859000000.0,520000000.0,520000000.0,520000000.0,520000000.0,569000000.0,569000000.0,569000000.0,569000000.0,619000000.0,619000000.0,619000000.0,619000000.0,642000000.0,642000000.0,642000000.0,642000000.0,684000000.0,684000000.0,684000000.0
FiniteLivedIntangibleAssetsAmortizationExpenseAfterYearFive / USD,,,,,,,,,,,,,,,108529000.0,,,,137511000.0,,,,121733000.0,,,,194608000.0,,,,163038000.0,,,,145259000.0,,,,115000000.0,,,,52000000.0,,,,19000000.0,,,,44000000.0,,,,5000000.0,,,,3000000.0,,,,0.0,,,
FiniteLivedIntangibleAssetsAmortizationExpenseNextTwelveMonths / USD,,,,,,,,,,,,,,,12372000.0,,,,20257000.0,,,,17221000.0,,,,25935000.0,,,,85791000.0,,,,91178000.0,,,,84000000.0,,,,72000000.0,,,,63000000.0,,,,54000000.0,,,,61000000.0,,,,66000000.0,,,,76000000.0,,,
FiniteLivedIntangibleAssetsAmortizationExpenseYearFive / USD,,,,,,,,,,,,,,,11215000.0,,,,16580000.0,,,,14126000.0,,,,23479000.0,,,,31716000.0,,,,28468000.0,,,,20000000.0,,,,12000000.0,,,,16000000.0,,,,19000000.0,,,,16000000.0,,,,13000000.0,,,,9000000.0,,,
FiniteLivedIntangibleAssetsAmortizationExpenseYearFour / USD,,,,,,,,,,,,,,,11762000.0,,,,17630000.0,,,,14928000.0,,,,23914000.0,,,,43488000.0,,,,40315000.0,,,,26000000.0,,,,13000000.0,,,,18000000.0,,,,24000000.0,,,,31000000.0,,,,28000000.0,,,,30000000.0,,,
FiniteLivedIntangibleAssetsAmortizationExpenseYearThree / USD,,,,,,,,,,,,,,,11913000.0,,,,18587000.0,,,,15314000.0,,,,23914000.0,,,,58309000.0,,,,52409000.0,,,,50000000.0,,,,38000000.0,,,,36000000.0,,,,31000000.0,,,,44000000.0,,,,46000000.0,,,,48000000.0,,,
FiniteLivedIntangibleAssetsAmortizationExpenseYearTwo / USD,,,,,,,,,,,,,,,12162000.0,,,,20057000.0,,,,16268000.0,,,,24868000.0,,,,75502000.0,,,,73995000.0,,,,66000000.0,,,,55000000.0,,,,48000000.0,,,,41000000.0,,,,53000000.0,,,,58000000.0,,,,62000000.0,,,
FiniteLivedIntangibleAssetsNet / USD,,,,,,,,,,,,,,,,,,,,,,,,,,,,,,,,,,,,,,,,,,,242000000.0,,,,200000000.0,,,,213000000.0,,,,210000000.0,,,,214000000.0,,,,225000000.0,,,
GainLossOnDispositionOfAssets1 / USD,,,,,,,,,,,,,,,,,,,,,,,,,-14576000.0,-15157000.0,,0.0,51000.0,709000.0,,7465000.0,15564000.0,16928000.0,,10966000.0,-12537000.0,7163000.0,,6000000.0,14000000.0,22000000.0,,2000000.0,5000000.0,5000000.0,,-3000000.0,-110000000.0,-104000000.0,6000000.0,5000000.0,4000000.0,3000000.0,-106000000.0,,-2000000.0,-1000000.0,6000000.0,,,4000000.0,14000000.0,,,
Goodwill / USD,213159000.0,213159000.0,233028000.0,351182000.0,351182000.0,351182000.0,233028000.0,387232000.0,387232000.0,387232000.0,351182000.0,509183000.0,509183000.0,509183000.0,387232000.0,543670000.0,543670000.0,543670000.0,509183000.0,525467000.0,525467000.0,525467000.0,543670000.0,506905000.0,506905000.0,506905000.0,525467000.0,582336000.0,582336000.0,582336000.0,506905000.0,527150000.0,527150000.0,527150000.0,582336000.0,543903000.0,543903000.0,527150000.0,527000000.0,544000000.0,544000000.0,544000000.0,544000000.0,424000000.0,424000000.0,424000000.0,424000000.0,429000000.0,429000000.0,429000000.0,429000000.0,391000000.0,391000000.0,391000000.0,391000000.0,384000000.0,384000000.0,384000000.0,384000000.0,371000000.0,371000000.0,371000000.0,371000000.0,370000000.0,370000000.0,370000000.0
GoodwillForeignCurrencyTranslationGainLoss / USD,,,,,,,,,,,,,,,,,,,,,,,,,,,,,,,-39472000.0,,,26583000.0,-16304000.0,,,27238000.0,27000000.0,-15000000.0,-15000000.0,-15000000.0,-15000000.0,5000000.0,5000000.0,5000000.0,5000000.0,5000000.0,5000000.0,5000000.0,5000000.0,-7000000.0,-7000000.0,-7000000.0,-7000000.0,-13000000.0,-13000000.0,-13000000.0,-13000000.0,-1000000.0,-1000000.0,-1000000.0,-1000000.0,-15000000.0,-15000000.0,-15000000.0
GoodwillImpairedAccumulatedImpairmentLoss / USD,,,,,,,,,,,,,,,,,,,,,,,,,,,72358000.0,,,,72358000.0,,,119602000.0,119602000.0,,,126771000.0,127000000.0,232000000.0,232000000.0,232000000.0,184000000.0,184000000.0,,,137000000.0,,,,137000000.0,,,,137000000.0,,,,137000000.0,,,,137000000.0,,,
GoodwillImpairmentLoss / USD,,,,,,,,,,,,,,,,,,,-4177000.0,,,,24121000.0,,,,11795000.0,,,,47244000.0,,,7169000.0,47244000.0,,,7169000.0,7000000.0,105000000.0,105000000.0,105000000.0,105000000.0,58000000.0,58000000.0,58000000.0,58000000.0,58000000.0,58000000.0,58000000.0,58000000.0,,,,,,,,0.0,,,,0.0,,,
GrossProfit / USD,1385811000.0,2128159000.0,2603623000.0,629415000.0,1254383000.0,1914328000.0,2808222000.0,705742000.0,1452828000.0,2242552000.0,2598526000.0,829614000.0,1692008000.0,2605007000.0,3005684000.0,974332000.0,1952675000.0,2946635000.0,3510792000.0,1031736000.0,2078720000.0,3130086000.0,3916160000.0,1075971000.0,2156657000.0,3259441000.0,4136483000.0,1093743000.0,2167174000.0,3229053000.0,4314242000.0,1045053000.0,2085112000.0,3124865000.0,4231428000.0,1019192000.0,2059148000.0,3076328000.0,4115000000.0,1092000000.0,2203000000.0,3282000000.0,4098000000.0,1095000000.0,2216000000.0,3315000000.0,4348000000.0,1121000000.0,2137000000.0,3211000000.0,4397000000.0,1093000000.0,2217000000.0,3467000000.0,4238000000.0,1383000000.0,2824000000.0,4343000000.0,4720000000.0,1634000000.0,3278000000.0,4933000000.0,5849000000.0,1668000000.0,3362000000.0,5082000000.0
IncomeLossFromContinuingOperationsBeforeIncomeTaxesDomestic / USD,,,,,,,731315000.0,,,,679648000.0,,,,802135000.0,,,,917820000.0,,,,982220000.0,,,,1167558000.0,,,,1299523000.0,,,,1203880000.0,,,,1074000000.0,,,,971000000.0,,,,1163000000.0,,,,1226000000.0,,,,1015000000.0,,,,1267000000.0,,,,1903000000.0,,,
IncomeLossFromContinuingOperationsBeforeIncomeTaxesExtraordinaryItemsNoncontrollingInterest / USD,,,,,,,,,,,,,,,,,,,1051527000.0,,,,1117789000.0,351613000.0,690038000.0,1072673000.0,1287599000.0,347639000.0,696325000.0,1015772000.0,1334386000.0,297584000.0,580564000.0,873749000.0,1250705000.0,270673000.0,477869000.0,727867000.0,1019000000.0,307000000.0,631000000.0,802000000.0,936000000.0,351000000.0,717000000.0,1039000000.0,1081000000.0,142000000.0,326000000.0,688000000.0,1209000000.0,343000000.0,662000000.0,1084000000.0,947000000.0,517000000.0,1034000000.0,1621000000.0,1485000000.0,662000000.0,1307000000.0,1959000000.0,2146000000.0,655000000.0,1291000000.0,1962000000.0
IncomeLossFromContinuingOperationsBeforeIncomeTaxesForeign / USD,,,,,,,41903000.0,,,,27689000.0,,,,51643000.0,,,,133707000.0,,,,135569000.0,,,,120041000.0,,,,34863000.0,,,,46825000.0,,,,-55000000.0,,,,-35000000.0,,,,-82000000.0,,,,-17000000.0,,,,-68000000.0,,,,218000000.0,,,,243000000.0,,,
IncomeTaxExpenseBenefit / USD,143463000.0,232130000.0,261741000.0,62090000.0,121250000.0,210106000.0,297863000.0,81573000.0,164702000.0,263249000.0,276565000.0,102076000.0,194333000.0,310745000.0,340196000.0,113055000.0,230683000.0,323599000.0,385115000.0,127397000.0,254164000.0,384948000.0,418940000.0,132558000.0,261906000.0,411491000.0,479850000.0,133493000.0,256944000.0,379769000.0,522090000.0,105940000.0,209475000.0,309251000.0,465531000.0,87820000.0,188057000.0,267239000.0,386000000.0,66000000.0,142000000.0,198000000.0,313000000.0,89000000.0,183000000.0,261000000.0,258000000.0,-43000000.0,12000000.0,118000000.0,314000000.0,88000000.0,164000000.0,271000000.0,192000000.0,132000000.0,260000000.0,405000000.0,371000000.0,154000000.0,309000000.0,468000000.0,533000000.0,158000000.0,304000000.0,470000000.0
IncomeTaxReconciliationChangeInDeferredTaxAssetsValuationAllowance / USD,,,,,,,,,,,,,,,,,,,,,,,,,,,,,,,,,,,,,,,,,,,,1000000.0,3000000.0,5000000.0,,,,,,,,,,,,,7000000.0,,,,7000000.0,,,
IncomeTaxReconciliationForeignIncomeTaxRateDifferential / USD,,,,,,,,,,,,,,,,,,,,,,,,,,,,,,,20318000.0,,,,12041000.0,,,6265000.0,21000000.0,,,,10000000.0,5000000.0,10000000.0,14000000.0,20000000.0,3000000.0,7000000.0,17000000.0,25000000.0,,,,23000000.0,,,,26000000.0,,,,26000000.0,,,
IncomeTaxReconciliationIncomeTaxExpenseBenefitAtFederalStatutoryIncomeTaxRate / USD,,,,,,,270626000.0,,,,247568000.0,,,,298822000.0,,,,368034000.0,,,,391226000.0,,,,450660000.0,,,,467035000.0,,,,437746000.0,,,254753000.0,357000000.0,,,,327000000.0,74000000.0,151000000.0,218000000.0,227000000.0,35000000.0,82000000.0,171000000.0,254000000.0,,,,199000000.0,,,,312000000.0,,,,451000000.0,,,
IncomeTaxReconciliationNondeductibleExpenseShareBasedCompensationCost / USD,,,,,,,,,,,,,,,,,,,,,,,,,,,,,,,,,,,,,,-8314000.0,0.0,,,,-14000000.0,,,,-15000000.0,,-2000000.0,,-12000000.0,,,,-18000000.0,,,,-8000000.0,,,,-5000000.0,,,
IncomeTaxReconciliationOtherAdjustments / USD,,,,,,,2132000.0,,,,3665000.0,,,,10917000.0,,,,-15145000.0,,,,1615000.0,,,,1760000.0,,,,3474000.0,,,,-405000.0,,,3806000.0,11000000.0,,,,11000000.0,-1000000.0,0.0,-4000000.0,-10000000.0,,2000000.0,-1000000.0,,,,,,,,,-7000000.0,,,,-10000000.0,,,
IncomeTaxReconciliationStateAndLocalIncomeTaxes / USD,,,,,,,25105000.0,,,,25332000.0,,,,30457000.0,,,,32226000.0,,,,26099000.0,,,,27430000.0,,,,31263000.0,,,,29507000.0,,,17458000.0,26000000.0,,,,20000000.0,10000000.0,19000000.0,28000000.0,32000000.0,4000000.0,11000000.0,23000000.0,36000000.0,,,,33000000.0,,,,41000000.0,,,,64000000.0,,,
IncomeTaxesPaid / USD,,,,,,,,,,,,,,,,,,,,,,,,,,,,,,,,,,,,,,,,,,,,,,,,,,,322000000.0,,,,180000000.0,,,,377000000.0,,,,479000000.0,,,
IncreaseDecreaseInAccountsPayableTrade / USD,27761000.0,13069000.0,-39436000.0,-34990000.0,-41776000.0,-33064000.0,-6960000.0,11737000.0,47332000.0,97473000.0,-16736000.0,14257000.0,49476000.0,59193000.0,36219000.0,-28549000.0,-6751000.0,-39657000.0,86395000.0,8672000.0,31472000.0,1727000.0,-54314000.0,-13497000.0,2852000.0,-5542000.0,71118000.0,-7326000.0,-29144000.0,19126000.0,32019000.0,30827000.0,43338000.0,36594000.0,23130000.0,18051000.0,36817000.0,56717000.0,73000000.0,13000000.0,5000000.0,4000000.0,72000000.0,64000000.0,100000000.0,50000000.0,-51000000.0,155000000.0,79000000.0,145000000.0,32000000.0,85000000.0,178000000.0,167000000.0,80000000.0,228000000.0,263000000.0,261000000.0,54000000.0,53000000.0,147000000.0,55000000.0,225000000.0,202000000.0,184000000.0,99000000.0
IncreaseDecreaseInAccountsReceivable / USD,-82929000.0,-125936000.0,-41814000.0,23310000.0,6618000.0,-23390000.0,-5592000.0,-62976000.0,99770000.0,153807000.0,-2794000.0,45631000.0,107281000.0,138726000.0,127790000.0,86639000.0,128648000.0,131057000.0,85083000.0,101803000.0,155887000.0,130068000.0,45953000.0,78676000.0,98574000.0,163072000.0,126465000.0,50968000.0,50586000.0,69784000.0,122580000.0,84435000.0,98394000.0,123922000.0,3085000.0,95419000.0,136844000.0,145631000.0,46000000.0,94000000.0,148000000.0,172000000.0,103000000.0,102000000.0,118000000.0,119000000.0,79000000.0,217000000.0,113000000.0,145000000.0,42000000.0,121000000.0,180000000.0,298000000.0,121000000.0,263000000.0,398000000.0,487000000.0,324000000.0,162000000.0,303000000.0,351000000.0,436000000.0,163000000.0,205000000.0,183000000.0
IncreaseDecreaseInAccruedIncomeTaxesPayable / USD,-8800000.0,6466000.0,2304000.0,35054000.0,878000.0,-1056000.0,-7784000.0,35922000.0,-5173000.0,8970000.0,2472000.0,48315000.0,7280000.0,9715000.0,-1503000.0,58325000.0,-11407000.0,-12890000.0,16827000.0,52085000.0,-2648000.0,6243000.0,-9349000.0,92410000.0,1601000.0,4408000.0,-4813000.0,62893000.0,-847000.0,2451000.0,-1487000.0,32757000.0,-1368000.0,-9714000.0,6943000.0,73227000.0,6360000.0,18015000.0,-4000000.0,44000000.0,28000000.0,39000000.0,4000000.0,64000000.0,-7000000.0,-16000000.0,36000000.0,-62000000.0,-18000000.0,-19000000.0,-3000000.0,55000000.0,-50000000.0,-42000000.0,24000000.0,86000000.0,10000000.0,8000000.0,-26000000.0,102000000.0,-28000000.0,-34000000.0,42000000.0,107000000.0,-62000000.0,-64000000.0
IncreaseDecreaseInInventories / USD,-22107000.0,-17360000.0,-97234000.0,47243000.0,120528000.0,194396000.0,-92518000.0,44520000.0,-28396000.0,30460000.0,-175286000.0,-16212000.0,-2493000.0,55527000.0,80545000.0,-36845000.0,-4918000.0,-12116000.0,219680000.0,-60122000.0,-57771000.0,-44957000.0,14872000.0,-30608000.0,13497000.0,19755000.0,23636000.0,2808000.0,-26075000.0,-12627000.0,92443000.0,-10831000.0,-8733000.0,-41938000.0,37737000.0,-27826000.0,-29936000.0,-34851000.0,4000000.0,-3000000.0,45000000.0,53000000.0,5000000.0,-20000000.0,-12000000.0,-18000000.0,129000000.0,-19000000.0,144000000.0,222000000.0,106000000.0,-52000000.0,-22000000.0,64000000.0,158000000.0,65000000.0,149000000.0,253000000.0,152000000.0,-4000000.0,-28000000.0,-42000000.0,412000000.0,-76000000.0,-71000000.0,-86000000.0
IncreaseDecreaseInOperatingLeaseLiability / USD,,,,,,,,,,,,,,,,,,,,,,,,,,,,,,,,,,,,,,,,,,,,,,,,,,,,,,,,,,,-68000000.0,-21000000.0,-42000000.0,-65000000.0,-76000000.0,-23000000.0,-47000000.0,-73000000.0
IncreaseDecreaseInOtherAccruedLiabilities / USD,,-42191000.0,54457000.0,-181657000.0,-163188000.0,-112810000.0,199000.0,-93522000.0,-40252000.0,7996000.0,-52944000.0,-156175000.0,-79208000.0,-17814000.0,49576000.0,-185591000.0,-145965000.0,-3861000.0,50718000.0,-137186000.0,-128468000.0,-46521000.0,-58673000.0,-146616000.0,-127930000.0,-45887000.0,-707000.0,-160239000.0,-169123000.0,-102951000.0,8693000.0,-104552000.0,-112256000.0,-68370000.0,-24101000.0,-64171000.0,-18989000.0,29643000.0,-4000000.0,-103000000.0,-60000000.0,-36000000.0,113000000.0,-207000000.0,-187000000.0,-137000000.0,18000000.0,-36000000.0,-32000000.0,-13000000.0,-84000000.0,-61000000.0,-7000000.0,-13000000.0,15000000.0,-53000000.0,-8000000.0,51000000.0,59000000.0,-193000000.0,-169000000.0,-92000000.0,218000000.0,-35000000.0,-18000000.0,36000000.0
IncreaseDecreaseInPrepaidDeferredExpenseAndOtherAssets / USD,,645000.0,-2342000.0,19432000.0,24004000.0,24991000.0,-33629000.0,19890000.0,-17596000.0,-36015000.0,11180000.0,-36759000.0,-683000.0,-23103000.0,8806000.0,-52994000.0,-39907000.0,-46648000.0,24228000.0,-28090000.0,-31369000.0,-40290000.0,-8346000.0,-6564000.0,4610000.0,-17670000.0,-16873000.0,-34433000.0,-6929000.0,-27858000.0,24550000.0,-4370000.0,6143000.0,-3478000.0,-15788000.0,25943000.0,24232000.0,4206000.0,-19000000.0,33000000.0,25000000.0,13000000.0,5000000.0,30000000.0,22000000.0,15000000.0,2000000.0,26000000.0,37000000.0,29000000.0,33000000.0,5000000.0,8000000.0,1000000.0,23000000.0,39000000.0,50000000.0,39000000.0,15000000.0,-74000000.0,-93000000.0,-104000000.0,158000000.0,85000000.0,42000000.0,26000000.0
IntangibleAssetsGrossExcludingGoodwill / USD,,,,,,,,,,,,,,,,,,,,,,,462220000.0,,,,408569000.0,,,,1129052000.0,,,1150018000.0,1150018000.0,,,1225834000.0,1226000000.0,1190000000.0,1190000000.0,1190000000.0,1224000000.0,1163000000.0,1163000000.0,1163000000.0,1163000000.0,748000000.0,748000000.0,748000000.0,748000000.0,807000000.0,807000000.0,807000000.0,807000000.0,851000000.0,851000000.0,851000000.0,851000000.0,876000000.0,876000000.0,876000000.0,876000000.0,927000000.0,927000000.0,927000000.0
IntangibleAssetsNetExcludingGoodwill / USD,,,,,,,20800000.0,,,,122000000.0,,,,,,,,,,,,303412000.0,,,,263930000.0,463294000.0,463294000.0,463294000.0,648010000.0,586126000.0,586126000.0,586126000.0,586126000.0,569115000.0,569115000.0,569115000.0,569000000.0,460000000.0,460000000.0,460000000.0,460000000.0,304000000.0,304000000.0,304000000.0,304000000.0,228000000.0,228000000.0,228000000.0,228000000.0,238000000.0,238000000.0,238000000.0,238000000.0,232000000.0,232000000.0,232000000.0,232000000.0,234000000.0,234000000.0,234000000.0,234000000.0,243000000.0,243000000.0,243000000.0
InterestIncomeExpenseNet / USD,,,,,,,,,,,,,,,,,,,,,,,,,,,,,,,,,,,,,,,,,,,-86000000.0,-19000000.0,-40000000.0,-60000000.0,-82000000.0,-21000000.0,-49000000.0,-72000000.0,-79000000.0,-21000000.0,-43000000.0,-65000000.0,-93000000.0,-23000000.0,-45000000.0,-70000000.0,-87000000.0,-24000000.0,-48000000.0,-70000000.0,-93000000.0,-21000000.0,-41000000.0,-60000000.0
InterestPaidNet / USD,,,4409000.0,,,,14508000.0,,,,8766000.0,,,,8188000.0,,,,8996000.0,,,,16028000.0,,,,12954000.0,,,,10172000.0,,,,31591000.0,,,,63000000.0,,,,78000000.0,,,,86000000.0,,,,84000000.0,,,,94000000.0,,,,87000000.0,,,,91000000.0,,,
InventoryLIFOReserve / USD,,,,,,,317000000.0,,,,336800000.0,,,,354000000.0,,,,376000000.0,,,,388000000.0,,,,389000000.0,,,,388000000.0,,,,382000000.0,,,,382000000.0,,,,394000000.0,,,,426000000.0,,,,446000000.0,,,,510000000.0,,,,693000000.0,,,,770000000.0,,,
InventoryLIFOReserveEffectOnIncomeNet / USD,,,,,,,,,,,10000000.0,,,,2000000.0,,,,11000000.0,,,,13000000.0,,,,8000000.0,,,,1000000.0,,,,1000000.0,,,,3000000.0,,,,-1000000.0,,,,8000000.0,,,,24000000.0,,,,15000000.0,,,,49000000.0,,,,139000000.0,,,
InventoryNet / USD,1009932000.0,1009932000.0,946327000.0,889679000.0,889679000.0,889679000.0,1009932000.0,991577000.0,991577000.0,991577000.0,991577000.0,1268647000.0,1268647000.0,1268647000.0,1268647000.0,1301935000.0,1301935000.0,1301935000.0,1301935000.0,1305520000.0,1305520000.0,1305520000.0,1305520000.0,1356396000.0,1356396000.0,1356396000.0,1356396000.0,1414177000.0,1414177000.0,1414177000.0,1414177000.0,1406470000.0,1406470000.0,1406470000.0,1406470000.0,1429199000.0,1429199000.0,1429199000.0,1429000000.0,1541000000.0,1541000000.0,1541000000.0,1541000000.0,1655000000.0,1655000000.0,1655000000.0,1655000000.0,1733000000.0,1733000000.0,1733000000.0,1733000000.0,1870000000.0,1870000000.0,1870000000.0,1870000000.0,2253000000.0,2253000000.0,2253000000.0,2253000000.0,2266000000.0,2266000000.0,2266000000.0,2266000000.0,2306000000.0,2306000000.0,2306000000.0
LesseeOperatingLeaseLiabilityPaymentsDue / USD,,,,,,,,,,,,,,,,,,,,,,,,,,,,,,,,,,,,,,,,212000000.0,210000000.0,224000000.0,239000000.0,,,,230000000.0,,,,415000000.0,,,,405000000.0,,,,492000000.0,,,,437000000.0,,,
LesseeOperatingLeaseLiabilityPaymentsDueAfterYearFive / USD,,,,,,,,,,,,,,,,,,,,,,,,,,,,,,,,,,,,,,,,31000000.0,36000000.0,42000000.0,30000000.0,,,,38000000.0,,,,140000000.0,,,,108000000.0,,,,119000000.0,,,,76000000.0,,,
LesseeOperatingLeaseLiabilityPaymentsDueNextTwelveMonths / USD,,,,,,,,,,,,,,,,,,,,,,,,,,,,,,,,,,,,,,,,,,,,,,,59000000.0,,,,72000000.0,,,,77000000.0,,,,87000000.0,,,,91000000.0,,,
LesseeOperatingLeaseLiabilityPaymentsDueYearFive / USD,,,,,,,,,,,,,,,,,,,,,,,,,,,,,,,,,,,,,,,,17000000.0,21000000.0,25000000.0,16000000.0,,,,17000000.0,,,,37000000.0,,,,40000000.0,,,,57000000.0,,,,50000000.0,,,
LesseeOperatingLeaseLiabilityPaymentsDueYearFour / USD,,,,,,,,,,,,,,,,,,,,,,,,,,,,,,,,,,,,,,,,27000000.0,31000000.0,37000000.0,30000000.0,,,,24000000.0,,,,44000000.0,,,,50000000.0,,,,66000000.0,,,,63000000.0,,,
LesseeOperatingLeaseLiabilityPaymentsDueYearThree / USD,,,,,,,,,,,,,,,,,,,,,,,,,,,,,,,,,,,,,,,,37000000.0,40000000.0,48000000.0,45000000.0,,,,40000000.0,,,,53000000.0,,,,62000000.0,,,,76000000.0,,,,72000000.0,,,
LesseeOperatingLeaseLiabilityPaymentsDueYearTwo / USD,,,,,,,,,,,,,,,,,,,,,,,,,,,,,,,,,,,,,,,,51000000.0,52000000.0,57000000.0,55000000.0,,,,52000000.0,,,,69000000.0,,,,68000000.0,,,,87000000.0,,,,85000000.0,,,
LesseeOperatingLeaseLiabilityUndiscountedExcessAmount / USD,,,,,,,,,,,,,,,,,,,,,,,,,,,,,,,,,,,,,,,,17000000.0,8000000.0,11000000.0,10000000.0,,,,11000000.0,,,,15000000.0,,,,19000000.0,,,,40000000.0,,,,32000000.0,,,
LiabilitiesAndStockholdersEquity / USD,3515417000.0,3515417000.0,3094028000.0,3726332000.0,3726332000.0,3726332000.0,3515417000.0,3904377000.0,3904377000.0,3904377000.0,3904377000.0,4716062000.0,4716062000.0,4716062000.0,4716062000.0,5014598000.0,5014598000.0,5014598000.0,5014598000.0,5266328000.0,5266328000.0,5266328000.0,5266328000.0,5284252000.0,5283049000.0,5283049000.0,5283049000.0,5857755000.0,5857755000.0,5857755000.0,5857755000.0,5694307000.0,5694307000.0,5694307000.0,5694307000.0,5804254000.0,5804254000.0,5804254000.0,5804000000.0,5873000000.0,5873000000.0,5873000000.0,5873000000.0,6005000000.0,6005000000.0,6005000000.0,6005000000.0,6295000000.0,6295000000.0,6295000000.0,6295000000.0,6592000000.0,6592000000.0,6592000000.0,6592000000.0,7588000000.0,7588000000.0,7588000000.0,7588000000.0,8147000000.0,8147000000.0,8147000000.0,8147000000.0,8829000000.0,8829000000.0,8829000000.0
LiabilitiesCurrent / USD,761734000.0,761734000.0,826403000.0,776799000.0,776799000.0,776799000.0,761734000.0,869303000.0,869303000.0,869303000.0,869303000.0,1387925000.0,1387925000.0,1387925000.0,1387925000.0,1080003000.0,1080003000.0,1080003000.0,1080003000.0,1195790000.0,1195790000.0,1195790000.0,1195790000.0,1261716000.0,1261716000.0,1261716000.0,1261716000.0,1788534000.0,1788534000.0,1788534000.0,1788534000.0,1628937000.0,1628937000.0,1628937000.0,1628937000.0,1506661000.0,1506661000.0,1506661000.0,1507000000.0,1501000000.0,1501000000.0,1501000000.0,1501000000.0,1678000000.0,1678000000.0,1678000000.0,1678000000.0,1441000000.0,1441000000.0,1441000000.0,1441000000.0,1528000000.0,1528000000.0,1528000000.0,1528000000.0,2010000000.0,2010000000.0,2010000000.0,2010000000.0,1831000000.0,1831000000.0,1831000000.0,1831000000.0,2305000000.0,2305000000.0,2305000000.0
LongTermDebt / USD,,,,,,,,,,,420446000.0,,,,175055000.0,,,,467048000.0,,,,445513000.0,,,,403333000.0,,,,,1880036000.0,1880036000.0,1880036000.0,,,,,,,,,,,,,,,,,,,,,,,,,,2266000000.0,2266000000.0,2266000000.0,2300000000.0,2778000000.0,2778000000.0,2778000000.0
LongTermDebtCurrent / USD,,21257000.0,4590000.0,53128000.0,53128000.0,53128000.0,21257000.0,31059000.0,31059000.0,31059000.0,31059000.0,221539000.0,221539000.0,221539000.0,221539000.0,18525000.0,18525000.0,18525000.0,18525000.0,30429000.0,30429000.0,30429000.0,30429000.0,23404000.0,23404000.0,23404000.0,23404000.0,247346000.0,247346000.0,247346000.0,247346000.0,19966000.0,19966000.0,19966000.0,19966000.0,38709000.0,38709000.0,38709000.0,39000000.0,81000000.0,81000000.0,81000000.0,81000000.0,246000000.0,246000000.0,246000000.0,246000000.0,8000000.0,8000000.0,8000000.0,8000000.0,,0.0,0.0,0.0,35000000.0,35000000.0,35000000.0,35000000.0,34000000.0,34000000.0,34000000.0,34000000.0,499000000.0,499000000.0,499000000.0
LongTermDebtFairValue / USD,,,,,,,,,,,,,,,,,,,,,,,,,,,,,,,,,,,,,,,,,,,,,,,,,,,,,,,,,,,,2113000000.0,2113000000.0,2113000000.0,2147000000.0,2491000000.0,2491000000.0,2491000000.0
LongTermDebtNoncurrent / USD,488228000.0,488228000.0,4895000.0,437500000.0,437500000.0,437500000.0,488228000.0,420446000.0,420446000.0,420446000.0,420446000.0,175055000.0,175055000.0,175055000.0,175055000.0,467048000.0,467048000.0,467048000.0,467048000.0,445513000.0,445513000.0,445513000.0,445513000.0,404536000.0,403333000.0,403333000.0,403333000.0,1388414000.0,1388414000.0,1388414000.0,1388414000.0,1840946000.0,1840946000.0,1840946000.0,1840946000.0,2248036000.0,2248036000.0,2248036000.0,2248000000.0,2090000000.0,2090000000.0,2090000000.0,2090000000.0,1914000000.0,1914000000.0,1914000000.0,1914000000.0,2389000000.0,2389000000.0,2389000000.0,2389000000.0,2362000000.0,2362000000.0,2362000000.0,2362000000.0,2284000000.0,2284000000.0,2284000000.0,2284000000.0,2300000000.0,2300000000.0,2300000000.0,2266000000.0,2279000000.0,2279000000.0,2279000000.0
MinorityInterest / USD,,0.0,0.0,63479000.0,63479000.0,63479000.0,0.0,82454000.0,82454000.0,82454000.0,82454000.0,95494000.0,95494000.0,95494000.0,95494000.0,93454000.0,93454000.0,93454000.0,93454000.0,76398000.0,76398000.0,76398000.0,76398000.0,74229000.0,74229000.0,74229000.0,74229000.0,86080000.0,86080000.0,86080000.0,86080000.0,107833000.0,107833000.0,107833000.0,107833000.0,137601000.0,137601000.0,137601000.0,138000000.0,172000000.0,172000000.0,172000000.0,172000000.0,205000000.0,205000000.0,205000000.0,205000000.0,265000000.0,265000000.0,265000000.0,265000000.0,286000000.0,286000000.0,286000000.0,286000000.0,295000000.0,295000000.0,295000000.0,295000000.0,326000000.0,326000000.0,326000000.0,326000000.0,345000000.0,345000000.0,345000000.0
NetCashProvidedByUsedInFinancingActivities / USD,122343000.0,69881000.0,-513887000.0,-150987000.0,-163802000.0,-161946000.0,-36810000.0,-7217000.0,-287076000.0,-549616000.0,-413530000.0,-73430000.0,-85452000.0,-32220000.0,-578587000.0,-55445000.0,-208353000.0,-322473000.0,-177446000.0,-97814000.0,-249986000.0,-368493000.0,-394436000.0,-165557000.0,-297228000.0,-530682000.0,-590869000.0,-39996000.0,401630000.0,36600000.0,-758123000.0,-138248000.0,-258484000.0,-518442000.0,-108756000.0,-183200000.0,-304484000.0,-619092000.0,-776000000.0,-146000000.0,-331000000.0,-437000000.0,-867000000.0,-221000000.0,-586000000.0,-875000000.0,-670000000.0,955000000.0,864000000.0,-147000000.0,-1023000000.0,-250000000.0,-463000000.0,-790000000.0,-726000000.0,-159000000.0,-388000000.0,-668000000.0,-1039000000.0,-224000000.0,-521000000.0,-839000000.0,-972000000.0,-391000000.0,-763000000.0,-615000000.0
NetCashProvidedByUsedInInvestingActivities / USD,-89218000.0,-152860000.0,-196957000.0,-28383000.0,-49611000.0,-76898000.0,-202635000.0,-22891000.0,-67988000.0,-116511000.0,-262563000.0,-27951000.0,-79812000.0,-472091000.0,-169159000.0,-39368000.0,-116701000.0,-174072000.0,-535068000.0,-41478000.0,-88781000.0,-272827000.0,-305656000.0,-52179000.0,-131595000.0,-234924000.0,-399427000.0,-92204000.0,-170397000.0,-720041000.0,-384058000.0,-45385000.0,-73535000.0,-185396000.0,-843358000.0,-37529000.0,-74835000.0,-99638000.0,-262000000.0,-31000000.0,-74000000.0,-105000000.0,-146000000.0,-52000000.0,-91000000.0,-145000000.0,-166000000.0,-52000000.0,-82000000.0,-132000000.0,-202000000.0,-58000000.0,-130000000.0,-180000000.0,-179000000.0,-57000000.0,-172000000.0,-212000000.0,-226000000.0,-96000000.0,-191000000.0,-307000000.0,-263000000.0,-118000000.0,-177000000.0,-262000000.0
NetCashProvidedByUsedInOperatingActivities / USD,118722000.0,335317000.0,468875000.0,42516000.0,232610000.0,509739000.0,530066000.0,113191000.0,286284000.0,491971000.0,732396000.0,118391000.0,309469000.0,559971000.0,596445000.0,106238000.0,238220000.0,576109000.0,746108000.0,176417000.0,386823000.0,740428000.0,816195000.0,167518000.0,328466000.0,662833000.0,986498000.0,156209000.0,369505000.0,735930000.0,959814000.0,160637000.0,343093000.0,688924000.0,1036109000.0,180946000.0,372178000.0,720878000.0,1024000000.0,147000000.0,395000000.0,743000000.0,1057000000.0,127000000.0,450000000.0,770000000.0,1057000000.0,244000000.0,476000000.0,787000000.0,1042000000.0,294000000.0,563000000.0,724000000.0,1123000000.0,343000000.0,593000000.0,973000000.0,937000000.0,454000000.0,904000000.0,1427000000.0,1333000000.0,661000000.0,1072000000.0,1683000000.0
NetIncomeLoss / USD,227417000.0,367440000.0,420120000.0,96378000.0,188844000.0,333408000.0,475355000.0,99173000.0,228250000.0,378655000.0,430466000.0,157933000.0,327818000.0,509939000.0,510865000.0,187516000.0,378220000.0,533614000.0,658423000.0,211838000.0,429498000.0,640287000.0,689881000.0,216653000.0,422568000.0,652890000.0,797036000.0,211015000.0,431563000.0,623764000.0,801729000.0,186713000.0,359389000.0,545262000.0,768996000.0,174744000.0,272665000.0,434671000.0,606000000.0,232000000.0,469000000.0,573000000.0,586000000.0,253000000.0,513000000.0,746000000.0,782000000.0,173000000.0,287000000.0,527000000.0,849000000.0,238000000.0,463000000.0,760000000.0,695000000.0,366000000.0,737000000.0,1163000000.0,1043000000.0,488000000.0,958000000.0,1434000000.0,1547000000.0,478000000.0,948000000.0,1434000000.0
NetIncomeLossAttributableToNoncontrollingInterest / USD,,,0.0,0.0,0.0,0.0,0.0,244000.0,834000.0,1726000.0,306000.0,1155000.0,2839000.0,4765000.0,2717000.0,1942000.0,4339000.0,6749000.0,7989000.0,2689000.0,5782000.0,8069000.0,8968000.0,2402000.0,5564000.0,8292000.0,10713000.0,3131000.0,7818000.0,12239000.0,10567000.0,4931000.0,11700000.0,19236000.0,16178000.0,8109000.0,17147000.0,25957000.0,27000000.0,9000000.0,20000000.0,31000000.0,37000000.0,9000000.0,21000000.0,32000000.0,41000000.0,12000000.0,27000000.0,43000000.0,46000000.0,17000000.0,35000000.0,53000000.0,60000000.0,19000000.0,37000000.0,53000000.0,71000000.0,20000000.0,40000000.0,57000000.0,66000000.0,19000000.0,39000000.0,58000000.0
NoncontrollingInterestIncreaseFromSubsidiaryEquityIssuance / USD,,,,,,,,,,,,,,,,,,,,,,,,,,,,,,,,,,,,,,,,2000000.0,2000000.0,2000000.0,4000000.0,2000000.0,2000000.0,2000000.0,4000000.0,,,,2000000.0,,2000000.0,2000000.0,14000000.0,,,2000000.0,2000000.0,,,2000000.0,2000000.0,,,0.0
NonoperatingIncomeExpense / USD,222000.0,-2545000.0,11208000.0,-746000.0,-3049000.0,43651000.0,-9454000.0,-1895000.0,-4014000.0,-5443000.0,42113000.0,-1450000.0,-2906000.0,-5487000.0,-6697000.0,-1848000.0,-5119000.0,-8725000.0,-902000.0,-1381000.0,-3932000.0,-6787000.0,-13336000.0,-2726000.0,-5052000.0,-7930000.0,-9255000.0,-3608000.0,-11640000.0,-32922000.0,-12731000.0,-19508000.0,-42117000.0,-71520000.0,-49615000.0,-21828000.0,-43712000.0,-71452000.0,-94000000.0,-28000000.0,-48000000.0,-66000000.0,-99000000.0,-12000000.0,-26000000.0,-42000000.0,-77000000.0,-17000000.0,-38000000.0,-56000000.0,-53000000.0,-15000000.0,-30000000.0,-46000000.0,-72000000.0,-17000000.0,-34000000.0,-50000000.0,-62000000.0,-18000000.0,-34000000.0,-49000000.0,-69000000.0,-14000000.0,-27000000.0,-42000000.0
NumberOfReportableSegments / segment,,,,,,,,,,,,,,,,,,,,,,,,,,,2.0,2.0,2.0,2.0,2.0,2.0,2.0,2.0,2.0,2.0,2.0,2.0,2.0,2.0,2.0,2.0,2.0,2.0,2.0,2.0,2.0,2.0,2.0,2.0,2.0,2.0,2.0,2.0,2.0,2.0,2.0,2.0,2.0,2.0,2.0,2.0,2.0,2.0,2.0,2.0
OperatingIncomeLoss / USD,370658000.0,602115000.0,670653000.0,159214000.0,313143000.0,499863000.0,782672000.0,182885000.0,397800000.0,649073000.0,665224000.0,262614000.0,527896000.0,830936000.0,860475000.0,304361000.0,618361000.0,872687000.0,1052429000.0,343305000.0,693376000.0,1040091000.0,1131125000.0,354339000.0,695090000.0,1080603000.0,1296854000.0,351247000.0,707965000.0,1048694000.0,1347117000.0,317092000.0,622681000.0,945269000.0,1300320000.0,292501000.0,521581000.0,799319000.0,1113000000.0,335000000.0,679000000.0,868000000.0,1035000000.0,363000000.0,743000000.0,1081000000.0,1158000000.0,159000000.0,364000000.0,744000000.0,1262000000.0,358000000.0,692000000.0,1130000000.0,1019000000.0,534000000.0,1068000000.0,1671000000.0,1547000000.0,680000000.0,1341000000.0,2008000000.0,2215000000.0,669000000.0,1318000000.0,2004000000.0
OperatingLeaseExpense / USD,,,,,,,,,,,,,,,,,,,,,,,,,,,,,,,,,,,,,,,,,,,,,,,,,,,76000000.0,,,,76000000.0,,,,74000000.0,,,,93000000.0,,,
OperatingLeaseLiability / USD,,,,,,,,,,,,,,,,,,,,,,,,,,,,,,,,,,,,,,,,205000000.0,205000000.0,205000000.0,205000000.0,,,,219000000.0,,,,219000000.0,,,,400000000.0,,,,386000000.0,,,,452000000.0,,,
OperatingLeaseLiabilityCurrent / USD,,,,,,,,,,,,,,,,,,,,,,,,,,,,,,,,,,,,,,,,56000000.0,52000000.0,54000000.0,58000000.0,,,,57000000.0,,,,57000000.0,66000000.0,66000000.0,66000000.0,66000000.0,68000000.0,68000000.0,68000000.0,68000000.0,71000000.0,71000000.0,71000000.0,71000000.0,78000000.0,78000000.0,78000000.0
OperatingLeaseLiabilityNoncurrent / USD,,,,,,,,,,,,,,,,,,,,,,,,,,,,,,,,,,,,,,,,139000000.0,150000000.0,159000000.0,171000000.0,,,,162000000.0,,,,162000000.0,334000000.0,334000000.0,334000000.0,334000000.0,318000000.0,318000000.0,318000000.0,318000000.0,381000000.0,381000000.0,381000000.0,381000000.0,327000000.0,327000000.0,327000000.0
OperatingLeasePayments / USD,,,,,,,,,,,,,,,,,,,,,,,,,,,,,,,,,,,,,,,,17000000.0,32000000.0,49000000.0,67000000.0,,,,69000000.0,,,,69000000.0,,,,68000000.0,,,,76000000.0,,,,88000000.0,,,
OperatingLeaseRightOfUseAsset / USD,,,,,,,,,,,,,,,,,,,,,,,,,,,,,,,,,,,,,,,,208000000.0,208000000.0,208000000.0,208000000.0,,,,210000000.0,,,,210000000.0,393000000.0,393000000.0,393000000.0,393000000.0,367000000.0,367000000.0,367000000.0,367000000.0,429000000.0,429000000.0,429000000.0,429000000.0,371000000.0,371000000.0,371000000.0
OperatingLeaseRightOfUseAssetAmortizationExpense / USD,,,,,,,,,,,,,,,,,,,,,,,,,,,,,,,,,,,,,,,,,,,,,,,,,,,,,,,,,,,50000000.0,17000000.0,38000000.0,56000000.0,70000000.0,21000000.0,41000000.0,61000000.0
OperatingLeaseWeightedAverageDiscountRatePercent / pure,,,,,,,,,,,,,,,,,,,,,,,,,,,,,,,,,,,,,,,,0.025,0.024,0.023,0.023,,,,0.0195,,,,0.0195,,,,0.0081,,,,0.0146,,,,0.0219,,,
OperatingLossCarryforwards / USD,,,,,,,54600000.0,,,,228800000.0,,,,253000000.0,,,,262000000.0,,,,236000000.0,,,,268000000.0,,,,256000000.0,,,,285000000.0,,,,269000000.0,,,,286000000.0,,,,207000000.0,,,,238000000.0,,,,238000000.0,,,,248000000.0,,,,335000000.0,,,
OtherAssetsNoncurrent / USD,109566000.0,109566000.0,112421000.0,207384000.0,207384000.0,207384000.0,109566000.0,228158000.0,228158000.0,228158000.0,228158000.0,350854000.0,350854000.0,350854000.0,350854000.0,374179000.0,374179000.0,374179000.0,374179000.0,471805000.0,471805000.0,471805000.0,471805000.0,468734000.0,467531000.0,467531000.0,203601000.0,248246000.0,248246000.0,248246000.0,63530000.0,75136000.0,75136000.0,75136000.0,75136000.0,70918000.0,70918000.0,70918000.0,71000000.0,68000000.0,68000000.0,68000000.0,68000000.0,306000000.0,306000000.0,306000000.0,306000000.0,362000000.0,362000000.0,362000000.0,152000000.0,142000000.0,142000000.0,142000000.0,142000000.0,180000000.0,180000000.0,180000000.0,180000000.0,182000000.0,182000000.0,182000000.0,182000000.0,196000000.0,196000000.0,196000000.0
OtherComprehensiveIncomeForeignCurrencyTransactionAndTranslationAdjustmentNetOfTaxPortionAttributableToNoncontrollingInterest / USD,,,0.0,0.0,0.0,774000.0,0.0,-276000.0,,,-1457000.0,,,,8712000.0,,,,4127000.0,,,,-8866000.0,1479000.0,3030000.0,-3346000.0,-15622000.0,-294000.0,-1802000.0,-281000.0,-9880000.0,5704000.0,14433000.0,16621000.0,-532000.0,5532000.0,4346000.0,4338000.0,1000000.0,9000000.0,2000000.0,-3000000.0,4000000.0,-2000000.0,3000000.0,2000000.0,3000000.0,3000000.0,1000000.0,6000000.0,3000000.0,-18000000.0,-18000000.0,-19000000.0,12000000.0,-16000000.0,-47000000.0,-61000000.0,-29000000.0,-5000000.0,-32000000.0,-39000000.0,-34000000.0,-22000000.0,-42000000.0,-4000000.0
OtherComprehensiveIncomeForeignCurrencyTransactionAndTranslationGainLossArisingDuringPeriodNetOfTax / USD,,,,,,,,,,,,,,,,,,,,,,,7344000.0,-15134000.0,8175000.0,-65297000.0,-78253000.0,-76015000.0,-66954000.0,-120016000.0,-127847000.0,51490000.0,44575000.0,31709000.0,-154096000.0,29303000.0,75846000.0,100409000.0,-39000000.0,23000000.0,-25000000.0,-25000000.0,93000000.0,4000000.0,23000000.0,6000000.0,-41000000.0,-58000000.0,6000000.0,30000000.0,26000000.0,-35000000.0,-26000000.0,-43000000.0,83000000.0,-26000000.0,-109000000.0,-180000000.0,-64000000.0,2000000.0,-30000000.0,-69000000.0,-101000000.0,-54000000.0,-111000000.0,-32000000.0
OtherComprehensiveIncomeLossNetOfTax / USD,,,,,,,,,,,,,,,39289000.0,,,,-67562000.0,,,,73450000.0,,,,-40286000.0,,,,-135467000.0,,,,,,73036000.0,142603000.0,-51000000.0,21000000.0,21000000.0,21000000.0,142000000.0,1000000.0,1000000.0,1000000.0,-48000000.0,-60000000.0,-60000000.0,-60000000.0,20000000.0,-38000000.0,-38000000.0,-38000000.0,105000000.0,-29000000.0,-29000000.0,-29000000.0,-64000000.0,-1000000.0,-1000000.0,-1000000.0,-118000000.0,-57000000.0,-57000000.0,-57000000.0
OtherComprehensiveIncomeLossReclassificationAdjustmentFromAOCIPensionAndOtherPostretirementBenefitPlansNetOfTax / USD,,,,,,,,,,,,,,,,,,,,,,,0.0,-1018000.0,5013000.0,4054000.0,-2387000.0,-813000.0,-1623000.0,-2436000.0,-4072000.0,-1009000.0,-2018000.0,-3026000.0,27846000.0,-1398000.0,-2798000.0,-4338000.0,-12000000.0,-2000000.0,-6000000.0,-8000000.0,2000000.0,-3000000.0,-5000000.0,-7000000.0,-7000000.0,-3000000.0,-6000000.0,-8000000.0,-6000000.0,-3000000.0,-5000000.0,-9000000.0,22000000.0,-3000000.0,-7000000.0,-10000000.0,0.0,-3000000.0,-6000000.0,-9000000.0,-17000000.0,-3000000.0,-7000000.0,-10000000.0
OtherComprehensiveIncomeLossReclassificationAdjustmentFromAOCIPensionAndOtherPostretirementBenefitPlansTax / USD,,,,,,,,,,,,,,,,,,,,,,,0.0,636000.0,-1051000.0,-415000.0,1444000.0,509000.0,-1021000.0,-1531000.0,,-631000.0,-1262000.0,-1893000.0,-17013000.0,879000.0,1757000.0,2720000.0,7000000.0,1000000.0,2000000.0,2000000.0,1000000.0,1000000.0,2000000.0,3000000.0,3000000.0,1000000.0,2000000.0,3000000.0,2000000.0,1000000.0,2000000.0,3000000.0,-7000000.0,1000000.0,2000000.0,4000000.0,0.0,1000000.0,2000000.0,3000000.0,6000000.0,1000000.0,2000000.0,3000000.0
OtherIncomeTaxExpenseBenefitContinuingOperations / USD,,,,,,,,,,,,,,,,,,,,,,,12343000.0,-2671000.0,-9605000.0,-2897000.0,-9319000.0,1732000.0,1995000.0,-6906000.0,-13732000.0,21035000.0,4565000.0,24259000.0,4076000.0,-7632000.0,-7339000.0,-15261000.0,-6000000.0,-2000000.0,3000000.0,10000000.0,-5000000.0,-4000000.0,12000000.0,19000000.0,7000000.0,-7000000.0,0.0,9000000.0,4000000.0,-11000000.0,-8000000.0,-7000000.0,-5000000.0,7000000.0,15000000.0,20000000.0,27000000.0,10000000.0,17000000.0,20000000.0,8000000.0,-2000000.0,15000000.0,24000000.0
OtherNonoperatingIncomeExpense / USD,,,,,,,,,,,,,,,,,,,,,,,,,,,,,-1988000.0,-3864000.0,,,-98000.0,-1291000.0,-5470000.0,,,,12000000.0,,-2000000.0,0.0,-13000000.0,7000000.0,14000000.0,18000000.0,5000000.0,4000000.0,11000000.0,16000000.0,26000000.0,6000000.0,13000000.0,19000000.0,21000000.0,6000000.0,11000000.0,20000000.0,25000000.0,6000000.0,14000000.0,21000000.0,24000000.0,7000000.0,14000000.0,18000000.0
OtherOperatingActivitiesCashFlowStatement / USD,,,,,,,,,,,,,,,,,,,,,,,,,,,,,,,,,,,,,,,,,,,,-4000000.0,-11000000.0,-13000000.0,,-7000000.0,5000000.0,19000000.0,-19000000.0,-5000000.0,-3000000.0,-10000000.0,13000000.0,-8000000.0,-8000000.0,-15000000.0,-23000000.0,-4000000.0,-17000000.0,-16000000.0,-19000000.0,-7000000.0,-14000000.0,-10000000.0
OtherPostretirementDefinedBenefitPlanLiabilitiesNoncurrent / USD,,,,,,,,,,,,,,,,,,,,,,,184604000.0,238444000.0,238444000.0,238444000.0,238444000.0,173741000.0,173741000.0,173741000.0,173741000.0,192555000.0,192555000.0,192555000.0,192555000.0,110114000.0,110114000.0,110114000.0,110000000.0,86000000.0,86000000.0,86000000.0,86000000.0,247000000.0,247000000.0,247000000.0,247000000.0,262000000.0,262000000.0,262000000.0,100000000.0,87000000.0,87000000.0,87000000.0,87000000.0,120000000.0,120000000.0,120000000.0,120000000.0,124000000.0,124000000.0,124000000.0,124000000.0,114000000.0,114000000.0,114000000.0
PaymentsForProceedsFromOtherInvestingActivities / USD,-19429000.0,-19211000.0,,,,,,,,,,,,,-13529000.0,,,,-13892000.0,89000.0,-100000.0,160000.0,-482000.0,-13023000.0,0.0,-6816000.0,68000.0,48000.0,567000.0,206000.0,-7290000.0,206000.0,597000.0,564000.0,-466000.0,,146000.0,-3554000.0,-1000000.0,,,,-6000000.0,-2000000.0,-2000000.0,-2000000.0,13000000.0,2000000.0,2000000.0,2000000.0,-2000000.0,,0.0,0.0,2000000.0,,11000000.0,11000000.0,0.0,,0.0,0.0,35000000.0,,-17000000.0,-19000000.0
PaymentsForRepurchaseOfCommonStock / USD,,307552000.0,-647293000.0,127696000.0,127696000.0,127696000.0,394247000.0,6364000.0,256503000.0,504375000.0,372727000.0,50671000.0,50769000.0,101382000.0,504803000.0,61757000.0,210981000.0,296458000.0,151082000.0,69797000.0,202400000.0,279619000.0,340532000.0,150553000.0,235847000.0,317420000.0,438473000.0,149992000.0,442595000.0,1177241000.0,525120000.0,172047000.0,412647000.0,613198000.0,1400071000.0,159146000.0,313562000.0,435983000.0,790000000.0,173000000.0,201000000.0,283000000.0,605000000.0,135000000.0,400000000.0,600000000.0,425000000.0,100000000.0,101000000.0,101000000.0,700000000.0,175000000.0,283000000.0,525000000.0,601000000.0,79000000.0,199000000.0,383000000.0,695000000.0,142000000.0,313000000.0,506000000.0,603000000.0,268000000.0,512000000.0,739000000.0
PaymentsOfDividendsCommonStock / USD,,90384000.0,-113093000.0,30615000.0,65174000.0,100049000.0,121504000.0,34075000.0,74628000.0,114128000.0,134684000.0,38334000.0,85783000.0,132719000.0,152338000.0,47017000.0,105361000.0,161998000.0,180527000.0,56546000.0,123549000.0,188688000.0,220077000.0,64682000.0,140885000.0,215265000.0,255466000.0,73393000.0,153906000.0,230948000.0,291395000.0,72632000.0,147480000.0,221131000.0,306474000.0,72118000.0,151637000.0,225504000.0,303000000.0,72000000.0,155000000.0,232000000.0,304000000.0,76000000.0,163000000.0,242000000.0,316000000.0,78000000.0,164000000.0,246000000.0,328000000.0,81000000.0,176000000.0,261000000.0,338000000.0,84000000.0,183000000.0,285000000.0,357000000.0,87000000.0,194000000.0,300000000.0,370000000.0,105000000.0,206000000.0,321000000.0
PaymentsRelatedToTaxWithholdingForShareBasedCompensation / USD,,,,,,,,,,,,,,,,,,,,,,,,,,,,,,,,6906000.0,16704000.0,18541000.0,46205000.0,11625000.0,16719000.0,17546000.0,21000000.0,15000000.0,29000000.0,11000000.0,,3000000.0,10000000.0,10000000.0,,5000000.0,14000000.0,16000000.0,11000000.0,2000000.0,28000000.0,29000000.0,18000000.0,2000000.0,19000000.0,22000000.0,30000000.0,3000000.0,29000000.0,32000000.0,23000000.0,10000000.0,40000000.0,44000000.0
PaymentsToAcquirePropertyPlantAndEquipment / USD,97613000.0,131590000.0,-197423000.0,28407000.0,51904000.0,88152000.0,,13819000.0,26942000.0,64867000.0,142414000.0,33029000.0,84843000.0,131304000.0,127124000.0,40636000.0,96378000.0,155163000.0,196942000.0,42962000.0,83175000.0,148361000.0,249860000.0,65664000.0,156210000.0,240196000.0,272145000.0,99489000.0,170873000.0,253197000.0,387390000.0,51797000.0,105717000.0,213622000.0,373868000.0,78768000.0,131147000.0,191183000.0,284000000.0,49000000.0,103000000.0,169000000.0,237000000.0,60000000.0,107000000.0,163000000.0,239000000.0,50000000.0,93000000.0,152000000.0,221000000.0,73000000.0,147000000.0,197000000.0,197000000.0,57000000.0,163000000.0,208000000.0,255000000.0,98000000.0,193000000.0,318000000.0,256000000.0,119000000.0,195000000.0,283000000.0
PensionAndOtherPostretirementBenefitExpense / USD,,,,,,,,,,,,,,,,,,,,,,,165000000.0,,,,173000000.0,,,,175000000.0,,,,121000000.0,,,,84000000.0,,,,120000000.0,,,,164000000.0,,,,113000000.0,,,,99000000.0,,,,78000000.0,,,,87000000.0,,,
PercentageOfLIFOInventory / pure,,,,,,,0.69,,,,0.65,,,,0.62,,,,0.59,,,,0.62,,,,0.61,,,,0.64,,,,0.64,,,,0.66,,,,0.7,,,,0.71,,,,0.75,,,,0.73,,,,0.77,,,,0.79,,,
PreferredStockParOrStatedValuePerShare / USD/shares,5.0,5.0,5.0,5.0,5.0,5.0,5.0,5.0,5.0,5.0,5.0,5.0,5.0,5.0,5.0,5.0,5.0,5.0,5.0,5.0,5.0,5.0,5.0,5.0,5.0,5.0,5.0,5.0,5.0,5.0,5.0,5.0,5.0,5.0,5.0,5.0,5.0,5.0,5.0,5.0,5.0,5.0,5.0,5.0,5.0,5.0,5.0,5.0,5.0,5.0,5.0,5.0,5.0,5.0,5.0,5.0,5.0,5.0,5.0,5.0,5.0,5.0,5.0,5.0,5.0,5.0
PreferredStockSharesAuthorized / shares,12000000.0,12000000.0,12000000.0,12000000.0,12000000.0,12000000.0,12000000.0,12000000.0,12000000.0,12000000.0,12000000.0,12000000.0,12000000.0,12000000.0,12000000.0,12000000.0,12000000.0,12000000.0,12000000.0,12000000.0,12000000.0,12000000.0,12000000.0,12000000.0,12000000.0,12000000.0,12000000.0,12000000.0,12000000.0,12000000.0,12000000.0,12000000.0,12000000.0,12000000.0,12000000.0,12000000.0,12000000.0,12000000.0,12000000.0,12000000.0,12000000.0,12000000.0,12000000.0,12000000.0,12000000.0,12000000.0,12000000.0,12000000.0,12000000.0,12000000.0,12000000.0,12000000.0,12000000.0,12000000.0,12000000.0,12000000.0,12000000.0,12000000.0,12000000.0,12000000.0,12000000.0,12000000.0,12000000.0,12000000.0,12000000.0,12000000.0
PreferredStockSharesIssued / shares,,,,,,,,,,0.0,0.0,0.0,0.0,0.0,0.0,0.0,0.0,0.0,0.0,0.0,0.0,0.0,0.0,0.0,0.0,0.0,0.0,0.0,0.0,0.0,0.0,0.0,0.0,0.0,0.0,0.0,0.0,0.0,0.0,0.0,0.0,0.0,0.0,0.0,0.0,0.0,0.0,0.0,0.0,0.0,0.0,0.0,0.0,0.0,0.0,0.0,0.0,0.0,0.0,0.0,0.0,0.0,0.0,0.0,0.0,0.0
PreferredStockSharesOutstanding / shares,,,,,,,,,,0.0,0.0,0.0,0.0,0.0,0.0,0.0,0.0,0.0,0.0,0.0,0.0,0.0,0.0,0.0,0.0,0.0,0.0,0.0,0.0,0.0,0.0,0.0,0.0,0.0,0.0,0.0,0.0,0.0,0.0,0.0,0.0,0.0,0.0,0.0,0.0,0.0,0.0,0.0,0.0,0.0,0.0,0.0,0.0,0.0,0.0,0.0,0.0,0.0,0.0,0.0,0.0,0.0,0.0,0.0,0.0,0.0
PreferredStockValue / USD,,,,,,0.0,0.0,0.0,0.0,0.0,0.0,0.0,0.0,0.0,0.0,0.0,0.0,0.0,0.0,0.0,0.0,0.0,0.0,0.0,0.0,0.0,0.0,0.0,0.0,0.0,0.0,0.0,0.0,0.0,0.0,0.0,0.0,0.0,0.0,0.0,0.0,0.0,0.0,0.0,0.0,0.0,0.0,0.0,0.0,0.0,0.0,0.0,0.0,0.0,0.0,0.0,0.0,0.0,0.0,0.0,0.0,0.0,0.0,0.0,0.0,0.0
PrepaidExpenseAndOtherAssetsCurrent / USD,,,,,,,,,,,,,,,,,110414000.0,110414000.0,110414000.0,115331000.0,115331000.0,115331000.0,115331000.0,102669000.0,102669000.0,102669000.0,102669000.0,85670000.0,85670000.0,85670000.0,85670000.0,81766000.0,81766000.0,81766000.0,81766000.0,86667000.0,86667000.0,86667000.0,87000000.0,83000000.0,83000000.0,83000000.0,83000000.0,104000000.0,104000000.0,104000000.0,104000000.0,127000000.0,127000000.0,127000000.0,127000000.0,146000000.0,146000000.0,146000000.0,146000000.0,266000000.0,266000000.0,266000000.0,266000000.0,156000000.0,156000000.0,156000000.0,156000000.0,163000000.0,163000000.0,163000000.0
ProceedsFromIssuanceOfLongTermDebt / USD,500000000.0,500000000.0,0.0,,,0.0,500000000.0,,,200000000.0,0.0,,0.0,172464000.0,200000000.0,3252000.0,300000000.0,300000000.0,172464000.0,,,,300000000.0,,54997000.0,111647000.0,0.0,,995880000.0,1241356000.0,150504000.0,245000.0,393284000.0,516058000.0,1307183000.0,3917000.0,415672000.0,424020000.0,516000000.0,,,,401000000.0,0.0,0.0,0.0,0.0,1500000000.0,1500000000.0,1583000000.0,0.0,,,,1584000000.0,,,,0.0,,,,16000000.0,,,
ProceedsFromLinesOfCredit / USD,7442000.0,19136000.0,14107000.0,1707000.0,2996000.0,38971000.0,29959000.0,12981000.0,12067000.0,24385000.0,46125000.0,80858000.0,140505000.0,174563000.0,35297000.0,35005000.0,72903000.0,93506000.0,218885000.0,36167000.0,105412000.0,122297000.0,161160000.0,26821000.0,44686000.0,76016000.0,144805000.0,14380000.0,26842000.0,48032000.0,108721000.0,12028000.0,18501000.0,26681000.0,54770000.0,9883000.0,30374000.0,33931000.0,36000000.0,10000000.0,22000000.0,24000000.0,74000000.0,10000000.0,19000000.0,22000000.0,26000000.0,9000000.0,12000000.0,12000000.0,20000000.0,,,0.0,12000000.0,0.0,0.0,1000000.0,,6000000.0,6000000.0,7000000.0,,1000000.0,3000000.0,503000000.0
ProceedsFromPaymentsForOtherFinancingActivities / USD,,,,,,,,,,,,,,,,,,,,,,,,,,,,,,,,,,,,,0.0,0.0,0.0,0.0,3000000.0,3000000.0,0.0,1000000.0,2000000.0,2000000.0,3000000.0,,0.0,0.0,4000000.0,,2000000.0,2000000.0,0.0,0.0,-2000000.0,,3000000.0,-3000000.0,-1000000.0,0.0,-3000000.0,-1000000.0,-1000000.0,-2000000.0
ProceedsFromSaleOfPropertyPlantAndEquipment / USD,,,12084000.0,,,,,,,,1684000.0,4636000.0,5043000.0,7464000.0,6508000.0,602000.0,3950000.0,5035000.0,7278000.0,1573000.0,2528000.0,3654000.0,8530000.0,462000.0,5416000.0,9062000.0,26701000.0,7333000.0,10119000.0,12351000.0,26755000.0,13817000.0,43119000.0,48089000.0,14857000.0,48306000.0,69758000.0,110421000.0,55000000.0,26000000.0,43000000.0,76000000.0,120000000.0,6000000.0,14000000.0,16000000.0,86000000.0,0.0,13000000.0,22000000.0,17000000.0,15000000.0,17000000.0,17000000.0,20000000.0,0.0,2000000.0,7000000.0,29000000.0,2000000.0,2000000.0,11000000.0,28000000.0,1000000.0,1000000.0,2000000.0
ProceedsFromStockOptionsExercised / USD,31891000.0,41103000.0,113500000.0,5689000.0,21476000.0,59940000.0,46833000.0,31875000.0,46112000.0,68325000.0,91165000.0,13873000.0,37926000.0,52837000.0,86528000.0,30241000.0,39060000.0,54266000.0,84337000.0,23461000.0,48142000.0,66512000.0,72084000.0,10170000.0,31816000.0,41461000.0,69412000.0,4883000.0,35549000.0,53688000.0,48579000.0,5206000.0,26191000.0,29553000.0,60885000.0,26345000.0,27064000.0,27255000.0,34000000.0,59000000.0,87000000.0,179000000.0,47000000.0,3000000.0,16000000.0,19000000.0,181000000.0,19000000.0,28000000.0,47000000.0,49000000.0,8000000.0,30000000.0,31000000.0,70000000.0,6000000.0,15000000.0,21000000.0,48000000.0,23000000.0,28000000.0,29000000.0,26000000.0,9000000.0,10000000.0,26000000.0
ProfitLoss / USD,,,420120000.0,96378000.0,188844000.0,333408000.0,475355000.0,99417000.0,229084000.0,380381000.0,430772000.0,159088000.0,330657000.0,514704000.0,513582000.0,189458000.0,382559000.0,540363000.0,666412000.0,214527000.0,435280000.0,648356000.0,698849000.0,219055000.0,428132000.0,661182000.0,807749000.0,214146000.0,439381000.0,636003000.0,812296000.0,191644000.0,371089000.0,564498000.0,785174000.0,182853000.0,289812000.0,460628000.0,633000000.0,241000000.0,241000000.0,241000000.0,623000000.0,262000000.0,262000000.0,262000000.0,823000000.0,185000000.0,185000000.0,185000000.0,895000000.0,255000000.0,255000000.0,255000000.0,755000000.0,385000000.0,385000000.0,385000000.0,1114000000.0,508000000.0,508000000.0,508000000.0,1613000000.0,497000000.0,497000000.0,497000000.0
PropertyPlantAndEquipmentGross / USD,2131863000.0,2131863000.0,2004276000.0,2266493000.0,2266493000.0,2266493000.0,2131863000.0,2377760000.0,2377760000.0,2377760000.0,2377760000.0,2565322000.0,2565322000.0,2565322000.0,2565322000.0,2760434000.0,2760434000.0,2760434000.0,2760434000.0,2941090000.0,2941090000.0,2941090000.0,2941090000.0,3115130000.0,3115130000.0,3115130000.0,3115130000.0,3370313000.0,3370313000.0,3370313000.0,3370313000.0,3411502000.0,3411502000.0,3411502000.0,3411502000.0,3444660000.0,3444660000.0,3444660000.0,3445000000.0,3441000000.0,3441000000.0,3441000000.0,3441000000.0,3493000000.0,3493000000.0,3493000000.0,3493000000.0,3537000000.0,3537000000.0,3537000000.0,3537000000.0,3327000000.0,3327000000.0,3327000000.0,3327000000.0,3443000000.0,3443000000.0,3443000000.0,3443000000.0,3718000000.0,3718000000.0,3718000000.0,3718000000.0,4083000000.0,4083000000.0,4083000000.0
PropertyPlantAndEquipmentNet / USD,930311000.0,930311000.0,878345000.0,953271000.0,953271000.0,953271000.0,930311000.0,963672000.0,963672000.0,963672000.0,963672000.0,1060295000.0,1060295000.0,1060295000.0,1060295000.0,1144573000.0,1144573000.0,1144573000.0,1144573000.0,1208562000.0,1208562000.0,1208562000.0,1208562000.0,1324346000.0,1324346000.0,1324346000.0,1324346000.0,1431241000.0,1431241000.0,1431241000.0,1431241000.0,1420891000.0,1420891000.0,1420891000.0,1420891000.0,1391967000.0,1391967000.0,1391967000.0,1392000000.0,1352000000.0,1352000000.0,1352000000.0,1352000000.0,1400000000.0,1400000000.0,1400000000.0,1400000000.0,1395000000.0,1395000000.0,1395000000.0,1395000000.0,1424000000.0,1424000000.0,1424000000.0,1424000000.0,1461000000.0,1461000000.0,1461000000.0,1461000000.0,1658000000.0,1658000000.0,1658000000.0,1658000000.0,1927000000.0,1927000000.0,1927000000.0
ProvisionForDoubtfulAccounts / USD,9053000.0,11867000.0,15436000.0,4082000.0,8237000.0,11165000.0,12924000.0,3369000.0,3437000.0,5912000.0,10748000.0,1312000.0,3030000.0,5019000.0,6718000.0,2631000.0,4428000.0,6604000.0,4761000.0,1496000.0,3783000.0,5775000.0,9504000.0,2413000.0,4782000.0,7479000.0,8855000.0,2558000.0,4630000.0,6416000.0,12945000.0,3454000.0,8282000.0,14753000.0,10181000.0,3918000.0,12769000.0,15187000.0,16000000.0,4000000.0,4000000.0,7000000.0,16000000.0,4000000.0,6000000.0,7000000.0,7000000.0,6000000.0,14000000.0,18000000.0,12000000.0,4000000.0,8000000.0,12000000.0,22000000.0,4000000.0,8000000.0,13000000.0,18000000.0,4000000.0,9000000.0,15000000.0,19000000.0,6000000.0,12000000.0,18000000.0
RepaymentsOfLongTermDebt / USD,,0.0,0.0,0.0,0.0,8333000.0,0.0,8333000.0,20606000.0,225784000.0,18856000.0,7373000.0,14499000.0,70647000.0,239122000.0,,270583000.0,218350000.0,179296000.0,3750000.0,4845000.0,14157000.0,219950000.0,5807000.0,,163968000.0,16681000.0,1860000.0,25630000.0,33938000.0,170907000.0,125014000.0,129981000.0,257109000.0,52838000.0,6235000.0,7799000.0,15812000.0,263000000.0,25000000.0,36000000.0,89000000.0,39000000.0,14000000.0,34000000.0,48000000.0,96000000.0,345000000.0,347000000.0,1361000000.0,42000000.0,,8000000.0,8000000.0,1370000000.0,0.0,0.0,0.0,8000000.0,18000000.0,18000000.0,37000000.0,15000000.0,17000000.0,17000000.0,38000000.0
RetainedEarningsAccumulatedDeficit / USD,3670726000.0,3670726000.0,3316875000.0,3966508000.0,3966508000.0,3966508000.0,3670726000.0,4326761000.0,4326761000.0,4326761000.0,4326761000.0,4806110000.0,4806110000.0,4806110000.0,4806110000.0,5278577000.0,5278577000.0,5278577000.0,5278577000.0,5822612000.0,5822612000.0,5822612000.0,5822612000.0,6335990000.0,6335990000.0,6335990000.0,6335990000.0,6802130000.0,6802130000.0,6802130000.0,6802130000.0,7113559000.0,7113559000.0,7113559000.0,7113559000.0,7405192000.0,7405192000.0,7405192000.0,7405000000.0,7869000000.0,7869000000.0,7869000000.0,7869000000.0,8405000000.0,8405000000.0,8405000000.0,8405000000.0,8779000000.0,8779000000.0,8779000000.0,8779000000.0,9500000000.0,9500000000.0,9500000000.0,9500000000.0,10700000000.0,10700000000.0,10700000000.0,10700000000.0,12162000000.0,12162000000.0,12162000000.0,12162000000.0,13677000000.0,13677000000.0,13677000000.0
RevenueFromContractWithCustomerExcludingAssessedTax / USD,,,,,,,,,,,,,,,,,,,,,,,,,,,,,,,,,,,,,,,,,5627000000.0,8458000000.0,10425000000.0,2799000000.0,5692000000.0,8639000000.0,11221000000.0,3001000000.0,5838000000.0,8856000000.0,11486000000.0,3084000000.0,6291000000.0,9663000000.0,11797000000.0,3647000000.0,7484000000.0,11426000000.0,13022000000.0,4091000000.0,8273000000.0,12481000000.0,15228000000.0,4235000000.0,8547000000.0,12935000000.0
RightOfUseAssetObtainedInExchangeForOperatingLeaseLiability / USD,,,,,,,,,,,,,,,,,,,,,,,,,,,,,,,,,,,,,,,,12000000.0,8000000.0,15000000.0,88000000.0,,,,74000000.0,,,,74000000.0,,,,244000000.0,,,,96000000.0,,,,161000000.0,,,
SellingGeneralAndAdministrativeExpense / USD,1015153000.0,1526044000.0,1932970000.0,470201000.0,941240000.0,1414465000.0,2025550000.0,522857000.0,1055028000.0,1593479000.0,1933302000.0,567000000.0,1164112000.0,1774071000.0,2145209000.0,669971000.0,1334314000.0,2073948000.0,2458363000.0,688431000.0,1385344000.0,2089995000.0,2785035000.0,721632000.0,1461567000.0,2178838000.0,2839629000.0,742496000.0,1459209000.0,2180359000.0,2967125000.0,727961000.0,1462431000.0,2179596000.0,2931108000.0,726691000.0,1537567000.0,2277009000.0,3002000000.0,757000000.0,1524000000.0,2414000000.0,3063000000.0,732000000.0,1473000000.0,2234000000.0,3190000000.0,962000000.0,1773000000.0,2467000000.0,3135000000.0,735000000.0,1525000000.0,2337000000.0,3219000000.0,849000000.0,1756000000.0,2672000000.0,3173000000.0,954000000.0,1937000000.0,2925000000.0,3634000000.0,999000000.0,2044000000.0,3078000000.0
ShareBasedCompensation / USD,27478000.0,36655000.0,35551000.0,9508000.0,24841000.0,34376000.0,47870000.0,9134000.0,25964000.0,38167000.0,43301000.0,10885000.0,29413000.0,41538000.0,49796000.0,11443000.0,30573000.0,42815000.0,54020000.0,11547000.0,31372000.0,44028000.0,55500000.0,11262000.0,28988000.0,38859000.0,55590000.0,9161000.0,27043000.0,35627000.0,49032000.0,7456000.0,21135000.0,27545000.0,46861000.0,6757000.0,20030000.0,27152000.0,36000000.0,12000000.0,28000000.0,36000000.0,33000000.0,5000000.0,23000000.0,32000000.0,47000000.0,9000000.0,26000000.0,36000000.0,40000000.0,8000000.0,25000000.0,33000000.0,46000000.0,9000000.0,27000000.0,38000000.0,42000000.0,12000000.0,31000000.0,49000000.0,48000000.0,11000000.0,34000000.0,48000000.0
ShareBasedCompensationArrangementByShareBasedPaymentAwardNumberOfSharesAvailableForGrant / shares,,,,,,,4468959.0,,,,3405291.0,,,,2500000.0,,,,1900000.0,,,,1500000.0,,,,3100000.0,,,,2900000.0,,,,2700000.0,,,,2500000.0,,,,2300000.0,,,,2100000.0,,,,2100000.0,,,,1500000.0,,,,1400000.0,,,,1400000.0,,,
StockRepurchasedDuringPeriodValue / USD,,,,,,,,,,,,,,,,,,,,,,,,,,,,,,,,,,,,,,,,160000000.0,160000000.0,160000000.0,608000000.0,135000000.0,135000000.0,135000000.0,412000000.0,100000000.0,100000000.0,100000000.0,700000000.0,175000000.0,175000000.0,175000000.0,601000000.0,75000000.0,75000000.0,75000000.0,700000000.0,142000000.0,142000000.0,142000000.0,603000000.0,277000000.0,277000000.0,277000000.0
StockholdersEquity / USD,2033805000.0,2033805000.0,2098108000.0,2163720000.0,2163720000.0,2163720000.0,2033805000.0,2205216000.0,2205216000.0,2205216000.0,2205216000.0,2628785000.0,2628785000.0,2628785000.0,2628785000.0,3023912000.0,3023912000.0,3023912000.0,3023912000.0,3250438000.0,3250438000.0,3250438000.0,3250438000.0,3209872000.0,3209872000.0,3209872000.0,3209872000.0,2266634000.0,2266634000.0,2266634000.0,2266634000.0,1797935000.0,1797935000.0,1797935000.0,1797935000.0,1690132000.0,1690132000.0,1690132000.0,1690000000.0,1921000000.0,1921000000.0,1921000000.0,1921000000.0,1855000000.0,1855000000.0,1855000000.0,1855000000.0,1828000000.0,1828000000.0,1828000000.0,1828000000.0,1874000000.0,1874000000.0,1874000000.0,1874000000.0,2440000000.0,2440000000.0,2440000000.0,2440000000.0,3115000000.0,3115000000.0,3115000000.0,3115000000.0,3358000000.0,3358000000.0,3358000000.0
StockholdersEquityIncludingPortionAttributableToNoncontrollingInterest / USD,,2033805000.0,2098108000.0,2227199000.0,2227199000.0,2227199000.0,2033805000.0,2287670000.0,2287670000.0,2287670000.0,2287670000.0,2724279000.0,2724279000.0,2724279000.0,2724279000.0,3117366000.0,3117366000.0,3117366000.0,3117366000.0,3326836000.0,3326836000.0,3326836000.0,3326836000.0,3284101000.0,3284101000.0,3284101000.0,3284101000.0,2352714000.0,2352714000.0,2352714000.0,2352714000.0,1905768000.0,1905768000.0,1905768000.0,1905768000.0,1827733000.0,1827733000.0,1827733000.0,1828000000.0,1828000000.0,1828000000.0,1828000000.0,1905000000.0,2093000000.0,2093000000.0,2093000000.0,1828000000.0,2060000000.0,2060000000.0,2060000000.0,2093000000.0,2093000000.0,2093000000.0,2093000000.0,2060000000.0,2160000000.0,2160000000.0,2160000000.0,2093000000.0,2735000000.0,2735000000.0,2735000000.0,2160000000.0,3441000000.0,3441000000.0,3441000000.0
SubleaseIncome / USD,,,,,,,,,,,,,,,,,,,,,,,,,,,,,,,,,,,,,,,,,,,,,,,,,,,3000000.0,,,,2000000.0,,,,2000000.0,,,,2000000.0,,,
TreasuryStockCommonShares / shares,,,,,,,,,,,,,,,,,,,,,,,,,,,,,,,,,,,,,,,,,,,,,,,,,,,,,,,,59402896.0,59402896.0,59402896.0,59402896.0,60341817.0,60341817.0,60341817.0,60341817.0,61326349.0,61326349.0,61326349.0
TreasuryStockCommonValue / USD,,,,,,,,,,,,,,,,,,,,,,,,,,,,,,,,,,,,,,,,,,,,,,,,,,,,,,,,,,,9445000000.0,,,,10285000000.0,,,
TreasuryStockValue / USD,2217954000.0,2217954000.0,1821118000.0,2466350000.0,2466350000.0,2466350000.0,2217954000.0,2857012000.0,2857012000.0,2857012000.0,2857012000.0,2904243000.0,2904243000.0,2904243000.0,2904243000.0,3175646000.0,3175646000.0,3175646000.0,3175646000.0,3548973000.0,3548973000.0,3548973000.0,3548973000.0,4032615000.0,4032615000.0,4032615000.0,4032615000.0,5369711000.0,5369711000.0,5369711000.0,5369711000.0,6128416000.0,6128416000.0,6128416000.0,6128416000.0,6675709000.0,6675709000.0,6675709000.0,6676000000.0,6966000000.0,6966000000.0,6966000000.0,6966000000.0,7633000000.0,7633000000.0,7633000000.0,7633000000.0,8184000000.0,8184000000.0,8184000000.0,8184000000.0,8855000000.0,8855000000.0,8855000000.0,8855000000.0,9445000000.0,9445000000.0,9445000000.0,,10285000000.0,10285000000.0,10285000000.0,,11499000000.0,11499000000.0,11499000000.0
UndistributedEarningsOfForeignSubsidiaries / USD,,,,,,,,,,,,,,,,,,,,,,,464000000.0,,,,468000000.0,,,,629000000.0,,,,472000000.0,,,,545000000.0,,,,402000000.0,,,,429000000.0,,,,544000000.0,,,,544000000.0,,,,530000000.0,,,,544000000.0,,,
UnrecognizedTaxBenefits / USD,,,,,,,13568000.0,,,,26540000.0,,,,34060000.0,,,,22760000.0,,,,22760000.0,,,,40937000.0,,,,40317000.0,,,,45126000.0,,,,61000000.0,,,,59000000.0,,,,45000000.0,,,,37000000.0,,,,28000000.0,,,,39000000.0,,,,38000000.0,,,
UnrecognizedTaxBenefitsDecreasesResultingFromPriorPeriodTaxPositions / USD,,,,,,,-2900000.0,,,,-2062000.0,,,,-8087000.0,,,,-1447000.0,,,,1447000.0,,,,7242000.0,,,,4109000.0,,,,1616000.0,,,,15000000.0,,,,13000000.0,,,,5000000.0,,,,1000000.0,,,,2000000.0,,,,1000000.0,,,,0.0,,,
UnrecognizedTaxBenefitsDecreasesResultingFromSettlementsWithTaxingAuthorities / USD,,,,,,,,,,,,,,,,,,,,,,,-15000.0,,,,4064000.0,,,,6674000.0,,,,101000.0,,,,13000000.0,,,,5000000.0,,,,1000000.0,,,,2000000.0,,,,0.0,,,,0.0,,,,1000000.0,,,
UnrecognizedTaxBenefitsIncreasesResultingFromCurrentPeriodTaxPositions / USD,,,,,,,13016000.0,,,,8304000.0,,,,8067000.0,,,,11369000.0,,,,11369000.0,,,,8396000.0,,,,11545000.0,,,,14916000.0,,,,14000000.0,,,,4000000.0,,,,4000000.0,,,,3000000.0,,,,23000000.0,,,,3000000.0,,,,4000000.0,,,
UnrecognizedTaxBenefitsIncreasesResultingFromPriorPeriodTaxPositions / USD,,,,,,,735000.0,,,,3815000.0,,,,2175000.0,,,,8977000.0,,,,8977000.0,,,,2308000.0,,,,5318000.0,,,,2653000.0,,,,13000000.0,,,,5000000.0,,,,3000000.0,,,,1000000.0,,,,0.0,,,,0.0,,,,2000000.0,,,
UnrecognizedTaxBenefitsReductionsResultingFromLapseOfApplicableStatuteOfLimitations / USD,,,,,,,0.0,,,,-2413000.0,,,,-696000.0,,,,-737000.0,,,,737000.0,,,,18000.0,,,,1271000.0,,,,402000.0,,,,1000000.0,,,,5000000.0,,,,9000000.0,,,,10000000.0,,,,10000000.0,,,,3000000.0,,,,2000000.0,,,
WeightedAverageNumberOfDilutedSharesOutstanding / shares,78641274.0,78226698.0,84173381.0,75142460.0,74853304.0,74972410.0,77887620.0,73854681.0,73386284.0,72638066.0,74891852.0,70906732.0,71016638.0,71105343.0,72138858.0,71655759.0,71480677.0,71306416.0,71176158.0,70774614.0,70788203.0,70706688.0,71181733.0,69677438.0,69509125.0,69375083.0,70576432.0,67982362.0,67647689.0,66849766.0,69205744.0,62099801.0,61699603.0,61268119.0,65765121.0,59202882.0,58741262.0,58329925.0,60839930.0,56403246.0,56478645.0,56588530.0,58000000.0,55900000.0,55700000.0,55200000.0,56500000.0,53800000.0,53800000.0,53800000.0,54900000.0,52600000.0,52500000.0,52400000.0,53700000.0,51400000.0,51400000.0,51300000.0,52200000.0,50500000.0,50400000.0,50300000.0,51100000.0,49400000.0,49300000.0,49200000.0
WeightedAverageNumberOfSharesOutstandingBasic / shares,77241860.0,76813709.0,82403958.0,74260401.0,73852588.0,73919924.0,76579856.0,72576633.0,72128117.0,71384301.0,73786346.0,69403432.0,69507657.0,69621649.0,70836945.0,70132777.0,70034142.0,69896864.0,69690854.0,69562387.0,69613947.0,69562192.0,69811881.0,68699561.0,68576232.0,68481681.0,69455507.0,67229653.0,66939110.0,66188236.0,68334322.0,61668682.0,61278981.0,60854548.0,65156864.0,58720066.0,58363416.0,58010222.0,60430892.0,56062607.0,56086592.0,56172277.0,57700000.0,55600000.0,55400000.0,55000000.0,56100000.0,53600000.0,53600000.0,53600000.0,54700000.0,52300000.0,52200000.0,52100000.0,53500000.0,51100000.0,51100000.0,51000000.0,51900000.0,50200000.0,50200000.0,50100000.0,50900000.0,49200000.0,49100000.0,49000000.0
