fact_unit,2012-12-07,2013-03-22,2013-06-05,2013-09-06,2013-12-02,2014-03-31,2014-06-06,2014-09-02,2014-12-05,2015-03-25,2015-06-05,2015-09-04,2015-12-04,2016-03-22,2016-06-01,2016-09-02,2016-12-02,2017-03-20,2017-06-02,2017-08-31,2017-11-30,2018-03-14,2018-06-01,2018-09-05,2018-12-03,2019-03-18,2019-05-30,2019-08-30,2019-12-04,2020-03-03,2020-05-28,2020-08-28,2020-11-20,2021-03-02,2021-05-26,2021-08-26,2021-11-18,2022-02-28,2022-05-26,2022-08-25,2022-11-29,2023-02-27,2023-05-25,2023-08-24,2023-11-28,2024-03-08,2024-05-29,2024-08-28,2024-12-05,2025-03-11,2025-05-23,2025-08-22,2025-11-26
AccountsPayableCurrent / USD,2730000.0,2730000.0,2665000.0,2665000.0,2665000.0,2665000.0,6212000.0,6212000.0,6212000.0,6212000.0,10623000.0,10623000.0,10623000.0,10623000.0,19605000.0,19605000.0,19605000.0,19605000.0,26824000.0,26824000.0,26824000.0,26824000.0,20998000.0,20998000.0,20998000.0,20998000.0,29093000.0,29093000.0,29093000.0,29093000.0,57556000.0,57556000.0,57556000.0,57556000.0,75596000.0,75596000.0,75596000.0,75596000.0,55487000.0,55487000.0,55487000.0,55487000.0,153751000.0,153751000.0,153751000.0,154000000.0,78000000.0,78000000.0,78000000.0,78000000.0,108000000.0,108000000.0,108000000.0
AccountsReceivableNetCurrent / USD,54467000.0,54467000.0,67437000.0,67437000.0,67437000.0,67437000.0,92184000.0,92184000.0,92184000.0,92184000.0,188357000.0,188357000.0,188357000.0,188357000.0,293407000.0,293407000.0,293407000.0,293407000.0,409780000.0,409780000.0,409780000.0,409780000.0,528208000.0,528208000.0,528208000.0,528208000.0,704680000.0,704680000.0,704680000.0,704680000.0,877578000.0,877578000.0,877578000.0,877578000.0,1032484000.0,1032484000.0,1032484000.0,1032484000.0,1242545000.0,1242545000.0,1242545000.0,1242545000.0,1570086000.0,1570086000.0,1570086000.0,1570000000.0,1639000000.0,1639000000.0,1639000000.0,1639000000.0,1950000000.0,1950000000.0,1950000000.0
AccretionAmortizationOfDiscountsAndPremiumsInvestments / USD,,,,,,,,,,,,,,,,,,,,,,,,,,,,,,,,,,,,,,,,,,,,,15797000.0,-3000000.0,34000000.0,72000000.0,111000000.0,42000000.0,33000000.0,62000000.0,90000000.0
AccruedLiabilitiesCurrent / USD,,,,,,,,,,,,,,,,,,,,,,,,,,,,,,,,,130050000.0,130050000.0,169266000.0,169266000.0,169266000.0,169266000.0,195590000.0,195590000.0,195590000.0,195590000.0,260131000.0,260131000.0,260131000.0,260000000.0,287000000.0,287000000.0,287000000.0,287000000.0,296000000.0,296000000.0,296000000.0
AccumulatedDepreciationDepletionAndAmortizationPropertyPlantAndEquipment / USD,18867000.0,18867000.0,34755000.0,34755000.0,34755000.0,34755000.0,60782000.0,60782000.0,60782000.0,60782000.0,94123000.0,94123000.0,94123000.0,94123000.0,150403000.0,150403000.0,150403000.0,150403000.0,230761000.0,230761000.0,230761000.0,230761000.0,308978000.0,308978000.0,308978000.0,308978000.0,400237000.0,400237000.0,400237000.0,400237000.0,556653000.0,556653000.0,556653000.0,556653000.0,749183000.0,749183000.0,749183000.0,749183000.0,958275000.0,958275000.0,958275000.0,958275000.0,1179252000.0,1179252000.0,1179252000.0,1179000000.0,1272000000.0,1272000000.0,1272000000.0,1272000000.0,1324000000.0,1324000000.0,1324000000.0
AccumulatedOtherComprehensiveIncomeLossNetOfTax / USD,3000.0,3000.0,68000.0,68000.0,68000.0,68000.0,269000.0,269000.0,269000.0,269000.0,-140000.0,-140000.0,-140000.0,-140000.0,799000.0,799000.0,799000.0,799000.0,2071000.0,2071000.0,2071000.0,2071000.0,-46413000.0,-46413000.0,-46413000.0,-46413000.0,-809000.0,-809000.0,-809000.0,-809000.0,23492000.0,23492000.0,23492000.0,23492000.0,-54970000.0,-54970000.0,-54970000.0,-54970000.0,7709000.0,7709000.0,7709000.0,7709000.0,53051000.0,53051000.0,53051000.0,53000000.0,21000000.0,21000000.0,21000000.0,21000000.0,84000000.0,84000000.0,84000000.0
AdditionalPaidInCapital / USD,106457000.0,106457000.0,993933000.0,993933000.0,993933000.0,993933000.0,1761156000.0,1761156000.0,1761156000.0,1761156000.0,1948300000.0,1948300000.0,1948300000.0,1948300000.0,2247454000.0,2247454000.0,2247454000.0,2247454000.0,2681200000.0,2681200000.0,2681200000.0,2681200000.0,3354423000.0,3354423000.0,3354423000.0,3354423000.0,4105334000.0,4105334000.0,4105334000.0,4105334000.0,5090187000.0,5090187000.0,5090187000.0,5090187000.0,6254936000.0,6254936000.0,6254936000.0,6254936000.0,7284174000.0,7284174000.0,7284174000.0,7284174000.0,8828639000.0,8828639000.0,8828639000.0,8829000000.0,10400000000.0,10400000000.0,10400000000.0,10400000000.0,11463000000.0,11463000000.0,11463000000.0
AdvertisingExpense / USD,,2600000.0,,,,3900000.0,,,,7000000.0,,,,9000000.0,,,,20000000.0,,,,31000000.0,,,,35000000.0,,,,43000000.0,,,,51000000.0,,,,61000000.0,,,,85000000.0,,,,131000000.0,,,,172000000.0,,,
AllocatedShareBasedCompensationExpense / USD,,,,,,,,,,,,,,,,,,,,,,,,,,,,,,,,,,,,,,859880000.0,264635000.0,529354000.0,810472000.0,1004854000.0,311506000.0,619513000.0,933709000.0,1112000000.0,369000000.0,722000000.0,1071000000.0,1295000000.0,385000000.0,755000000.0,1122000000.0
AllowanceForDoubtfulAccountsReceivableCurrent / USD,261000.0,261000.0,,,,613000.0,,,,783000.0,,,,1262000.0,,,,1592000.0,,,,2102000.0,,,,2212000.0,,,,5965000.0,,,,6762000.0,,,,14267000.0,,,,10790000.0,,,,9000000.0,,,,11000000.0,,,
AmortizationOfFinancingCostsAndDiscounts / USD,,,,,,14395000.0,5920000.0,2790000.0,8554000.0,0.0,5920000.0,11922000.0,18005000.0,14395000.0,6250000.0,12586000.0,19008000.0,24171000.0,6599000.0,13289000.0,20071000.0,25518000.0,6950000.0,13735000.0,25992000.0,26947000.0,18139000.0,35629000.0,47971000.0,43916000.0,11587000.0,25888000.0,39400000.0,59974000.0,14840000.0,29368000.0,41466000.0,54034000.0,997000.0,1994000.0,2991000.0,53693000.0,2601000.0,4443000.0,6000000.0,4000000.0,1000000.0,2000000.0,3000000.0,7000000.0,1000000.0,2000000.0,3000000.0
AmortizationOfIntangibleAssets / USD,,,,,,,,,800000.0,,300000.0,500000.0,800000.0,,300000.0,500000.0,800000.0,,,,,,,,14000000.0,,,10000000.0,30000000.0,,,,,,,,,,,,,,,,,,,,58000000.0,,17000000.0,37000000.0,58000000.0
AntidilutiveSecuritiesExcludedFromComputationOfEarningsPerShareAmount / shares,,,,134469000.0,36815000.0,131564000.0,29457000.0,42528000.0,43776000.0,35625000.0,43144000.0,42202000.0,41184000.0,42118000.0,41385000.0,40527000.0,39554000.0,39879000.0,40385000.0,38980000.0,37572000.0,38202000.0,38678000.0,36843000.0,51298000.0,36369000.0,51754000.0,51037000.0,46488000.0,50428000.0,42132000.0,40946000.0,39484000.0,41486000.0,41765000.0,34133000.0,37665000.0,39835000.0,30392000.0,10443000.0,9618000.0,34963000.0,29288000.0,30761000.0,30199000.0,9253000.0,6017000.0,,,28398000.0,,,
Assets / USD,232638000.0,232638000.0,959080000.0,959080000.0,959080000.0,959080000.0,2176265000.0,2176265000.0,2176265000.0,2176265000.0,2358633000.0,2358633000.0,2358633000.0,2350090000.0,2730094000.0,2730094000.0,2730094000.0,2730094000.0,3268282000.0,3268282000.0,3268282000.0,3268282000.0,4947424000.0,4947424000.0,4947424000.0,4947424000.0,5520746000.0,5520746000.0,5520746000.0,5520746000.0,6816365000.0,6816365000.0,6816365000.0,6816365000.0,8718411000.0,8718411000.0,8718411000.0,8718411000.0,10498505000.0,10498505000.0,10498505000.0,10498505000.0,13486238000.0,13486238000.0,13486238000.0,13486000000.0,16452000000.0,16452000000.0,16452000000.0,16452000000.0,17977000000.0,17977000000.0,17977000000.0
AssetsCurrent / USD,183172000.0,183172000.0,884302000.0,884302000.0,884302000.0,884302000.0,2023658000.0,2023658000.0,2023658000.0,2023658000.0,2109039000.0,2109039000.0,2109039000.0,2108387000.0,2362308000.0,2362308000.0,2362308000.0,2362308000.0,2524445000.0,2524445000.0,2524445000.0,2524445000.0,3956978000.0,3956978000.0,3956978000.0,3956978000.0,2700596000.0,2700596000.0,2700596000.0,2700596000.0,3094622000.0,3094622000.0,3094622000.0,3094622000.0,4802061000.0,4802061000.0,4802061000.0,4802061000.0,5214065000.0,5214065000.0,5214065000.0,5214065000.0,8108224000.0,8108224000.0,8108224000.0,8108000000.0,9939000000.0,9939000000.0,9939000000.0,9939000000.0,10545000000.0,10545000000.0,10545000000.0
AvailableForSaleDebtSecuritiesAccumulatedGrossUnrealizedGainBeforeTax / USD,,,,,,,,,,,,,,,,,,,,,,,,16000.0,16000.0,16000.0,470000.0,470000.0,470000.0,470000.0,3067000.0,3067000.0,3067000.0,3067000.0,1654000.0,1654000.0,1654000.0,1654000.0,5000.0,5000.0,5000.0,5000.0,1694000.0,1694000.0,1694000.0,1000000.0,15000000.0,15000000.0,15000000.0,15000000.0,17000000.0,17000000.0,17000000.0
AvailableForSaleDebtSecuritiesAccumulatedGrossUnrealizedLossBeforeTax / USD,,,,,,,,,,,,,,,,,,,,,,,,3423000.0,3423000.0,3423000.0,683000.0,683000.0,683000.0,683000.0,49000.0,49000.0,49000.0,49000.0,73000.0,73000.0,73000.0,73000.0,4703000.0,4703000.0,4703000.0,4703000.0,17359000.0,17359000.0,17359000.0,17000000.0,8000000.0,8000000.0,8000000.0,8000000.0,4000000.0,4000000.0,4000000.0
AvailableForSaleDebtSecuritiesAmortizedCostBasis / USD,,,,,,,,,,,,,,,,,,,,,,,,2554514000.0,2554514000.0,2554514000.0,1312220000.0,1312220000.0,1312220000.0,1312220000.0,1350931000.0,1350931000.0,1350931000.0,1350931000.0,2569269000.0,2569269000.0,2569269000.0,2569269000.0,2535791000.0,2535791000.0,2535791000.0,2535791000.0,4764845000.0,4764845000.0,4764845000.0,4765000000.0,6553000000.0,6553000000.0,6553000000.0,,,,
AvailableForSaleSecuritiesDebtMaturitiesAfterFiveThroughTenYearsFairValue / USD,,,,,,,,,,,,,,,,,,,,,,,,,,,,,,,,,,,,,,,,,,,,,,,,,,139000000.0,161000000.0,91000000.0,47000000.0
AvailableForSaleSecuritiesDebtMaturitiesAfterOneThroughFiveYearsFairValue / USD,,,,,,,,,,,,,,,,,,,,,,,,,,,,,,,,,,,,,,,,,,,,1935450000.0,2061109000.0,2811000000.0,2756000000.0,3063000000.0,3011000000.0,3811000000.0,4463000000.0,4650000000.0,3129000000.0
AvailableForSaleSecuritiesDebtMaturitiesAfterTenYearsFairValue / USD,,,,,,,,,,,,,,,,,,,,,,,,,,,,,,,,,,,,,,,,,,,,,,,,,,25000000.0,59000000.0,70000000.0,30000000.0
AvailableForSaleSecuritiesDebtMaturitiesWithinOneYearFairValue / USD,,,,,,,,,,,,,,,,,,,,,,,,,,,,,,,,,,,,,,,,,,,,3992736000.0,3885682000.0,3749000000.0,3346000000.0,3206000000.0,2983000000.0,2676000000.0,2519000000.0,2313000000.0,1049000000.0
AvailableForSaleSecuritiesDebtSecurities / USD,,,,,,,,,,,,,,,,,,,,,,,,2551107000.0,2551107000.0,2551107000.0,1312007000.0,1312007000.0,1312007000.0,1312007000.0,1353949000.0,1353949000.0,1353949000.0,1353949000.0,2570850000.0,2570850000.0,2570850000.0,2570850000.0,2531093000.0,2531093000.0,2531093000.0,2531093000.0,4749180000.0,4749180000.0,4749180000.0,4749000000.0,6560000000.0,6560000000.0,6560000000.0,6651000000.0,7202000000.0,7124000000.0,4255000000.0
CapitalExpendituresIncurredButNotYetPaid / USD,,,13275000.0,13688000.0,1360000.0,1613000.0,13275000.0,413000.0,1360000.0,0.0,12995000.0,12171000.0,9052000.0,1613000.0,9298000.0,18642000.0,17237000.0,8776000.0,21507000.0,11426000.0,25917000.0,14052000.0,32515000.0,33219000.0,47055000.0,27696000.0,62196000.0,63052000.0,60800000.0,51545000.0,77429000.0,46910000.0,33155000.0,56308000.0,39721000.0,49987000.0,49098000.0,46027000.0,78468000.0,36823000.0,49713000.0,54792000.0,119007000.0,67447000.0,68028000.0,47000000.0,54000000.0,41000000.0,18000000.0,51000000.0,37000000.0,56000000.0,66000000.0
CapitalizedContractCostAmortization / USD,,,,,,,,,,,,,,,,,,,,,,,,,,,16000000.0,33000000.0,52000000.0,57562000.0,20880000.0,42882000.0,65897000.0,71238000.0,26060000.0,53409000.0,82141000.0,90641000.0,31614000.0,65362000.0,100844000.0,112647000.0,39427000.0,81685000.0,126515000.0,139000000.0,49000000.0,101000000.0,155000000.0,175000000.0,59000000.0,121000000.0,185000000.0
CapitalizedContractCostImpairmentLoss / USD,,,,,,,,,,,,,,,,,,,,,,,,,,0.0,,,,0.0,0.0,0.0,0.0,0.0,0.0,0.0,0.0,0.0,0.0,0.0,0.0,0.0,0.0,0.0,0.0,0.0,0.0,0.0,0.0,0.0,0.0,0.0,0.0
CapitalizedContractCostNet / USD,,,,,,,,,,,,,,,,,,,,,,,,,,,264000000.0,264000000.0,264000000.0,264000000.0,323000000.0,323000000.0,323000000.0,323000000.0,395000000.0,395000000.0,395000000.0,395000000.0,494000000.0,494000000.0,494000000.0,494000000.0,612000000.0,612000000.0,612000000.0,612000000.0,741000000.0,741000000.0,741000000.0,741000000.0,828000000.0,828000000.0,828000000.0
CashAndCashEquivalentsAtCarryingValue / USD,30512000.0,34372000.0,57529000.0,57529000.0,57529000.0,30512000.0,84158000.0,84158000.0,84158000.0,57529000.0,581326000.0,581326000.0,581326000.0,84158000.0,298192000.0,298192000.0,298192000.0,581326000.0,404604000.0,405529000.0,386557000.0,300087000.0,498931000.0,748599000.0,1336984000.0,539923000.0,1036045000.0,1693743000.0,540430000.0,1134355000.0,781772000.0,619514000.0,912748000.0,638554000.0,1214213000.0,1239696000.0,1067038000.0,731141000.0,959358000.0,1087070000.0,1297259000.0,1384181000.0,2776336000.0,2486540000.0,1575955000.0,1534000000.0,1444000000.0,1436000000.0,1564000000.0,1886000000.0,1752000000.0,1635000000.0,1311000000.0
CashCashEquivalentsRestrictedCashAndRestrictedCashEquivalents / USD,,,,,,,,,,,,,,,,,,,,300087000.0,300087000.0,298192000.0,541894000.0,541894000.0,541894000.0,300087000.0,1135654000.0,1135654000.0,1135654000.0,541894000.0,642203000.0,642203000.0,642203000.0,1135654000.0,734721000.0,734721000.0,734721000.0,642203000.0,1387921000.0,1387921000.0,1387921000.0,734721000.0,1540745000.0,1540745000.0,1540745000.0,1388000000.0,1895000000.0,1895000000.0,1895000000.0,1541000000.0,2024000000.0,2024000000.0,2024000000.0
CashCashEquivalentsRestrictedCashAndRestrictedCashEquivalentsPeriodIncreaseDecreaseIncludingExchangeRateEffect / USD,,,,,,,,,,,,,,,,,,,,111057000.0,88282000.0,1895000.0,-40790000.0,208638000.0,796203000.0,241807000.0,-98219000.0,560164000.0,-591128000.0,593760000.0,144843000.0,-17557000.0,274654000.0,-493451000.0,485402000.0,511525000.0,336795000.0,92518000.0,-420110000.0,-294992000.0,-84670000.0,653200000.0,1245993000.0,956298000.0,46910000.0,153000000.0,-439000000.0,-447000000.0,-319000000.0,354000000.0,-253000000.0,-375000000.0,-701000000.0
CommonStockValueOutstanding / USD,33000.0,33000.0,162000.0,162000.0,162000.0,,181000.0,181000.0,181000.0,,186000.0,186000.0,186000.0,,193000.0,193000.0,193000.0,,202000.0,202000.0,202000.0,,211000.0,211000.0,211000.0,,221000.0,221000.0,221000.0,,231000.0,231000.0,231000.0,,242000.0,242000.0,242000.0,,251000.0,251000.0,251000.0,,259000.0,259000.0,259000.0,,0.0,0.0,0.0,,0.0,0.0,0.0
ComprehensiveIncomeNetOfTax / USD,-56036000.0,-56200000.0,-20037000.0,-46914000.0,-88217000.0,-79631000.0,-33018000.0,-68950000.0,-116411000.0,-119125000.0,-59177000.0,-128910000.0,-188721000.0,-172308000.0,-61698000.0,-130519000.0,-208704000.0,-248391000.0,-88334000.0,-189703000.0,-294607000.0,-274109000.0,-66305000.0,-170844000.0,-250503000.0,-383427000.0,-58763000.0,-126584000.0,-263716000.0,-369706000.0,-102353000.0,-203720000.0,-327288000.0,-372654000.0,-124334000.0,-209230000.0,-233106000.0,-456373000.0,-51973000.0,70034000.0,136969000.0,-360893000.0,-66773000.0,-111079000.0,-144647000.0,92000000.0,-10000000.0,19000000.0,173000000.0,-322000000.0,103000000.0,237000000.0,427000000.0
ContractWithCustomerAssetNet / USD,,,,,,,,,,,,,,,,,,,,,,,,,,,,,,,,,,,,,,,,,,,,,,160000000.0,261000000.0,261000000.0,261000000.0,261000000.0,417000000.0,417000000.0,417000000.0
ContractWithCustomerAssetNetCurrent / USD,,,,,,,,,,,,,,,,,,,,,,,,,,,,,,,,,,,,,,,,,,,,,,160000000.0,240000000.0,240000000.0,240000000.0,240000000.0,373000000.0,373000000.0,373000000.0
ContractWithCustomerAssetNetNoncurrent / USD,,,,,,,,,,,,,,,,,,,,,,,,,,,,,,,,,,,,,,,,,,,,,,0.0,21000000.0,21000000.0,21000000.0,21000000.0,44000000.0,44000000.0,44000000.0
ContractWithCustomerLiability / USD,,,,,,,,,,,,,,,,,,,,,,,,,,,,,,,,,,,,,,,,,,,,,3600000000.0,3634000000.0,4127000000.0,4127000000.0,4127000000.0,4127000000.0,4547000000.0,4547000000.0,4547000000.0
ContractWithCustomerLiabilityCurrent / USD,,,,,,,,,,,,,,,,,,,,,,,,1426241000.0,1426241000.0,1426241000.0,1837618000.0,1837618000.0,1837618000.0,1837618000.0,2223178000.0,2223178000.0,2223178000.0,2223178000.0,2556624000.0,2556624000.0,2556624000.0,2556624000.0,3110947000.0,3110947000.0,3110947000.0,3110947000.0,3559393000.0,3559393000.0,3559393000.0,3559000000.0,4057000000.0,4057000000.0,4057000000.0,4057000000.0,4467000000.0,4467000000.0,4467000000.0
ContractWithCustomerLiabilityNoncurrent / USD,,,,,,,,,,,,,,,,,,,,,,,,110906000.0,110906000.0,110906000.0,111652000.0,111652000.0,111652000.0,111652000.0,86025000.0,86025000.0,86025000.0,86025000.0,80111000.0,80111000.0,80111000.0,80111000.0,71533000.0,71533000.0,71533000.0,71533000.0,74540000.0,74540000.0,74540000.0,75000000.0,70000000.0,70000000.0,70000000.0,70000000.0,80000000.0,80000000.0,80000000.0
ContractWithCustomerLiabilityRevenueRecognized / USD,,,,,,,,,,,,,,,,,,,,,,,,673000000.0,904000000.0,738000000.0,487000000.0,,,1000000000.0,642000000.0,1180000000.0,1600000000.0,1400000000.0,809000000.0,1460000000.0,1900000000.0,1800000000.0,930000000.0,1700000000.0,2200000000.0,2200000000.0,1100000000.0,2000000000.0,2700000000.0,2500000000.0,1300000000.0,2400000000.0,3100000000.0,3000000000.0,1500000000.0,2800000000.0,3600000000.0
CurrentFederalTaxExpenseBenefit / USD,,80000.0,,,,60000.0,,,,-160000.0,,,,60000.0,,,,90000.0,,,,-2012000.0,,,,213000.0,,,,0.0,,,,0.0,,,,,,,,0.0,,,,0.0,,,,0.0,,,
CurrentForeignTaxExpenseBenefit / USD,,7000.0,,,,69000.0,,,,242000.0,,,,1440000.0,,,,2128000.0,,2000000.0,3000000.0,2869000.0,,,,3573000.0,,,,4251000.0,,,,6596000.0,,,,7707000.0,,,,9248000.0,,,,7000000.0,,,,97000000.0,,,
CurrentIncomeTaxExpenseBenefit / USD,116000.0,97000.0,63000.0,-53000.0,25000.0,167000.0,135000.0,351000.0,593000.0,124000.0,307000.0,800000.0,1199000.0,1678000.0,918000.0,-1080000.0,,2324000.0,,,,1346000.0,,,,3803000.0,,,,4428000.0,,,,6866000.0,,,,8145000.0,,,,10772000.0,,,,8000000.0,,,,111000000.0,,,
CurrentStateAndLocalTaxExpenseBenefit / USD,,10000.0,,,,38000.0,,,,42000.0,,,,178000.0,,,,106000.0,,,,489000.0,,,,17000.0,,,,177000.0,,,,270000.0,,,,438000.0,,,,1524000.0,,,,1000000.0,,,,14000000.0,,,
DebtInstrumentCarryingAmount / USD,,,,,,,,,,,,,,,,,,,,,,,,,,,,,,,1899944000.0,1900000000.0,1890625000.0,1881184000.0,1871756000.0,1862361000.0,1852976000.0,1843567000.0,1843567000.0,1843567000.0,1843567000.0,1843567000.0,3000000000.0,3000000000.0,3000000000.0,3000000000.0,3000000000.0,3000000000.0,3000000000.0,3000000000.0,3000000000.0,3000000000.0,3000000000.0
DebtInstrumentUnamortizedDiscountPremiumAndDebtIssuanceCostsNet / USD,,,,,,,,,,,,,,,,,,,,,,,,,,,,,,,,,,,,,,,3770000.0,3770000.0,3770000.0,3770000.0,24066000.0,24066000.0,24066000.0,24000000.0,20000000.0,20000000.0,20000000.0,20000000.0,16000000.0,16000000.0,16000000.0
DebtSecuritiesAvailableForSaleAccruedInterestAfterAllowanceForCreditLoss / USD,,,,,,,,,,,,,,,,,,,,,,,,,,,,,,,,,,,,,,,,,,,,,,,,,,35000000.0,53000000.0,53000000.0,53000000.0
DebtSecuritiesAvailableForSaleAmortizedCostExcludingAccruedInterestAfterAllowanceForCreditLoss / USD,,,,,,,,,,,,,,,,,,,,,,,,,,,,,,,,,,,,,,,,,,,,,,,,,,6553000000.0,6638000000.0,6638000000.0,6638000000.0
DebtSecuritiesAvailableForSaleContinuousUnrealizedLossPosition12MonthsOrLonger / USD,,,,,,,,,,,,,,,,,,,,,,,,,,,,,,,,,,,,,,,,,,,,,,,,349000000.0,349000000.0,349000000.0,,,
DebtSecuritiesAvailableForSaleContinuousUnrealizedLossPosition12MonthsOrLongerAccumulatedLoss / USD,,,,,,,,,,,,,,,,,,,,,,,,,,,,,,,,,,,,,,,,,,,,,,,,3000000.0,3000000.0,3000000.0,,,
DebtSecuritiesAvailableForSaleContinuousUnrealizedLossPositionLessThan12Months / USD,,,,,,,,,,,,,,,,,,,,,,,,,,,,,,,,,,,,,,,,,,,,,,,,2081000000.0,2081000000.0,2076000000.0,,,
DebtSecuritiesAvailableForSaleContinuousUnrealizedLossPositionLessThan12MonthsAccumulatedLoss / USD,,,,,,,,,,,,,,,,,,,,,,,,,,,,,,,,,,,,,,,,,,,,,,,,5000000.0,5000000.0,5000000.0,,,
DebtSecuritiesAvailableForSaleExcludingAccruedInterest / USD,,,,,,,,,,,,,,,,,,,,,,,,,,,,,,,,,,,,,,,,,,,,,,,,,,6560000000.0,6651000000.0,6651000000.0,6651000000.0
DebtSecuritiesAvailableForSaleRealizedLoss / USD,,,,,,,,,,,,,,,,,,,,,,,,,,,,,,,,,,,,,,0.0,0.0,0.0,0.0,0.0,0.0,0.0,0.0,0.0,0.0,0.0,0.0,0.0,,,
DebtSecuritiesAvailableForSaleUnrealizedLossPosition / USD,,,,,,,,,,,,,,,,,,,,,,,,,,,,,,,,,,,,,,,,,1500000000.0,1500000000.0,3100000000.0,3100000000.0,3100000000.0,3100000000.0,2400000000.0,2430000000.0,2430000000.0,2425000000.0,,,
DebtSecuritiesAvailableForSaleUnrealizedLossPositionAccumulatedLoss / USD,,,,,,,,,,,,,,,,,,,,,,,,,,,,,,,,,,,,,,,,,,,,,,,,8000000.0,8000000.0,8000000.0,,,
DeferredCosts / USD,13156000.0,13156000.0,18575000.0,18575000.0,18575000.0,18575000.0,20797000.0,20797000.0,20797000.0,20797000.0,20998000.0,20998000.0,20998000.0,20998000.0,30074000.0,30074000.0,30074000.0,30074000.0,117249000.0,117249000.0,117249000.0,117249000.0,140509000.0,140509000.0,140509000.0,140509000.0,183518000.0,183518000.0,183518000.0,183518000.0,222395000.0,222395000.0,222395000.0,222395000.0,271796000.0,271796000.0,271796000.0,271796000.0,341259000.0,341259000.0,341259000.0,341259000.0,420988000.0,420988000.0,420988000.0,421000000.0,509000000.0,509000000.0,509000000.0,509000000.0,561000000.0,561000000.0,561000000.0
DeferredCostsCurrent / USD,9450000.0,9450000.0,9816000.0,9816000.0,9816000.0,9816000.0,16446000.0,16446000.0,16446000.0,16446000.0,20471000.0,20471000.0,20471000.0,20471000.0,21817000.0,21817000.0,21817000.0,21817000.0,51330000.0,51330000.0,51330000.0,51330000.0,63060000.0,63060000.0,63060000.0,63060000.0,80809000.0,80809000.0,80809000.0,80809000.0,100459000.0,100459000.0,100459000.0,100459000.0,122764000.0,122764000.0,122764000.0,122764000.0,152957000.0,152957000.0,152957000.0,152957000.0,191054000.0,191054000.0,191054000.0,191000000.0,232000000.0,232000000.0,232000000.0,232000000.0,267000000.0,267000000.0,267000000.0
DeferredFederalIncomeTaxExpenseBenefit / USD,,,,,,,,,,0.0,,,,0.0,,,,0.0,,,,0.0,,,,-466000.0,,,,-535000.0,,,,-760000.0,,,,-1258000.0,,,,-81000.0,,,,-2000000.0,,,,1000000.0,,,
DeferredForeignIncomeTaxExpenseBenefit / USD,,,,,,,,,,0.0,,,,0.0,,,,-314000.0,,,,-329000.0,,,,-4099000.0,,,,2643000.0,,,,-9154000.0,,,,-6646000.0,,,,-3217000.0,,,,-18000000.0,,,,-6000000.0,,,
DeferredIncomeTaxAssetsNet / USD,,,,,,,,,,,,,,,,,,,,,,,,,,,,,4544000.0,4544000.0,6912000.0,6912000.0,6912000.0,6912000.0,9985000.0,9985000.0,9985000.0,9985000.0,11642000.0,11642000.0,11642000.0,11642000.0,12650000.0,12650000.0,12650000.0,13000000.0,1065000000.0,1065000000.0,1065000000.0,1065000000.0,1039000000.0,1039000000.0,1039000000.0
DeferredIncomeTaxExpenseBenefit / USD,,,,,,,,,,0.0,,,,0.0,,,,-314000.0,,,,-329000.0,,,,-4617000.0,,,,2008000.0,,,,-12360000.0,,,,-9918000.0,,,,-3475000.0,,,,-21000000.0,,,,-4000000.0,,,
DeferredIncomeTaxLiabilities / USD,,970000.0,,,,2544000.0,,,,65845000.0,,,,69427000.0,,,,63849000.0,,,,100888000.0,,,,75567000.0,,,,78531000.0,,,,157751000.0,,,,205034000.0,,,,203673000.0,,,,231000000.0,,,,253000000.0,,,
DeferredStateAndLocalIncomeTaxExpenseBenefit / USD,,,,,,,,,,0.0,,,,0.0,,,,0.0,,,,0.0,,,,-52000.0,,,,-100000.0,,,,-2446000.0,,,,-2014000.0,,,,-177000.0,,,,-1000000.0,,,,1000000.0,,,
DeferredTaxAssetsGoodwillAndIntangibleAssets / USD,,,,,,,,,,,,,,,,,,,,,,,,,,0.0,,,,516416000.0,,,,488626000.0,,,,483752000.0,,,,422985000.0,,,,503000000.0,,,,483000000.0,,,
DeferredTaxAssetsGross / USD,,117591000.0,,,,160547000.0,,,,196307000.0,,,,247289000.0,,,,287170000.0,,,,397589000.0,,,,702481000.0,,,,1645225000.0,,,,2067557000.0,,,,2298108000.0,,,,2454142000.0,,,,2600000000.0,,,,2498000000.0,,,
DeferredTaxAssetsInProcessResearchAndDevelopment / USD,,,,,,,,,,,,,,,,,,,,,,,,,,,,,,,,,,,,,,,,,,0.0,,,,255000000.0,,,,367000000.0,,,
DeferredTaxAssetsLiabilitiesNet / USD,,,,,,,,,,0.0,,,,651000.0,,,,561000.0,4336000.0,4336000.0,4336000.0,4336000.0,1884000.0,1884000.0,1884000.0,1884000.0,,,,2869000.0,,,,5969000.0,,,,9391000.0,,,,7568000.0,,,,11000000.0,,,,1063000000.0,,,
DeferredTaxAssetsNet / USD,,970000.0,,,,2544000.0,,,,65845000.0,,,,70078000.0,,,,64410000.0,,,,105224000.0,,,,77451000.0,,,,81400000.0,,,,163720000.0,,,,214425000.0,,,,211241000.0,,,,242000000.0,,,,1316000000.0,,,
DeferredTaxAssetsOther / USD,,1098000.0,,,,138000.0,,,,2642000.0,,,,4767000.0,,,,12892000.0,,,,23209000.0,,,,5622000.0,,,,3268000.0,,,,19904000.0,,,,40603000.0,,,,39373000.0,,,,15000000.0,,,,32000000.0,,,
DeferredTaxAssetsTaxCreditCarryforwards / USD,,,,,,,,,,,,,,,,,,,,,,,,,,,,,,,,,,,,,,1536758000.0,,,,1790396000.0,,,,1587000000.0,,,,1431000000.0,,,
DeferredTaxAssetsTaxDeferredExpenseCompensationAndBenefitsShareBasedCompensationCost / USD,,,,,,3797000.0,,,,12092000.0,,,,34009000.0,,,,61930000.0,,,,70642000.0,,,,39294000.0,,,,53295000.0,,,,72055000.0,,,,77815000.0,,,,71191000.0,,,,75000000.0,,,,69000000.0,,,
DeferredTaxAssetsTaxDeferredExpenseReservesAndAccrualsOther / USD,,9583000.0,,,,11960000.0,,,,16751000.0,,,,16337000.0,,,,21505000.0,,,,23134000.0,,,,14945000.0,,,,24365000.0,,,,20691000.0,,,,23021000.0,,,,28629000.0,,,,61000000.0,,,,47000000.0,,,
DeferredTaxAssetsValuationAllowance / USD,,116621000.0,,,,158003000.0,,,,130462000.0,,,,177211000.0,,,,222760000.0,,,,292365000.0,,,,625030000.0,,,,1563825000.0,,,,1903837000.0,,,,2083683000.0,,,,2242901000.0,,,,2358000000.0,,,,1182000000.0,,,
DeferredTaxLiabilitiesDeferredExpense / USD,,,,,,,,,,,,,,,,,,,,,,,,,,29231000.0,,,,47165000.0,,,,61459000.0,,,,81125000.0,,,,102682000.0,,,,127000000.0,,,,145000000.0,,,
DeferredTaxLiabilitiesLeasingArrangements / USD,,,,,,,,,,,,,,,,,,,,,,,,,,,,,,67775000.0,,,,67775000.0,,,,100917000.0,,,,57001000.0,,,,57000000.0,,,,62000000.0,,,
DeferredTaxLiabilitiesPrepaidExpenses / USD,,959000.0,,,,2544000.0,,,,4144000.0,,,,7255000.0,,,,898000.0,,,,1079000.0,,,,742000.0,,,,466000.0,,,,28517000.0,,,,22992000.0,,,,43990000.0,,,,47000000.0,,,,33000000.0,,,
DeferredTaxLiabilitiesPropertyPlantAndEquipment / USD,,,,,,,,,,,,,,,,,,,,,,0.0,,,,3803000.0,,,,,,,,,,,,,,,,,,,,0.0,,,,13000000.0,,,
DefinedContributionPlanCostRecognized / USD,,,,,,,,,,,,,,,,1000000.0,,,,,,,,,,,,,,15000000.0,,,,28000000.0,,,,36000000.0,,,,42000000.0,,,,46000000.0,,,,86000000.0,,,
DepositsAssetsNoncurrent / USD,,,,,,,,,,,,,,,,,,,,,,,,,,,,,,,,,6335000.0,6335000.0,6218000.0,6218000.0,6218000.0,6218000.0,6701000.0,6701000.0,6701000.0,6701000.0,5819000.0,5819000.0,5819000.0,6000000.0,8000000.0,8000000.0,8000000.0,8000000.0,10000000.0,10000000.0,10000000.0
Depreciation / USD,6100000.0,4900000.0,3100000.0,6700000.0,10800000.0,8900000.0,5700000.0,12600000.0,20500000.0,16000000.0,10000000.0,21000000.0,33000000.0,29000000.0,16000000.0,33000000.0,51000000.0,46000000.0,22000000.0,44000000.0,67000000.0,71000000.0,27000000.0,55000000.0,85000000.0,92000000.0,33000000.0,69000000.0,107000000.0,115000000.0,41000000.0,88000000.0,144000000.0,147000000.0,55000000.0,112000000.0,170000000.0,201000000.0,63000000.0,128000000.0,194000000.0,231000000.0,67000000.0,138000000.0,207000000.0,263000000.0,48000000.0,97000000.0,149000000.0,275000000.0,56000000.0,115000000.0,174000000.0
DerivativeAssetFairValueGrossLiability / USD,,,,,,,,,,,,,,0.0,0.0,0.0,0.0,0.0,0.0,0.0,0.0,0.0,0.0,0.0,0.0,0.0,0.0,0.0,0.0,0.0,0.0,0.0,0.0,0.0,0.0,0.0,0.0,0.0,0.0,0.0,0.0,0.0,0.0,0.0,0.0,0.0,0.0,0.0,0.0,0.0,,,
DerivativeAssets / USD,,,,,,,,,,,,,,5300000.0,1294000.0,3422000.0,7378000.0,7909000.0,6934000.0,257000.0,2880000.0,98000.0,6484000.0,19173000.0,36416000.0,22570000.0,35238000.0,53135000.0,37864000.0,33274000.0,61172000.0,16806000.0,20478000.0,3221000.0,5265000.0,10973000.0,24166000.0,39031000.0,94742000.0,110635000.0,159292000.0,64824000.0,63489000.0,47191000.0,90536000.0,46000000.0,64000000.0,44000000.0,46000000.0,112000000.0,,,
DerivativeAssetsNoncurrent / USD,,,,,,,,,,,,,,,,,,,,,,,,,,,,,10035000.0,10035000.0,9529000.0,9529000.0,9529000.0,9529000.0,173000.0,173000.0,173000.0,173000.0,16618000.0,16618000.0,16618000.0,16618000.0,21757000.0,21757000.0,21757000.0,22000000.0,14000000.0,14000000.0,14000000.0,14000000.0,52000000.0,52000000.0,52000000.0
DerivativeCollateralObligationToReturnCash / USD,,,,,,,,,,,,,,0.0,0.0,0.0,0.0,0.0,0.0,0.0,0.0,0.0,0.0,0.0,0.0,0.0,0.0,0.0,0.0,0.0,0.0,0.0,0.0,0.0,0.0,0.0,0.0,0.0,0.0,0.0,0.0,0.0,0.0,0.0,0.0,0.0,0.0,0.0,0.0,0.0,,,
DerivativeCollateralObligationToReturnSecurities / USD,,,,,,,,,,,,,,154000.0,740000.0,3422000.0,1593000.0,2127000.0,3801000.0,257000.0,2880000.0,98000.0,6484000.0,1986000.0,540000.0,3135000.0,752000.0,518000.0,2878000.0,3996000.0,1439000.0,16806000.0,13787000.0,3221000.0,5265000.0,10973000.0,24166000.0,13039000.0,24703000.0,32655000.0,36486000.0,33972000.0,32309000.0,38943000.0,20268000.0,27000000.0,20000000.0,28000000.0,25000000.0,26000000.0,,,
DerivativeCollateralRightToReclaimCash / USD,,,,,,,,,,,,,,0.0,0.0,0.0,0.0,0.0,0.0,0.0,0.0,0.0,0.0,0.0,0.0,0.0,0.0,0.0,0.0,0.0,0.0,0.0,0.0,0.0,0.0,0.0,0.0,0.0,0.0,0.0,0.0,0.0,0.0,0.0,0.0,0.0,0.0,0.0,0.0,0.0,,,
DerivativeCollateralRightToReclaimSecurities / USD,,,,,,,,,,,,,,154000.0,740000.0,3422000.0,1593000.0,2127000.0,3801000.0,257000.0,2880000.0,98000.0,6484000.0,1986000.0,540000.0,3135000.0,752000.0,518000.0,2878000.0,3996000.0,1439000.0,16806000.0,13787000.0,3221000.0,5265000.0,10973000.0,24166000.0,13039000.0,24703000.0,32655000.0,36486000.0,33972000.0,32309000.0,38943000.0,20268000.0,27000000.0,20000000.0,28000000.0,25000000.0,26000000.0,,,
DerivativeFairValueOfDerivativeAsset / USD,,,,,,,,,,,,,,5300000.0,1294000.0,3422000.0,7378000.0,7909000.0,6934000.0,257000.0,2880000.0,7909000.0,98000.0,98000.0,98000.0,98000.0,22570000.0,22570000.0,22570000.0,22570000.0,33274000.0,33274000.0,33274000.0,33274000.0,3221000.0,3221000.0,3221000.0,3221000.0,39031000.0,39031000.0,39031000.0,39031000.0,64824000.0,64824000.0,64824000.0,65000000.0,46000000.0,46000000.0,46000000.0,46000000.0,112000000.0,112000000.0,112000000.0
DerivativeFairValueOfDerivativeAssetAmountOffsetAgainstCollateral / USD,,,,,,,,,,,,,,5146000.0,554000.0,0.0,5785000.0,5782000.0,3133000.0,0.0,0.0,0.0,0.0,17187000.0,35876000.0,19435000.0,34486000.0,52617000.0,34986000.0,29278000.0,59733000.0,0.0,6691000.0,0.0,0.0,0.0,0.0,25992000.0,70039000.0,77980000.0,122806000.0,30852000.0,31180000.0,8248000.0,70268000.0,19000000.0,44000000.0,16000000.0,21000000.0,86000000.0,86000000.0,86000000.0,86000000.0
DerivativeFairValueOfDerivativeLiability / USD,,,,,,,,,,,,,,154000.0,8040000.0,4323000.0,1635000.0,2127000.0,4229000.0,23610000.0,15172000.0,2127000.0,32912000.0,32912000.0,32912000.0,32912000.0,3135000.0,3135000.0,3135000.0,3135000.0,3996000.0,3996000.0,3996000.0,3996000.0,49456000.0,49456000.0,49456000.0,49456000.0,13039000.0,13039000.0,13039000.0,13039000.0,33972000.0,33972000.0,33972000.0,34000000.0,27000000.0,27000000.0,27000000.0,27000000.0,26000000.0,26000000.0,26000000.0
DerivativeFairValueOfDerivativeLiabilityAmountOffsetAgainstCollateral / USD,,,,,,,,,,,,,,,,,,,,,,32814000.0,4586000.0,0.0,0.0,0.0,0.0,0.0,0.0,0.0,0.0,4180000.0,0.0,46235000.0,48449000.0,23904000.0,31000.0,0.0,0.0,0.0,0.0,0.0,0.0,0.0,0.0,0.0,0.0,0.0,0.0,0.0,79000000.0,92000000.0,82000000.0
DerivativeLiabilities / USD,,,,,,,,,,,,,,154000.0,8040000.0,4323000.0,1635000.0,2127000.0,4229000.0,23610000.0,15172000.0,32912000.0,11070000.0,1986000.0,540000.0,3135000.0,752000.0,518000.0,2878000.0,3996000.0,1439000.0,20986000.0,13787000.0,49456000.0,53714000.0,34877000.0,24197000.0,13039000.0,24703000.0,32655000.0,36486000.0,33972000.0,32309000.0,38943000.0,20268000.0,27000000.0,20000000.0,28000000.0,25000000.0,26000000.0,,,
DerivativeLiabilityFairValueGrossAsset / USD,,,,,,,,,,,,,,0.0,0.0,0.0,0.0,0.0,0.0,0.0,0.0,0.0,0.0,0.0,0.0,0.0,0.0,0.0,0.0,0.0,0.0,0.0,0.0,0.0,0.0,0.0,0.0,0.0,0.0,0.0,0.0,0.0,0.0,0.0,0.0,0.0,0.0,0.0,0.0,0.0,,,
EarningsPerShareBasic / USD/shares,,,,,,,,,,,,,,,,,,,,,,,,,,,,,,,,,,,-0.68,-0.79,-0.89,-2.12,-0.19,0.24,0.42,-1.19,-0.41,-0.66,-0.95,0.12,0.0,0.3,0.74,-1.44,0.4,0.9,1.63
EarningsPerShareDiluted / USD/shares,,,,,,,,,,,,,,,,,,,,,,,,,,,,,,,,,,,-0.68,-0.79,-0.89,-2.12,-0.19,0.23,0.4,-1.19,-0.41,-0.66,-0.95,0.12,0.0,0.3,0.73,-1.44,0.4,0.89,1.61
EffectOfExchangeRateOnCashCashEquivalentsRestrictedCashAndRestrictedCashEquivalents / USD,,,,,,,,,,,,,,,,,,,,,,,,,,,-420000.0,-582000.0,-795000.0,751000.0,-327000.0,-252000.0,-204000.0,-614000.0,-265000.0,506000.0,546000.0,-282000.0,186000.0,-135000.0,-85000.0,1334000.0,-685000.0,-830000.0,-1750000.0,-1000000.0,-1000000.0,0.0,-1000000.0,-1000000.0,0.0,0.0,0.0
EffectiveIncomeTaxRateContinuingOperations / pure,,-0.002,,,,-0.002,,,0.01,-0.001,,,,-0.01,,,,-0.008,,,,-0.004,,,,0.002,,,,-0.021,,,,0.013,,,,0.004,,,,-0.027,,,,-0.816,,,,-0.411,,,
EffectiveIncomeTaxRateReconciliationAtFederalStatutoryIncomeTaxRate / pure,,0.35,,,,0.35,,,,0.35,,,,0.35,,,,0.35,,,,0.35,,,,0.35,,,,0.338,,,,0.21,,,,0.21,,,,0.21,,,,0.21,,,,0.21,,,
EffectiveIncomeTaxRateReconciliationChangeInDeferredTaxAssetsValuationAllowance / pure,,-0.376,,,,-0.387,,,,-0.378,,,,0.181,,,,-0.152,,,,-0.151,,,,-0.204,,,,0.334,,,,-0.397,,,,-0.483,,,,-0.563,,,,5.585,,,,-0.149,,,
EffectiveIncomeTaxRateReconciliationForeignIncomeTaxRateDifferential / pure,,-0.019,,,,-0.003,,,,0.003,,,,-0.254,,,,-0.225,,,,-0.257,,,,-0.185,,,,-0.269,,,,-0.089,,,,-0.112,,,,-0.131,,,,3.21,,,,-0.447,,,
EffectiveIncomeTaxRateReconciliationNondeductibleExpense / pure,,,,,,,,,,,,,,,,,,,,,,,,,,,,,,,,,,,,,,-0.007,,,,-0.003,,,,0.046,,,,-0.009,,,
EffectiveIncomeTaxRateReconciliationOtherAdjustments / pure,,-0.01,,,,-0.003,,,,-0.002,,,,-0.006,,,,-0.007,,,,0.007,,,,-0.004,,,,-0.004,,,,0.0,,,,-0.005,,,,-0.001,,,,0.01,,,,-0.004,,,
EffectiveIncomeTaxRateReconciliationShareBasedCompensationExcessTaxBenefitPercent / pure,,,,,,,,,,,,,,,,,,,,,,,,,,,,,,,,,,,,,,0.216,,,,0.19,,,,-3.654,,,,-0.265,,,
EffectiveIncomeTaxRateReconciliationStateAndLocalIncomeTaxes / pure,,0.053,,,,0.052,,,,0.05,,,,-0.001,,,,-0.001,,,,-0.002,,,,0.0,,,,0.0,,,,-0.001,,,,-0.001,,,,-0.005,,,,-0.007,,,,-0.047,,,
EffectiveIncomeTaxRateReconciliationTaxCreditsResearch / pure,,,,,,0.127,,,,0.0,,,,0.127,,,,0.069,,,,0.051,,,,0.064,,,,0.091,,,,-0.126,,,,-0.131,,,,-0.266,,,,4.477,,,,-0.265,,,
EmployeeRelatedLiabilitiesCurrent / USD,13891000.0,13891000.0,27203000.0,27203000.0,27203000.0,27203000.0,55620000.0,55620000.0,55620000.0,55620000.0,56152000.0,56152000.0,56152000.0,56152000.0,91211000.0,91211000.0,91211000.0,91211000.0,110625000.0,110625000.0,110625000.0,110625000.0,148247000.0,148247000.0,148247000.0,148247000.0,207924000.0,207924000.0,207924000.0,207924000.0,248154000.0,248154000.0,248154000.0,248154000.0,285061000.0,285061000.0,285061000.0,285061000.0,402885000.0,402885000.0,402885000.0,402885000.0,563548000.0,563548000.0,563548000.0,564000000.0,544000000.0,544000000.0,544000000.0,544000000.0,578000000.0,578000000.0,578000000.0
EmployeeServiceShareBasedCompensationNonvestedAwardsTotalCompensationCostNotYetRecognizedStockOptions / USD,,60900000.0,,,,58700000.0,,,,37000000.0,32000000.0,27000000.0,22000000.0,,,,,,,,,,,,,,,,,,,,13000000.0,9000000.0,5000000.0,3000000.0,2000000.0,1000000.0,,,,,0.0,0.0,0.0,0.0,0.0,0.0,0.0,0.0,,,
EmployeeServiceShareBasedCompensationTaxBenefitFromCompensationExpense / USD,,,,,,,,,,,,,,,,,,,,,,,,,,,,,,,,,,,,,,,,,,,,,,,,,,17000000.0,,,
EntityPublicFloat / USD,,2300000000.0,,,,4500000000.0,,,,9000000000.0,,,,9500000000.0,,,,10200000000.0,,,,13800000000.0,,,,18600000000.0,,,,32900000000.0,,,,32100000000.0,,,,44700000000.0,,,,31000000000.0,,,,49000000000.0,,,,48100000000.0,,,
EquitySecuritiesFvNi / USD,,,,,,,,,,,,,,,,,,,,,,,,551804000.0,0.0,0.0,44127000.0,44127000.0,44127000.0,44127000.0,,,,,,,,,,,,,,,,,,56000000.0,29000000.0,,988000000.0,988000000.0,988000000.0
EquitySecuritiesFvNiGainLoss / USD,,,,,,,,,,,,,,,,,,,,,,,,,620000.0,-14935000.0,,,28526000.0,28000.0,6844000.0,9013000.0,9115000.0,40460000.0,-2505000.0,-596000.0,3234000.0,32894000.0,-6049000.0,100196000.0,125403000.0,20092000.0,-7429000.0,-23845000.0,-19486000.0,144000000.0,-8000000.0,-7000000.0,-22000000.0,-27000000.0,,10000000.0,
EquitySecuritiesFvNiRealizedGain / USD,,,,,,,,,,,,,,,,,,,,,,,,,,,,,,,,,7000000.0,7000000.0,,,,7000000.0,1000000.0,3000000.0,1000000.0,7000000.0,1000000.0,1000000.0,,7000000.0,0.0,,,6000000.0,,,
EquitySecuritiesFvNiRealizedGainLoss / USD,,,,,,,,,,,,,,,,,,,,,,,,,720000.0,65000.0,7000000.0,7000000.0,8193000.0,720000.0,6844000.0,6844000.0,6946000.0,8333000.0,1591000.0,1591000.0,1591000.0,26837000.0,-1751000.0,-6379000.0,4236000.0,1667000.0,1059000.0,1154000.0,-365000.0,22000000.0,0.0,1000000.0,2000000.0,-1000000.0,,,
EquitySecuritiesFvNiUnrealizedGainLoss / USD,,,,,,,,,,,,,,,,,,,,,,,,,-100000.0,-15000000.0,,,20333000.0,-692000.0,0.0,2169000.0,2169000.0,32127000.0,-4096000.0,-2187000.0,1643000.0,6057000.0,-4298000.0,106575000.0,121167000.0,18425000.0,-8488000.0,-24999000.0,-19121000.0,122000000.0,-8000000.0,-8000000.0,-24000000.0,-26000000.0,8000000.0,,
EquitySecuritiesFvNiUnrealizedLoss / USD,,,,,,,,,,,,,,,,,,,,,,,,,,,,,,,,,,,,,,,7000000.0,17000000.0,7000000.0,18000000.0,5000000.0,17000000.0,17000000.0,18000000.0,5000000.0,,2000000.0,18000000.0,,,
EquitySecuritiesWithoutReadilyDeterminableFairValueAmount / USD,,,,,,,,,,,,,,,,,,,,,,,,28005000.0,28005000.0,28005000.0,36925000.0,36925000.0,36925000.0,36925000.0,59026000.0,59026000.0,59026000.0,59026000.0,73142000.0,73142000.0,73142000.0,73142000.0,256643000.0,256643000.0,256643000.0,256643000.0,261922000.0,261922000.0,261922000.0,262000000.0,248000000.0,248000000.0,248000000.0,248000000.0,244000000.0,244000000.0,244000000.0
EquitySecuritiesWithoutReadilyDeterminableFairValueDownwardPriceAdjustmentAnnualAmount / USD,,,,,,,,,,,,,,,,,,,,,,,,,,,,,,0.0,0.0,0.0,0.0,0.0,0.0,0.0,0.0,,,,,,,,,,,,,5000000.0,,,
EquitySecuritiesWithoutReadilyDeterminableFairValueImpairmentLossAnnualAmount / USD,,,,,,,,,,,,,,,,,,,,,,,,,,,,,,,0.0,0.0,0.0,0.0,3000000.0,3000000.0,3000000.0,,2000000.0,2000000.0,2000000.0,16000000.0,14000000.0,14000000.0,10000000.0,16000000.0,3000000.0,12000000.0,22000000.0,16000000.0,,,
EquitySecuritiesWithoutReadilyDeterminableFairValueUpwardPriceAdjustmentAnnualAmount / USD,,,,,,,,,,,,,,,,,,,,,,,,,,,,,,0.0,0.0,0.0,0.0,0.0,0.0,0.0,0.0,6000000.0,8000000.0,14000000.0,34000000.0,9000000.0,3000000.0,6000000.0,8000000.0,58000000.0,,,6000000.0,8000000.0,,,
FiniteLivedIntangibleAssetsAccumulatedAmortization / USD,,848000.0,,,,938000.0,938000.0,938000.0,938000.0,938000.0,2071000.0,2071000.0,2071000.0,2071000.0,5308000.0,5308000.0,5308000.0,5308000.0,17113000.0,17113000.0,17113000.0,17113000.0,36466000.0,36466000.0,36466000.0,36466000.0,85560000.0,85560000.0,85560000.0,85560000.0,157399000.0,157399000.0,,,,,,,,,,,,,,,,,424000000.0,424000000.0,503000000.0,503000000.0,503000000.0
FiniteLivedIntangibleAssetsAmortizationExpenseNextTwelveMonths / USD,,,,,,1028000.0,,,,1027000.0,,,,,,,,,,,,,,,,,,,,,,52833000.0,,,,,,,,,,,,,,,,,82000000.0,,57000000.0,57000000.0,99000000.0
FiniteLivedIntangibleAssetsAmortizationExpenseRemainderOfFiscalYear / USD,,,,,,,,,,,,,,,,3043000.0,5105000.0,,,,,,,,,,,,,,43966000.0,28221000.0,,,,,,,,,,,,,,,,,21000000.0,,61000000.0,41000000.0,30000000.0
FiniteLivedIntangibleAssetsAmortizationExpenseYearFour / USD,,,,,,889000.0,,,,520000.0,,,,,,2921000.0,10281000.0,,,,,,,,,,,,,,38933000.0,27500000.0,,,,,,,,,,,,,,,,,43000000.0,,35000000.0,35000000.0,75000000.0
FiniteLivedIntangibleAssetsAmortizationExpenseYearThree / USD,,,,,,1027000.0,,,,889000.0,,,,,,4570000.0,18904000.0,,,,,,,,,,,,,,50109000.0,38933000.0,,,,,,,,,,,,,,,,,53000000.0,,43000000.0,43000000.0,83000000.0
FiniteLivedIntangibleAssetsAmortizationExpenseYearTwo / USD,,,,,,1027000.0,,,,1027000.0,,,,,,4953000.0,19286000.0,,,,,,,,,,,,,,52833000.0,50109000.0,,,,,,,,,,,,,,,,,57000000.0,,53000000.0,53000000.0,93000000.0
FiniteLivedIntangibleAssetsGross / USD,,938000.0,,,,938000.0,938000.0,938000.0,938000.0,938000.0,4538000.0,4538000.0,4538000.0,4538000.0,20799000.0,20799000.0,20799000.0,20799000.0,65900000.0,65900000.0,65900000.0,65900000.0,70700000.0,70700000.0,70700000.0,70700000.0,398800000.0,398800000.0,398800000.0,398800000.0,465800000.0,465800000.0,,,,,,,,,,,,,,,,,657000000.0,657000000.0,864000000.0,864000000.0,864000000.0
FiniteLivedIntangibleAssetsNet / USD,,90000.0,,,,14856000.0,,,,13828000.0,,,,,,15804000.0,53892000.0,,,,,,11217000.0,11217000.0,11217000.0,34234000.0,313240000.0,313240000.0,313240000.0,313240000.0,308401000.0,308401000.0,,,,,,,,,,,,,,,,,233000000.0,,,,
ForeignCurrencyCashFlowHedgeGainLossToBeReclassifiedDuringNext12Months / USD,,,,,,,,,,,,,,,,,,,,,,,,,,,,,,,,,,-8000000.0,-14000000.0,-15000000.0,-7000000.0,4000000.0,5000000.0,17000000.0,39000000.0,64000000.0,56000000.0,41000000.0,33000000.0,26000000.0,27000000.0,25000000.0,18000000.0,23000000.0,20000000.0,-6000000.0,-26000000.0
GainLossOnInvestments / USD,,,,,,,,,,,,,,,,,,,,,,,,,,,,,,,,,,,,-499000.0,-356000.0,4016000.0,-6018000.0,100257000.0,125479000.0,16558000.0,-8080000.0,-24579000.0,-20746000.0,146000000.0,-8000000.0,-7000000.0,-17000000.0,-31000000.0,-7000000.0,-10000000.0,-6000000.0
GeneralAndAdministrativeExpense / USD,10083000.0,8553000.0,6061000.0,13677000.0,36310000.0,15133000.0,12924000.0,26690000.0,42970000.0,48880000.0,21063000.0,47985000.0,76781000.0,65921000.0,32217000.0,68699000.0,106707000.0,106051000.0,41183000.0,86888000.0,144609000.0,148578000.0,51202000.0,106901000.0,163085000.0,198122000.0,55581000.0,120749000.0,259533000.0,222909000.0,84455000.0,170048000.0,258932000.0,347337000.0,95171000.0,194437000.0,296461000.0,367724000.0,112183000.0,225735000.0,347391000.0,414068000.0,133869000.0,274124000.0,427832000.0,486000000.0,168000000.0,336000000.0,512000000.0,599000000.0,200000000.0,403000000.0,600000000.0
Goodwill / USD,,8488000.0,,,,8488000.0,8488000.0,8488000.0,8488000.0,8488000.0,32312000.0,32312000.0,32312000.0,32312000.0,50325000.0,50325000.0,50325000.0,50325000.0,158354000.0,158354000.0,158354000.0,158354000.0,159376000.0,159376000.0,159376000.0,107658000.0,1379125000.0,1379125000.0,1379125000.0,1379125000.0,1819261000.0,1819261000.0,1819261000.0,1819261000.0,1819625000.0,1819625000.0,1819625000.0,1819625000.0,2840044000.0,2840044000.0,2840044000.0,2840044000.0,2840044000.0,2840044000.0,2840044000.0,2840000000.0,2846000000.0,2846000000.0,2846000000.0,2846000000.0,3478000000.0,3478000000.0,3478000000.0
IncomeLossFromContinuingOperationsBeforeIncomeTaxesDomestic / USD,,-51388000.0,,,,-78721000.0,,,,-119793000.0,,,,-49652000.0,,,,-93619000.0,,,,-119302000.0,,,,-190043000.0,,,,-85167000.0,,,,-263505000.0,,,,-256772000.0,,,,-140352000.0,,,,309000000.0,,,,-59000000.0,,,
IncomeLossFromContinuingOperationsBeforeIncomeTaxesExtraordinaryItemsNoncontrollingInterest / USD,,,,,,,,,,,,,,,,,,,,,,,,,,,,,,,,,,,,,-206560000.0,-482447000.0,-47364000.0,54501000.0,100003000.0,-275134000.0,-93006000.0,-159873000.0,-182031000.0,16000000.0,7000000.0,89000000.0,218000000.0,-260000000.0,123000000.0,291000000.0,518000000.0
IncomeLossFromContinuingOperationsBeforeIncomeTaxesForeign / USD,,-4730000.0,,,,-741000.0,,,,727000.0,,,,-121179000.0,,,,-152353000.0,,,,-154729000.0,,,,-195470000.0,,,,-229619000.0,,,,-160247000.0,,,,-225675000.0,,,,-134782000.0,,,,-293000000.0,,,,-201000000.0,,,
IncomeTaxExaminationPenaltiesAndInterestExpense / USD,,,,,,,,,,,,,,,,,,,,,,,,,,,,,,,,,,0.0,,,,0.0,,,,0.0,,,,0.0,,,,0.0,,,
IncomeTaxExpenseBenefit / USD,,,,,,,,,,124000.0,,,,1678000.0,918000.0,-1000000.0,-165000.0,2010000.0,1135000.0,1070000.0,2147000.0,1017000.0,2181000.0,4022000.0,5767000.0,-814000.0,-702000.0,-1915000.0,-4722000.0,6436000.0,30000.0,-1861000.0,-518000.0,-5494000.0,2938000.0,2747000.0,4164000.0,-1773000.0,-842000.0,-4713000.0,-2623000.0,7297000.0,9167000.0,6458000.0,59021000.0,-13000000.0,7000000.0,10000000.0,25000000.0,107000000.0,16000000.0,52000000.0,86000000.0
IncomeTaxesPaidNet / USD,,,,,,,,,,,,,,,,,,,,,,,,,,,,,,,,,,,,4641000.0,7239000.0,,4493000.0,6434000.0,9150000.0,9939000.0,4496000.0,7770000.0,9863000.0,13000000.0,11000000.0,32000000.0,35000000.0,89000000.0,6000000.0,35000000.0,48000000.0
IncreaseDecreaseInAccountsPayableTrade / USD,391000.0,274000.0,-434000.0,326000.0,73000.0,2195000.0,2421000.0,3672000.0,5563000.0,-65000.0,-2430000.0,-2453000.0,1603000.0,3547000.0,2752000.0,4180000.0,461000.0,1120000.0,-1722000.0,-180000.0,2080000.0,6824000.0,-565000.0,10213000.0,2830000.0,6336000.0,7954000.0,13941000.0,1793000.0,-7249000.0,1503000.0,2550000.0,4488000.0,5877000.0,-22382000.0,-13075000.0,-9313000.0,20293000.0,-170000.0,7890000.0,-4117000.0,-3476000.0,6910000.0,2768000.0,20884000.0,9000000.0,-58000000.0,-56000000.0,-62000000.0,86000000.0,10000000.0,12000000.0,-3000000.0
IncreaseDecreaseInAccountsReceivable / USD,17251000.0,14520000.0,471000.0,14014000.0,6632000.0,39025000.0,-7131000.0,-323000.0,19674000.0,12970000.0,7013000.0,8454000.0,27052000.0,25037000.0,-59717000.0,-32147000.0,-17420000.0,96876000.0,-98319000.0,-45982000.0,-25289000.0,115776000.0,-111815000.0,-40393000.0,-59463000.0,91755000.0,-168702000.0,-63944000.0,-54565000.0,114613000.0,-157379000.0,-83942000.0,-86139000.0,160527000.0,-290902000.0,-181586000.0,-127663000.0,176141000.0,-392119000.0,-164608000.0,-171257000.0,159240000.0,-462964000.0,-138123000.0,-200008000.0,208000000.0,-473000000.0,-290000000.0,-328000000.0,319000000.0,-509000000.0,-351000000.0,-238000000.0
IncreaseDecreaseInAccruedLiabilities / USD,,,,,,,,,,,,,,,,,,,,,,,,,,,,,,,,,,54895000.0,-1504000.0,-41341000.0,-46378000.0,220000.0,-10920000.0,-26607000.0,-24109000.0,-18472000.0,-30873000.0,-5808000.0,41253000.0,51000000.0,-223000000.0,-187000000.0,-219000000.0,136000000.0,-193000000.0,-124000000.0,-136000000.0
IncreaseDecreaseInContractWithCustomerLiability / USD,,,,,,,,,,,,,,,,,,,,,,,,1162000.0,7632000.0,323617000.0,-122055000.0,-53887000.0,-34508000.0,315584000.0,-119098000.0,-63637000.0,-68392000.0,344418000.0,-218707000.0,-241257000.0,-239899000.0,355018000.0,-225579000.0,-132974000.0,-158465000.0,327380000.0,-303001000.0,-239723000.0,-302936000.0,529000000.0,-344000000.0,-265000000.0,-375000000.0,452000000.0,-525000000.0,-528000000.0,-638000000.0
IncreaseDecreaseInDeferredCharges / USD,,,,6753000.0,11426000.0,12036000.0,3236000.0,7103000.0,12449000.0,17153000.0,3463000.0,9896000.0,14236000.0,21071000.0,3501000.0,10583000.0,19327000.0,23514000.0,9226000.0,28767000.0,41807000.0,66964000.0,11381000.0,30818000.0,50063000.0,82848000.0,12606000.0,36549000.0,69775000.0,92552000.0,18485000.0,46692000.0,81107000.0,131996000.0,18060000.0,59901000.0,101724000.0,149168000.0,26270000.0,79104000.0,129758000.0,184353000.0,41729000.0,106471000.0,163023000.0,238000000.0,35000000.0,103000000.0,182000000.0,293000000.0,40000000.0,104000000.0,178000000.0
IncreaseDecreaseInPrepaidDeferredExpenseAndOtherAssets / USD,4151000.0,1540000.0,2824000.0,4349000.0,7744000.0,4909000.0,3563000.0,10142000.0,12794000.0,9877000.0,7350000.0,10098000.0,8512000.0,25876000.0,7670000.0,15476000.0,24998000.0,15524000.0,-2388000.0,7682000.0,11368000.0,20121000.0,3050000.0,12018000.0,23373000.0,16794000.0,-8488000.0,-3042000.0,2943000.0,68983000.0,5107000.0,6786000.0,-677000.0,16344000.0,-19977000.0,-10840000.0,-36738000.0,17736000.0,35566000.0,39097000.0,21047000.0,-52117000.0,23997000.0,33882000.0,31447000.0,35000000.0,19000000.0,-7000000.0,-78000000.0,14000000.0,21000000.0,-24000000.0,-57000000.0
InterestExpenseDebt / USD,,,,,,,,,,,,,,,,,,,,,,,,,,,,,,,15793000.0,31751000.0,47873000.0,71270000.0,17473000.0,36800000.0,53141000.0,64162000.0,4145000.0,8316000.0,12453000.0,68705000.0,13986000.0,44109000.0,73702000.0,17000000.0,29000000.0,57000000.0,86000000.0,102000000.0,29000000.0,57000000.0,86000000.0
InterestExpenseDebtExcludingAmortization / USD,,,,,,,,,,,,,,,,,,,,,,,,,,,,,,,1656000.0,3313000.0,4969000.0,7821000.0,2631000.0,7430000.0,11675000.0,6624000.0,3148000.0,6322000.0,9462000.0,15012000.0,11385000.0,39666000.0,67702000.0,13000000.0,28000000.0,55000000.0,83000000.0,95000000.0,28000000.0,55000000.0,83000000.0
InterestExpenseNonoperating / USD,,,,,,,,,,,,,,,,,,,,,,,,,,,,,,,,,,,,,,,,,,,,,,,,57000000.0,86000000.0,102000000.0,29000000.0,57000000.0,86000000.0
InterestPaidNet / USD,,,,,,,,,,,,,,,,,,,,,,,,,64000.0,3156000.0,19000.0,33000.0,34000.0,76000.0,3000.0,472000.0,1431000.0,38000.0,1438000.0,6377000.0,11686000.0,3306000.0,4638000.0,7067000.0,10904000.0,14373000.0,2941000.0,2941000.0,59508000.0,13000000.0,55000000.0,55000000.0,110000000.0,60000000.0,55000000.0,55000000.0,110000000.0
InterestReceivableCurrent / USD,,,,,,,,,,,,,,,,,,,,,,,,,,,,,,,,,,,,,,,,,,,,,,,,35000000.0,35000000.0,,,,
InvestmentIncomeInterest / USD,,88000.0,,127000.0,234000.0,68000.0,351000.0,801000.0,1377000.0,560000.0,695000.0,1364000.0,2101000.0,1992000.0,955000.0,1953000.0,3079000.0,2960000.0,2214000.0,5111000.0,7916000.0,4855000.0,4029000.0,9080000.0,15474000.0,11303000.0,12236000.0,26928000.0,33923000.0,25252000.0,10350000.0,21589000.0,32392000.0,42461000.0,7867000.0,12845000.0,16455000.0,41268000.0,2003000.0,3336000.0,4531000.0,18788000.0,4007000.0,19221000.0,50473000.0,5000000.0,63000000.0,134000000.0,214000000.0,97000000.0,93000000.0,181000000.0,267000000.0
LeaseCost / USD,,,,,,,,,,,,,,,,,,,,,,,,,,,25580000.0,53884000.0,81796000.0,119259000.0,25580000.0,53884000.0,81796000.0,119259000.0,29701000.0,61003000.0,93647000.0,119259000.0,31572000.0,60994000.0,93942000.0,126435000.0,34642000.0,70747000.0,109792000.0,125000000.0,41000000.0,79000000.0,118000000.0,148000000.0,39000000.0,83000000.0,128000000.0
LesseeOperatingLeaseLiabilityPaymentsDue / USD,,,,,,,,,,,,,,,,,,,,,,,,,,,357322000.0,353084000.0,346647000.0,347815000.0,364126000.0,387061000.0,479664000.0,482439000.0,322728000.0,318430000.0,313012000.0,288598000.0,288007000.0,334633000.0,315063000.0,300821000.0,307722000.0,323665000.0,331914000.0,359000000.0,415000000.0,434000000.0,430000000.0,433000000.0,472000000.0,1022000000.0,1035000000.0
LesseeOperatingLeaseLiabilityPaymentsDueAfterYearFive / USD,,,,,,,,,,,,,,,,,,,,,,,,,,,70484000.0,76409000.0,78424000.0,45980000.0,47301000.0,,,95678000.0,,,,32164000.0,,,,27494000.0,,,,39000000.0,,,,59000000.0,,,
LesseeOperatingLeaseLiabilityPaymentsDueNextTwelveMonths / USD,,,,,,,,,,,,,,,,,,,,,,,,,,,56829000.0,34512000.0,15530000.0,75003000.0,59398000.0,86814000.0,94858000.0,100678000.0,79656000.0,83047000.0,86427000.0,85578000.0,78891000.0,93905000.0,93305000.0,97387000.0,83869000.0,92565000.0,100927000.0,100000000.0,91000000.0,102000000.0,108000000.0,115000000.0,104000000.0,125000000.0,137000000.0
LesseeOperatingLeaseLiabilityPaymentsDueYearFive / USD,,,,,,,,,,,,,,,,,,,,,,,,,,,40533000.0,44483000.0,47084000.0,38614000.0,45530000.0,,,46638000.0,,,,10464000.0,,,,19808000.0,,,,32000000.0,,,,30000000.0,,,
LesseeOperatingLeaseLiabilityPaymentsDueYearFour / USD,,,,,,,,,,,,,,,,,,,,,,,,,,,49777000.0,53607000.0,56540000.0,53064000.0,60735000.0,54457000.0,65123000.0,68846000.0,25399000.0,28577000.0,30790000.0,30665000.0,14748000.0,25597000.0,26790000.0,28333000.0,25484000.0,33017000.0,36115000.0,47000000.0,45000000.0,47000000.0,49000000.0,55000000.0,38000000.0,75000000.0,78000000.0
LesseeOperatingLeaseLiabilityPaymentsDueYearThree / USD,,,,,,,,,,,,,,,,,,,,,,,,,,,63106000.0,66814000.0,69673000.0,62216000.0,70573000.0,69058000.0,76189000.0,80107000.0,51368000.0,54591000.0,57244000.0,56920000.0,35127000.0,46483000.0,47332000.0,49103000.0,34482000.0,41822000.0,50292000.0,61000000.0,59000000.0,73000000.0,77000000.0,82000000.0,63000000.0,106000000.0,114000000.0
LesseeOperatingLeaseLiabilityPaymentsDueYearTwo / USD,,,,,,,,,,,,,,,,,,,,,,,,,,,76593000.0,77259000.0,79396000.0,72938000.0,80589000.0,78328000.0,83040000.0,90492000.0,66961000.0,70778000.0,73333000.0,72807000.0,61901000.0,75767000.0,76088000.0,78696000.0,53116000.0,60337000.0,69886000.0,80000000.0,72000000.0,83000000.0,88000000.0,92000000.0,94000000.0,133000000.0,143000000.0
LesseeOperatingLeaseLiabilityPaymentsRemainderOfFiscalYear / USD,,,,,,,,,,,,,,,,,,,,,,,,,,,,,,,,41143000.0,21398000.0,,62837000.0,43521000.0,22610000.0,,64149000.0,49596000.0,26000000.0,,76163000.0,54890000.0,28398000.0,,79000000.0,55000000.0,30000000.0,,91000000.0,65000000.0,36000000.0
LesseeOperatingLeaseLiabilityUndiscountedExcessAmount / USD,,,,,,,,,,,,,,,,,,,,,,,,,,,47178000.0,43667000.0,41952000.0,40243000.0,39180000.0,39656000.0,42212000.0,39388000.0,28054000.0,27162000.0,26591000.0,25639000.0,25197000.0,29615000.0,28748000.0,27679000.0,29699000.0,32717000.0,34746000.0,43000000.0,52000000.0,52000000.0,50000000.0,55000000.0,64000000.0,231000000.0,228000000.0
Liabilities / USD,237293000.0,237293000.0,366797000.0,366797000.0,366797000.0,366797000.0,989048000.0,989048000.0,989048000.0,989048000.0,1232658000.0,1232658000.0,1232658000.0,1224115000.0,1593937000.0,1593937000.0,1593937000.0,1593937000.0,1991674000.0,1991674000.0,1991674000.0,1991674000.0,3367059000.0,3367059000.0,3367059000.0,3367059000.0,3562304000.0,3562304000.0,3562304000.0,3562304000.0,4329814000.0,4329814000.0,4329814000.0,4329814000.0,5440577000.0,5440577000.0,5440577000.0,5440577000.0,5963423000.0,5963423000.0,5963423000.0,5963423000.0,7900670000.0,7900670000.0,7900670000.0,7901000000.0,8370000000.0,8370000000.0,8370000000.0,8370000000.0,8943000000.0,8943000000.0,8943000000.0
LiabilitiesAndStockholdersEquity / USD,232638000.0,232638000.0,959080000.0,959080000.0,959080000.0,959080000.0,2176265000.0,2176265000.0,2176265000.0,2176265000.0,2358633000.0,2358633000.0,2358633000.0,2350090000.0,2730094000.0,2730094000.0,2730094000.0,2730094000.0,3268282000.0,3268282000.0,3268282000.0,3268282000.0,4947424000.0,4947424000.0,4947424000.0,4947424000.0,5520746000.0,5520746000.0,5520746000.0,5520746000.0,6816365000.0,6816365000.0,6816365000.0,6816365000.0,8718411000.0,8718411000.0,8718411000.0,8718411000.0,10498505000.0,10498505000.0,10498505000.0,10498505000.0,13486238000.0,13486238000.0,13486238000.0,13486000000.0,16452000000.0,16452000000.0,16452000000.0,16452000000.0,17977000000.0,17977000000.0,17977000000.0
LiabilitiesCurrent / USD,145238000.0,145238000.0,254774000.0,254774000.0,254774000.0,254774000.0,421890000.0,421890000.0,421890000.0,421890000.0,641265000.0,641265000.0,641265000.0,641265000.0,922679000.0,922679000.0,922679000.0,922679000.0,1285243000.0,1285243000.0,1285243000.0,1285243000.0,2058874000.0,2058874000.0,2058874000.0,2058874000.0,2430691000.0,2430691000.0,2430691000.0,2430691000.0,2969404000.0,2969404000.0,2969404000.0,2969404000.0,4282648000.0,4282648000.0,4282648000.0,4282648000.0,5067855000.0,5067855000.0,5067855000.0,5067855000.0,4628166000.0,4628166000.0,4628166000.0,4628000000.0,5055000000.0,5055000000.0,5055000000.0,5055000000.0,5548000000.0,5548000000.0,5548000000.0
LongTermDebtNoncurrent / USD,,,,,,,,,,,,,,,,,,,,,,,,,,,,,,,1017967000.0,1017967000.0,1017967000.0,1017967000.0,691913000.0,691913000.0,691913000.0,691913000.0,617354000.0,617354000.0,617354000.0,617354000.0,2975934000.0,2975934000.0,2975934000.0,2976000000.0,2980000000.0,2980000000.0,2980000000.0,2980000000.0,2984000000.0,2984000000.0,2984000000.0
MarketableSecuritiesCurrent / USD,,,,,,,,,,,,,,,,,,,,,,,,,,,,,,,,,1213432000.0,1213432000.0,2151472000.0,2151472000.0,2151472000.0,2151472000.0,2109888000.0,2109888000.0,2109888000.0,2109888000.0,4235083000.0,4235083000.0,4235083000.0,4235000000.0,5801000000.0,5801000000.0,5801000000.0,5801000000.0,6474000000.0,6474000000.0,6474000000.0
NetCashProvidedByUsedInFinancingActivities / USD,82723000.0,-326000.0,-1061000.0,3587000.0,688793000.0,96978000.0,,,,685537000.0,,,4355000.0,1133610000.0,2533000.0,21051000.0,22994000.0,19455000.0,3757000.0,29347000.0,34273000.0,44109000.0,2209000.0,34451000.0,1073765000.0,59681000.0,2554000.0,-308824000.0,-306120000.0,1106262000.0,3362000.0,61313000.0,62915000.0,-256711000.0,499331000.0,570111000.0,564205000.0,125124000.0,-11008000.0,55290000.0,47767000.0,625049000.0,2277702000.0,2360789000.0,1211716000.0,110000000.0,-2000000.0,-52000000.0,-201000000.0,1204000000.0,-367000000.0,-715000000.0,-996000000.0
NetCashProvidedByUsedInInvestingActivities / USD,-8060000.0,12167000.0,-39643000.0,-39002000.0,-308617000.0,-56195000.0,,,,-670118000.0,,,-447108000.0,-682633000.0,-122488000.0,-195890000.0,-260878000.0,-404167000.0,-61344000.0,-88123000.0,-187243000.0,-300147000.0,-222889000.0,-21544000.0,-617002000.0,-168885000.0,-284586000.0,627721000.0,-640358000.0,-978980000.0,-67355000.0,-388100000.0,-355541000.0,-842784000.0,-277347000.0,-479985000.0,-942651000.0,-896922000.0,-861716000.0,-1001048000.0,-1167907000.0,-1241624000.0,-1470741000.0,-1957736000.0,-2125799000.0,-1607000000.0,-713000000.0,-1098000000.0,-1270000000.0,-2506000000.0,-258000000.0,-603000000.0,-1054000000.0
NetCashProvidedByUsedInOperatingActivities / USD,-7132000.0,-15335000.0,12708000.0,14632000.0,5274000.0,-13774000.0,,,,11214000.0,,,53728000.0,46263000.0,92199000.0,107387000.0,160146000.0,102003000.0,162817000.0,169339000.0,240895000.0,258637000.0,180022000.0,195148000.0,339179000.0,350626000.0,184233000.0,241849000.0,356145000.0,465727000.0,209163000.0,309482000.0,567484000.0,606658000.0,263683000.0,420893000.0,714695000.0,864598000.0,452428000.0,650901000.0,1035555000.0,1268441000.0,439717000.0,554075000.0,962743000.0,1651000000.0,277000000.0,703000000.0,1153000000.0,1657000000.0,372000000.0,943000000.0,1349000000.0
NetIncomeLoss / USD,-56128000.0,-56215000.0,-20256000.0,-47343000.0,-88814000.0,-79971000.0,,,,-119758000.0,,,,-172509000.0,,,,-247982000.0,,,,-275048000.0,,,,-384699000.0,,,,-321222000.0,,,-352716000.0,-418258000.0,-158368000.0,-186384000.0,-210724000.0,-480674000.0,-46522000.0,59214000.0,102626000.0,-282431000.0,-102173000.0,-166331000.0,-241052000.0,29000000.0,0.0,79000000.0,193000000.0,-367000000.0,107000000.0,239000000.0,432000000.0
NoncurrentAssets / USD,,,,,,,,,,,,,,,,214158000.0,214158000.0,214158000.0,365877000.0,365877000.0,365877000.0,365877000.0,546609000.0,546609000.0,546609000.0,546609000.0,796907000.0,796907000.0,796907000.0,796907000.0,1227081000.0,1227081000.0,1227081000.0,1227081000.0,1386546000.0,1386546000.0,1386546000.0,1386546000.0,1370883000.0,1370883000.0,1370883000.0,1370883000.0,1450532000.0,1450532000.0,1450532000.0,1450000000.0,1523000000.0,1523000000.0,1523000000.0,1523000000.0,1575000000.0,1575000000.0,1575000000.0
NonoperatingIncomeExpense / USD,,76000.0,,,-276000.0,-110000.0,-185000.0,-235000.0,-41000.0,-400000.0,14000.0,157000.0,-849000.0,77000.0,-306000.0,-351000.0,-198000.0,-2170000.0,-21000.0,-1262000.0,34000.0,,,,,-32427000.0,-3848000.0,-2235000.0,24382000.0,-11563000.0,7141000.0,7035000.0,2899000.0,39532000.0,-10973000.0,-22426000.0,-31272000.0,19783000.0,-9051000.0,93934000.0,115491000.0,-26535000.0,-20163000.0,-52952000.0,-48789000.0,132000000.0,27000000.0,73000000.0,114000000.0,-38000000.0,59000000.0,116000000.0,178000000.0
NumberOfOperatingSegments / segment,,,,,,,,,,,,,,,,,,,1.0,1.0,1.0,1.0,1.0,1.0,1.0,1.0,1.0,1.0,1.0,1.0,1.0,1.0,1.0,1.0,1.0,1.0,1.0,1.0,1.0,1.0,1.0,1.0,1.0,1.0,1.0,1.0,1.0,1.0,1.0,1.0,1.0,1.0,1.0
OperatingExpenses / USD,146622000.0,124116000.0,76775000.0,165837000.0,279323000.0,212871000.0,124269000.0,264107000.0,432378000.0,391520000.0,211820000.0,460369000.0,726905000.0,622220000.0,304361000.0,654697000.0,1030137000.0,1003562000.0,419207000.0,879549000.0,1399003000.0,1406479000.0,540061000.0,1147010000.0,1782458000.0,1927526000.0,,,,2446273000.0,948441000.0,1958690000.0,3007040000.0,3285464000.0,1162842000.0,2241563000.0,3361600000.0,4129436000.0,1213346000.0,2474827000.0,3778145000.0,4566595000.0,1507500000.0,3077376000.0,4702800000.0,5255000000.0,1704000000.0,3455000000.0,5233000000.0,6438000000.0,1926000000.0,3900000000.0,5895000000.0
OperatingIncomeLoss / USD,-55353000.0,-56061000.0,-19957000.0,-46317000.0,-87185000.0,-78444000.0,-32624000.0,-64907000.0,-105306000.0,-117863000.0,-52083000.0,-113852000.0,-165318000.0,-153282000.0,-53404000.0,-121044000.0,-191218000.0,-215702000.0,-71530000.0,-158215000.0,-264147000.0,-249789000.0,-60200000.0,-141829000.0,-221888000.0,-353086000.0,-71264000.0,-160246000.0,-343001000.0,-303223000.0,-123386000.0,-245883000.0,-356133000.0,-463284000.0,-144457000.0,-161211000.0,-175288000.0,-502230000.0,-38313000.0,-39433000.0,-15488000.0,-248599000.0,-72843000.0,-106921000.0,-133242000.0,-116000000.0,-20000000.0,16000000.0,104000000.0,-222000000.0,64000000.0,175000000.0,340000000.0
OperatingLeaseCost / USD,,,,,,,,,,,,,,,,,,,,,,,,,,,18514000.0,37475000.0,57210000.0,85154000.0,18514000.0,37475000.0,57210000.0,85154000.0,20899000.0,43235000.0,67873000.0,85154000.0,24273000.0,47016000.0,70004000.0,94183000.0,23644000.0,48417000.0,73821000.0,93000000.0,29000000.0,55000000.0,82000000.0,99000000.0,29000000.0,58000000.0,88000000.0
OperatingLeaseLiability / USD,,,,,,,,,,,,,,,,,,,,,,,,,,,310144000.0,309417000.0,304695000.0,307572000.0,308000000.0,308000000.0,308000000.0,308000000.0,443000000.0,443000000.0,443000000.0,443000000.0,263000000.0,263000000.0,263000000.0,263000000.0,273000000.0,273000000.0,273000000.0,273000000.0,316000000.0,316000000.0,316000000.0,316000000.0,378000000.0,378000000.0,378000000.0
OperatingLeaseLiabilityCurrent / USD,,,,,,,,,,,,,,,,,,,,,,,,,,,64107000.0,65554000.0,67315000.0,66147000.0,66147000.0,66147000.0,66147000.0,66147000.0,93000000.0,93000000.0,93000000.0,93000000.0,80503000.0,80503000.0,80503000.0,80503000.0,91343000.0,91343000.0,91343000.0,91000000.0,89000000.0,89000000.0,89000000.0,89000000.0,99000000.0,99000000.0,99000000.0
OperatingLeaseLiabilityNoncurrent / USD,,,,,,,,,,,,,,,,,,,,,,,,,,,246037000.0,243863000.0,237380000.0,241425000.0,241425000.0,241425000.0,241425000.0,241425000.0,350051000.0,350051000.0,350051000.0,350051000.0,182456000.0,182456000.0,182456000.0,182456000.0,181799000.0,181799000.0,181799000.0,182000000.0,227000000.0,227000000.0,227000000.0,227000000.0,279000000.0,279000000.0,279000000.0
OperatingLeasePayments / USD,,,,,,,,,,,,,,,,,,,,,,,,,,,16184000.0,35508000.0,54597000.0,75029000.0,16184000.0,35508000.0,54597000.0,75029000.0,21012000.0,42165000.0,64930000.0,75029000.0,26622000.0,46573000.0,68375000.0,87450000.0,25658000.0,45196000.0,68386000.0,91000000.0,28000000.0,54000000.0,79000000.0,94000000.0,23000000.0,51000000.0,80000000.0
OperatingLeaseRightOfUseAsset / USD,,,,,,,,,,,,,,,,,,,,,,,,,,,280145000.0,294824000.0,288502000.0,290902000.0,290902000.0,290902000.0,290902000.0,290902000.0,414143000.0,414143000.0,414143000.0,414143000.0,247808000.0,247808000.0,247808000.0,247808000.0,249278000.0,249278000.0,249278000.0,249000000.0,289000000.0,289000000.0,289000000.0,289000000.0,336000000.0,336000000.0,336000000.0
OperatingLeaseWeightedAverageDiscountRatePercent / pure,,,,,,,,,,,,,,,,,,,,,,,,,,,0.0353,0.0353,0.0352,0.0336,0.0336,0.0336,0.0336,0.0336,0.0173,0.0173,0.0173,0.0173,0.0235,0.0235,0.0235,0.0235,0.0279,0.0279,0.0279,0.0279,0.0395,0.0395,0.0395,0.0395,0.042,0.042,0.042
OtherAssetsMiscellaneousNoncurrent / USD,,,,,,,,,,,,18400000.0,18400000.0,19052000.0,16195000.0,16195000.0,16195000.0,16195000.0,22066000.0,22066000.0,22066000.0,19968000.0,39762000.0,39762000.0,39762000.0,39762000.0,50576000.0,50576000.0,40541000.0,40541000.0,999000.0,999000.0,999000.0,999000.0,1701000.0,1701000.0,1701000.0,1701000.0,813000.0,813000.0,813000.0,813000.0,13274000.0,13274000.0,13274000.0,13000000.0,6000000.0,6000000.0,6000000.0,6000000.0,24000000.0,24000000.0,24000000.0
OtherAssetsNoncurrent / USD,1871000.0,1871000.0,3130000.0,3130000.0,3130000.0,3130000.0,45658000.0,45658000.0,45658000.0,45658000.0,53681000.0,53681000.0,53681000.0,45790000.0,57738000.0,57738000.0,57738000.0,57738000.0,53570000.0,53570000.0,53570000.0,53570000.0,109718000.0,109718000.0,109718000.0,109718000.0,147360000.0,147360000.0,147360000.0,147360000.0,144605000.0,144605000.0,144605000.0,144605000.0,189757000.0,189757000.0,189757000.0,189757000.0,341252000.0,341252000.0,341252000.0,341252000.0,360985000.0,360985000.0,360985000.0,348000000.0,337000000.0,337000000.0,337000000.0,337000000.0,418000000.0,418000000.0,418000000.0
OtherComprehensiveIncomeForeignCurrencyTransactionAndTranslationAdjustmentNetOfTaxPortionAttributableToParent / USD,,,,,,,,,,,,,,,,,,,,,,,,,,,,,,,,,-420000.0,-1635000.0,-1247000.0,437000.0,435000.0,-575000.0,218000.0,-1001000.0,-1362000.0,2926000.0,-1922000.0,-2907000.0,-6005000.0,-3000000.0,-1000000.0,1000000.0,-3000000.0,-2000000.0,-2000000.0,-3000000.0,-2000000.0
OtherComprehensiveIncomeLossCashFlowHedgeGainLossAfterReclassificationAndTax / USD,,,,,,,,,,,,,,,,,,,,,,,,-24605000.0,-17912000.0,,13865000.0,32268000.0,23062000.0,22484000.0,13865000.0,32268000.0,23062000.0,22484000.0,32307000.0,-25529000.0,-22485000.0,22484000.0,-4771000.0,12927000.0,38316000.0,-79951000.0,46246000.0,68440000.0,125923000.0,72000000.0,-16000000.0,-49000000.0,-1000000.0,58000000.0,23000000.0,-1000000.0,-10000000.0
OtherComprehensiveIncomeLossCashFlowHedgeGainLossAfterReclassificationTax / USD,,,,,,,,,,,,,,,,,,,,,,,,,,,1981000.0,4610000.0,3295000.0,3216000.0,1981000.0,4610000.0,3295000.0,3216000.0,,,,3216000.0,,,,,0.0,0.0,0.0,0.0,2000000.0,2000000.0,4000000.0,0.0,1000000.0,0.0,0.0
OtherComprehensiveIncomeLossCashFlowHedgeGainLossBeforeReclassificationAndTax / USD,,,,,,,,,,,,,,,,,,,,,,,,,,,,,,,,,29183000.0,31842000.0,36793000.0,-15765000.0,-7153000.0,31842000.0,-4253000.0,11778000.0,33320000.0,-61171000.0,44260000.0,61994000.0,110052000.0,63000000.0,1000000.0,-13000000.0,54000000.0,40000000.0,30000000.0,11000000.0,11000000.0
OtherComprehensiveIncomeLossCashFlowHedgeGainLossReclassificationTax / USD,,,,,,,,,,,,,,,,,,,,,,,,0.0,0.0,,,,,,,,,,,,,,,,0.0,0.0,,,-3220000.0,0.0,,,,-6000000.0,,,
OtherComprehensiveIncomeLossNetOfTaxPortionAttributableToParent / USD,,,,,,,,,,,,,,,,,,,,,,,,,,,,,,,,,25428000.0,45604000.0,34034000.0,-22846000.0,-22382000.0,24301000.0,-5451000.0,10820000.0,34343000.0,-78462000.0,35400000.0,55252000.0,96405000.0,63000000.0,-10000000.0,-60000000.0,-20000000.0,45000000.0,-4000000.0,-2000000.0,-5000000.0
OtherComprehensiveIncomeUnrealizedHoldingGainLossOnSecuritiesArisingDuringPeriodNetOfTax / USD,27000.0,6000.0,9000.0,26000.0,27000.0,-11000.0,83000.0,129000.0,170000.0,69000.0,173000.0,-330000.0,-28000.0,273000.0,-145000.0,-337000.0,-574000.0,116000.0,552000.0,934000.0,542000.0,-842000.0,-775000.0,-629000.0,-931000.0,-388000.0,-533000.0,906000.0,1281000.0,-2687000.0,703000.0,1592000.0,,2534000.0,2974000.0,2246000.0,-332000.0,2392000.0,-898000.0,-1106000.0,-2611000.0,-1437000.0,-8924000.0,-10281000.0,-23513000.0,-6000000.0,7000000.0,-12000000.0,-16000000.0,-11000000.0,-25000000.0,2000000.0,7000000.0
OtherComprehensiveIncomeUnrealizedHoldingGainLossOnSecuritiesArisingDuringPeriodTax / USD,,,,,,,,,,,,,,,,,,,,,,,,,,0.0,,,,,,,,,,,,,,,,,,,,0.0,0.0,0.0,0.0,0.0,-9000000.0,1000000.0,2000000.0
OtherDepreciationAndAmortization / USD,,,,,,,,,,,,,,,,,,,,,,,,,,,,,,135723000.0,61165000.0,128919000.0,201152000.0,198111000.0,71514000.0,144692000.0,218556000.0,276278000.0,82463000.0,167846000.0,254973000.0,293657000.0,89846000.0,182541000.0,274395000.0,344000000.0,70000000.0,142000000.0,210000000.0,364000000.0,75000000.0,154000000.0,235000000.0
OtherLiabilitiesNoncurrent / USD,10051000.0,10051000.0,13131000.0,13131000.0,13131000.0,13131000.0,14274000.0,14274000.0,14274000.0,14274000.0,15299000.0,15299000.0,15299000.0,15299000.0,32794000.0,32794000.0,32794000.0,32794000.0,36677000.0,36677000.0,36677000.0,36677000.0,47434000.0,47434000.0,47434000.0,47434000.0,47697000.0,47697000.0,47697000.0,47697000.0,14993000.0,14993000.0,14993000.0,14993000.0,35854000.0,35854000.0,35854000.0,35854000.0,24225000.0,24225000.0,24225000.0,24225000.0,40231000.0,40231000.0,40231000.0,40000000.0,38000000.0,38000000.0,38000000.0,38000000.0,52000000.0,52000000.0,52000000.0
OtherLongTermInvestments / USD,,,,,,,,,,,,,,,,,,,,,,,,,,,,,,,,,75004000.0,75004000.0,85868000.0,85868000.0,85868000.0,85868000.0,256759000.0,256759000.0,256759000.0,256759000.0,263485000.0,263485000.0,263485000.0,263000000.0,248000000.0,248000000.0,248000000.0,248000000.0,247000000.0,247000000.0,247000000.0
OtherNoncashIncomeExpense / USD,-45000.0,-636000.0,-15000.0,-30000.0,-41000.0,-60000.0,26000.0,-170000.0,-256000.0,-56000.0,-604000.0,-846000.0,-2654000.0,-678000.0,-737000.0,1382000.0,1334000.0,-2924000.0,318000.0,-1600000.0,-1678000.0,-1047000.0,-4258000.0,-6185000.0,-5052000.0,-23013000.0,9289000.0,14183000.0,45173000.0,8379000.0,6846000.0,11697000.0,8953000.0,53195000.0,-4370000.0,-16301000.0,-7684000.0,31047000.0,1624000.0,8633000.0,4225000.0,-4247000.0,-709000.0,-12122000.0,-31170000.0,-9000000.0,5000000.0,12000000.0,28000000.0,-57000000.0,-1000000.0,-11000000.0,-4000000.0
OtherNonoperatingIncomeExpense / USD,-574000.0,-57000.0,-35000.0,-672000.0,-1036000.0,-1018000.0,-256000.0,-3735000.0,-10628000.0,-1203000.0,-6999000.0,-13952000.0,-21999000.0,-17549000.0,-7236000.0,-11015000.0,-17737000.0,-30270000.0,-5838000.0,-27031000.0,-30136000.0,-24242000.0,-1663000.0,-725000.0,-4467000.0,-13627000.0,2218000.0,6654000.0,38624000.0,7734000.0,8392000.0,11520000.0,12786000.0,57280000.0,-1301000.0,1570000.0,5484000.0,37200000.0,-6877000.0,98965000.0,123487000.0,23483000.0,-10152000.0,-27995000.0,-25458000.0,144000000.0,-7000000.0,-4000000.0,-14000000.0,-33000000.0,-5000000.0,-8000000.0,-3000000.0
PaymentsForRepurchaseOfCommonStock / USD,,,,,,,,,,,,,,,,,,,,,,,,,,,,,,,,,,,,,,,,,,0.0,,0.0,0.0,0.0,0.0,139000000.0,283000000.0,75000000.0,128000000.0,440000000.0,597000000.0
PaymentsOfDebtIssuanceCosts / USD,,,,,,,,,,,,,,,,,,,,,,,,,,,,,,,,,,,,,,,0.0,0.0,0.0,0.0,7220000.0,7220000.0,7220000.0,0.0,,,,7000000.0,,,
PaymentsRelatedToTaxWithholdingForShareBasedCompensation / USD,,,,,,,5007000.0,0.0,637000.0,0.0,5007000.0,8291000.0,8291000.0,3806000.0,,,,8291000.0,,,,,,,,,,,,,,,,,1357000.0,,,,1357000.0,,,,,,,,3000000.0,8000000.0,13000000.0,0.0,239000000.0,381000000.0,505000000.0
PaymentsToAcquireBusinessesNetOfCashAcquired / USD,,,,,,,26317000.0,0.0,0.0,0.0,26317000.0,26317000.0,26317000.0,0.0,,7961000.0,31436000.0,26317000.0,,3670000.0,147879000.0,31436000.0,,0.0,0.0,147879000.0,,26737000.0,1474337000.0,5744000.0,,12885000.0,12885000.0,1474337000.0,0.0,0.0,0.0,473603000.0,679220000.0,679220000.0,739865000.0,0.0,,,0.0,1190000000.0,0.0,0.0,9000000.0,0.0,512000000.0,522000000.0,824000000.0
PaymentsToAcquireIntangibleAssets / USD,,,,,,15000000.0,,,,0.0,,,,15000000.0,,,,,,,,0.0,,0.0,0.0,0.0,,1000000.0,1000000.0,11000000.0,,,,10450000.0,,,,850000.0,,,0.0,2950000.0,0.0,0.0,700000.0,8000000.0,9000000.0,9000000.0,10000000.0,1000000.0,,,3000000.0
PaymentsToAcquireMarketableSecurities / USD,11924000.0,20862000.0,53867000.0,85940000.0,374599000.0,63282000.0,287841000.0,729701000.0,1229488000.0,765797000.0,670406000.0,1036185000.0,1490404000.0,1587240000.0,385575000.0,862045000.0,1485422000.0,1737840000.0,633956000.0,1191136000.0,1571756000.0,2125841000.0,613251000.0,898448000.0,1829231000.0,1917238000.0,908126000.0,1434342000.0,1523636000.0,2515997000.0,471054000.0,1053902000.0,1429046000.0,1989868000.0,553985000.0,1156531000.0,1963244000.0,1797468000.0,765395000.0,1594765000.0,2317040000.0,2731885000.0,2010619000.0,3340090000.0,5651005000.0,2859000000.0,1888000000.0,3473000000.0,4746000000.0,7183000000.0,778000000.0,2143000000.0,3134000000.0
PaymentsToAcquireOtherInvestments / USD,,,,,,1000000.0,,,,0.0,,,,2000000.0,0.0,15750000.0,16450000.0,10000000.0,100000.0,300000.0,300000.0,16550000.0,450000.0,5450000.0,10722000.0,300000.0,2400000.0,3400000.0,32775000.0,16199000.0,2200000.0,7716000.0,17293000.0,43016000.0,52250000.0,58600000.0,63218000.0,25393000.0,45767000.0,57806000.0,84526000.0,67482000.0,15023000.0,16923000.0,20173000.0,123000000.0,11000000.0,11000000.0,11000000.0,23000000.0,0.0,7000000.0,10000000.0
PaymentsToAcquirePropertyPlantAndEquipment / USD,,,,,,,,,,,,,,,,,,,,,,,,,,,,,,,,,,,,,,,,,,,,,,,59000000.0,124000000.0,183000000.0,364000000.0,81000000.0,136000000.0,183000000.0
PreferredStockParOrStatedValuePerShare / USD/shares,0.001,,,,,0.001,,,,0.001,,,,0.001,,,,0.001,,,,0.001,,,,0.001,,,,0.001,,,,0.001,,,,0.001,,,,0.001,,,,0.001,,,,0.001,,,
PreferredStockSharesAuthorized / shares,10000000.0,,,,,10000000.0,,,,10000000.0,,,,10000000.0,,,,10000000.0,,,,10000000.0,,,,10000000.0,,,,10000000.0,,,,10000000.0,,,,10000000.0,,,,10000000.0,,,,10000000.0,,,,10000000.0,,,
PreferredStockSharesIssued / shares,0.0,,,,,0.0,,,,0.0,,,,0.0,,,,0.0,,,,0.0,,,,0.0,,,,0.0,,,,0.0,,,,0.0,,,,0.0,,,,0.0,,,,0.0,,,
PreferredStockSharesOutstanding / shares,0.0,,,,,0.0,,,,0.0,,,,0.0,,,,0.0,,,,0.0,,,,0.0,,,,0.0,,,,0.0,,,,0.0,,,,0.0,,,,0.0,,,,0.0,,,
PreferredStockValueOutstanding / USD,,,,,,,,,,0.0,,,,0.0,,,,0.0,,,,0.0,,,,0.0,,,,0.0,,,,0.0,,,,0.0,,,,0.0,,,,0.0,,,,0.0,,,
PrepaidExpenseAndOtherAssetsCurrent / USD,8092000.0,8092000.0,16710000.0,16710000.0,16710000.0,16710000.0,28449000.0,28449000.0,28449000.0,28449000.0,42502000.0,42502000.0,42502000.0,41850000.0,77625000.0,77625000.0,77625000.0,77625000.0,66590000.0,66590000.0,66590000.0,66590000.0,97860000.0,97860000.0,97860000.0,97860000.0,136689000.0,136689000.0,136689000.0,136689000.0,172012000.0,172012000.0,172012000.0,172012000.0,111160000.0,111160000.0,111160000.0,111160000.0,174402000.0,174402000.0,174402000.0,174402000.0,225690000.0,225690000.0,225690000.0,226000000.0,255000000.0,255000000.0,255000000.0,255000000.0,311000000.0,311000000.0,311000000.0
PrepaidExpenseNoncurrent / USD,,,,,,1500000.0,,,,2000000.0,2000000.0,2000000.0,2000000.0,2000000.0,2000000.0,2000000.0,2000000.0,2000000.0,2000000.0,2000000.0,2000000.0,2000000.0,2000000.0,2000000.0,2000000.0,2000000.0,16976000.0,16976000.0,16976000.0,16976000.0,27928000.0,27928000.0,27928000.0,27928000.0,19824000.0,19824000.0,19824000.0,19824000.0,25927000.0,25927000.0,25927000.0,25927000.0,23466000.0,23466000.0,23466000.0,23000000.0,14000000.0,14000000.0,14000000.0,14000000.0,16000000.0,16000000.0,16000000.0
ProceedsFromIssuanceOfLongTermDebt / USD,,,,,,,,,,,,,,,,,,,,,,,,,,,,,,,0.0,0.0,,,,,,,0.0,0.0,0.0,,2978077000.0,2978077000.0,2978077000.0,0.0,,,,2978000000.0,,,
ProceedsFromIssuanceOfSharesUnderIncentiveAndShareBasedCompensationPlansIncludingStockOptions / USD,,,,212000.0,490000.0,6265000.0,4565000.0,6675000.0,9312000.0,10370000.0,2996000.0,18165000.0,20780000.0,23692000.0,3564000.0,22736000.0,25096000.0,36239000.0,3381000.0,28776000.0,33267000.0,45656000.0,,,36501000.0,58079000.0,2611000.0,41297000.0,44064000.0,69056000.0,3455000.0,61540000.0,63320000.0,93567000.0,3577000.0,74517000.0,78167000.0,125673000.0,990000.0,74487000.0,76381000.0,148673000.0,,,,,1000000.0,95000000.0,95000000.0,152000000.0,,106000000.0,106000000.0
ProceedsFromSaleAndMaturityOfOtherInvestments / USD,,,,,,,,,,,,,,,,,,,,,,,,,,,,,17771000.0,,0.0,0.0,252000.0,,4638000.0,6199000.0,6223000.0,,25000.0,3295000.0,5169000.0,,7066000.0,7161000.0,11674000.0,5000000.0,,0.0,0.0,12000000.0,,5000000.0,5000000.0
ProceedsFromSaleOfAvailableForSaleSecuritiesDebt / USD,,,,,,,,,,,,,,,,,,,,,,,,189937000.0,222823000.0,133292000.0,27000000.0,942000000.0,946000000.0,244000000.0,0.0,5000000.0,5000000.0,950000000.0,5000000.0,5000000.0,5000000.0,6000000.0,10000000.0,10000000.0,10000000.0,11000000.0,0.0,28000000.0,48000000.0,162000000.0,12000000.0,18000000.0,42000000.0,98000000.0,17000000.0,,
ProceedsFromSaleOfEquitySecuritiesFvNi / USD,,,,,,,,,,,,,,,,,,,,,,,,,,,,,,,,,,,,0.0,0.0,51000000.0,2000000.0,17000000.0,17000000.0,0.0,5000000.0,5000000.0,5000000.0,37000000.0,10000000.0,30000000.0,52000000.0,6000000.0,,,
PropertyPlantAndEquipmentGross / USD,44728000.0,44728000.0,79340000.0,79340000.0,79340000.0,79340000.0,138446000.0,138446000.0,138446000.0,138446000.0,234259000.0,234259000.0,234259000.0,234259000.0,364561000.0,364561000.0,364561000.0,364561000.0,596638000.0,596638000.0,596638000.0,596638000.0,855587000.0,855587000.0,855587000.0,855587000.0,1197144000.0,1197144000.0,1197144000.0,1197144000.0,1492832000.0,1492832000.0,1492832000.0,1492832000.0,1721586000.0,1721586000.0,1721586000.0,1721586000.0,2081350000.0,2081350000.0,2081350000.0,2081350000.0,2380506000.0,2380506000.0,2380506000.0,2380000000.0,2506000000.0,2506000000.0,2506000000.0,2506000000.0,2563000000.0,2563000000.0,2563000000.0
PropertyPlantAndEquipmentNet / USD,25861000.0,25861000.0,44585000.0,44585000.0,44585000.0,44585000.0,77664000.0,77664000.0,77664000.0,77664000.0,140136000.0,140136000.0,140136000.0,140136000.0,214158000.0,214158000.0,214158000.0,214158000.0,365877000.0,365877000.0,365877000.0,365877000.0,546609000.0,546609000.0,546609000.0,546609000.0,796907000.0,796907000.0,796907000.0,796907000.0,936179000.0,936179000.0,936179000.0,936179000.0,972403000.0,972403000.0,972403000.0,972403000.0,1123075000.0,1123075000.0,1123075000.0,1123075000.0,1201254000.0,1201254000.0,1201254000.0,1201000000.0,1234000000.0,1234000000.0,1234000000.0,1234000000.0,1239000000.0,1239000000.0,1239000000.0
RepaymentsOfDebt / USD,,,,,,,,,,,,,,,,,,,,,,,,,,,,,,,,,,,,,,,9426000.0,18821000.0,28205000.0,,693953000.0,693983000.0,1843605000.0,38000000.0,,,,1844000000.0,,,
ResearchAndDevelopmentExpense / USD,43727000.0,39175000.0,20786000.0,44338000.0,72413000.0,62014000.0,36282000.0,77450000.0,126799000.0,102665000.0,65171000.0,142635000.0,227905000.0,182116000.0,99335000.0,214680000.0,338700000.0,316868000.0,141778000.0,303664000.0,488975000.0,469944000.0,196439000.0,417542000.0,657130000.0,680531000.0,263584000.0,556424000.0,874427000.0,910584000.0,347831000.0,725953000.0,1127695000.0,1211832000.0,443484000.0,862165000.0,1282127000.0,1549906000.0,441616000.0,885867000.0,1341482000.0,1721222000.0,541509000.0,1089344000.0,1655071000.0,1879000000.0,600000000.0,1210000000.0,1829000000.0,2247000000.0,656000000.0,1305000000.0,1952000000.0
RestrictedCash / USD,,,,,,,,,,,,,,,,,,,,,,,2173000.0,1933000.0,,,,,,,,,,,,,,,,5859000.0,5992000.0,,10402000.0,10503000.0,11700000.0,7000000.0,12000000.0,12000000.0,12000000.0,9000000.0,19000000.0,14000000.0,12000000.0
RestructuringCharges / USD,,,,,,,,,,,,,,,,,,,,,,,,,,,,,,,,,,,,,,,,,,,,,,,,,,40000000.0,8000000.0,8000000.0,9000000.0
RetainedEarningsAccumulatedDeficit / USD,-282122000.0,-282122000.0,-401880000.0,-401880000.0,-401880000.0,-401880000.0,-574389000.0,-574389000.0,-574389000.0,-574389000.0,-822371000.0,-822371000.0,-822371000.0,-822371000.0,-1112289000.0,-1112289000.0,-1112289000.0,-1112289000.0,-1406865000.0,-1406865000.0,-1406865000.0,-1406865000.0,-1727856000.0,-1727856000.0,-1727856000.0,-1727856000.0,-2146304000.0,-2146304000.0,-2146304000.0,-2146304000.0,-2627359000.0,-2627359000.0,-2627359000.0,-2627359000.0,-2909990000.0,-2909990000.0,-2909990000.0,-2909990000.0,-2744585000.0,-2744585000.0,-2744585000.0,-2744585000.0,-3111334000.0,-3111334000.0,-3111334000.0,-3112000000.0,-1731000000.0,-1731000000.0,-1731000000.0,-1731000000.0,-1205000000.0,-1205000000.0,-1205000000.0
RevenueFromContractWithCustomerExcludingAssessedTax / USD,,,,,,,,,,,,,,,,,,,,,,,479861000.0,1005181000.0,1560570000.0,1574440000.0,618643000.0,1290363000.0,2033552000.0,2143050000.0,825055000.0,1712807000.0,2650907000.0,2822180000.0,1018385000.0,2080352000.0,3186312000.0,3627206000.0,1175033000.0,2435394000.0,3762657000.0,4317996000.0,1434657000.0,2970455000.0,4569558000.0,5139000000.0,1684000000.0,3471000000.0,5337000000.0,6216000000.0,1990000000.0,4075000000.0,6235000000.0
RightOfUseAssetObtainedInExchangeForOperatingLeaseLiability / USD,,,,,,,,,,,,,,,,,,,,,,,,,,,295950000.0,327021000.0,337654000.0,365305000.0,295950000.0,327021000.0,337654000.0,365305000.0,38287000.0,70503000.0,183722000.0,365305000.0,21501000.0,38689000.0,54335000.0,205103000.0,28581000.0,86480000.0,93091000.0,55000000.0,32000000.0,64000000.0,94000000.0,96000000.0,61000000.0,101000000.0,123000000.0
SellingAndMarketingExpense / USD,47774000.0,36524000.0,24838000.0,54467000.0,87051000.0,70356000.0,38364000.0,82514000.0,136565000.0,123440000.0,68167000.0,146690000.0,227371000.0,197373000.0,94895000.0,201325000.0,312983000.0,315840000.0,127619000.0,262518000.0,412055000.0,413530000.0,155709000.0,327661000.0,503782000.0,565328000.0,192771000.0,395235000.0,641391000.0,683367000.0,272936000.0,553136000.0,839930000.0,891345000.0,318557000.0,595054000.0,897924000.0,1146548000.0,326494000.0,684651000.0,1050974000.0,1233173000.0,429301000.0,888002000.0,1358198000.0,1462000000.0,519000000.0,1043000000.0,1581000000.0,1842000000.0,573000000.0,1184000000.0,1804000000.0
ShareBasedCompensation / USD,2755000.0,1702000.0,1445000.0,3728000.0,9880000.0,4182000.0,7416000.0,17199000.0,36882000.0,15328000.0,28874000.0,69656000.0,116664000.0,61851000.0,47274000.0,112038000.0,180697000.0,156048000.0,78235000.0,166457000.0,266555000.0,249970000.0,107788000.0,229311000.0,351790000.0,372272000.0,132659000.0,279722000.0,467693000.0,478425000.0,185235000.0,394147000.0,625149000.0,652465000.0,236672000.0,487908000.0,747740000.0,859571000.0,264635000.0,529354000.0,808349000.0,1004854000.0,311506000.0,619513000.0,933709000.0,1101000000.0,369000000.0,722000000.0,1071000000.0,1295000000.0,385000000.0,755000000.0,1122000000.0
ShareBasedCompensationArrangementByShareBasedPaymentAwardOptionsExercisableNumber / shares,,18916803.0,15300000.0,15000000.0,14600000.0,13978141.0,13612594.0,13477441.0,13378551.0,13054231.0,12536912.0,12253357.0,12054196.0,11532044.0,10870285.0,10095731.0,9281018.0,8875999.0,8364499.0,7485406.0,7068894.0,6594986.0,6078882.0,5831529.0,5643205.0,4985686.0,4366227.0,3947066.0,3537621.0,3042269.0,2316950.0,2030205.0,1521062.0,1148056.0,929000.0,768000.0,545000.0,366000.0,260000.0,195000.0,130000.0,115000.0,106000.0,101000.0,98000.0,88000.0,100000.0,100000.0,100000.0,100000.0,,,
ShareBasedCompensationArrangementByShareBasedPaymentAwardOptionsExercisableWeightedAverageExercisePrice / USD/shares,,1.62,,,,2.56,2.7,2.85,2.95,3.12,3.24,3.36,3.49,3.65,3.8,3.93,4.02,4.21,4.32,4.25,4.26,4.23,4.16,4.19,4.58,4.74,5.22,5.67,6.35,7.13,8.59,8.91,10.33,11.64,12.46,14.25,17.23,19.21,23.56,26.74,32.16,30.34,29.22,29.53,29.58,29.2,29.18,29.28,29.43,28.97,,,
ShareBasedCompensationArrangementByShareBasedPaymentAwardOptionsExercisesInPeriodTotalIntrinsicValue / USD,,500000.0,,,,19600000.0,,,,70000000.0,,,,,,,,,,,,,,,,,,,,,,,,261000000.0,,,,407000000.0,,,,396000000.0,,,,209000000.0,,,,41000000.0,,,
ShareBasedCompensationArrangementByShareBasedPaymentAwardOptionsOutstandingIntrinsicValue / USD,98241000.0,98241048.0,1499463289.0,1499463289.0,1499463289.0,1499000000.0,1773000000.0,1773000000.0,1773000000.0,1773000000.0,1256000000.0,1256000000.0,1256000000.0,1256000000.0,756000000.0,756000000.0,756000000.0,756000000.0,716000000.0,716000000.0,716000000.0,716000000.0,763000000.0,763000000.0,763000000.0,763000000.0,1003000000.0,1003000000.0,1003000000.0,1003000000.0,601000000.0,601000000.0,601000000.0,601000000.0,270000000.0,270000000.0,270000000.0,270000000.0,90000000.0,90000000.0,90000000.0,90000000.0,17000000.0,17000000.0,17000000.0,17000000.0,18000000.0,16000000.0,16000000.0,17000000.0,,,
ShareBasedCompensationArrangementByShareBasedPaymentAwardOptionsOutstandingNumber / shares,29211475.0,29211475.0,29856042.0,29856042.0,29856042.0,29856042.0,20706207.0,20706207.0,20706207.0,20706207.0,16663557.0,16663557.0,16663557.0,16663557.0,12862976.0,12862976.0,12862976.0,12862976.0,9096592.0,9096592.0,9096592.0,9096592.0,6595486.0,6595486.0,6595486.0,6595486.0,5780742.0,5780742.0,5780742.0,5780742.0,3435577.0,3435577.0,3435577.0,3435577.0,1260000.0,1260000.0,1260000.0,1260000.0,387000.0,387000.0,387000.0,387000.0,115000.0,115000.0,115000.0,115000.0,100000.0,100000.0,100000.0,100000.0,,,
ShareBasedCompensationArrangementByShareBasedPaymentAwardOptionsOutstandingWeightedAverageExercisePrice / USD/shares,1.55,1.55,3.19,3.19,3.19,3.19,3.93,3.93,3.93,3.93,4.06,4.06,4.06,4.06,4.21,4.21,4.21,4.21,4.34,4.34,4.34,4.34,4.23,4.23,4.23,4.23,7.96,7.96,7.96,7.96,9.78,9.78,9.78,9.78,13.55,13.55,13.55,13.55,20.09,20.09,20.09,20.09,30.36,30.36,30.36,30.36,29.18,29.28,29.43,28.97,,,
SharebasedCompensationArrangementBySharebasedPaymentAwardOptionsExercisableIntrinsicValue1 / USD,,979923721.0,,,,1216000000.0,958000000.0,1092000000.0,1238000000.0,997000000.0,1103000000.0,992000000.0,910000000.0,685000000.0,689000000.0,736000000.0,767000000.0,700000000.0,695000000.0,732000000.0,754000000.0,763000000.0,734000000.0,699000000.0,725000000.0,881000000.0,875000000.0,767000000.0,551000000.0,540000000.0,337000000.0,349000000.0,304000000.0,248000000.0,218000000.0,169000000.0,149000000.0,86000000.0,48000000.0,25000000.0,16000000.0,17000000.0,17000000.0,21000000.0,18000000.0,23000000.0,18000000.0,16000000.0,16000000.0,17000000.0,,,
ShortTermLeaseCost / USD,,,,,,,,,,,,,,,,,,,,,,,,,,,3640000.0,7845000.0,11980000.0,16260000.0,3640000.0,7845000.0,11980000.0,16260000.0,4352000.0,8432000.0,11875000.0,16260000.0,2178000.0,4215000.0,5419000.0,14544000.0,1225000.0,2147000.0,3001000.0,6000000.0,1000000.0,2000000.0,2000000.0,4000000.0,0.0,1000000.0,1000000.0
StockIssuedDuringPeriodSharesEmployeeStockPurchasePlans / shares,,,,,,,,,,,,,,,,,,,,,,,,,,,,,,,,,,1000000.0,,,,1000000.0,,,,1000000.0,,,,1000000.0,,,,1000000.0,,,
StockholdersEquity / USD,-175561000.0,-44173000.0,592283000.0,592283000.0,592283000.0,-102707000.0,1187217000.0,1187217000.0,1187217000.0,-175561000.0,1125975000.0,1125975000.0,1125975000.0,592283000.0,1136157000.0,1136157000.0,1136157000.0,1187217000.0,1276608000.0,1276608000.0,1276608000.0,1201228000.0,1580365000.0,1580365000.0,1580365000.0,1226280000.0,1580365000.0,1775224000.0,1833149000.0,1580365000.0,2044748000.0,2210285000.0,2319179000.0,1958442000.0,2602004000.0,2838478000.0,3078054000.0,2486551000.0,3405441000.0,3867990000.0,4215816000.0,3277834000.0,4780807000.0,5127808000.0,5409108000.0,4535000000.0,5942000000.0,6274000000.0,6625000000.0,5585000000.0,8163000000.0,8345000000.0,8624000000.0
TreasuryStockCommonShares / shares,,,,,,,,,,,,,,,,,,,,,,,,,,,,,,,,,,,,,,,,,,100000.0,,,,1153000.0,,,,3002000.0,,,
TreasuryStockCommonValue / USD,,,,,,,,,,,,,,,,,,,,,,,,,,,,,,,,,,,,,,,,12467000.0,12467000.0,12467000.0,185047000.0,185047000.0,185047000.0,185000000.0,608000000.0,608000000.0,608000000.0,608000000.0,1308000000.0,1308000000.0,1308000000.0
UnrecognizedTaxBenefits / USD,0.0,5513000.0,0.0,0.0,0.0,8598000.0,0.0,0.0,,10705000.0,,,,15577000.0,,,,77090000.0,,,,88663000.0,,,,98460000.0,,,,116801000.0,,,,107849000.0,,,,130771000.0,,,,143621000.0,,,,160000000.0,,,,174000000.0,,,
UnrecognizedTaxBenefitsIncreasesResultingFromCurrentPeriodTaxPositions / USD,,1284000.0,,,,2107000.0,,,,3480000.0,,,,70567000.0,,,,7676000.0,,,,9144000.0,,,,14475000.0,,,,7731000.0,,,,12336000.0,,,,13109000.0,,,,15158000.0,,,,15000000.0,,,,21000000.0,,,
UnrecognizedTaxBenefitsIncreasesResultingFromPriorPeriodTaxPositions / USD,,692000.0,,,,1392000.0,,,,1392000.0,,,,1928000.0,,,,3946000.0,,,,2818000.0,,,,3981000.0,,,,1500000.0,,,,10586000.0,,,,309000.0,,,,4640000.0,,,,0.0,,,,1000000.0,,,
UnrecognizedTaxBenefitsThatWouldImpactEffectiveTaxRate / USD,,,,,,1700000.0,,,,2000000.0,,,,1000000.0,,,,1000000.0,,,,1000000.0,,,,2000000.0,,,,1000000.0,,,,1000000.0,,,,500000.0,,,,7000000.0,,,,125000000.0,,,,184000000.0,,,
UnrecordedUnconditionalPurchaseObligationBalanceSheetAmount / USD,,,,,,,,,,,,,,,,,,,,,,,,,,,,,,,,,,,,,,,,,,,,,,,,42000000.0,90000000.0,52000000.0,,,
ValuationAllowanceDeferredTaxAssetChangeInAmount / USD,,,,,,41400000.0,,,,47000000.0,,,,47000000.0,,-1000000.0,-3000000.0,46000000.0,,-1000000.0,1000000.0,100000000.0,,,,333000000.0,,,,939000000.0,,,,340000000.0,,,,180000000.0,,,,159000000.0,,,,116000000.0,,,,-1200000000.0,,,
VariableLeaseCost / USD,,,,,,,,,,,,,,,,,,,,,,,,,,,3426000.0,8564000.0,12606000.0,17845000.0,3426000.0,8564000.0,12606000.0,17845000.0,4450000.0,9336000.0,13899000.0,17845000.0,5121000.0,9763000.0,18519000.0,17708000.0,9773000.0,20183000.0,32970000.0,26000000.0,11000000.0,22000000.0,34000000.0,45000000.0,10000000.0,24000000.0,39000000.0
WeightedAverageNumberOfDilutedSharesOutstanding / shares,,,,,,,,,,,,,,,,,,,,,,,,,,,,,,,,,,,232939000.0,234483000.0,235685000.0,227185000.0,243739000.0,252900000.0,253917000.0,237019000.0,251743000.0,253071000.0,253975000.0,254032000.0,261371000.0,262923000.0,264087000.0,254819000.0,270298000.0,269128000.0,268936000.0
WeightedAverageNumberOfSharesOutstandingBasic / shares,,,,,,,,,,,,,,,,,,,,,,,,,,,,,,,,,,,232939000.0,234483000.0,235685000.0,227185000.0,243739000.0,245308000.0,246348000.0,237019000.0,251743000.0,253071000.0,253975000.0,247249000.0,258820000.0,260026000.0,260747000.0,254819000.0,264444000.0,264885000.0,265062000.0
