fact_unit,2018-06-07,2018-09-13,2018-12-06,2019-03-06,2019-06-05,2019-09-18,2019-12-06,2020-03-04,2020-06-03,2020-09-17,2020-12-08,2021-03-04,2021-06-03,2021-09-16,2021-12-08,2022-03-09,2022-06-09,2022-09-15,2022-12-07,2023-03-08,2023-06-07,2023-09-14,2023-12-06,2024-03-06,2024-06-07,2024-09-12,2024-12-05,2025-03-10,2025-05-29,2025-09-11,2025-11-25
AccountsPayableCurrent / USD,3763000.0,3763000.0,4895000.0,4895000.0,4895000.0,4895000.0,6208000.0,6208000.0,6208000.0,6208000.0,5233000.0,5233000.0,5233000.0,5233000.0,12547000.0,12547000.0,12547000.0,12547000.0,26154000.0,26154000.0,26154000.0,26154000.0,18481000.0,18481000.0,18481000.0,18481000.0,23309000.0,23309000.0,23309000.0,23309000.0,46906000.0
AccountsReceivableNetCurrent / USD,39052000.0,39052000.0,61611000.0,61611000.0,61611000.0,61611000.0,93341000.0,93341000.0,93341000.0,93341000.0,147584000.0,147584000.0,147584000.0,147584000.0,257109000.0,257109000.0,257109000.0,257109000.0,399745000.0,399745000.0,399745000.0,399745000.0,582636000.0,582636000.0,582636000.0,582636000.0,736529000.0,736529000.0,736529000.0,736529000.0,992181000.0
AccretionAmortizationOfDiscountsAndPremiumsInvestments / USD,,,,,,,,,,0.0,300000.0,442000.0,463000.0,2181000.0,-2605000.0,-5446000.0,-8600000.0,-50000.0,-2671000.0,-4662000.0,-5942000.0,-11715000.0,165000.0,1433000.0,3389000.0,-6580000.0,3199000.0,9582000.0,14584000.0,6582000.0,5003000.0
AccruedBonusesCurrent / USD,,,,,,,,,,,,,,,,,,,,,,,,,,37417000.0,53452000.0,53452000.0,53452000.0,53452000.0,51598000.0
AccruedEmployeeBenefitsCurrent / USD,,,,,,,,,,,,,,,,,,,,,,,,,,7362000.0,8803000.0,8803000.0,8803000.0,8803000.0,9410000.0
AccruedSalariesCurrent / USD,,,,,,,,,,,,,,,,,,,,,,,,,,44024000.0,47184000.0,47184000.0,47184000.0,47184000.0,61370000.0
AccruedSalesCommissionCurrent / USD,,,,,,,,,,,,,,,,,,,,,,,,,,47997000.0,51371000.0,51371000.0,51371000.0,51371000.0,59429000.0
AccumulatedDepreciationDepletionAndAmortizationPropertyPlantAndEquipment / USD,17304000.0,17304000.0,24401000.0,24401000.0,24401000.0,24401000.0,33737000.0,33737000.0,33737000.0,33737000.0,50628000.0,50628000.0,50628000.0,50628000.0,77217000.0,77217000.0,77217000.0,77217000.0,119117000.0,119117000.0,119117000.0,119117000.0,176424000.0,176424000.0,176424000.0,176424000.0,250311000.0,250311000.0,250311000.0,250311000.0,371776000.0
AccumulatedOtherComprehensiveIncomeLossNetOfTax / USD,,0.0,-124000.0,-124000.0,-124000.0,-124000.0,268000.0,268000.0,268000.0,268000.0,463000.0,463000.0,463000.0,463000.0,-650000.0,-650000.0,-650000.0,-650000.0,-25850000.0,-25850000.0,-25850000.0,-25850000.0,-1576000.0,-1576000.0,-1576000.0,-1576000.0,-4789000.0,-4789000.0,-4789000.0,-4789000.0,8081000.0
AdditionalPaidInCapital / USD,18734000.0,18734000.0,438392000.0,438392000.0,438392000.0,438392000.0,532618000.0,532618000.0,532618000.0,532618000.0,823804000.0,823804000.0,823804000.0,823804000.0,1131006000.0,1131006000.0,1131006000.0,1131006000.0,1590885000.0,1590885000.0,1590885000.0,1590885000.0,1816915000.0,1816915000.0,1816915000.0,1816915000.0,2426819000.0,2426819000.0,2426819000.0,2426819000.0,2980591000.0
AdjustmentsToAdditionalPaidInCapitalSharebasedCompensationRequisiteServicePeriodRecognitionValue / USD,7106000.0,3617000.0,1733000.0,3797000.0,7106000.0,9919000.0,7586000.0,20813000.0,34088000.0,11224000.0,19212000.0,44259000.0,72963000.0,46953000.0,58423000.0,120512000.0,181522000.0,125675000.0,91575000.0,192259000.0,299734000.0,263190000.0,107028000.0,216544000.0,329182000.0,416588000.0,131019000.0,274874000.0,391455000.0,453565000.0,165302000.0
AdvertisingExpense / USD,,1800000.0,,,,1800000.0,,,,3400000.0,,,,8600000.0,,,,11800000.0,,,,11800000.0,,,,22100000.0,,,,24000000.0,
AllocatedShareBasedCompensationExpense / USD,8336000.0,3617000.0,1733000.0,3797000.0,7106000.0,9919000.0,7586000.0,20813000.0,34088000.0,11224000.0,18376000.0,42242000.0,70012000.0,46423000.0,57185000.0,118565000.0,178538000.0,121395000.0,89903000.0,188891000.0,294745000.0,258535000.0,105173000.0,214911000.0,322730000.0,409562000.0,129138000.0,269570000.0,382806000.0,444834000.0,157178000.0
AmortizationOfFinancingCosts / USD,,,,,,,,,,247000.0,641000.0,1291000.0,1951000.0,247000.0,641000.0,1291000.0,1951000.0,247000.0,680000.0,1371000.0,2072000.0,2621000.0,972000.0,1945000.0,2919000.0,2783000.0,977000.0,1955000.0,2934000.0,3894000.0,
AmortizationOfFinancingCostsAndDiscounts / USD,,,,,,,,,,0.0,0.0,0.0,0.0,0.0,12690000.0,25572000.0,38648000.0,4885000.0,13476000.0,27156000.0,41043000.0,51923000.0,,,,55141000.0,977000.0,1955000.0,2934000.0,3894000.0,981000.0
AmortizationOfIntangibleAssets / USD,,,0.0,0.0,0.0,0.0,95000.0,239000.0,405000.0,0.0,779000.0,1421000.0,2062000.0,908000.0,1577000.0,3153000.0,4729000.0,3384000.0,2226000.0,4457000.0,6695000.0,6795000.0,2552000.0,5103000.0,8078000.0,9010000.0,3036000.0,6119000.0,9500000.0,11060000.0,4240000.0
AntidilutiveSecuritiesExcludedFromComputationOfEarningsPerShareAmount / shares,88455.0,84244.0,88301000.0,88621000.0,19793000.0,89447000.0,18789000.0,17178000.0,15652000.0,18851000.0,14489000.0,13795000.0,13518000.0,14048000.0,13760000.0,19989000.0,19976000.0,14554000.0,18290000.0,18023000.0,16921000.0,18569000.0,17627000.0,17334000.0,20516000.0,17750000.0,20141000.0,19632000.0,19057000.0,19466000.0,20619000.0
Assets / USD,182902000.0,182902000.0,447781000.0,447781000.0,447781000.0,447781000.0,604162000.0,604162000.0,604162000.0,604162000.0,1833458000.0,1833458000.0,1833458000.0,1833458000.0,2257631000.0,2257631000.0,2257631000.0,2257631000.0,2832665000.0,2832665000.0,2832665000.0,2832665000.0,3608317000.0,3608317000.0,3608317000.0,3608317000.0,4704968000.0,4704968000.0,4704968000.0,4704968000.0,6419888000.0
AssetsCurrent / USD,142909000.0,142909000.0,387164000.0,387164000.0,387164000.0,387164000.0,496086000.0,496086000.0,496086000.0,496086000.0,1581793000.0,1581793000.0,1581793000.0,1581793000.0,1848303000.0,1848303000.0,1848303000.0,1848303000.0,2256647000.0,2256647000.0,2256647000.0,2256647000.0,2890314000.0,2890314000.0,2890314000.0,2890314000.0,3396617000.0,3396617000.0,3396617000.0,3396617000.0,4894290000.0
AvailableForSaleDebtSecuritiesAccumulatedGrossUnrealizedGainBeforeTax / USD,,1000.0,1000.0,1000.0,1000.0,1000.0,462000.0,462000.0,462000.0,462000.0,907000.0,907000.0,907000.0,907000.0,255000.0,255000.0,255000.0,255000.0,16000.0,16000.0,16000.0,16000.0,51000.0,51000.0,51000.0,51000.0,1565000.0,1565000.0,1565000.0,1565000.0,1894000.0
AvailableForSaleDebtSecuritiesAccumulatedGrossUnrealizedLossBeforeTax / USD,,124000.0,124000.0,124000.0,124000.0,124000.0,78000.0,78000.0,78000.0,78000.0,328000.0,328000.0,328000.0,328000.0,163000.0,163000.0,163000.0,163000.0,11901000.0,11901000.0,11901000.0,11901000.0,10385000.0,10385000.0,10385000.0,10385000.0,1995000.0,1995000.0,1995000.0,1995000.0,1037000.0
AvailableForSaleSecuritiesDebtMaturitiesWithinOneYearAmortizedCost / USD,,116897000.0,215368000.0,213194000.0,208501000.0,196046000.0,177892000.0,173815000.0,155408000.0,621952000.0,740385000.0,766043000.0,841863000.0,800659000.0,757847000.0,861066000.0,786434000.0,479597000.0,560556000.0,427636000.0,356348000.0,409026000.0,535738000.0,575536000.0,494507000.0,476116000.0,562736000.0,523117000.0,482882000.0,457832000.0,514123000.0
AvailableForSaleSecuritiesDebtMaturitiesWithinOneYearFairValue / USD,,116843000.0,215169000.0,213163000.0,208521000.0,196194000.0,178341000.0,174232000.0,156154000.0,622392000.0,740633000.0,766266000.0,842057000.0,800793000.0,757830000.0,860067000.0,783735000.0,476442000.0,555971000.0,423153000.0,353380000.0,406681000.0,532490000.0,572868000.0,492508000.0,475325000.0,562907000.0,523581000.0,483352000.0,458067000.0,515148000.0
CapitalizedComputerSoftwareAccumulatedAmortization / USD,,1000000.0,,,,1200000.0,,,,900000.0,,,,1000000.0,,,,1400000.0,800000.0,,,5900000.0,,,,13000000.0,,,,24200000.0,
CapitalizedComputerSoftwareGross / USD,,800000.0,,,,400000.0,,,,1800000.0,,,,3700000.0,,,,13200000.0,,,,16500000.0,,,,32700000.0,,,,48600000.0,
CapitalizedContractCostAmortization / USD,5992000.0,5515000.0,2868000.0,5932000.0,9354000.0,8474000.0,4324000.0,8781000.0,13505000.0,13181000.0,5535000.0,11425000.0,17673000.0,18651000.0,8678000.0,18123000.0,28577000.0,24922000.0,14912000.0,31038000.0,48793000.0,40558000.0,22325000.0,46053000.0,71368000.0,68531000.0,30111000.0,61504000.0,94711000.0,98718000.0,39068000.0
CapitalizedContractCostNet / USD,21137000.0,13150000.0,34662000.0,34662000.0,34662000.0,21137000.0,55910000.0,55910000.0,55910000.0,34662000.0,69785000.0,69785000.0,69785000.0,55910000.0,109915000.0,109915000.0,109915000.0,69785000.0,207030000.0,207030000.0,207030000.0,109915000.0,297002000.0,297002000.0,297002000.0,207030000.0,375234000.0,375234000.0,375234000.0,297002000.0,445398000.0
CapitalizedContractCostNetCurrent / USD,,,,,13753000.0,10469000.0,16387000.0,18058000.0,19391000.0,16136000.0,22060000.0,23527000.0,32240000.0,32240000.0,57373000.0,57373000.0,57373000.0,57373000.0,86210000.0,86210000.0,86210000.0,86210000.0,115827000.0,115827000.0,115827000.0,115827000.0,148873000.0,148873000.0,148873000.0,148873000.0,180819000.0
CapitalizedContractCostNetNoncurrent / USD,,,,,32755000.0,24193000.0,39591000.0,42543000.0,44714000.0,39774000.0,48366000.0,50523000.0,77675000.0,77675000.0,149657000.0,149657000.0,149657000.0,149657000.0,210792000.0,210792000.0,210792000.0,210792000.0,259407000.0,259407000.0,259407000.0,259407000.0,296525000.0,296525000.0,296525000.0,296525000.0,328722000.0
CashAndCashEquivalentsAtCarryingValue / USD,92842000.0,83842000.0,75760000.0,71569000.0,287443000.0,87978000.0,42786000.0,67467000.0,54974000.0,135579000.0,69346000.0,76534000.0,124592000.0,141851000.0,275898000.0,275898000.0,275898000.0,275898000.0,1013210000.0,1013210000.0,1013210000.0,1013210000.0,1262206000.0,1262206000.0,1262206000.0,1262206000.0,1423080000.0,1423080000.0,1423080000.0,1423080000.0,2389023000.0
CashAndCashEquivalentsFairValueDisclosure / USD,,104904000.0,104904000.0,104904000.0,104904000.0,104904000.0,,43874000.0,,106683000.0,106683000.0,106683000.0,106683000.0,106683000.0,178336000.0,178336000.0,178336000.0,178336000.0,692082000.0,692082000.0,692082000.0,692082000.0,1130659000.0,1130659000.0,1130659000.0,1130659000.0,1273594000.0,1273594000.0,1273594000.0,1273594000.0,1543609000.0
CashCashEquivalentsRestrictedCashAndRestrictedCashEquivalents / USD,,,88546000.0,88546000.0,88546000.0,93242000.0,136147000.0,136147000.0,136147000.0,88546000.0,78484000.0,78484000.0,78484000.0,136147000.0,141851000.0,141851000.0,141851000.0,78484000.0,275898000.0,275898000.0,275898000.0,141851000.0,1013210000.0,1013210000.0,1013210000.0,275898000.0,1262206000.0,1262206000.0,1262206000.0,1013210000.0,1423080000.0
CashCashEquivalentsRestrictedCashAndRestrictedCashEquivalentsPeriodIncreaseDecreaseIncludingExchangeRateEffect / USD,,,-12218000.0,-16409000.0,199465000.0,-4696000.0,-92883000.0,-68292000.0,-81173000.0,47601000.0,-9138000.0,-1950000.0,46108000.0,-57663000.0,-39835000.0,-46504000.0,-35261000.0,63367000.0,95798000.0,133921000.0,318995000.0,134047000.0,71735000.0,243802000.0,262087000.0,737312000.0,99517000.0,176380000.0,-3009000.0,248996000.0,130565000.0
CashEquivalentsAtCarryingValue / USD,,104905000.0,104905000.0,104905000.0,104905000.0,104905000.0,,43874000.0,,106684000.0,106684000.0,106684000.0,106684000.0,106684000.0,178336000.0,178336000.0,178336000.0,178336000.0,692188000.0,692188000.0,692188000.0,692188000.0,1130724000.0,1130724000.0,1130724000.0,1130724000.0,1273615000.0,1273615000.0,1273615000.0,1273615000.0,1543609000.0
CashFlowHedgeGainLossToBeReclassifiedWithinTwelveMonths / USD,,,,,,,,,,,,,,,,,,,,-2900000.0,-7400000.0,-10200000.0,2100000.0,-1200000.0,5300000.0,2200000.0,2700000.0,-16000000.0,10100000.0,-6100000.0,4100000.0
CommonStockCapitalSharesReservedForFutureIssuance / shares,,32055000.0,37636000.0,35111000.0,33453000.0,31751000.0,,,,34377000.0,,,,44048000.0,,,,47908000.0,,,,52327000.0,,,,56161000.0,,,,57158000.0,
CommonStockParOrStatedValuePerShare / USD/shares,0.001,0.001,0.001,0.001,0.001,0.001,0.001,0.001,0.001,0.001,0.001,0.001,0.001,0.001,0.001,0.001,0.001,0.001,0.001,0.001,0.001,0.001,0.001,0.001,0.001,0.001,0.001,0.001,0.001,0.001,0.001
CommonStockSharesAuthorized / shares,130000000.0,130000000.0,1000000000.0,1000000000.0,1000000000.0,1000000.0,1000000.0,1000000.0,1000000.0,1000000000.0,1000000000.0,1000000000.0,1000000000.0,1000000000.0,1000000000.0,1000000000.0,1000000000.0,1000000000.0,1000000000.0,1000000000.0,1000000000.0,1000000000.0,1000000000.0,1000000000.0,1000000000.0,1000000000.0,1000000000.0,1000000000.0,1000000000.0,1000000000.0,1000000000.0
CommonStockSharesIssued / shares,32359000.0,32359000.0,119764000.0,119764000.0,119764000.0,119764.0,127253.0,127253.0,127253.0,127253000.0,132817000.0,132817000.0,132817000.0,132817000.0,138662000.0,138662000.0,138662000.0,138662000.0,143038000.0,143038000.0,143038000.0,143038000.0,147169000.0,147169000.0,147169000.0,147169000.0,152490000.0,152490000.0,152490000.0,152490000.0,158301000.0
CommonStockSharesOutstanding / shares,32359000.0,32359000.0,119764000.0,119764000.0,119764000.0,119764.0,127253.0,127253.0,127253.0,127253000.0,132817000.0,132817000.0,132817000.0,132817000.0,138662000.0,138662000.0,138662000.0,138662000.0,143038000.0,143038000.0,143038000.0,143038000.0,147169000.0,147169000.0,147169000.0,147169000.0,152490000.0,152490000.0,152490000.0,152490000.0,158301000.0
CommonStockValue / USD,18000.0,18000.0,119000.0,119000.0,119000.0,119000.0,127000.0,127000.0,127000.0,127000.0,133000.0,133000.0,133000.0,133000.0,139000.0,139000.0,139000.0,139000.0,143000.0,143000.0,143000.0,143000.0,147000.0,147000.0,147000.0,147000.0,152000.0,152000.0,152000.0,152000.0,159000.0
ComprehensiveIncomeNetOfTax / USD,,-27438000.0,-11398000.0,-17913000.0,-26684000.0,-35460000.0,-7781000.0,-11078000.0,-23154000.0,-33770000.0,-16908000.0,-46007000.0,-65008000.0,-28263000.0,-55736000.0,-122538000.0,-180810000.0,-114921000.0,-92915000.0,-199870000.0,-316454000.0,-263142000.0,-80136000.0,-104802000.0,-145913000.0,-415478000.0,-49862000.0,-63385000.0,-56927000.0,-178061000.0,-11749000.0
ContractWithCustomerLiability / USD,,,,,,,,,,,,,,369800000.0,630600000.0,630600000.0,630600000.0,630600000.0,1021100000.0,1021100000.0,1021100000.0,1021100000.0,1439700000.0,1439700000.0,1439700000.0,1439700000.0,1895000000.0,1895000000.0,1895000000.0,1895000000.0,2468000000.0
ContractWithCustomerLiabilityCurrent / USD,85468000.0,85468000.0,140670000.0,140670000.0,140670000.0,140670000.0,221387000.0,221387000.0,221387000.0,221387000.0,337263000.0,337263000.0,337263000.0,337263000.0,571286000.0,571286000.0,571286000.0,571286000.0,923749000.0,923749000.0,923749000.0,923749000.0,1281143000.0,1281143000.0,1281143000.0,1281143000.0,1643919000.0,1643919000.0,1643919000.0,1643919000.0,2054417000.0
ContractWithCustomerLiabilityNoncurrent / USD,11151000.0,11151000.0,23353000.0,23353000.0,23353000.0,23353000.0,29815000.0,29815000.0,29815000.0,29815000.0,32504000.0,32504000.0,32504000.0,32504000.0,59315000.0,59315000.0,59315000.0,59315000.0,97374000.0,97374000.0,97374000.0,97374000.0,158533000.0,158533000.0,158533000.0,158533000.0,251055000.0,251055000.0,251055000.0,251055000.0,413609000.0
ContractWithCustomerLiabilityRevenueRecognized / USD,51100000.0,40700000.0,34100000.0,58600000.0,75000000.0,58500000.0,53800000.0,68200000.0,125700000.0,85300000.0,84100000.0,148400000.0,193700000.0,143900000.0,127600000.0,228900000.0,298500000.0,220900000.0,206400000.0,378600000.0,502100000.0,335500000.0,329300000.0,603800000.0,802100000.0,570300000.0,462900000.0,840800000.0,1115100000.0,919900000.0,595200000.0
ConvertibleLongTermNotesPayable / USD,,,,,,,,,,0.0,861615000.0,861615000.0,861615000.0,861615000.0,913538000.0,913538000.0,913538000.0,913538000.0,968674000.0,968674000.0,968674000.0,968674000.0,1134159000.0,1134159000.0,1134159000.0,1134159000.0,,,,0.0,1700727000.0
ConvertibleNotesPayableCurrent / USD,,,,,,,,,,,,,,,,,,,,,,,,,,0.0,1142275000.0,1142275000.0,1142275000.0,1142275000.0,
CostOfRevenue / USD,19438000.0,,8271000.0,16950000.0,26374000.0,27472000.0,12099000.0,27370000.0,42330000.0,37875000.0,19558000.0,39796000.0,64375000.0,59669000.0,31727000.0,65862000.0,104839000.0,95733000.0,52169000.0,109952000.0,173974000.0,150317000.0,76697000.0,164301000.0,260150000.0,242282000.0,111394000.0,228593000.0,346924000.0,362832000.0,141462000.0
CurrentFederalTaxExpenseBenefit / USD,,0.0,,,,0.0,,,,0.0,,,,0.0,,,,0.0,,,,0.0,,,,0.0,,,,1091000.0,
CurrentForeignTaxExpenseBenefit / USD,,452000.0,,,,874000.0,,,,1480000.0,,,,2325000.0,,,,4013000.0,,,,7104000.0,,,,6996000.0,,,,14438000.0,
CurrentIncomeTaxExpenseBenefit / USD,,468000.0,,,,905000.0,,,,1478000.0,,,,2389000.0,,,,4058000.0,,,,7230000.0,,,,7395000.0,,,,19419000.0,
CurrentStateAndLocalTaxExpenseBenefit / USD,,16000.0,,,,31000.0,,,,-2000.0,,,,64000.0,,,,45000.0,,,,126000.0,,,,399000.0,,,,3890000.0,
DebtInstrumentCarryingAmount / USD,,,,,,,,,,1150000000.0,1150000000.0,1150000000.0,1150000000.0,1150000000.0,1150000000.0,1150000000.0,1150000000.0,1150000000.0,1149995000.0,1149995000.0,1149995000.0,1149995000.0,1149993000.0,1149993000.0,1149993000.0,1149993000.0,1149954000.0,1149954000.0,1149954000.0,,
DebtInstrumentConvertibleNumberOfEquityInstruments / segment,,,,,,,,,,7600000.0,7600000.0,,,,,,,,,,,,,,,,,,,7600000.0,
DebtInstrumentConvertibleNumberOfEquityInstruments / shares,,,,,,,,,,7626000.0,7626000.0,7626000.0,7626000.0,7626000.0,7600000.0,7600000.0,7600000.0,7626000.0,7630000.0,7630000.0,7630000.0,7626000.0,7600000.0,7600000.0,7600000.0,7626000.0,7600000.0,7600000.0,7600000.0,,
DebtIssuanceCostsIncurredDuringNoncashOrPartialNoncashTransaction / USD,,,,,,,,,,,,,,,,,,,,,,,,,,,,,,0.0,
DebtSecuritiesAvailableForSaleAmortizedCostAllowanceForCreditLossExcludingAccruedInterest / USD,,,,,,,,,,,,,,,,,,0.0,,,,0.0,,,,0.0,,,,0.0,
DebtSecuritiesAvailableForSaleAmortizedCostExcludingAccruedInterestAfterAllowanceForCreditLoss / USD,,,,,,,,,,,,,,,,,,1226562000.0,730014000.0,730014000.0,730014000.0,730014000.0,848360000.0,848360000.0,848360000.0,848360000.0,987004000.0,987004000.0,987004000.0,987004000.0,1182529000.0
DebtSecuritiesAvailableForSaleContinuousUnrealizedLossPosition12MonthsOrLonger / USD,,,,,0.0,0.0,18356000.0,18356000.0,18356000.0,18356000.0,5502000.0,5502000.0,5502000.0,5502000.0,0.0,0.0,0.0,0.0,121261000.0,121261000.0,121261000.0,121261000.0,214129000.0,214129000.0,214129000.0,214129000.0,247808000.0,247808000.0,247808000.0,247808000.0,0.0
DebtSecuritiesAvailableForSaleContinuousUnrealizedLossPosition12MonthsOrLongerAccumulatedLoss / USD,,,,,0.0,0.0,16000.0,16000.0,16000.0,16000.0,1000.0,1000.0,1000.0,1000.0,0.0,0.0,0.0,0.0,2553000.0,2553000.0,2553000.0,2553000.0,6184000.0,6184000.0,6184000.0,6184000.0,1750000.0,1750000.0,1750000.0,1750000.0,0.0
DebtSecuritiesAvailableForSaleContinuousUnrealizedLossPositionLessThan12Months / USD,,,,,157016000.0,157016000.0,56548000.0,56548000.0,56548000.0,56548000.0,794415000.0,794415000.0,794415000.0,794415000.0,568898000.0,568898000.0,568898000.0,568898000.0,467471000.0,467471000.0,467471000.0,467471000.0,525638000.0,525638000.0,525638000.0,525638000.0,299157000.0,299157000.0,299157000.0,299157000.0,553333000.0
DebtSecuritiesAvailableForSaleContinuousUnrealizedLossPositionLessThan12MonthsAccumulatedLoss / USD,,,,,124000.0,124000.0,62000.0,62000.0,62000.0,62000.0,327000.0,327000.0,327000.0,327000.0,163000.0,163000.0,163000.0,163000.0,9348000.0,9348000.0,9348000.0,9348000.0,4201000.0,4201000.0,4201000.0,4201000.0,245000.0,245000.0,245000.0,245000.0,1037000.0
DebtSecuritiesAvailableForSaleExcludingAccruedInterestCurrent / USD,,,,,,,,,,,,,,,,,,1226654000.0,718129000.0,718129000.0,718129000.0,718129000.0,838026000.0,838026000.0,838026000.0,838026000.0,986574000.0,986574000.0,986574000.0,986574000.0,1183386000.0
DebtSecuritiesAvailableForSaleUnrealizedLossPosition / USD,,,,,157016000.0,157016000.0,74904000.0,74904000.0,74904000.0,74904000.0,799917000.0,799917000.0,799917000.0,799917000.0,568898000.0,568898000.0,568898000.0,568898000.0,588732000.0,588732000.0,588732000.0,588732000.0,739767000.0,739767000.0,739767000.0,739767000.0,546965000.0,546965000.0,546965000.0,546965000.0,553333000.0
DebtSecuritiesAvailableForSaleUnrealizedLossPositionAccumulatedLoss / USD,,,,,124000.0,124000.0,78000.0,78000.0,78000.0,78000.0,328000.0,328000.0,328000.0,328000.0,163000.0,163000.0,163000.0,163000.0,11901000.0,11901000.0,11901000.0,11901000.0,10385000.0,10385000.0,10385000.0,10385000.0,1995000.0,1995000.0,1995000.0,1995000.0,1037000.0
DeferredFederalIncomeTaxExpenseBenefit / USD,,0.0,,,,0.0,,,,0.0,,,,-1431000.0,,,,-864000.0,,,,-349000.0,,,,-858000.0,,,,0.0,
DeferredFinanceCostsNet / USD,,,,,,,,,,19500000.0,19500000.0,19500000.0,19500000.0,19500000.0,11935000.0,11935000.0,11935000.0,19500000.0,9152000.0,9152000.0,9152000.0,19500000.0,7528000.0,7528000.0,7528000.0,19500000.0,3614000.0,3614000.0,3614000.0,,
DeferredForeignIncomeTaxExpenseBenefit / USD,,0.0,,,,-28000.0,,,,-141000.0,,,,-108000.0,,,,-563000.0,,,,-2027000.0,,,,296000.0,,,,352000.0,
DeferredIncomeTaxExpenseBenefit / USD,,0.0,,,,-28000.0,0.0,,0.0,-141000.0,,,,-1646000.0,,,,-1670000.0,,,,-2379000.0,,,,-747000.0,,,,352000.0,
DeferredIncomeTaxLiabilities / USD,,12331000.0,,,,12561000.0,,,,17173000.0,,,,97131000.0,,,,112712000.0,,,,129085000.0,,,,118663000.0,,,,148462000.0,
DeferredStateAndLocalIncomeTaxExpenseBenefit / USD,,0.0,,,,0.0,,,,0.0,,,,-107000.0,,,,-243000.0,,,,-3000.0,,,,-185000.0,,,,0.0,
DeferredTaxAssetsDeferredIncome / USD,,5436000.0,,,,6071000.0,,,,14752000.0,,,,27123000.0,,,,33028000.0,,,,69511000.0,,,,122326000.0,,,,181654000.0,
DeferredTaxAssetsGross / USD,,63852000.0,,,,58280000.0,,,,121162000.0,,,,227846000.0,,,,459168000.0,,,,683222000.0,,,,790693000.0,,,,982974000.0,
DeferredTaxAssetsLiabilitiesNet / USD,,28000.0,,,,141000.0,,,,257000.0,,,,479000.0,,,,700000.0,,,,221000.0,,,,649000.0,,,,604000.0,
DeferredTaxAssetsNet / USD,,12359000.0,,,,12702000.0,,,,17430000.0,,,,97610000.0,,,,113412000.0,,,,129306000.0,,,,119312000.0,,,,149066000.0,
DeferredTaxAssetsOperatingLossCarryforwards / USD,,54130000.0,,,,41794000.0,,,,87413000.0,,,,149430000.0,,,,341777000.0,,,,487298000.0,,,,401261000.0,,,,373611000.0,
DeferredTaxAssetsOther / USD,,569000.0,,,,347000.0,,,,232000.0,,,,33000.0,,,,2015000.0,,,,58141000.0,,,,75641000.0,,,,100930000.0,
DeferredTaxAssetsTaxCreditCarryforwards / USD,,0.0,,,,6118000.0,,,,10330000.0,,,,23573000.0,,,,42225000.0,,,,68272000.0,,,,98564000.0,,,,157861000.0,
DeferredTaxAssetsValuationAllowance / USD,,31483000.0,,,,40299000.0,,,,51493000.0,,,,45578000.0,,,,103732000.0,,,,130236000.0,,,,345756000.0,,,,553916000.0,
DeferredTaxLiabilitiesDeferredExpenseDeferredPolicyAcquisitionCost / USD,,12331000.0,,,,12561000.0,,,,15906000.0,,,,24727000.0,,,,46709000.0,,,,67512000.0,,,,86805000.0,,,,99123000.0,
DeferredTaxLiabilitiesGoodwillAndIntangibleAssetsIntangibleAssets / USD,,,,,,0.0,,,,1178000.0,,,,4224000.0,,,,6341000.0,,,,,,,,4765000.0,,,,10273000.0,
DeferredTaxLiabilitiesLeasingArrangements / USD,,,,,,,,,,6978000.0,,,,6978000.0,,,,9069000.0,,,,15739000.0,,,,22403000.0,,,,29137000.0,
DeferredTaxLiabilitiesPropertyPlantAndEquipment / USD,,,,,,,,,,,,,,,,,,,,,,,,,,4690000.0,,,,9929000.0,
DefinedContributionPlanCostRecognized / USD,,,,,,,,,,2000000.0,,,,,,,,,,,,,,,,,,,,4500000.0,
EarningsPerShareBasic / USD/shares,,,,,,,,,,,,,,-0.23,-0.41,-0.91,-1.34,-0.89,-0.65,-1.37,-2.08,-1.93,-0.48,-0.87,-1.19,-2.77,-0.23,-0.42,-0.29,-1.4,-0.08
EarningsPerShareDiluted / USD/shares,,,,,,,,,,,,,,-0.23,-0.41,-0.91,-1.34,-0.89,-0.65,-1.37,-2.08,-1.93,-0.48,-0.87,-1.19,-2.77,-0.23,-0.42,-0.29,-1.4,-0.08
EffectiveIncomeTaxRateReconciliationAtFederalStatutoryIncomeTaxRate / pure,0.269,0.34,0.21,,,0.34,,,,0.21,,,,0.21,,,,0.21,,,,0.21,,,,0.21,,,,0.21,
EffectiveIncomeTaxRateReconciliationBeatPercent / pure,,,,,,,,,,,,,,,,,,,,,,0.0,,,,0.0,,,,-0.118,
EffectiveIncomeTaxRateReconciliationChangeInDeferredTaxAssetsValuationAllowance / pure,,-0.325,,,,-0.324,,,,0.335,,,,-1.769,,,,-0.65,,,,-0.706,,,,-0.436,,,,-0.341,
EffectiveIncomeTaxRateReconciliationForeignIncomeTaxRateDifferential / pure,,0.001,,,,-0.017,,,,0.003,,,,-0.009,,,,0.0,,,,0.004,,,,-0.004,,,,0.113,
EffectiveIncomeTaxRateReconciliationNondeductibleExpenseMealsAndEntertainment / pure,,-0.005,,,,-0.005,,,,-0.013,,,,-0.019,,,,,,,,,,,,-0.002,,,,-0.008,
EffectiveIncomeTaxRateReconciliationOtherAdjustments / pure,,-0.005,,,,-0.003,,,,-0.006,,,,-0.001,,,,-0.01,,,,0.0,,,,0.003,,,,-0.001,
EffectiveIncomeTaxRateReconciliationShareBasedCompensationExcessTaxBenefitPercent / pure,,,,,,-0.028,,,,-0.038,,,,1.472,,,,0.37,,,,0.439,,,,0.176,,,,-0.008,
EffectiveIncomeTaxRateReconciliationStateAndLocalIncomeTaxes / pure,,0.018,,,,0.015,,,,0.0,,,,0.001,,,,0.002,,,,0.0,,,,-0.001,,,,-0.021,
EffectiveIncomeTaxRateReconciliationTaxCredits / pure,,0.0,,,,0.0,,,,-0.037,,,,-0.1,,,,-0.068,,,,-0.041,,,,-0.039,,,,-0.078,
EmployeeRelatedLiabilitiesCurrent / USD,11608000.0,11608000.0,23393000.0,23393000.0,23393000.0,23393000.0,21544000.0,21544000.0,21544000.0,21544000.0,49444000.0,49444000.0,49444000.0,49444000.0,93622000.0,93622000.0,93622000.0,93622000.0,111948000.0,111948000.0,111948000.0,111948000.0,136800000.0,136800000.0,136800000.0,136800000.0,160810000.0,160810000.0,160810000.0,160810000.0,181807000.0
EmployeeServiceShareBasedCompensationAllocationOfRecognizedPeriodCostsCapitalizedAmount / USD,,,,,,500000.0,800000.0,1200000.0,3000000.0,500000.0,800000.0,2000000.0,3000000.0,500000.0,1500000.0,2500000.0,4100000.0,4400000.0,2500000.0,5200000.0,8100000.0,6300000.0,4000000.0,8300000.0,12400000.0,11500000.0,4700000.0,11200000.0,17900000.0,17200000.0,12400000.0
EmployeeServiceShareBasedCompensationNonvestedAwardsTotalCompensationCostNotYetRecognized / USD,,,148600000.0,148500000.0,155100000.0,194600000.0,234300000.0,239700000.0,278100000.0,508500000.0,524800000.0,547800000.0,734700000.0,729200000.0,,,,1030700000.0,,,,1184800000.0,,,,1519800000.0,,,,1557200000.0,
EmployeeServiceShareBasedCompensationTaxBenefitFromCompensationExpense / USD,,,,,,,,,,,,,,,,,,,,,,1200000.0,,,,1400000.0,,,,13400000.0,
EntityCommonStockSharesOutstanding / shares,119606722.0,119773132.0,122250116.0,124147097.0,125661928.0,127454926.0,127957453.0,129351577.0,130518247.0,132906329.0,134191860.0,135940233.0,136987021.0,138735981.0,140081679.0,141085336.0,141862695.0,143052488.0,144212227.0,145120095.0,145891168.0,147168773.0,148333445.0,149857976.0,151149087.0,152490005.0,153438623.0,154724902.0,155695672.0,158300823.0,159471208.0
EntityPublicFloat / USD,,1500000000.0,,,,2800000000.0,,,,4000000000.0,,,,20400000000.0,,,,22200000000.0,,,,9800000000.0,,,,19800000000.0,,,,17900000000.0,
EquitySecuritiesWithoutReadilyDeterminableFairValueAmount / USD,,,,,,,,,,2000000.0,,,2000000.0,2000000.0,5100000.0,5100000.0,5100000.0,5100000.0,5100000.0,5100000.0,5100000.0,5100000.0,7800000.0,7800000.0,7800000.0,7800000.0,9800000.0,9800000.0,9800000.0,9800000.0,10600000.0
FiniteLivedIntangibleAssetsAccumulatedAmortization / USD,,,,,0.0,0.0,908000.0,908000.0,908000.0,908000.0,4292000.0,4292000.0,4292000.0,4292000.0,11087000.0,11087000.0,11087000.0,11087000.0,20097000.0,20097000.0,20097000.0,20097000.0,31157000.0,31157000.0,31157000.0,31157000.0,45781000.0,45781000.0,45781000.0,45781000.0,62601000.0
FiniteLivedIntangibleAssetsAmortizationExpenseNextTwelveMonths / USD,,,,,,2602000.0,,,,6308000.0,5700000.0,5700000.0,7138000.0,8678000.0,8181000.0,8501000.0,8501000.0,9921000.0,8481000.0,8481000.0,10515000.0,11320000.0,6825000.0,6825000.0,16785000.0,16785000.0,15772000.0,15833000.0,15833000.0,15833000.0,43938000.0
FiniteLivedIntangibleAssetsAmortizationExpenseRemainderOfFiscalYear / USD,,,430000.0,286000.0,213000.0,,1925000.0,1283000.0,817000.0,,4732000.0,3156000.0,1937000.0,,6452000.0,4434000.0,2197000.0,,7369000.0,4817000.0,2774000.0,,8797000.0,5714000.0,5123000.0,,12545000.0,8336000.0,4080000.0,,34949000.0
FiniteLivedIntangibleAssetsAmortizationExpenseYearFive / USD,,,,,32000.0,21000.0,21000.0,21000.0,721000.0,3059000.0,,,,2491000.0,,,,1407000.0,,,,,,46000.0,7216000.0,7215000.0,,,,25000.0,
FiniteLivedIntangibleAssetsAmortizationExpenseYearFour / USD,,,47000.0,47000.0,244000.0,1490000.0,1456000.0,1456000.0,2156000.0,3761000.0,3058000.0,3058000.0,4498000.0,6038000.0,2491000.0,2812000.0,2812000.0,4232000.0,1407000.0,1408000.0,2428000.0,2428000.0,1155000.0,1155000.0,11115000.0,11115000.0,7215000.0,7278000.0,7278000.0,7278000.0,28150000.0
FiniteLivedIntangibleAssetsAmortizationExpenseYearThree / USD,,,572000.0,572000.0,851000.0,1994000.0,1960000.0,1960000.0,2660000.0,5196000.0,3761000.0,3761000.0,5201000.0,6741000.0,6038000.0,6358000.0,6358000.0,7778000.0,4232000.0,4232000.0,5252000.0,5252000.0,2988000.0,2988000.0,12948000.0,12948000.0,11115000.0,11177000.0,11177000.0,11177000.0,37931000.0
FiniteLivedIntangibleAssetsAmortizationExpenseYearTwo / USD,,,572000.0,572000.0,851000.0,2601000.0,2567000.0,2567000.0,3268000.0,5700000.0,5196000.0,5196000.0,6641000.0,8181000.0,6741000.0,7061000.0,7061000.0,8481000.0,7778000.0,7778000.0,7278000.0,6265000.0,5812000.0,5812000.0,15772000.0,15772000.0,12948000.0,13010000.0,13010000.0,13010000.0,42105000.0
FiniteLivedIntangibleAssetsGross / USD,,,1621000.0,1477000.0,0.0,0.0,9616000.0,9616000.0,9616000.0,9616000.0,28316000.0,28316000.0,28316000.0,28316000.0,43216000.0,43216000.0,43216000.0,43216000.0,51916000.0,51916000.0,51916000.0,51916000.0,57016000.0,57016000.0,57016000.0,57016000.0,109616000.0,109616000.0,109616000.0,109616000.0,109924000.0
FiniteLivedIntangibleAssetsNet / USD,,,,,0.0,0.0,8708000.0,8708000.0,8708000.0,8708000.0,24024000.0,24024000.0,24024000.0,24024000.0,32129000.0,32129000.0,32129000.0,32129000.0,31819000.0,31819000.0,31819000.0,31819000.0,25859000.0,25859000.0,25859000.0,25859000.0,63835000.0,63835000.0,63835000.0,63835000.0,47323000.0
FinitelivedIntangibleAssetsAcquired1 / USD,,,,,2616000.0,9616000.0,0.0,0.0,3500000.0,18700000.0,0.0,0.0,7200000.0,14900000.0,0.0,1600000.0,1600000.0,8700000.0,0.0,0.0,5100000.0,5100000.0,2800000.0,2800000.0,52600000.0,52600000.0,0.0,308000.0,308000.0,308000.0,176600000.0
GeneralAndAdministrativeExpense / USD,11201000.0,9399000.0,7130000.0,13533000.0,22497000.0,20521000.0,10131000.0,20517000.0,36428000.0,31135000.0,12625000.0,41608000.0,56223000.0,46598000.0,20859000.0,45512000.0,70107000.0,73632000.0,33717000.0,71161000.0,111833000.0,96535000.0,44156000.0,87678000.0,131164000.0,151735000.0,50716000.0,105311000.0,155789000.0,178855000.0,56819000.0
Goodwill / USD,,,,,,0.0,7479000.0,7479000.0,7479000.0,7479000.0,30059000.0,30059000.0,30059000.0,30059000.0,58977000.0,58977000.0,58977000.0,58977000.0,78547000.0,78547000.0,78547000.0,78547000.0,89192000.0,89192000.0,89192000.0,89192000.0,417029000.0,417029000.0,417029000.0,417029000.0,417730000.0
GoodwillAcquiredDuringPeriod / USD,,,,,,7479000.0,0.0,,,22580000.0,,,23232000.0,28918000.0,,846000.0,846000.0,19570000.0,,,10645000.0,10645000.0,3223000.0,,327837000.0,327837000.0,,701000.0,701000.0,701000.0,576733000.0
GoodwillImpairmentLoss / USD,,,,,,,,,,,,,,,,,,0.0,,,,0.0,,,,0.0,,,,0.0,
GrossProfit / USD,69735000.0,60198000.0,31590000.0,67887000.0,107626000.0,98245000.0,51199000.0,110230000.0,174398000.0,152299000.0,74032000.0,155062000.0,241007000.0,243167000.0,110851000.0,233760000.0,371187000.0,335536000.0,178348000.0,376128000.0,598913000.0,522783000.0,278851000.0,578845000.0,901796000.0,848664000.0,385309000.0,793109000.0,1227979000.0,1254120000.0,486493000.0
HedgedLiabilityFairValueHedgeCumulativeIncreaseDecrease / USD,,,,,,,,,,,,,,,,,,,,,0.0,0.0,-8306000.0,-8306000.0,-8306000.0,-8306000.0,-4065000.0,-4065000.0,-4065000.0,4100000.0,-2900000.0
ImpairmentOfLongLivedAssetsHeldForUse / USD,,,,,,,,,,700000.0,,,,700000.0,,,,400000.0,,,,400000.0,,,,0.0,,,,0.0,
IncomeLossFromContinuingOperationsBeforeIncomeTaxesDomestic / USD,,-28227000.0,,,,-36874000.0,,,,-36455000.0,,,,-34145000.0,,,,-123085000.0,,,,-275189000.0,,,,-413148000.0,,,,-228715000.0,
IncomeLossFromContinuingOperationsBeforeIncomeTaxesExtraordinaryItemsNoncontrollingInterest / USD,-21640000.0,-26970000.0,-11109000.0,-17267000.0,-25681000.0,-34583000.0,-7261000.0,-10269000.0,-21869000.0,-32309000.0,-16282000.0,-44720000.0,-63636000.0,-27912000.0,-54508000.0,-120378000.0,-177000000.0,-112728000.0,-88322000.0,-186581000.0,-288476000.0,-257178000.0,-63416000.0,-117177000.0,-156538000.0,-383630000.0,-24486000.0,-44991000.0,-24125000.0,-182564000.0,-4414000.0
IncomeLossFromContinuingOperationsBeforeIncomeTaxesForeign / USD,,1257000.0,,,,2291000.0,,,,4146000.0,,,,6233000.0,,,,10357000.0,,,,18011000.0,,,,29518000.0,,,,46151000.0,
IncomeTaxExpenseBenefit / USD,551000.0,468000.0,289000.0,646000.0,1003000.0,877000.0,327000.0,874000.0,1510000.0,1337000.0,794000.0,1510000.0,1931000.0,743000.0,498000.0,2169000.0,4006000.0,2388000.0,2479000.0,4640000.0,4150000.0,4851000.0,4746000.0,8438000.0,15123000.0,6648000.0,8997000.0,16961000.0,18703000.0,19771000.0,7637000.0
IncomeTaxesPaidNet / USD,365000.0,319000.0,141000.0,267000.0,608000.0,385000.0,517000.0,1121000.0,1500000.0,870000.0,810000.0,1473000.0,1738000.0,1770000.0,1496000.0,2479000.0,3580000.0,2525000.0,2479000.0,3777000.0,3917000.0,4144000.0,3003000.0,3008000.0,6582000.0,5606000.0,5286000.0,11509000.0,19429000.0,14940000.0,9399000.0
IncreaseDecreaseInAccountsPayable / USD,138000.0,563000.0,-2065000.0,-2211000.0,-1620000.0,2249000.0,-768000.0,-786000.0,-611000.0,-779000.0,-38000.0,-603000.0,1923000.0,495000.0,76000.0,4627000.0,6421000.0,862000.0,-1088000.0,-103000.0,2966000.0,7451000.0,3000000.0,5228000.0,-4079000.0,14358000.0,4596000.0,-2412000.0,7520000.0,-8416000.0,1043000.0
IncreaseDecreaseInAccountsReceivable / USD,-255000.0,6188000.0,-8621000.0,8482000.0,1161000.0,14563000.0,-12383000.0,13859000.0,9540000.0,22559000.0,-22859000.0,1432000.0,12218000.0,31730000.0,-41634000.0,24681000.0,20128000.0,54222000.0,-84927000.0,12622000.0,15449000.0,111605000.0,-130636000.0,-40800000.0,-23005000.0,143336000.0,-215082000.0,-102374000.0,-78406000.0,183858000.0,-311975000.0
IncreaseDecreaseInAccruedLiabilitiesAndOtherOperatingLiabilities / USD,1133000.0,2085000.0,755000.0,445000.0,2676000.0,5376000.0,2110000.0,1042000.0,-1047000.0,2076000.0,-466000.0,-1243000.0,660000.0,-336000.0,-1243000.0,1733000.0,3008000.0,2292000.0,-192000.0,5029000.0,10150000.0,6532000.0,3627000.0,5899000.0,14861000.0,13377000.0,4859000.0,6020000.0,14647000.0,26814000.0,-6240000.0
IncreaseDecreaseInContractWithCustomerAsset / USD,,,,,21200000.0,21999000.0,4392000.0,13472000.0,21700000.0,34429000.0,6176000.0,15690000.0,32228000.0,32526000.0,18042000.0,43154000.0,71130000.0,65052000.0,23985000.0,58513000.0,99062000.0,137673000.0,26795000.0,64202000.0,110566000.0,158503000.0,27680000.0,67744000.0,122651000.0,176950000.0,32801000.0
IncreaseDecreaseInContractWithCustomerLiability / USD,,,,,28187000.0,30706000.0,1256000.0,41997000.0,47519000.0,67404000.0,-5333000.0,28820000.0,49581000.0,87179000.0,2133000.0,78884000.0,128414000.0,118017000.0,17381000.0,129594000.0,188595000.0,262425000.0,-15340000.0,90862000.0,154256000.0,391179000.0,-40154000.0,62477000.0,132354000.0,418564000.0,-111254000.0
IncreaseDecreaseInDeferredIncomeTaxes / USD,,,,,,0.0,,,,0.0,49000.0,0.0,555000.0,1392000.0,520000.0,981000.0,1502000.0,1172000.0,223000.0,659000.0,521000.0,2406000.0,-65000.0,-9000.0,-158000.0,562000.0,43000.0,1437000.0,5769000.0,-352000.0,-186000.0
IncreaseDecreaseInEmployeeRelatedLiabilities / USD,336000.0,2601000.0,-3493000.0,-1185000.0,3212000.0,5246000.0,-4707000.0,-7852000.0,-1548000.0,11785000.0,1382000.0,3475000.0,12671000.0,-1849000.0,-12347000.0,-1583000.0,11583000.0,27900000.0,-20955000.0,-9759000.0,9056000.0,43877000.0,-32797000.0,-17651000.0,10933000.0,18326000.0,-39232000.0,562000.0,12816000.0,24538000.0,-34431000.0
IncreaseDecreaseInPrepaidDeferredExpenseAndOtherAssets / USD,1438000.0,115000.0,686000.0,1094000.0,3341000.0,2718000.0,1138000.0,2778000.0,3361000.0,5068000.0,2471000.0,3981000.0,13365000.0,7642000.0,-7883000.0,-6722000.0,-1797000.0,13580000.0,4126000.0,-4903000.0,10354000.0,3388000.0,7579000.0,7800000.0,29605000.0,10287000.0,-1349000.0,-2660000.0,23452000.0,39922000.0,8767000.0
InterestExpenseDebt / USD,,,,,,,,,,5025000.0,13049000.0,26294000.0,39730000.0,5025000.0,13049000.0,26294000.0,39730000.0,5025000.0,13835000.0,27875000.0,42121000.0,53364000.0,1331000.0,2664000.0,3997000.0,56579000.0,1336000.0,2673000.0,4011000.0,5333000.0,
InterestExpenseDebtExcludingAmortization / USD,,,,,,,,,,140000.0,359000.0,722000.0,1082000.0,140000.0,359000.0,722000.0,1082000.0,140000.0,359000.0,719000.0,1078000.0,1441000.0,359000.0,719000.0,1078000.0,1438000.0,359000.0,718000.0,1077000.0,1439000.0,
InterestExpenseNonoperating / USD,,,,,,,,,,,,,,,,,,,,,,,,,,56579000.0,3159000.0,6764000.0,9528000.0,6541000.0,3143000.0
InterestPaidNet / USD,,,,,,,,,,,,0.0,0.0,0.0,,743000.0,743000.0,0.0,,719000.0,719000.0,1462000.0,,719000.0,719000.0,1438000.0,,718000.0,718000.0,1438000.0,
InterestReceivableCurrent / USD,,,,,,,,,,,3800000.0,3800000.0,3800000.0,3800000.0,3900000.0,3900000.0,3900000.0,3900000.0,1300000.0,1300000.0,1300000.0,1300000.0,7200000.0,7200000.0,7200000.0,7200000.0,10700000.0,10700000.0,10700000.0,10700000.0,17900000.0
InvestmentIncomeInterest / USD,,,,,,,,,,2236000.0,2022000.0,3877000.0,5405000.0,7730000.0,940000.0,1695000.0,2288000.0,6477000.0,473000.0,1030000.0,1979000.0,2812000.0,7865000.0,20534000.0,39111000.0,4586000.0,25942000.0,54327000.0,81897000.0,60462000.0,30048000.0
LeaseCost / USD,,,,,,,4092000.0,8818000.0,13759000.0,19002000.0,,,,19002000.0,,,,19002000.0,,,,29404000.0,,,,38061000.0,,,,54485000.0,
LesseeOperatingLeaseLiabilityPaymentsDue / USD,,,,,,,38207000.0,38465000.0,45309000.0,47347000.0,,,,54239000.0,,,,80426000.0,,,,79694000.0,,,,100794000.0,,,,101670000.0,
LesseeOperatingLeaseLiabilityPaymentsDueNextTwelveMonths / USD,,,,,,,,,,17062000.0,,,,21167000.0,,,,27814000.0,,,,36556000.0,,,,54301000.0,,,,56008000.0,
LesseeOperatingLeaseLiabilityPaymentsDueYearFive / USD,,,,,,,2666000.0,2666000.0,3697000.0,3362000.0,,,,5015000.0,,,,,,,,,,,,,,,,1223000.0,
LesseeOperatingLeaseLiabilityPaymentsDueYearFour / USD,,,,,,,2729000.0,2995000.0,4859000.0,3702000.0,,,,4994000.0,,,,5015000.0,,,,1120000.0,,,,481000.0,,,,1631000.0,
LesseeOperatingLeaseLiabilityPaymentsDueYearThree / USD,,,,,,,7801000.0,8725000.0,11738000.0,5764000.0,,,,8184000.0,,,,20960000.0,,,,10573000.0,,,,11079000.0,,,,11679000.0,
LesseeOperatingLeaseLiabilityPaymentsDueYearTwo / USD,,,,,,,11061000.0,11999000.0,14575000.0,13554000.0,,,,14039000.0,,,,25797000.0,,,,31445000.0,,,,34933000.0,,,,31129000.0,
LesseeOperatingLeaseLiabilityUndiscountedExcessAmount / USD,,,,,,,3969000.0,4023000.0,4461000.0,3724000.0,,,,3172000.0,,,,3378000.0,,,,3308000.0,,,,5104000.0,,,,5821000.0,
Liabilities / USD,133067000.0,133067000.0,207545000.0,207545000.0,207545000.0,207545000.0,295604000.0,295604000.0,295604000.0,295604000.0,1348629000.0,1348629000.0,1348629000.0,1348629000.0,1728736000.0,1728736000.0,1728736000.0,1728736000.0,2259365000.0,2259365000.0,2259365000.0,2259365000.0,2883205000.0,2883205000.0,2883205000.0,2883205000.0,3430866000.0,3430866000.0,3430866000.0,3430866000.0,4620615000.0
LiabilitiesAndStockholdersEquity / USD,182902000.0,182902000.0,447781000.0,447781000.0,447781000.0,447781000.0,604162000.0,604162000.0,604162000.0,604162000.0,1833458000.0,1833458000.0,1833458000.0,1833458000.0,2257631000.0,2257631000.0,2257631000.0,2257631000.0,2832665000.0,2832665000.0,2832665000.0,2832665000.0,3608317000.0,3608317000.0,3608317000.0,3608317000.0,4704968000.0,4704968000.0,4704968000.0,4704968000.0,6419888000.0
LiabilitiesCurrent / USD,120459000.0,120459000.0,182832000.0,182832000.0,182832000.0,182832000.0,261949000.0,261949000.0,261949000.0,261949000.0,423901000.0,423901000.0,423901000.0,423901000.0,720205000.0,720205000.0,720205000.0,720205000.0,1134447000.0,1134447000.0,1134447000.0,1134447000.0,1535868000.0,1535868000.0,1535868000.0,1535868000.0,3112887000.0,3112887000.0,3112887000.0,3112887000.0,2429611000.0
LongTermDebt / USD,,,,,,,,,,861615000.0,861615000.0,861615000.0,861615000.0,861615000.0,913538000.0,913538000.0,913538000.0,913538000.0,968674000.0,968674000.0,968674000.0,968674000.0,1134159000.0,1134159000.0,1134159000.0,1134159000.0,1142275000.0,1142275000.0,1142275000.0,,
LongTermDebtFairValue / USD,,,,,,,,,,1307500000.0,1338500000.0,1713500000.0,1587000000.0,1307500000.0,1931700000.0,1931700000.0,1931700000.0,1931700000.0,1418500000.0,1418500000.0,1418500000.0,1418500000.0,1411400000.0,1411400000.0,1411400000.0,1411400000.0,1465500000.0,1465500000.0,1465500000.0,,1686500000.0
NetCashProvidedByUsedInFinancingActivities / USD,3271000.0,27563000.0,-3322000.0,-2946000.0,209248000.0,9497000.0,11449000.0,24270000.0,32300000.0,208397000.0,3059000.0,12092000.0,17888000.0,46384000.0,4519000.0,17558000.0,20223000.0,1022212000.0,2594000.0,16328000.0,17646000.0,41675000.0,980000.0,13512000.0,14602000.0,41337000.0,1256000.0,22255000.0,29694000.0,45990000.0,890000.0
NetCashProvidedByUsedInInvestingActivities / USD,-6437000.0,-6647000.0,-4544000.0,-7995000.0,-12432000.0,-8174000.0,-115346000.0,-119283000.0,-153677000.0,-178103000.0,-33626000.0,-40902000.0,-19462000.0,-162074000.0,-97886000.0,-147998000.0,-212788000.0,-1038162000.0,-67000.0,-23940000.0,82575000.0,-109668000.0,-57702000.0,12352000.0,-78922000.0,374063000.0,-162545000.0,-248750000.0,-608992000.0,-259337000.0,-201660000.0
NetCashProvidedByUsedInOperatingActivities / USD,-2311000.0,-11916000.0,-4352000.0,-5468000.0,2649000.0,-6019000.0,11014000.0,26721000.0,40204000.0,17307000.0,21429000.0,26860000.0,47682000.0,58027000.0,53532000.0,83936000.0,157304000.0,79317000.0,93271000.0,141533000.0,218774000.0,202040000.0,128457000.0,217938000.0,326407000.0,321912000.0,260806000.0,402875000.0,576289000.0,462343000.0,331335000.0
NetIncomeLoss / USD,-22191000.0,-27438000.0,-11398000.0,-17913000.0,-26684000.0,-35460000.0,-7588000.0,-11143000.0,-23379000.0,-33646000.0,-17076000.0,-46230000.0,-65567000.0,-28655000.0,-55006000.0,-122547000.0,-181006000.0,-115116000.0,-90801000.0,-191221000.0,-292626000.0,-262029000.0,-68162000.0,-125615000.0,-171661000.0,-390278000.0,-33483000.0,-61952000.0,-42828000.0,-202335000.0,-12051000.0
NetIncomeLossAvailableToCommonStockholdersBasic / USD,-29279000.0,-36086000.0,-13928000.0,-23022000.0,-33016000.0,-45030000.0,,,,-39978000.0,,,,,,,,-115116000.0,-90801000.0,-191221000.0,-292626000.0,-262029000.0,-68162000.0,-125615000.0,-171661000.0,-390278000.0,-33483000.0,-61952000.0,,-202335000.0,
NetIncomeLossAvailableToCommonStockholdersDiluted / USD,,,,,,,,,,,,,,,,,,-115116000.0,-90801000.0,-191221000.0,-292626000.0,-262029000.0,-68162000.0,-125615000.0,-171661000.0,-390278000.0,-33483000.0,-61952000.0,,-202335000.0,
NoncurrentAssets / USD,,,19765000.0,19765000.0,19765000.0,19765000.0,,,,41046000.0,,,,111853000.0,,,,152915000.0,,,,232990000.0,,,,313026000.0,,,,472881000.0,
NumberOfOperatingSegments / segment,,1.0,,,,1.0,,,,1.0,,,,1.0,,,,1.0,,,,1.0,,,,1.0,,,,1.0,1.0
NumberOfReportableSegments / segment,,1.0,,,,1.0,,,,1.0,,,,1.0,,,,1.0,,,,1.0,,,,1.0,,,,1.0,1.0
OperatingExpenses / USD,91754000.0,87041000.0,42867000.0,85563000.0,134326000.0,133318000.0,59862000.0,124075000.0,201780000.0,186923000.0,92307000.0,203617000.0,310076000.0,278480000.0,153518000.0,330325000.0,511602000.0,449492000.0,252719000.0,534431000.0,843813000.0,730595000.0,347938000.0,713170000.0,1091867000.0,1176093000.0,431366000.0,884623000.0,1322506000.0,1488743000.0,517160000.0
OperatingIncomeLoss / USD,-22019000.0,-26843000.0,-11277000.0,-17676000.0,-26700000.0,-35073000.0,-8663000.0,-13845000.0,-27382000.0,-34624000.0,-18275000.0,-48555000.0,-69069000.0,-35313000.0,-42667000.0,-96565000.0,-140415000.0,-113956000.0,-74371000.0,-158303000.0,-244900000.0,-207812000.0,-69087000.0,-134325000.0,-190071000.0,-327429000.0,-46057000.0,-91514000.0,-94527000.0,-234623000.0,-30667000.0
OperatingLeaseCost / USD,,,,,,,2952000.0,6215000.0,9712000.0,13602000.0,,,,13602000.0,,,,13602000.0,,,,20946000.0,,,,25703000.0,,,,32535000.0,
OperatingLeaseLiability / USD,,,,,,,34238000.0,34442000.0,40848000.0,43623000.0,,,,51067000.0,,,,77048000.0,,,,76386000.0,,,,95690000.0,,,,95849000.0,
OperatingLeaseLiabilityCurrent / USD,,,,,,,9413000.0,11142000.0,12939000.0,15600000.0,15600000.0,15600000.0,15600000.0,15600000.0,19842000.0,19842000.0,19842000.0,19842000.0,26100000.0,26100000.0,26100000.0,26100000.0,34469000.0,34469000.0,34469000.0,34469000.0,50866000.0,50866000.0,50866000.0,50866000.0,52497000.0
OperatingLeaseLiabilityNoncurrent / USD,,,,,,,24825000.0,23300000.0,27909000.0,28023000.0,28023000.0,28023000.0,28023000.0,28023000.0,31225000.0,31225000.0,31225000.0,31225000.0,50948000.0,50948000.0,50948000.0,50948000.0,41917000.0,41917000.0,41917000.0,41917000.0,44824000.0,44824000.0,44824000.0,44824000.0,43352000.0
OperatingLeasePayments / USD,,,,,,,1994000.0,5189000.0,5482000.0,7604000.0,1994000.0,5189000.0,5482000.0,0.0,4821000.0,9245000.0,16221000.0,7604000.0,5890000.0,13031000.0,20273000.0,22051000.0,8287000.0,14920000.0,23603000.0,27663000.0,11011000.0,22477000.0,35358000.0,32197000.0,14202000.0
OperatingLeaseRightOfUseAsset / USD,,,,,,,32585000.0,32142000.0,35128000.0,36119000.0,36119000.0,36119000.0,36119000.0,36119000.0,44339000.0,44339000.0,44339000.0,44339000.0,72357000.0,72357000.0,72357000.0,72357000.0,70671000.0,70671000.0,70671000.0,70671000.0,89758000.0,89758000.0,89758000.0,89758000.0,89772000.0
OperatingLeaseRightOfUseAssetAmortizationExpense / USD,,,,,,,,,,13555000.0,2596000.0,6215000.0,9649000.0,0.0,4513000.0,9500000.0,15156000.0,13555000.0,6031000.0,12411000.0,18988000.0,20995000.0,7108000.0,14988000.0,23320000.0,25626000.0,9903000.0,21633000.0,34913000.0,32212000.0,15657000.0
OperatingLeasesFutureMinimumPaymentsDue / USD,7547000.0,6706000.0,6361000.0,5788000.0,44551000.0,43960000.0,43960000.0,43960000.0,43960000.0,71255000.0,,,,,,,,,,,,,,,,,,,69500000.0,69500000.0,
OptionIndexedToIssuersEquityStrikePrice1 / USD/shares,,,,,,,,,,150.8,150.8,150.8,150.8,150.8,150.8,150.8,150.8,150.8,150.8,150.8,150.8,150.8,150.8,150.8,150.8,150.8,150.8,150.8,150.8,,
OtherAssetsNoncurrent / USD,2661000.0,2661000.0,1078000.0,1078000.0,1078000.0,1078000.0,2277000.0,2277000.0,2277000.0,2277000.0,8054000.0,8054000.0,8054000.0,8054000.0,15650000.0,15650000.0,15650000.0,15650000.0,21870000.0,21870000.0,21870000.0,21870000.0,30519000.0,30519000.0,30519000.0,30519000.0,58083000.0,58083000.0,58083000.0,58083000.0,98674000.0
OtherComprehensiveIncomeLossAvailableForSaleSecuritiesAdjustmentNetOfTax / USD,,,,,,,,,,,,,,,,,,,,,,,,1853000.0,4670000.0,-12083000.0,-589000.0,8615000.0,2675000.0,1592000.0,1041000.0
OtherComprehensiveIncomeLossCashFlowHedgeGainLossAfterReclassificationAndTaxParent / USD,,,,,,,,,,,,0.0,0.0,0.0,0.0,351000.0,854000.0,0.0,-950000.0,-3238000.0,-11296000.0,-627000.0,-9326000.0,18960000.0,21078000.0,-13117000.0,-15790000.0,-10048000.0,-16774000.0,22682000.0,-739000.0
OtherComprehensiveIncomeLossCashFlowHedgeGainLossBeforeReclassificationAfterTax / USD,,,,,,,,,,,,,0.0,0.0,0.0,423000.0,994000.0,0.0,-1304000.0,-4469000.0,-13773000.0,-228000.0,-14039000.0,9980000.0,10797000.0,-20130000.0,-15136000.0,-7783000.0,-13099000.0,11103000.0,469000.0
OtherComprehensiveIncomeLossCashFlowHedgeGainLossReclassificationAfterTax / USD,,,,,,,,,,,,,0.0,0.0,0.0,72000.0,140000.0,0.0,-354000.0,-1231000.0,-2477000.0,399000.0,-4713000.0,-8980000.0,-10281000.0,-7013000.0,654000.0,2265000.0,3675000.0,-11579000.0,1208000.0
OtherComprehensiveIncomeLossNetOfTaxPortionAttributableToParent / USD,,0.0,0.0,0.0,0.0,0.0,-193000.0,65000.0,225000.0,-124000.0,168000.0,223000.0,559000.0,392000.0,-730000.0,9000.0,196000.0,195000.0,-2114000.0,-8649000.0,-23828000.0,-1113000.0,-11974000.0,20813000.0,25748000.0,-25200000.0,-16379000.0,-1433000.0,-14099000.0,24274000.0,302000.0
OtherLiabilitiesNoncurrent / USD,1457000.0,1457000.0,1360000.0,1360000.0,1360000.0,1360000.0,3840000.0,3840000.0,3840000.0,3840000.0,2586000.0,2586000.0,2586000.0,2586000.0,4453000.0,4453000.0,4453000.0,4453000.0,7922000.0,7922000.0,7922000.0,7922000.0,12728000.0,12728000.0,12728000.0,12728000.0,22100000.0,22100000.0,22100000.0,22100000.0,33316000.0
OtherNoncashIncomeExpense / USD,46000.0,59000.0,47000.0,92000.0,-278000.0,89000.0,-176000.0,-202000.0,-244000.0,-130000.0,-223000.0,-248000.0,-305000.0,-284000.0,-29000.0,-59000.0,-3000.0,-321000.0,13000.0,-295000.0,-649000.0,-98000.0,937000.0,784000.0,947000.0,1104000.0,-1031000.0,-1403000.0,-1717000.0,820000.0,-644000.0
OtherNonoperatingIncomeExpense / USD,,,,,,,,,,79000.0,-29000.0,-42000.0,28000.0,-329000.0,268000.0,786000.0,857000.0,-224000.0,-589000.0,-1433000.0,-3434000.0,1186000.0,-863000.0,-722000.0,-1531000.0,-4208000.0,-1212000.0,-1040000.0,-1967000.0,-1862000.0,-652000.0
OtherSignificantNoncashTransactionValueOfConsiderationReceived1 / USD,,,,,,,,,,,,,,,,,,,,,,,,,,,,,,0.0,
PaymentForContingentConsiderationLiabilityFinancingActivities / USD,,,,,,,,,,,,0.0,0.0,0.0,0.0,2250000.0,2250000.0,0.0,50000.0,50000.0,50000.0,2250000.0,,,,250000.0,,,0.0,215000.0,
PaymentsToAcquireAvailableForSaleSecuritiesDebt / USD,,0.0,0.0,0.0,0.0,0.0,137429000.0,179896000.0,272324000.0,163366000.0,88410000.0,147543000.0,202764000.0,335186000.0,174663000.0,419638000.0,724472000.0,1255629000.0,312840000.0,624254000.0,810111000.0,815480000.0,210255000.0,513743000.0,740239000.0,844944000.0,375929000.0,761796000.0,1003972000.0,1064143000.0,430296000.0
PaymentsToAcquireBusinessesNetOfCashAcquired / USD,,,,,0.0,0.0,,,823000.0,0.0,,,8918000.0,11432000.0,,0.0,29420000.0,39601000.0,,380000.0,380000.0,40530000.0,0.0,0.0,15643000.0,25287000.0,4377000.0,4377000.0,361781000.0,15643000.0,0.0
PaymentsToAcquireOtherInvestments / USD,,,,,,,,,,0.0,,,0.0,0.0,,,2877000.0,2000000.0,0.0,0.0,0.0,3077000.0,700000.0,1200000.0,2200000.0,0.0,0.0,2000000.0,2000000.0,3206000.0,561000.0
PaymentsToAcquirePropertyPlantAndEquipment / USD,6291000.0,5402000.0,4010000.0,7045000.0,11008000.0,7783000.0,5414000.0,8607000.0,16698000.0,13397000.0,10210000.0,15099000.0,24793000.0,25520000.0,8904000.0,19403000.0,34215000.0,43072000.0,6454000.0,20442000.0,48046000.0,48165000.0,25202000.0,43883000.0,70127000.0,69296000.0,28659000.0,59553000.0,95204000.0,97197000.0,17025000.0
PaymentsToDevelopSoftware / USD,146000.0,845000.0,534000.0,950000.0,1424000.0,391000.0,356000.0,903000.0,1713000.0,1773000.0,1802000.0,4273000.0,6296000.0,3162000.0,2401000.0,4272000.0,7047000.0,8737000.0,3450000.0,8275000.0,14167000.0,10132000.0,7641000.0,15623000.0,23962000.0,21284000.0,7429000.0,17816000.0,32453000.0,31527000.0,22429000.0
PreferredStockParOrStatedValuePerShare / USD/shares,0.001,0.001,0.001,0.001,0.001,0.001,,,,0.001,,,,0.001,,,,0.001,,,,0.001,,,,0.001,0.001,0.001,0.001,0.001,0.001
PreferredStockSharesAuthorized / shares,73100000.0,73100000.0,200000000.0,200000000.0,200000000.0,200000.0,,,,200000000.0,,,,200000000.0,,,,200000000.0,,,,200000000.0,,,,200000000.0,200000000.0,200000000.0,200000000.0,200000000.0,200000000.0
PreferredStockSharesIssued / shares,0.0,0.0,0.0,0.0,0.0,0.0,,,,0.0,,,,0.0,,,,0.0,,,,0.0,,,,0.0,0.0,0.0,0.0,0.0,0.0
PreferredStockSharesOutstanding / shares,0.0,0.0,0.0,0.0,0.0,0.0,,,,0.0,,,,0.0,,,,0.0,,,,0.0,,,,0.0,0.0,0.0,0.0,0.0,0.0
PreferredStockValue / USD,0.0,0.0,0.0,0.0,0.0,0.0,,,,0.0,,,,0.0,,,,0.0,,,,0.0,,,,0.0,0.0,0.0,0.0,0.0,0.0
PrepaidExpenseAndOtherAssetsCurrent / USD,5410000.0,5410000.0,10878000.0,10878000.0,10878000.0,10878000.0,16880000.0,16880000.0,16880000.0,16880000.0,31396000.0,31396000.0,31396000.0,31396000.0,31269000.0,31269000.0,31269000.0,31269000.0,39353000.0,39353000.0,39353000.0,39353000.0,91619000.0,91619000.0,91619000.0,91619000.0,101561000.0,101561000.0,101561000.0,101561000.0,148881000.0
ProceedsFromConvertibleDebt / USD,,,,,,,,,,0.0,,,,0.0,,,,1130522000.0,,,,,,,,,,,,0.0,
ProceedsFromIssuanceOfDebt / USD,,,,,,,,,,1130500000.0,1130500000.0,1130500000.0,1130500000.0,1130500000.0,1130500000.0,1130500000.0,1130500000.0,1130500000.0,1130500000.0,1130500000.0,1130500000.0,1130500000.0,1130500000.0,1130500000.0,1130500000.0,1130500000.0,1130500000.0,1130500000.0,1130500000.0,,
ProceedsFromIssuanceOfSharesUnderIncentiveAndShareBasedCompensationPlans / USD,,,,,,,,8691000.0,8691000.0,0.0,,5334000.0,5334000.0,16436000.0,,8563000.0,8563000.0,15333000.0,,11509000.0,11509000.0,25704000.0,,11410000.0,11410000.0,34649000.0,,18407000.0,18407000.0,42263000.0,
ProceedsFromMaturitiesPrepaymentsAndCallsOfAvailableForSaleSecurities / USD,,,,,,0.0,,,139361000.0,433000.0,66796000.0,126013000.0,209225000.0,199716000.0,76582000.0,283815000.0,562744000.0,289785000.0,322677000.0,629411000.0,955279000.0,785217000.0,186096000.0,586801000.0,748166000.0,1334874000.0,253849000.0,594687000.0,839253000.0,901849000.0,268651000.0
ProceedsFromPaymentsForOtherFinancingActivities / USD,,,,,,,,,,,,,,,,0.0,0.0,0.0,0.0,-2000.0,-3000.0,0.0,-2000.0,-2000.0,-2000.0,-5000.0,,,,-2000.0,
ProceedsFromSaleOfAvailableForSaleSecuritiesDebt / USD,,,,,,0.0,,,0.0,0.0,0.0,0.0,14084000.0,14990000.0,11500000.0,11500000.0,22499000.0,21092000.0,,,0.0,22499000.0,,0.0,25083000.0,0.0,,2105000.0,47165000.0,50530000.0,0.0
ProceedsFromStockOptionsExercised / USD,1415000.0,991000.0,1211000.0,2171000.0,4345000.0,2971000.0,9796000.0,15493000.0,23523000.0,4985000.0,3059000.0,6758000.0,12554000.0,29862000.0,4519000.0,11245000.0,13910000.0,21602000.0,2644000.0,4871000.0,6190000.0,18221000.0,982000.0,2104000.0,3194000.0,6943000.0,1256000.0,3848000.0,11287000.0,3944000.0,890000.0
PropertyPlantAndEquipmentGross / USD,30443000.0,30443000.0,44166000.0,44166000.0,44166000.0,44166000.0,74783000.0,74783000.0,74783000.0,74783000.0,126362000.0,126362000.0,126362000.0,126362000.0,185793000.0,185793000.0,185793000.0,185793000.0,279750000.0,279750000.0,279750000.0,279750000.0,418779000.0,418779000.0,418779000.0,418779000.0,633432000.0,633432000.0,633432000.0,633432000.0,915153000.0
PropertyPlantAndEquipmentNet / USD,13139000.0,13139000.0,19765000.0,19765000.0,19765000.0,19765000.0,41046000.0,41046000.0,41046000.0,41046000.0,75734000.0,75734000.0,75734000.0,75734000.0,108576000.0,108576000.0,108576000.0,108576000.0,160633000.0,160633000.0,160633000.0,160633000.0,242355000.0,242355000.0,242355000.0,242355000.0,383121000.0,383121000.0,383121000.0,383121000.0,543377000.0
PurchaseObligation / USD,2200000.0,2200000.0,3100000.0,3100000.0,3100000.0,3100000.0,2500000.0,2500000.0,2500000.0,2500000.0,,,,20000000.0,,,25200000.0,25200000.0,,,,126800000.0,,,,244410000.0,,605311000.0,676800000.0,607887000.0,
PurchaseObligationDueAfterFifthYear / USD,,,,,,,,,,,,,,,,,,,,,,,,,,,,,,7996000.0,
PurchaseObligationDueInFifthYear / USD,,,,,,,,,,,,,,,,,,15450000.0,,,,,,,,18750000.0,,,,29309000.0,
PurchaseObligationDueInFourthYear / USD,,,,,,,,,,,,,,,,,20870000.0,20870000.0,,,,15745000.0,,,,38967000.0,,99008000.0,120745000.0,122700000.0,
PurchaseObligationDueInNextTwelveMonths / USD,,,,,,,,,,,,,,10118000.0,,,28838000.0,31613000.0,,,,21956000.0,,,,57961000.0,,160087000.0,176715000.0,129282000.0,
PurchaseObligationDueInSecondYear / USD,,,,,,,,,,,,,,13401000.0,,,25764000.0,36765000.0,,,,32198000.0,,,,77644000.0,,129948000.0,155293000.0,168049000.0,
PurchaseObligationDueInThirdYear / USD,,,,,,,,,,,,,,1725000.0,,,20850000.0,22114000.0,,,,24675000.0,,,,51088000.0,,121076000.0,143651000.0,150551000.0,
PurchaseObligationFutureMinimumPaymentsRemainderOfFiscalYear / USD,,,,,,,,,,,,,,,,,7242000.0,,,,,,,,,,,71859000.0,44497000.0,,
RepaymentsOfConvertibleDebt / USD,,,,,,,,,,,,,,,,,,,,,,,,,,,,,,0.0,0.0
RepaymentsOfSeniorDebt / USD,,,,,,,,,,,,,,,,,,,,,,,,,,,,,,0.0,
ResearchAndDevelopmentExpense / USD,24952000.0,20940000.0,8809000.0,17992000.0,27899000.0,33561000.0,13186000.0,28257000.0,44756000.0,39379000.0,20271000.0,40977000.0,65094000.0,61969000.0,35770000.0,77521000.0,118473000.0,97879000.0,65216000.0,134411000.0,210989000.0,174653000.0,74946000.0,160711000.0,253348000.0,289139000.0,113539000.0,235720000.0,360678000.0,350786000.0,154254000.0
RestructuringCharges / USD,,,,,,,,,,,,,,,,,,,,,5265000.0,6565000.0,,,,,,,,7600000.0,4741000.0
RetainedEarningsAccumulatedDeficit / USD,-162016000.0,-162016000.0,-196100000.0,-196100000.0,-196100000.0,-196100000.0,-224455000.0,-224455000.0,-224455000.0,-224455000.0,-339571000.0,-339571000.0,-339571000.0,-339571000.0,-601600000.0,-601600000.0,-601600000.0,-601600000.0,-991878000.0,-991878000.0,-991878000.0,-991878000.0,-1090374000.0,-1090374000.0,-1090374000.0,-1090374000.0,-1148080000.0,-1148080000.0,-1148080000.0,-1148080000.0,-1189558000.0
RevenueFromContractWithCustomerExcludingAssessedTax / USD,89173000.0,80325000.0,39861000.0,84837000.0,134000000.0,125717000.0,63298000.0,137600000.0,216728000.0,190174000.0,93590000.0,194858000.0,305382000.0,302836000.0,142578000.0,299622000.0,476026000.0,431269000.0,230517000.0,486080000.0,772887000.0,673100000.0,355548000.0,743146000.0,1161946000.0,1090946000.0,496703000.0,1021702000.0,1574903000.0,1616952000.0,627955000.0
RevenueRemainingPerformanceObligation / USD,304700000.0,397900000.0,411200000.0,461000000.0,497100000.0,554200000.0,554700000.0,608500000.0,653500000.0,782800000.0,864000000.0,1024800000.0,1207600000.0,1553500000.0,1705700000.0,1948900000.0,2215800000.0,2607200000.0,2682000000.0,2809200000.0,3023000000.0,3513600000.0,3487400000.0,3613000000.0,3824100000.0,4417600000.0,4410600000.0,4615300000.0,4978000000.0,5780100000.0,5932600000.0
RightOfUseAssetObtainedInExchangeForOperatingLeaseLiability / USD,,,,,,,18237000.0,20905000.0,27205000.0,0.0,18237000.0,20905000.0,27205000.0,0.0,13787000.0,18652000.0,27622000.0,31673000.0,5426000.0,10087000.0,18624000.0,27627000.0,10390000.0,12136000.0,18737000.0,51962000.0,15617000.0,37081000.0,54007000.0,29129000.0,8894000.0
SellingAndMarketingExpense / USD,55601000.0,56702000.0,26928000.0,54038000.0,83930000.0,79236000.0,36545000.0,75301000.0,120596000.0,116409000.0,59411000.0,121032000.0,188759000.0,169913000.0,96889000.0,207292000.0,323022000.0,277981000.0,153786000.0,328859000.0,520991000.0,459407000.0,228836000.0,464781000.0,701054000.0,735219000.0,267111000.0,543592000.0,806039000.0,959102000.0,306087000.0
ShareBasedCompensation / USD,8336000.0,3617000.0,1733000.0,3797000.0,7106000.0,9919000.0,7586000.0,20813000.0,34088000.0,11224000.0,18376000.0,42242000.0,70012000.0,46423000.0,57185000.0,118565000.0,178538000.0,121395000.0,89903000.0,188891000.0,294745000.0,258535000.0,105173000.0,214911000.0,322730000.0,409562000.0,129138000.0,269570000.0,382806000.0,444834000.0,157178000.0
ShareBasedCompensationArrangementByShareBasedPaymentAwardNumberOfSharesAvailableForGrant / shares,739.0,739000.0,,15815000.0,15542000.0,15708000.0,21100000.0,20600000.0,19700000.0,16600000.0,22600000.0,22300000.0,21500000.0,21300000.0,,,,26100000.0,,,,27900000.0,,,,30900000.0,,,,35800000.0,
ShareBasedCompensationArrangementByShareBasedPaymentAwardOptionsExercisableNumber / shares,5907.0,5907000.0,5499000.0,5499000.0,5499000.0,5499000.0,3311000.0,3311000.0,3311000.0,3311000.0,2546000.0,2546000.0,2546000.0,2546000.0,1777000.0,1777000.0,1777000.0,1777000.0,1501000.0,1501000.0,1501000.0,1501000.0,1210000.0,1210000.0,1210000.0,1210000.0,367000.0,367000.0,367000.0,367000.0,47000.0
ShareBasedCompensationArrangementByShareBasedPaymentAwardOptionsExercisableWeightedAverageExercisePrice / USD/shares,3.67,3.67,3.97,3.97,3.97,3.97,5.6,5.6,5.6,5.6,6.46,6.46,6.46,6.46,8.53,8.53,8.53,8.53,10.78,10.78,10.78,10.78,12.82,12.82,12.82,12.82,15.84,15.84,15.84,15.84,172.65
ShareBasedCompensationArrangementByShareBasedPaymentAwardOptionsExercisesInPeriodTotalIntrinsicValue / USD,11042.0,3000000.0,2000000.0,5200000.0,11000000.0,4500000.0,30757000.0,62182000.0,109299000.0,16700000.0,30800000.0,62200000.0,109300000.0,300900000.0,91400000.0,236000000.0,307700000.0,242400000.0,100700000.0,182600000.0,216500000.0,421800000.0,18300000.0,30000000.0,42700000.0,230100000.0,23200000.0,87600000.0,141500000.0,56500000.0,14300000.0
ShareBasedCompensationArrangementByShareBasedPaymentAwardOptionsForfeituresAndExpirationsInPeriod / shares,1426.0,2012000.0,408000.0,636000.0,779000.0,1037000.0,170000.0,297000.0,360000.0,386000.0,10000.0,44000.0,100000.0,112000.0,4000.0,12000.0,13000.0,19000.0,0.0,5000.0,5000.0,5000.0,0.0,0.0,0.0,0.0,0.0,0.0,0.0,24000.0,0.0
ShareBasedCompensationArrangementByShareBasedPaymentAwardOptionsForfeituresAndExpirationsInPeriodWeightedAverageExercisePrice / USD/shares,5.7,5.9,6.26,6.22,6.6,6.77,8.25,8.14,8.27,8.31,8.64,9.58,7.99,8.31,10.41,10.81,10.82,10.7,0.0,7.61,7.61,7.8,0.0,0.0,0.0,0.0,0.0,0.0,0.0,152.99,0.0
ShareBasedCompensationArrangementByShareBasedPaymentAwardOptionsGrantsInPeriodGross / shares,5011.0,5021000.0,,,,0.0,150000.0,150000.0,150000.0,0.0,0.0,0.0,0.0,0.0,0.0,0.0,0.0,0.0,0.0,0.0,0.0,0.0,0.0,0.0,0.0,50000.0,0.0,50000.0,50000.0,100000.0,0.0
ShareBasedCompensationArrangementByShareBasedPaymentAwardOptionsGrantsInPeriodWeightedAverageGrantDateFairValue / USD/shares,,1.68,2.03,3.12,3.75,2.1,,,,3.77,22.76,22.76,22.76,22.76,,,,22.76,,,,152.99,,198.03,198.03,0.0,,198.03,198.03,88.97,
ShareBasedCompensationArrangementByShareBasedPaymentAwardOptionsOutstandingIntrinsicValue / USD,56717.0,56717000.0,470860000.0,470860000.0,470860000.0,470860000.0,683294000.0,683294000.0,683294000.0,683294000.0,625904000.0,625904000.0,625904000.0,625904000.0,585829000.0,585829000.0,585829000.0,585829000.0,240286000.0,240286000.0,240286000.0,240286000.0,179678000.0,179678000.0,179678000.0,179678000.0,60923000.0,60923000.0,60923000.0,60923000.0,11854000.0
ShareBasedCompensationArrangementByShareBasedPaymentAwardOptionsOutstandingNumber / shares,15058.0,15058000.0,16175000.0,16175000.0,16175000.0,16175000.0,8861000.0,8861000.0,8861000.0,8861000.0,5175000.0,5175000.0,5175000.0,5175000.0,2597000.0,2597000.0,2597000.0,2597000.0,1673000.0,1673000.0,1673000.0,1673000.0,1267000.0,1267000.0,1267000.0,1267000.0,453000.0,453000.0,453000.0,453000.0,177000.0
ShareBasedCompensationArrangementByShareBasedPaymentAwardOptionsOutstandingWeightedAverageExercisePrice / USD/shares,4.5,4.5,6.2,6.2,6.2,6.2,7.16,7.16,7.16,7.16,8.9,8.9,8.9,8.9,10.37,10.37,10.37,10.37,11.81,11.81,11.81,11.81,18.54,18.54,18.54,18.54,46.72,46.72,46.72,46.72,220.95
ShareBasedCompensationArrangementByShareBasedPaymentAwardPlanModificationIncrementalCompensationCost / USD,,,,,,,,,,,,,,,,,,,5600000.0,5600000.0,5600000.0,,,,,,,,,11700000.0,
ShareBasedCompensationArrangementsByShareBasedPaymentAwardOptionsExercisesInPeriodWeightedAverageExercisePrice / USD/shares,3.05,3.09,4.17,4.41,4.57,4.76,5.62,5.54,5.97,6.26,6.55,7.5,7.36,7.39,6.83,7.34,7.61,7.68,8.63,9.2,8.95,8.65,8.3,8.23,14.61,14.17,10.19,10.74,10.54,10.17,152.99
ShareBasedCompensationArrangementsByShareBasedPaymentAwardOptionsGrantsInPeriodWeightedAverageExercisePrice / USD/shares,9.96,10.02,,,,,49.59,49.59,49.59,49.59,0.0,0.0,0.0,0.0,,,,,,,,152.99,0.0,198.03,198.03,198.03,0.0,205.61,205.61,250.32,0.0
SharebasedCompensationArrangementBySharebasedPaymentAwardOptionsExercisableIntrinsicValue1 / USD,27135.0,27135000.0,172317000.0,172317000.0,172317000.0,172317000.0,260479000.0,260479000.0,260479000.0,260479000.0,314111000.0,314111000.0,314111000.0,314111000.0,404151000.0,404151000.0,404151000.0,404151000.0,216539000.0,216539000.0,216539000.0,216539000.0,178616000.0,178616000.0,178616000.0,178616000.0,59989000.0,59989000.0,59989000.0,59989000.0,5304000.0
SharebasedCompensationArrangementBySharebasedPaymentAwardOptionsVestedInPeriodFairValue1 / USD,,,,,,,,,,,,,,,,,,,,,,,,,,3900000.0,,,,1500000.0,
ShortTermLeaseCost / USD,,,,,,,441000.0,1051000.0,1737000.0,2303000.0,,,,2303000.0,,,,2303000.0,,,,2221000.0,,,,4715000.0,,,,10002000.0,
StockIssuedDuringPeriodSharesStockOptionsExercised / shares,1708.0,1892000.0,2350000.0,3511000.0,5153000.0,6277000.0,545000.0,1220000.0,2102000.0,3450000.0,690000.0,1499000.0,1891000.0,2466000.0,387000.0,664000.0,814000.0,905000.0,109000.0,224000.0,352000.0,451000.0,151000.0,468000.0,773000.0,864000.0,87000.0,322000.0,332000.0,352000.0,26000.0
StockIssuedDuringPeriodValueConversionOfConvertibleSecurities / USD,207309000.0,207309000.0,,,207309000.0,207309000.0,,,,207309000.0,,,,,,,,,,,,,,,,,,,,0.0,
StockIssuedDuringPeriodValueEmployeeStockPurchasePlan / USD,,,,,8691000.0,16436000.0,,8691000.0,8691000.0,16436000.0,,5334000.0,5334000.0,16436000.0,,8563000.0,8563000.0,15333000.0,,11509000.0,11509000.0,25704000.0,,11410000.0,11410000.0,34649000.0,,18407000.0,18407000.0,42263000.0,
StockIssuedDuringPeriodValueStockOptionsExercised / USD,4345000.0,991000.0,1211000.0,2171000.0,4345000.0,2971000.0,9796000.0,15493000.0,23523000.0,4985000.0,3059000.0,6758000.0,12554000.0,29862000.0,4519000.0,11245000.0,13910000.0,21602000.0,2644000.0,4871000.0,6190000.0,18221000.0,982000.0,2104000.0,3194000.0,6943000.0,1256000.0,3848000.0,11287000.0,3944000.0,890000.0
StockholdersEquity / USD,-151142000.0,-95332000.0,-151142000.0,-151142000.0,-151142000.0,-124740000.0,240236000.0,240236000.0,240236000.0,-151142000.0,308558000.0,308558000.0,308558000.0,240236000.0,484829000.0,484829000.0,484829000.0,308558000.0,528895000.0,528895000.0,528895000.0,484829000.0,573300000.0,573300000.0,573300000.0,528895000.0,725112000.0,725112000.0,725112000.0,573300000.0,1274102000.0
UnrealizedGainLossOnDerivatives / USD,,,,,,,,,,,,,,,,,,,,,,-209000.0,-1185000.0,696000.0,1140000.0,-1499000.0,-1564000.0,-2841000.0,-1574000.0,3319000.0,-3689000.0
UnrecognizedTaxBenefits / USD,,0.0,,,,0.0,,,,2622000.0,,,,4427000.0,,,,10509000.0,,,,18501000.0,,,,29699000.0,,,,40689000.0,
UnrecognizedTaxBenefitsDecreasesResultingFromPriorPeriodTaxPositions / USD,,,,,,288000.0,,,,288000.0,,,,581000.0,,,,581000.0,,,,,,,,0.0,,,,2102000.0,
UnrecognizedTaxBenefitsIncreasesResultingFromCurrentPeriodTaxPositions / USD,,876000.0,,,,876000.0,,,,2093000.0,,,,4471000.0,,,,8573000.0,,,,10069000.0,,,,9337000.0,,,,18378000.0,
UnrecognizedTaxBenefitsIncreasesResultingFromPriorPeriodTaxPositions / USD,,1746000.0,,,,1746000.0,,,,1611000.0,,,,1611000.0,,,,1129000.0,,,,1129000.0,,,,1653000.0,,,,6960000.0,
UnrecognizedTaxBenefitsThatWouldImpactEffectiveTaxRate / USD,,,,,,,,,,,,,,,,,,,,,,1700000.0,,,,2900000.0,,,,5300000.0,
UnrecordedUnconditionalPurchaseObligationBalanceSheetAmount / USD,,,,,,,,,,,,,,,,,,,,,,,,,,9600000.0,,,,85300000.0,
ValuationAllowanceDeferredTaxAssetChangeInAmount / USD,,,,,,,,,,,,,,,,,,,,,,,,,-5100000.0,,,17200000.0,17400000.0,-18400000.0,
ValuationAllowancesAndReservesPeriodIncreaseDecrease / USD,,8800000.0,,,,11194000.0,,,,-5915000.0,,,,58154000.0,,,,26504000.0,,,,215520000.0,,,,208160000.0,,,,117465000.0,
VariableLeaseCost / USD,,,,,,,699000.0,1552000.0,2373000.0,3223000.0,,,,3223000.0,,,,3223000.0,,,,6436000.0,,,,7643000.0,,,,11948000.0,
WeightedAverageNumberOfDilutedSharesOutstanding / shares,,,,,,,,,,,,,,123566000.0,133452000.0,134238000.0,134938000.0,129323000.0,139296000.0,139901000.0,140403000.0,135654000.0,143476000.0,144001000.0,144442000.0,140895000.0,147625000.0,148287000.0,148945000.0,144942000.0,152557000.0
WeightedAverageNumberOfSharesOutstandingBasic / shares,,,,,,,,,,,,,,123566000.0,133452000.0,134238000.0,134938000.0,129323000.0,139296000.0,139901000.0,140403000.0,135654000.0,143476000.0,144001000.0,144442000.0,140895000.0,147625000.0,148287000.0,148945000.0,144942000.0,152557000.0
